<?xml version="1.0" encoding="utf-8" ?>
<kml xmlns="http://www.opengis.net/kml/2.2">
<Document id="root_doc">
<Schema name="damage_d3d_roads" id="damage_d3d_roads">
	<SimpleField name="osm_id" type="string"></SimpleField>
	<SimpleField name="type" type="string"></SimpleField>
	<SimpleField name="depth_cls" type="string"></SimpleField>
	<SimpleField name="max_depth" type="float"></SimpleField>
	<SimpleField name="length_m" type="float"></SimpleField>
</Schema>
<Folder><name>damage_d3d_roads</name>
  <Placemark id="damage_d3d_roads.1">
	<name>Rajampet - Rapur - Gudur Road</name>
	<Style><LineStyle><color>ff0000ff</color></LineStyle><PolyStyle><fill>0</fill></PolyStyle></Style>
	<ExtendedData><SchemaData schemaUrl="#damage_d3d_roads">
		<SimpleData name="osm_id">325417448</SimpleData>
		<SimpleData name="type">primary</SimpleData>
		<SimpleData name="depth_cls">&gt;1.5 m</SimpleData>
		<SimpleData name="max_depth">2.1</SimpleData>
		<SimpleData name="length_m">40</SimpleData>
	</SchemaData></ExtendedData>
      <LineString><coordinates>79.1835616973198,14.248102715737 79.1834063923357,14.2480144575725 79.1832770616365,14.2478857963593</coordinates></LineString>
  </Placemark>
  <Placemark id="damage_d3d_roads.2">
	<name>Rajampet - Rapur - Gudur Road</name>
	<Style><LineStyle><color>ff0000ff</color></LineStyle><PolyStyle><fill>0</fill></PolyStyle></Style>
	<ExtendedData><SchemaData schemaUrl="#damage_d3d_roads">
		<SimpleData name="osm_id">325417448</SimpleData>
		<SimpleData name="type">primary</SimpleData>
		<SimpleData name="depth_cls">0.5-1.5 m</SimpleData>
		<SimpleData name="max_depth">1.23</SimpleData>
		<SimpleData name="length_m">20</SimpleData>
	</SchemaData></ExtendedData>
      <LineString><coordinates>79.1832770616365,14.2478857963593 79.1831752542787,14.2477349489383</coordinates></LineString>
  </Placemark>
  <Placemark id="damage_d3d_roads.3">
	<name>Rajampet - Rapur - Gudur Road</name>
	<Style><LineStyle><color>ff0000ff</color></LineStyle><PolyStyle><fill>0</fill></PolyStyle></Style>
	<ExtendedData><SchemaData schemaUrl="#damage_d3d_roads">
		<SimpleData name="osm_id">325417448</SimpleData>
		<SimpleData name="type">primary</SimpleData>
		<SimpleData name="depth_cls">&gt;1.5 m</SimpleData>
		<SimpleData name="max_depth">2.15</SimpleData>
		<SimpleData name="length_m">20</SimpleData>
	</SchemaData></ExtendedData>
      <LineString><coordinates>79.1831752542787,14.2477349489383 79.1830718944115,14.2475852711355</coordinates></LineString>
  </Placemark>
  <Placemark id="damage_d3d_roads.4">
	<name>Rajampet - Rapur - Gudur Road</name>
	<Style><LineStyle><color>ff0000ff</color></LineStyle><PolyStyle><fill>0</fill></PolyStyle></Style>
	<ExtendedData><SchemaData schemaUrl="#damage_d3d_roads">
		<SimpleData name="osm_id">325417448</SimpleData>
		<SimpleData name="type">primary</SimpleData>
		<SimpleData name="depth_cls">0.1-0.5 m</SimpleData>
		<SimpleData name="max_depth">0.27</SimpleData>
		<SimpleData name="length_m">20</SimpleData>
	</SchemaData></ExtendedData>
      <LineString><coordinates>79.1830718944115,14.2475852711355 79.1829479887975,14.2474510711095</coordinates></LineString>
  </Placemark>
  <Placemark id="damage_d3d_roads.5">
	<name>Rajampet - Rapur - Gudur Road</name>
	<Style><LineStyle><color>ff0000ff</color></LineStyle><PolyStyle><fill>0</fill></PolyStyle></Style>
	<ExtendedData><SchemaData schemaUrl="#damage_d3d_roads">
		<SimpleData name="osm_id">325417448</SimpleData>
		<SimpleData name="type">primary</SimpleData>
		<SimpleData name="depth_cls">0.5-1.5 m</SimpleData>
		<SimpleData name="max_depth">1.31</SimpleData>
		<SimpleData name="length_m">159.9</SimpleData>
	</SchemaData></ExtendedData>
      <LineString><coordinates>79.1829479887975,14.2474510711095 79.1828096263023,14.2473334165107 79.182654137599,14.2472353622449 79.1824925604139,14.2471472833881 79.1823300723229,14.2470606970679 79.1821675843656,14.2469741106511 79.182005096542,14.2468875241378 79.1818391935009,14.2468085328482 79.1816638273554,14.2467505864808</coordinates></LineString>
  </Placemark>
  <Placemark id="damage_d3d_roads.6">
	<name>Rajampet - Rapur - Gudur Road</name>
	<Style><LineStyle><color>ff0000ff</color></LineStyle><PolyStyle><fill>0</fill></PolyStyle></Style>
	<ExtendedData><SchemaData schemaUrl="#damage_d3d_roads">
		<SimpleData name="osm_id">325417448</SimpleData>
		<SimpleData name="type">primary</SimpleData>
		<SimpleData name="depth_cls">0.5-1.5 m</SimpleData>
		<SimpleData name="max_depth">1.14</SimpleData>
		<SimpleData name="length_m">79.9</SimpleData>
	</SchemaData></ExtendedData>
      <LineString><coordinates>79.1813109372849,14.2466423143427 79.1811299400403,14.2466042539698 79.1809489428727,14.2465661934666 79.1807755263278,14.2465105015476 79.180620837037,14.2464112528395</coordinates></LineString>
  </Placemark>
  <Placemark id="damage_d3d_roads.7">
	<name>Rajampet - Rapur - Gudur Road</name>
	<Style><LineStyle><color>ff0000ff</color></LineStyle><PolyStyle><fill>0</fill></PolyStyle></Style>
	<ExtendedData><SchemaData schemaUrl="#damage_d3d_roads">
		<SimpleData name="osm_id">325417448</SimpleData>
		<SimpleData name="type">primary</SimpleData>
		<SimpleData name="depth_cls">0.1-0.5 m</SimpleData>
		<SimpleData name="max_depth">0.14</SimpleData>
		<SimpleData name="length_m">20</SimpleData>
	</SchemaData></ExtendedData>
      <LineString><coordinates>79.1803465676234,14.2461710655287 79.1802167069153,14.2460423345817</coordinates></LineString>
  </Placemark>
  <Placemark id="damage_d3d_roads.8">
	<name>Rajampet - Rapur - Gudur Road</name>
	<Style><LineStyle><color>ff0000ff</color></LineStyle><PolyStyle><fill>0</fill></PolyStyle></Style>
	<ExtendedData><SchemaData schemaUrl="#damage_d3d_roads">
		<SimpleData name="osm_id">325417448</SimpleData>
		<SimpleData name="type">primary</SimpleData>
		<SimpleData name="depth_cls">0.5-1.5 m</SimpleData>
		<SimpleData name="max_depth">1.12</SimpleData>
		<SimpleData name="length_m">40</SimpleData>
	</SchemaData></ExtendedData>
      <LineString><coordinates>79.1802167069153,14.2460423345817 79.1800916119764,14.2459092380203 79.1799680310466,14.2457747546311</coordinates></LineString>
  </Placemark>
  <Placemark id="damage_d3d_roads.9">
	<name>Rajampet - Rapur - Gudur Road</name>
	<Style><LineStyle><color>ff0000ff</color></LineStyle><PolyStyle><fill>0</fill></PolyStyle></Style>
	<ExtendedData><SchemaData schemaUrl="#damage_d3d_roads">
		<SimpleData name="osm_id">325417448</SimpleData>
		<SimpleData name="type">primary</SimpleData>
		<SimpleData name="depth_cls">&gt;1.5 m</SimpleData>
		<SimpleData name="max_depth">2.25</SimpleData>
		<SimpleData name="length_m">40</SimpleData>
	</SchemaData></ExtendedData>
      <LineString><coordinates>79.1799680310466,14.2457747546311 79.1798444502613,14.2456402711938 79.1797199574823,14.2455066233198</coordinates></LineString>
  </Placemark>
  <Placemark id="damage_d3d_roads.10">
	<Style><LineStyle><color>ff0000ff</color></LineStyle><PolyStyle><fill>0</fill></PolyStyle></Style>
	<ExtendedData><SchemaData schemaUrl="#damage_d3d_roads">
		<SimpleData name="osm_id">1450511082</SimpleData>
		<SimpleData name="type">residential</SimpleData>
		<SimpleData name="depth_cls">0.5-1.5 m</SimpleData>
		<SimpleData name="max_depth">1.47</SimpleData>
		<SimpleData name="length_m">20</SimpleData>
	</SchemaData></ExtendedData>
      <LineString><coordinates>79.1840027065444,14.2489386141404 79.183836968484,14.2490092019106</coordinates></LineString>
  </Placemark>
  <Placemark id="damage_d3d_roads.11">
	<Style><LineStyle><color>ff0000ff</color></LineStyle><PolyStyle><fill>0</fill></PolyStyle></Style>
	<ExtendedData><SchemaData schemaUrl="#damage_d3d_roads">
		<SimpleData name="osm_id">1450511082</SimpleData>
		<SimpleData name="type">residential</SimpleData>
		<SimpleData name="depth_cls">&gt;1.5 m</SimpleData>
		<SimpleData name="max_depth">1.62</SimpleData>
		<SimpleData name="length_m">79.8</SimpleData>
	</SchemaData></ExtendedData>
      <LineString><coordinates>79.183836968484,14.2490092019106 79.1836570375882,14.2490505397646 79.1834771066428,14.2490918774748 79.1833711695727,14.2492162948987 79.1833040440193,14.2493842896822</coordinates></LineString>
  </Placemark>
  <Placemark id="damage_d3d_roads.12">
	<Style><LineStyle><color>ff0000ff</color></LineStyle><PolyStyle><fill>0</fill></PolyStyle></Style>
	<ExtendedData><SchemaData schemaUrl="#damage_d3d_roads">
		<SimpleData name="osm_id">1450511082</SimpleData>
		<SimpleData name="type">residential</SimpleData>
		<SimpleData name="depth_cls">0.1-0.5 m</SimpleData>
		<SimpleData name="max_depth">0.34</SimpleData>
		<SimpleData name="length_m">39.9</SimpleData>
	</SchemaData></ExtendedData>
      <LineString><coordinates>79.1833040440193,14.2493842896822 79.1832369183532,14.2495522844327 79.1831697925746,14.2497202791502</coordinates></LineString>
  </Placemark>
  <Placemark id="damage_d3d_roads.13">
	<Style><LineStyle><color>ff0000ff</color></LineStyle><PolyStyle><fill>0</fill></PolyStyle></Style>
	<ExtendedData><SchemaData schemaUrl="#damage_d3d_roads">
		<SimpleData name="osm_id">1450511082</SimpleData>
		<SimpleData name="type">residential</SimpleData>
		<SimpleData name="depth_cls">0.5-1.5 m</SimpleData>
		<SimpleData name="max_depth">1.28</SimpleData>
		<SimpleData name="length_m">39.9</SimpleData>
	</SchemaData></ExtendedData>
      <LineString><coordinates>79.1826140940032,14.2516023540002 79.1825228671289,14.2517591709595 79.1824316401193,14.2519159878668</coordinates></LineString>
  </Placemark>
  <Placemark id="damage_d3d_roads.14">
	<Style><LineStyle><color>ff0000ff</color></LineStyle><PolyStyle><fill>0</fill></PolyStyle></Style>
	<ExtendedData><SchemaData schemaUrl="#damage_d3d_roads">
		<SimpleData name="osm_id">1450511082</SimpleData>
		<SimpleData name="type">residential</SimpleData>
		<SimpleData name="depth_cls">&gt;1.5 m</SimpleData>
		<SimpleData name="max_depth">4.87</SimpleData>
		<SimpleData name="length_m">458.9</SimpleData>
	</SchemaData></ExtendedData>
      <LineString><coordinates>79.182249185694,14.2522296215261 79.1821579582784,14.2523864382779 79.1820667307274,14.2525432549779 79.1820376636487,14.25272027916 79.1821281037512,14.2528606190317 79.1822600023397,14.2529869461164 79.1823949925516,14.2531097870961 79.1825421628027,14.2532188935679 79.1826627205579,14.2533545102703 79.1827776645639,14.253495719231 79.182892608709,14.2536369281516 79.1830355402524,14.2537510189096 79.1831263712344,14.2539046455904 79.1832089719529,14.2540658869279 79.1832950212901,14.254225464196 79.1834072347718,14.254364126609 79.1835507609721,14.2544777585165 79.1836499120955,14.2546250386294 79.1837274297228,14.254788722771 79.1838049474504,14.2549524068984 79.1838824652783,14.2551160910118 79.1839599832066,14.2552797751111 79.1840394040303,14.2554420404192 79.1841810186392,14.2555579323549</coordinates></LineString>
  </Placemark>
  <Placemark id="damage_d3d_roads.15">
	<Style><LineStyle><color>ff0000ff</color></LineStyle><PolyStyle><fill>0</fill></PolyStyle></Style>
	<ExtendedData><SchemaData schemaUrl="#damage_d3d_roads">
		<SimpleData name="osm_id">1450511082</SimpleData>
		<SimpleData name="type">residential</SimpleData>
		<SimpleData name="depth_cls">0.1-0.5 m</SimpleData>
		<SimpleData name="max_depth">0.15</SimpleData>
		<SimpleData name="length_m">39.9</SimpleData>
	</SchemaData></ExtendedData>
      <LineString><coordinates>79.1841810186392,14.2555579323549 79.1843226333959,14.2556738242226 79.1844309468468,14.2558144485739</coordinates></LineString>
  </Placemark>
  <Placemark id="damage_d3d_roads.16">
	<Style><LineStyle><color>ff0000ff</color></LineStyle><PolyStyle><fill>0</fill></PolyStyle></Style>
	<ExtendedData><SchemaData schemaUrl="#damage_d3d_roads">
		<SimpleData name="osm_id">1450511082</SimpleData>
		<SimpleData name="type">residential</SimpleData>
		<SimpleData name="depth_cls">&gt;1.5 m</SimpleData>
		<SimpleData name="max_depth">4.07</SimpleData>
		<SimpleData name="length_m">159.6</SimpleData>
	</SchemaData></ExtendedData>
      <LineString><coordinates>79.1845434309778,14.2561572129648 79.1845701621749,14.2563335497333 79.1845649139652,14.2565137792224 79.1845596657294,14.2566940087078 79.1846501336075,14.2568502784984 79.1847851225286,14.2569675226035 79.1849392305094,14.2570671049354 79.1851173281175,14.2570721171945 79.1853009135576,14.2570513883058</coordinates></LineString>
  </Placemark>
  <Placemark id="damage_d3d_roads.17">
	<Style><LineStyle><color>ff0000ff</color></LineStyle><PolyStyle><fill>0</fill></PolyStyle></Style>
	<ExtendedData><SchemaData schemaUrl="#damage_d3d_roads">
		<SimpleData name="osm_id">1450511082</SimpleData>
		<SimpleData name="type">residential</SimpleData>
		<SimpleData name="depth_cls">0.5-1.5 m</SimpleData>
		<SimpleData name="max_depth">1.45</SimpleData>
		<SimpleData name="length_m">20</SimpleData>
	</SchemaData></ExtendedData>
      <LineString><coordinates>79.1853009135576,14.2570513883058 79.1854836757317,14.2570242923493</coordinates></LineString>
  </Placemark>
  <Placemark id="damage_d3d_roads.18">
	<Style><LineStyle><color>ff0000ff</color></LineStyle><PolyStyle><fill>0</fill></PolyStyle></Style>
	<ExtendedData><SchemaData schemaUrl="#damage_d3d_roads">
		<SimpleData name="osm_id">1234958641</SimpleData>
		<SimpleData name="type">tertiary</SimpleData>
		<SimpleData name="depth_cls">&gt;1.5 m</SimpleData>
		<SimpleData name="max_depth">1.58</SimpleData>
		<SimpleData name="length_m">40</SimpleData>
	</SchemaData></ExtendedData>
      <LineString><coordinates>79.1960942106978,14.2616556137579 79.1961638956507,14.2618229934703 79.1962335806938,14.2619903731722</coordinates></LineString>
  </Placemark>
  <Placemark id="damage_d3d_roads.19">
	<Style><LineStyle><color>ff0000ff</color></LineStyle><PolyStyle><fill>0</fill></PolyStyle></Style>
	<ExtendedData><SchemaData schemaUrl="#damage_d3d_roads">
		<SimpleData name="osm_id">1234958641</SimpleData>
		<SimpleData name="type">tertiary</SimpleData>
		<SimpleData name="depth_cls">0.5-1.5 m</SimpleData>
		<SimpleData name="max_depth">1.2</SimpleData>
		<SimpleData name="length_m">60</SimpleData>
	</SchemaData></ExtendedData>
      <LineString><coordinates>79.1962335806938,14.2619903731722 79.1963032658271,14.2621577528636 79.1963729510505,14.2623251325445 79.1964100569613,14.2625018751185</coordinates></LineString>
  </Placemark>
  <Placemark id="damage_d3d_roads.20">
	<Style><LineStyle><color>ff0000ff</color></LineStyle><PolyStyle><fill>0</fill></PolyStyle></Style>
	<ExtendedData><SchemaData schemaUrl="#damage_d3d_roads">
		<SimpleData name="osm_id">1234958641</SimpleData>
		<SimpleData name="type">tertiary</SimpleData>
		<SimpleData name="depth_cls">0.5-1.5 m</SimpleData>
		<SimpleData name="max_depth">0.98</SimpleData>
		<SimpleData name="length_m">40</SimpleData>
	</SchemaData></ExtendedData>
      <LineString><coordinates>79.1965135770041,14.2630343438552 79.19654808376,14.2632118334318 79.1965825905533,14.2633893230073</coordinates></LineString>
  </Placemark>
  <Placemark id="damage_d3d_roads.21">
	<Style><LineStyle><color>ff0000ff</color></LineStyle><PolyStyle><fill>0</fill></PolyStyle></Style>
	<ExtendedData><SchemaData schemaUrl="#damage_d3d_roads">
		<SimpleData name="osm_id">1234958641</SimpleData>
		<SimpleData name="type">tertiary</SimpleData>
		<SimpleData name="depth_cls">0.1-0.5 m</SimpleData>
		<SimpleData name="max_depth">0.44</SimpleData>
		<SimpleData name="length_m">20</SimpleData>
	</SchemaData></ExtendedData>
      <LineString><coordinates>79.1965825905533,14.2633893230073 79.1966170973842,14.2635668125816</coordinates></LineString>
  </Placemark>
  <Placemark id="damage_d3d_roads.22">
	<Style><LineStyle><color>ff0000ff</color></LineStyle><PolyStyle><fill>0</fill></PolyStyle></Style>
	<ExtendedData><SchemaData schemaUrl="#damage_d3d_roads">
		<SimpleData name="osm_id">1234958641</SimpleData>
		<SimpleData name="type">tertiary</SimpleData>
		<SimpleData name="depth_cls">&gt;1.5 m</SimpleData>
		<SimpleData name="max_depth">1.69</SimpleData>
		<SimpleData name="length_m">20</SimpleData>
	</SchemaData></ExtendedData>
      <LineString><coordinates>79.1966170973842,14.2635668125816 79.1966516042525,14.2637443021548</coordinates></LineString>
  </Placemark>
  <Placemark id="damage_d3d_roads.23">
	<Style><LineStyle><color>ff0000ff</color></LineStyle><PolyStyle><fill>0</fill></PolyStyle></Style>
	<ExtendedData><SchemaData schemaUrl="#damage_d3d_roads">
		<SimpleData name="osm_id">1234958641</SimpleData>
		<SimpleData name="type">tertiary</SimpleData>
		<SimpleData name="depth_cls">0.5-1.5 m</SimpleData>
		<SimpleData name="max_depth">1.47</SimpleData>
		<SimpleData name="length_m">40</SimpleData>
	</SchemaData></ExtendedData>
      <LineString><coordinates>79.1966920748249,14.2641012562469 79.196683605178,14.2642817194228 79.1966751354998,14.2644621825942</coordinates></LineString>
  </Placemark>
  <Placemark id="damage_d3d_roads.24">
	<Style><LineStyle><color>ff0000ff</color></LineStyle><PolyStyle><fill>0</fill></PolyStyle></Style>
	<ExtendedData><SchemaData schemaUrl="#damage_d3d_roads">
		<SimpleData name="osm_id">1234958641</SimpleData>
		<SimpleData name="type">tertiary</SimpleData>
		<SimpleData name="depth_cls">0.5-1.5 m</SimpleData>
		<SimpleData name="max_depth">0.71</SimpleData>
		<SimpleData name="length_m">20</SimpleData>
	</SchemaData></ExtendedData>
      <LineString><coordinates>79.1966497262779,14.2650035720815 79.1968051771468,14.2650069149418</coordinates></LineString>
  </Placemark>
  <Placemark id="damage_d3d_roads.25">
	<Style><LineStyle><color>ff0000ff</color></LineStyle><PolyStyle><fill>0</fill></PolyStyle></Style>
	<ExtendedData><SchemaData schemaUrl="#damage_d3d_roads">
		<SimpleData name="osm_id">1234958641</SimpleData>
		<SimpleData name="type">tertiary</SimpleData>
		<SimpleData name="depth_cls">0.1-0.5 m</SimpleData>
		<SimpleData name="max_depth">0.11</SimpleData>
		<SimpleData name="length_m">20</SimpleData>
	</SchemaData></ExtendedData>
      <LineString><coordinates>79.1968051771468,14.2650069149418 79.1969883786575,14.2649802723909</coordinates></LineString>
  </Placemark>
  <Placemark id="damage_d3d_roads.26">
	<Style><LineStyle><color>ff0000ff</color></LineStyle><PolyStyle><fill>0</fill></PolyStyle></Style>
	<ExtendedData><SchemaData schemaUrl="#damage_d3d_roads">
		<SimpleData name="osm_id">1234958641</SimpleData>
		<SimpleData name="type">tertiary</SimpleData>
		<SimpleData name="depth_cls">0.5-1.5 m</SimpleData>
		<SimpleData name="max_depth">1.15</SimpleData>
		<SimpleData name="length_m">99.9</SimpleData>
	</SchemaData></ExtendedData>
      <LineString><coordinates>79.1969883786575,14.2649802723909 79.1971715801422,14.2649536296939 79.1973547816008,14.2649269868509 79.1975379830333,14.2649003438619 79.1977159971995,14.2649187228799 79.1978885669706,14.2649843565505</coordinates></LineString>
  </Placemark>
  <Placemark id="damage_d3d_roads.27">
	<Style><LineStyle><color>ff0000ff</color></LineStyle><PolyStyle><fill>0</fill></PolyStyle></Style>
	<ExtendedData><SchemaData schemaUrl="#damage_d3d_roads">
		<SimpleData name="osm_id">1234958641</SimpleData>
		<SimpleData name="type">tertiary</SimpleData>
		<SimpleData name="depth_cls">0.1-0.5 m</SimpleData>
		<SimpleData name="max_depth">0.42</SimpleData>
		<SimpleData name="length_m">20</SimpleData>
	</SchemaData></ExtendedData>
      <LineString><coordinates>79.1978885669706,14.2649843565505 79.1980611368547,14.2650499901074</coordinates></LineString>
  </Placemark>
  <Placemark id="damage_d3d_roads.28">
	<Style><LineStyle><color>ff0000ff</color></LineStyle><PolyStyle><fill>0</fill></PolyStyle></Style>
	<ExtendedData><SchemaData schemaUrl="#damage_d3d_roads">
		<SimpleData name="osm_id">1234958641</SimpleData>
		<SimpleData name="type">tertiary</SimpleData>
		<SimpleData name="depth_cls">&gt;1.5 m</SimpleData>
		<SimpleData name="max_depth">3.68</SimpleData>
		<SimpleData name="length_m">259.9</SimpleData>
	</SchemaData></ExtendedData>
      <LineString><coordinates>79.1980611368547,14.2650499901074 79.198233706852,14.2651156235507 79.1984062769624,14.2651812568804 79.1985788471858,14.2652468900964 79.1987403580286,14.2653347744518 79.1989000865386,14.2654262449678 79.1990598151862,14.2655177153912 79.1992195439715,14.265609185722 79.1993792728945,14.2657006559602 79.1995576623657,14.2657018714231 79.1997412550207,14.2656779205206 79.1999248460922,14.2656539580888 79.2001065126838,14.2656213692873 79.2002837096142,14.265568752178</coordinates></LineString>
  </Placemark>
  <Placemark id="damage_d3d_roads.29">
	<Style><LineStyle><color>ff0000ff</color></LineStyle><PolyStyle><fill>0</fill></PolyStyle></Style>
	<ExtendedData><SchemaData schemaUrl="#damage_d3d_roads">
		<SimpleData name="osm_id">1234958641</SimpleData>
		<SimpleData name="type">tertiary</SimpleData>
		<SimpleData name="depth_cls">0.5-1.5 m</SimpleData>
		<SimpleData name="max_depth">0.96</SimpleData>
		<SimpleData name="length_m">40</SimpleData>
	</SchemaData></ExtendedData>
      <LineString><coordinates>79.2002837096142,14.265568752178 79.200460906477,14.2655161349271 79.2006381032723,14.2654635175344</coordinates></LineString>
  </Placemark>
  <Placemark id="damage_d3d_roads.30">
	<Style><LineStyle><color>ff0000ff</color></LineStyle><PolyStyle><fill>0</fill></PolyStyle></Style>
	<ExtendedData><SchemaData schemaUrl="#damage_d3d_roads">
		<SimpleData name="osm_id">1234958641</SimpleData>
		<SimpleData name="type">tertiary</SimpleData>
		<SimpleData name="depth_cls">0.1-0.5 m</SimpleData>
		<SimpleData name="max_depth">0.22</SimpleData>
		<SimpleData name="length_m">20</SimpleData>
	</SchemaData></ExtendedData>
      <LineString><coordinates>79.2006381032723,14.2654635175344 79.2008153,14.2654109</coordinates></LineString>
  </Placemark>
  <Placemark id="damage_d3d_roads.31">
	<Style><LineStyle><color>ff0000ff</color></LineStyle><PolyStyle><fill>0</fill></PolyStyle></Style>
	<ExtendedData><SchemaData schemaUrl="#damage_d3d_roads">
		<SimpleData name="osm_id">1408390713</SimpleData>
		<SimpleData name="type">unclassified</SimpleData>
		<SimpleData name="depth_cls">&gt;1.5 m</SimpleData>
		<SimpleData name="max_depth">2.79</SimpleData>
		<SimpleData name="length_m">19.8</SimpleData>
	</SchemaData></ExtendedData>
      <LineString><coordinates>79.1998127,14.2656686 79.1998337943886,14.2658463656146</coordinates></LineString>
  </Placemark>
  <Placemark id="damage_d3d_roads.32">
	<Style><LineStyle><color>ff0000ff</color></LineStyle><PolyStyle><fill>0</fill></PolyStyle></Style>
	<ExtendedData><SchemaData schemaUrl="#damage_d3d_roads">
		<SimpleData name="osm_id">1408390713</SimpleData>
		<SimpleData name="type">unclassified</SimpleData>
		<SimpleData name="depth_cls">0.5-1.5 m</SimpleData>
		<SimpleData name="max_depth">1.23</SimpleData>
		<SimpleData name="length_m">59.4</SimpleData>
	</SchemaData></ExtendedData>
      <LineString><coordinates>79.1998337943886,14.2658463656146 79.1998548887932,14.2660241312287 79.199875983214,14.2662018968423 79.1998970776509,14.2663796624554</coordinates></LineString>
  </Placemark>
  <Placemark id="damage_d3d_roads.33">
	<Style><LineStyle><color>ff0000ff</color></LineStyle><PolyStyle><fill>0</fill></PolyStyle></Style>
	<ExtendedData><SchemaData schemaUrl="#damage_d3d_roads">
		<SimpleData name="osm_id">1408390713</SimpleData>
		<SimpleData name="type">unclassified</SimpleData>
		<SimpleData name="depth_cls">&gt;1.5 m</SimpleData>
		<SimpleData name="max_depth">4.15</SimpleData>
		<SimpleData name="length_m">574.2</SimpleData>
	</SchemaData></ExtendedData>
      <LineString><coordinates>79.1998970776509,14.2663796624554 79.1999639144408,14.2665394842707 79.2001379692256,14.2665791225022 79.20032120365,14.2665884665268 79.2005044722232,14.2665971614316 79.2006877408279,14.2666058561971 79.2008710094639,14.2666145508232 79.2010542781314,14.2666232453099 79.201237401218,14.2666272659799 79.2014193504276,14.2666312094614 79.2016008857413,14.2666572305152 79.20177944381,14.2666980527024 79.2019341245548,14.2667848747767 79.2020356996027,14.2669304112832 79.2021444356601,14.2670712151976 79.2022963603712,14.2671711742672 79.2024500005893,14.2672690042923 79.2025755641159,14.2673988363899 79.2026824540897,14.2675436618656 79.2027817952497,14.2676941177684 79.2028804599729,14.2678449579127 79.2029397034541,14.2680112410008 79.2029605584684,14.2681890337618 79.2029773822285,14.2683671677388 79.2030033378547,14.2685433376498 79.2030528246447,14.2687156587941 79.2030239923018,14.2688867322382 79.2029732514789,14.2690585494009 79.2029342950359,14.2692334220699 79.202895338517,14.269408294723</coordinates></LineString>
  </Placemark>
  <Placemark id="damage_d3d_roads.34">
	<Style><LineStyle><color>ff0000ff</color></LineStyle><PolyStyle><fill>0</fill></PolyStyle></Style>
	<ExtendedData><SchemaData schemaUrl="#damage_d3d_roads">
		<SimpleData name="osm_id">1408390713</SimpleData>
		<SimpleData name="type">unclassified</SimpleData>
		<SimpleData name="depth_cls">0.5-1.5 m</SimpleData>
		<SimpleData name="max_depth">1.47</SimpleData>
		<SimpleData name="length_m">118.8</SimpleData>
	</SchemaData></ExtendedData>
      <LineString><coordinates>79.202895338517,14.269408294723 79.2028563819221,14.2695831673602 79.2028174252511,14.2697580399816 79.2028113848618,14.2699368707401 79.2028056215796,14.2701157348197 79.2027998582709,14.2702945988956 79.2027940949357,14.2704734629677</coordinates></LineString>
  </Placemark>
  <Placemark id="damage_d3d_roads.35">
	<Style><LineStyle><color>ff0000ff</color></LineStyle><PolyStyle><fill>0</fill></PolyStyle></Style>
	<ExtendedData><SchemaData schemaUrl="#damage_d3d_roads">
		<SimpleData name="osm_id">1408390713</SimpleData>
		<SimpleData name="type">unclassified</SimpleData>
		<SimpleData name="depth_cls">0.1-0.5 m</SimpleData>
		<SimpleData name="max_depth">0.25</SimpleData>
		<SimpleData name="length_m">39.6</SimpleData>
	</SchemaData></ExtendedData>
      <LineString><coordinates>79.2027940949357,14.2704734629677 79.2027884848189,14.2706523295955 79.2027879653261,14.2708312812411</coordinates></LineString>
  </Placemark>
  <Placemark id="damage_d3d_roads.36">
	<Style><LineStyle><color>ff0000ff</color></LineStyle><PolyStyle><fill>0</fill></PolyStyle></Style>
	<ExtendedData><SchemaData schemaUrl="#damage_d3d_roads">
		<SimpleData name="osm_id">1408390713</SimpleData>
		<SimpleData name="type">unclassified</SimpleData>
		<SimpleData name="depth_cls">&gt;1.5 m</SimpleData>
		<SimpleData name="max_depth">3</SimpleData>
		<SimpleData name="length_m">99</SimpleData>
	</SchemaData></ExtendedData>
      <LineString><coordinates>79.2027776542843,14.2715468381351 79.2027618178122,14.2717248312755 79.202724334393,14.2719000099336 79.2026868508998,14.2720751885765 79.2026733378218,14.2722533610288 79.2026643484658,14.2724320984759</coordinates></LineString>
  </Placemark>
  <Placemark id="damage_d3d_roads.37">
	<Style><LineStyle><color>ff0000ff</color></LineStyle><PolyStyle><fill>0</fill></PolyStyle></Style>
	<ExtendedData><SchemaData schemaUrl="#damage_d3d_roads">
		<SimpleData name="osm_id">1408390713</SimpleData>
		<SimpleData name="type">unclassified</SimpleData>
		<SimpleData name="depth_cls">0.5-1.5 m</SimpleData>
		<SimpleData name="max_depth">1.45</SimpleData>
		<SimpleData name="length_m">79.2</SimpleData>
	</SchemaData></ExtendedData>
      <LineString><coordinates>79.2026643484658,14.2724320984759 79.2026589326341,14.2726109545118 79.2026554430557,14.2727898744704 79.2026691764015,14.2729680723973 79.2027151942678,14.2731351039865</coordinates></LineString>
  </Placemark>
  <Placemark id="damage_d3d_roads.38">
	<Style><LineStyle><color>ff0000ff</color></LineStyle><PolyStyle><fill>0</fill></PolyStyle></Style>
	<ExtendedData><SchemaData schemaUrl="#damage_d3d_roads">
		<SimpleData name="osm_id">1408390713</SimpleData>
		<SimpleData name="type">unclassified</SimpleData>
		<SimpleData name="depth_cls">0.1-0.5 m</SimpleData>
		<SimpleData name="max_depth">0.34</SimpleData>
		<SimpleData name="length_m">19.8</SimpleData>
	</SchemaData></ExtendedData>
      <LineString><coordinates>79.2027151942678,14.2731351039865 79.202831664846,14.2732733837921</coordinates></LineString>
  </Placemark>
  <Placemark id="damage_d3d_roads.39">
	<Style><LineStyle><color>ff0000ff</color></LineStyle><PolyStyle><fill>0</fill></PolyStyle></Style>
	<ExtendedData><SchemaData schemaUrl="#damage_d3d_roads">
		<SimpleData name="osm_id">1450465879</SimpleData>
		<SimpleData name="type">residential</SimpleData>
		<SimpleData name="depth_cls">&gt;1.5 m</SimpleData>
		<SimpleData name="max_depth">4.2</SimpleData>
		<SimpleData name="length_m">444.8</SimpleData>
	</SchemaData></ExtendedData>
      <LineString><coordinates>79.176013,14.2724983 79.1759032861605,14.2723601177836 79.1757935724508,14.2722219355311 79.1756838588707,14.2720837532424 79.1755741454203,14.2719455709176 79.1754644320995,14.2718073885566 79.1753551566149,14.271668884762 79.17524932222,14.2715278543161 79.1751434879519,14.2713868238372 79.1750376538104,14.2712457933255 79.1749318197957,14.2711047627808 79.1748259859077,14.2709637322031 79.1747201521464,14.2708227015925 79.1747010615985,14.2706656681072 79.1747743132616,14.2705155602536 79.1749218412265,14.2704163546803 79.1750353644611,14.270289099278 79.175077614923,14.2701220790293 79.1750920791998,14.2699478825393 79.1751065434376,14.2697736860433 79.1751210076366,14.2695994895414 79.1751354717966,14.2694252930335 79.1751499359178,14.2692510965197 79.1751644,14.2690769</coordinates></LineString>
  </Placemark>
  <Placemark id="damage_d3d_roads.40">
	<Style><LineStyle><color>ff0000ff</color></LineStyle><PolyStyle><fill>0</fill></PolyStyle></Style>
	<ExtendedData><SchemaData schemaUrl="#damage_d3d_roads">
		<SimpleData name="osm_id">1450465871</SimpleData>
		<SimpleData name="type">residential</SimpleData>
		<SimpleData name="depth_cls">0.1-0.5 m</SimpleData>
		<SimpleData name="max_depth">0.11</SimpleData>
		<SimpleData name="length_m">39.7</SimpleData>
	</SchemaData></ExtendedData>
      <LineString><coordinates>79.1735704872221,14.2749964497131 79.1737048416582,14.2748738150361 79.1738391959499,14.2747511802647</coordinates></LineString>
  </Placemark>
  <Placemark id="damage_d3d_roads.41">
	<Style><LineStyle><color>ff0000ff</color></LineStyle><PolyStyle><fill>0</fill></PolyStyle></Style>
	<ExtendedData><SchemaData schemaUrl="#damage_d3d_roads">
		<SimpleData name="osm_id">1450465871</SimpleData>
		<SimpleData name="type">residential</SimpleData>
		<SimpleData name="depth_cls">&gt;1.5 m</SimpleData>
		<SimpleData name="max_depth">2.15</SimpleData>
		<SimpleData name="length_m">79.4</SimpleData>
	</SchemaData></ExtendedData>
      <LineString><coordinates>79.1738391959499,14.2747511802647 79.1739735500972,14.274628545399 79.1740977444764,14.2744971373403 79.1742062972032,14.2743522223577 79.1743148497856,14.2742073073073</coordinates></LineString>
  </Placemark>
  <Placemark id="damage_d3d_roads.42">
	<Style><LineStyle><color>ff0000ff</color></LineStyle><PolyStyle><fill>0</fill></PolyStyle></Style>
	<ExtendedData><SchemaData schemaUrl="#damage_d3d_roads">
		<SimpleData name="osm_id">1450465871</SimpleData>
		<SimpleData name="type">residential</SimpleData>
		<SimpleData name="depth_cls">0.5-1.5 m</SimpleData>
		<SimpleData name="max_depth">1.29</SimpleData>
		<SimpleData name="length_m">79.4</SimpleData>
	</SchemaData></ExtendedData>
      <LineString><coordinates>79.1743148497856,14.2742073073073 79.1744234022236,14.2740623921892 79.1745319545172,14.2739174770034 79.1746405066665,14.2737725617498 79.1747490586714,14.2736276464286</coordinates></LineString>
  </Placemark>
  <Placemark id="damage_d3d_roads.43">
	<Style><LineStyle><color>ff0000ff</color></LineStyle><PolyStyle><fill>0</fill></PolyStyle></Style>
	<ExtendedData><SchemaData schemaUrl="#damage_d3d_roads">
		<SimpleData name="osm_id">1450465871</SimpleData>
		<SimpleData name="type">residential</SimpleData>
		<SimpleData name="depth_cls">&gt;1.5 m</SimpleData>
		<SimpleData name="max_depth">4.2</SimpleData>
		<SimpleData name="length_m">496.5</SimpleData>
	</SchemaData></ExtendedData>
      <LineString><coordinates>79.1747490586714,14.2736276464286 79.1748576105319,14.2734827310397 79.1749661622481,14.273337815583 79.1750747138199,14.2731929000587 79.175178946866,14.2730454364276 79.1752601891327,14.2728844072288 79.1753512664758,14.2727308836629 79.1754919989266,14.2726152541223 79.1756379825803,14.2725128303582 79.1758218543567,14.2725056862138 79.1760057277088,14.2724985804902 79.1761727550352,14.2724245704815 79.1763390885351,14.2723478047223 79.1765054219334,14.2722710388331 79.1766717552303,14.2721942728137 79.176841608233,14.2721259837907 79.1770158435345,14.2720682491864 79.1771900787614,14.2720105144437 79.1773643139135,14.2719527795626 79.1775385489908,14.2718950445432 79.1777134548605,14.2718397378186 79.1778938470216,14.2718042906626 79.1780742391427,14.2717688433631 79.1782546312236,14.2717333959201 79.1784350232645,14.2716979483337 79.1786146697896,14.271659432552</coordinates></LineString>
  </Placemark>
  <Placemark id="damage_d3d_roads.44">
	<Style><LineStyle><color>ff0000ff</color></LineStyle><PolyStyle><fill>0</fill></PolyStyle></Style>
	<ExtendedData><SchemaData schemaUrl="#damage_d3d_roads">
		<SimpleData name="osm_id">1450465871</SimpleData>
		<SimpleData name="type">residential</SimpleData>
		<SimpleData name="depth_cls">0.5-1.5 m</SimpleData>
		<SimpleData name="max_depth">1.12</SimpleData>
		<SimpleData name="length_m">59.6</SimpleData>
	</SchemaData></ExtendedData>
      <LineString><coordinates>79.1786146697896,14.271659432552 79.1787921892177,14.2716121626397 79.178969708587,14.2715648925861 79.1791499298659,14.2715308964511</coordinates></LineString>
  </Placemark>
  <Placemark id="damage_d3d_roads.45">
	<Style><LineStyle><color>ff0000ff</color></LineStyle><PolyStyle><fill>0</fill></PolyStyle></Style>
	<ExtendedData><SchemaData schemaUrl="#damage_d3d_roads">
		<SimpleData name="osm_id">1450465871</SimpleData>
		<SimpleData name="type">residential</SimpleData>
		<SimpleData name="depth_cls">0.1-0.5 m</SimpleData>
		<SimpleData name="max_depth">0.39</SimpleData>
		<SimpleData name="length_m">59.6</SimpleData>
	</SchemaData></ExtendedData>
      <LineString><coordinates>79.1791499298659,14.2715308964511 79.1793325019466,14.2715084491819 79.1795150740083,14.2714860017684 79.1796976460511,14.2714635542105</coordinates></LineString>
  </Placemark>
  <Placemark id="damage_d3d_roads.46">
	<Style><LineStyle><color>ff0000ff</color></LineStyle><PolyStyle><fill>0</fill></PolyStyle></Style>
	<ExtendedData><SchemaData schemaUrl="#damage_d3d_roads">
		<SimpleData name="osm_id">1450465871</SimpleData>
		<SimpleData name="type">residential</SimpleData>
		<SimpleData name="depth_cls">&gt;1.5 m</SimpleData>
		<SimpleData name="max_depth">2.01</SimpleData>
		<SimpleData name="length_m">59.6</SimpleData>
	</SchemaData></ExtendedData>
      <LineString><coordinates>79.1796976460511,14.2714635542105 79.1798814430804,14.2714626671794 79.1800654373346,14.2714652552772 79.1802477774917,14.2714410811101</coordinates></LineString>
  </Placemark>
  <Placemark id="damage_d3d_roads.47">
	<Style><LineStyle><color>ff0000ff</color></LineStyle><PolyStyle><fill>0</fill></PolyStyle></Style>
	<ExtendedData><SchemaData schemaUrl="#damage_d3d_roads">
		<SimpleData name="osm_id">1450465871</SimpleData>
		<SimpleData name="type">residential</SimpleData>
		<SimpleData name="depth_cls">0.5-1.5 m</SimpleData>
		<SimpleData name="max_depth">1.27</SimpleData>
		<SimpleData name="length_m">39.7</SimpleData>
	</SchemaData></ExtendedData>
      <LineString><coordinates>79.1802477774917,14.2714410811101 79.180430117627,14.2714169067987 79.1806124567433,14.2713927251931</coordinates></LineString>
  </Placemark>
  <Placemark id="damage_d3d_roads.48">
	<Style><LineStyle><color>ff0000ff</color></LineStyle><PolyStyle><fill>0</fill></PolyStyle></Style>
	<ExtendedData><SchemaData schemaUrl="#damage_d3d_roads">
		<SimpleData name="osm_id">1450465871</SimpleData>
		<SimpleData name="type">residential</SimpleData>
		<SimpleData name="depth_cls">0.1-0.5 m</SimpleData>
		<SimpleData name="max_depth">0.37</SimpleData>
		<SimpleData name="length_m">19.9</SimpleData>
	</SchemaData></ExtendedData>
      <LineString><coordinates>79.1806124567433,14.2713927251931 79.1807947927265,14.271368521136</coordinates></LineString>
  </Placemark>
  <Placemark id="damage_d3d_roads.49">
	<Style><LineStyle><color>ff0000ff</color></LineStyle><PolyStyle><fill>0</fill></PolyStyle></Style>
	<ExtendedData><SchemaData schemaUrl="#damage_d3d_roads">
		<SimpleData name="osm_id">1450465871</SimpleData>
		<SimpleData name="type">residential</SimpleData>
		<SimpleData name="depth_cls">&gt;1.5 m</SimpleData>
		<SimpleData name="max_depth">3.62</SimpleData>
		<SimpleData name="length_m">79.4</SimpleData>
	</SchemaData></ExtendedData>
      <LineString><coordinates>79.1822391349335,14.2710945179114 79.182419203,14.2710575372729 79.1825857200933,14.270989514481 79.1827378601112,14.2708885572975 79.18289,14.2707876</coordinates></LineString>
  </Placemark>
  <Placemark id="damage_d3d_roads.50">
	<Style><LineStyle><color>ff0000ff</color></LineStyle><PolyStyle><fill>0</fill></PolyStyle></Style>
	<ExtendedData><SchemaData schemaUrl="#damage_d3d_roads">
		<SimpleData name="osm_id">1450465885</SimpleData>
		<SimpleData name="type">residential</SimpleData>
		<SimpleData name="depth_cls">0.1-0.5 m</SimpleData>
		<SimpleData name="max_depth">0.42</SimpleData>
		<SimpleData name="length_m">39.9</SimpleData>
	</SchemaData></ExtendedData>
      <LineString><coordinates>79.1805682,14.2713986 79.1806980230692,14.2715268446572 79.1808278462852,14.2716550892598</coordinates></LineString>
  </Placemark>
  <Placemark id="damage_d3d_roads.51">
	<Style><LineStyle><color>ff0000ff</color></LineStyle><PolyStyle><fill>0</fill></PolyStyle></Style>
	<ExtendedData><SchemaData schemaUrl="#damage_d3d_roads">
		<SimpleData name="osm_id">1450465885</SimpleData>
		<SimpleData name="type">residential</SimpleData>
		<SimpleData name="depth_cls">0.5-1.5 m</SimpleData>
		<SimpleData name="max_depth">1.43</SimpleData>
		<SimpleData name="length_m">79.8</SimpleData>
	</SchemaData></ExtendedData>
      <LineString><coordinates>79.1808278462852,14.2716550892598 79.180957669648,14.2717833338077 79.1810874931576,14.271911578301 79.181217316814,14.2720398227396 79.181347585717,14.2721676048566</coordinates></LineString>
  </Placemark>
  <Placemark id="damage_d3d_roads.52">
	<Style><LineStyle><color>ff0000ff</color></LineStyle><PolyStyle><fill>0</fill></PolyStyle></Style>
	<ExtendedData><SchemaData schemaUrl="#damage_d3d_roads">
		<SimpleData name="osm_id">1450465885</SimpleData>
		<SimpleData name="type">residential</SimpleData>
		<SimpleData name="depth_cls">0.1-0.5 m</SimpleData>
		<SimpleData name="max_depth">0.19</SimpleData>
		<SimpleData name="length_m">39.9</SimpleData>
	</SchemaData></ExtendedData>
      <LineString><coordinates>79.181347585717,14.2721676048566 79.1814869756719,14.2722859142222 79.1816263657749,14.2724042235224</coordinates></LineString>
  </Placemark>
  <Placemark id="damage_d3d_roads.53">
	<Style><LineStyle><color>ff0000ff</color></LineStyle><PolyStyle><fill>0</fill></PolyStyle></Style>
	<ExtendedData><SchemaData schemaUrl="#damage_d3d_roads">
		<SimpleData name="osm_id">1450465885</SimpleData>
		<SimpleData name="type">residential</SimpleData>
		<SimpleData name="depth_cls">0.5-1.5 m</SimpleData>
		<SimpleData name="max_depth">0.54</SimpleData>
		<SimpleData name="length_m">19.9</SimpleData>
	</SchemaData></ExtendedData>
      <LineString><coordinates>79.181765756026,14.2725225327571 79.1819051464253,14.2726408419264</coordinates></LineString>
  </Placemark>
  <Placemark id="damage_d3d_roads.54">
	<Style><LineStyle><color>ff0000ff</color></LineStyle><PolyStyle><fill>0</fill></PolyStyle></Style>
	<ExtendedData><SchemaData schemaUrl="#damage_d3d_roads">
		<SimpleData name="osm_id">1450465885</SimpleData>
		<SimpleData name="type">residential</SimpleData>
		<SimpleData name="depth_cls">0.5-1.5 m</SimpleData>
		<SimpleData name="max_depth">1.47</SimpleData>
		<SimpleData name="length_m">19.9</SimpleData>
	</SchemaData></ExtendedData>
      <LineString><coordinates>79.1820445369727,14.2727591510302 79.1821839276682,14.2728774600685</coordinates></LineString>
  </Placemark>
  <Placemark id="damage_d3d_roads.55">
	<Style><LineStyle><color>ff0000ff</color></LineStyle><PolyStyle><fill>0</fill></PolyStyle></Style>
	<ExtendedData><SchemaData schemaUrl="#damage_d3d_roads">
		<SimpleData name="osm_id">1450465885</SimpleData>
		<SimpleData name="type">residential</SimpleData>
		<SimpleData name="depth_cls">&gt;1.5 m</SimpleData>
		<SimpleData name="max_depth">3.59</SimpleData>
		<SimpleData name="length_m">39.9</SimpleData>
	</SchemaData></ExtendedData>
      <LineString><coordinates>79.1821839276682,14.2728774600685 79.1823198785338,14.2729994983906 79.1824552065911,14.2731222120112</coordinates></LineString>
  </Placemark>
  <Placemark id="damage_d3d_roads.56">
	<Style><LineStyle><color>ff0000ff</color></LineStyle><PolyStyle><fill>0</fill></PolyStyle></Style>
	<ExtendedData><SchemaData schemaUrl="#damage_d3d_roads">
		<SimpleData name="osm_id">1450465885</SimpleData>
		<SimpleData name="type">residential</SimpleData>
		<SimpleData name="depth_cls">&gt;1.5 m</SimpleData>
		<SimpleData name="max_depth">3.14</SimpleData>
		<SimpleData name="length_m">99.7</SimpleData>
	</SchemaData></ExtendedData>
      <LineString><coordinates>79.1827258631495,14.2733676390702 79.1828611916506,14.2734903525085 79.1830074047267,14.2735982796253 79.183169900004,14.2736840878211 79.1833323954143,14.27376989592 79.1834948909575,14.2738557039219</coordinates></LineString>
  </Placemark>
  <Placemark id="damage_d3d_roads.57">
	<Style><LineStyle><color>ff0000ff</color></LineStyle><PolyStyle><fill>0</fill></PolyStyle></Style>
	<ExtendedData><SchemaData schemaUrl="#damage_d3d_roads">
		<SimpleData name="osm_id">1450465885</SimpleData>
		<SimpleData name="type">residential</SimpleData>
		<SimpleData name="depth_cls">0.5-1.5 m</SimpleData>
		<SimpleData name="max_depth">1.39</SimpleData>
		<SimpleData name="length_m">19.9</SimpleData>
	</SchemaData></ExtendedData>
      <LineString><coordinates>79.1834948909575,14.2738557039219 79.1836577721403,14.2739407249847</coordinates></LineString>
  </Placemark>
  <Placemark id="damage_d3d_roads.58">
	<Style><LineStyle><color>ff0000ff</color></LineStyle><PolyStyle><fill>0</fill></PolyStyle></Style>
	<ExtendedData><SchemaData schemaUrl="#damage_d3d_roads">
		<SimpleData name="osm_id">1450465880</SimpleData>
		<SimpleData name="type">residential</SimpleData>
		<SimpleData name="depth_cls">0.5-1.5 m</SimpleData>
		<SimpleData name="max_depth">1.39</SimpleData>
		<SimpleData name="length_m">19.7</SimpleData>
	</SchemaData></ExtendedData>
      <LineString><coordinates>79.1854435730293,14.2791665920873 79.1855445600597,14.2790180402773</coordinates></LineString>
  </Placemark>
  <Placemark id="damage_d3d_roads.59">
	<Style><LineStyle><color>ff0000ff</color></LineStyle><PolyStyle><fill>0</fill></PolyStyle></Style>
	<ExtendedData><SchemaData schemaUrl="#damage_d3d_roads">
		<SimpleData name="osm_id">1450465880</SimpleData>
		<SimpleData name="type">residential</SimpleData>
		<SimpleData name="depth_cls">&gt;1.5 m</SimpleData>
		<SimpleData name="max_depth">2.33</SimpleData>
		<SimpleData name="length_m">19.7</SimpleData>
	</SchemaData></ExtendedData>
      <LineString><coordinates>79.1855445600597,14.2790180402773 79.1856455469508,14.2788694884069</coordinates></LineString>
  </Placemark>
  <Placemark id="damage_d3d_roads.60">
	<Style><LineStyle><color>ff0000ff</color></LineStyle><PolyStyle><fill>0</fill></PolyStyle></Style>
	<ExtendedData><SchemaData schemaUrl="#damage_d3d_roads">
		<SimpleData name="osm_id">1450465880</SimpleData>
		<SimpleData name="type">residential</SimpleData>
		<SimpleData name="depth_cls">0.5-1.5 m</SimpleData>
		<SimpleData name="max_depth">1.31</SimpleData>
		<SimpleData name="length_m">39.4</SimpleData>
	</SchemaData></ExtendedData>
      <LineString><coordinates>79.1856455469508,14.2788694884069 79.1857465337025,14.2787209364762 79.1858475203149,14.2785723844853</coordinates></LineString>
  </Placemark>
  <Placemark id="damage_d3d_roads.61">
	<Style><LineStyle><color>ff0000ff</color></LineStyle><PolyStyle><fill>0</fill></PolyStyle></Style>
	<ExtendedData><SchemaData schemaUrl="#damage_d3d_roads">
		<SimpleData name="osm_id">1450465880</SimpleData>
		<SimpleData name="type">residential</SimpleData>
		<SimpleData name="depth_cls">&gt;1.5 m</SimpleData>
		<SimpleData name="max_depth">2.08</SimpleData>
		<SimpleData name="length_m">39.4</SimpleData>
	</SchemaData></ExtendedData>
      <LineString><coordinates>79.1858475203149,14.2785723844853 79.1859511381664,14.2784255742439 79.1860554130044,14.2782791989171</coordinates></LineString>
  </Placemark>
  <Placemark id="damage_d3d_roads.62">
	<Style><LineStyle><color>ff0000ff</color></LineStyle><PolyStyle><fill>0</fill></PolyStyle></Style>
	<ExtendedData><SchemaData schemaUrl="#damage_d3d_roads">
		<SimpleData name="osm_id">1450465880</SimpleData>
		<SimpleData name="type">residential</SimpleData>
		<SimpleData name="depth_cls">0.5-1.5 m</SimpleData>
		<SimpleData name="max_depth">0.52</SimpleData>
		<SimpleData name="length_m">19.7</SimpleData>
	</SchemaData></ExtendedData>
      <LineString><coordinates>79.1860554130044,14.2782791989171 79.1861596877015,14.2781328235271</coordinates></LineString>
  </Placemark>
  <Placemark id="damage_d3d_roads.63">
	<Style><LineStyle><color>ff0000ff</color></LineStyle><PolyStyle><fill>0</fill></PolyStyle></Style>
	<ExtendedData><SchemaData schemaUrl="#damage_d3d_roads">
		<SimpleData name="osm_id">1450465880</SimpleData>
		<SimpleData name="type">residential</SimpleData>
		<SimpleData name="depth_cls">&gt;1.5 m</SimpleData>
		<SimpleData name="max_depth">2.5</SimpleData>
		<SimpleData name="length_m">39.4</SimpleData>
	</SchemaData></ExtendedData>
      <LineString><coordinates>79.1861596877015,14.2781328235271 79.1862639622576,14.2779864480736 79.1863682366728,14.2778400725568</coordinates></LineString>
  </Placemark>
  <Placemark id="damage_d3d_roads.64">
	<Style><LineStyle><color>ff0000ff</color></LineStyle><PolyStyle><fill>0</fill></PolyStyle></Style>
	<ExtendedData><SchemaData schemaUrl="#damage_d3d_roads">
		<SimpleData name="osm_id">1450465880</SimpleData>
		<SimpleData name="type">residential</SimpleData>
		<SimpleData name="depth_cls">0.5-1.5 m</SimpleData>
		<SimpleData name="max_depth">1.17</SimpleData>
		<SimpleData name="length_m">59.2</SimpleData>
	</SchemaData></ExtendedData>
      <LineString><coordinates>79.1863682366728,14.2778400725568 79.186472510947,14.2776936969767 79.1865767867517,14.2775473224658 79.1866810673244,14.2774009512177</coordinates></LineString>
  </Placemark>
  <Placemark id="damage_d3d_roads.65">
	<Style><LineStyle><color>ff0000ff</color></LineStyle><PolyStyle><fill>0</fill></PolyStyle></Style>
	<ExtendedData><SchemaData schemaUrl="#damage_d3d_roads">
		<SimpleData name="osm_id">1450465880</SimpleData>
		<SimpleData name="type">residential</SimpleData>
		<SimpleData name="depth_cls">0.1-0.5 m</SimpleData>
		<SimpleData name="max_depth">0.3</SimpleData>
		<SimpleData name="length_m">39.4</SimpleData>
	</SchemaData></ExtendedData>
      <LineString><coordinates>79.1867853477561,14.2772545799062 79.1868896280469,14.2771082085314 79.1869939081968,14.2769618370933</coordinates></LineString>
  </Placemark>
  <Placemark id="damage_d3d_roads.66">
	<Style><LineStyle><color>ff0000ff</color></LineStyle><PolyStyle><fill>0</fill></PolyStyle></Style>
	<ExtendedData><SchemaData schemaUrl="#damage_d3d_roads">
		<SimpleData name="osm_id">1450465880</SimpleData>
		<SimpleData name="type">residential</SimpleData>
		<SimpleData name="depth_cls">&gt;1.5 m</SimpleData>
		<SimpleData name="max_depth">2.47</SimpleData>
		<SimpleData name="length_m">19.7</SimpleData>
	</SchemaData></ExtendedData>
      <LineString><coordinates>79.1895792264385,14.2733181436165 79.1896942,14.2731796</coordinates></LineString>
  </Placemark>
  <Placemark id="damage_d3d_roads.67">
	<Style><LineStyle><color>ff0000ff</color></LineStyle><PolyStyle><fill>0</fill></PolyStyle></Style>
	<ExtendedData><SchemaData schemaUrl="#damage_d3d_roads">
		<SimpleData name="osm_id">1450465870</SimpleData>
		<SimpleData name="type">residential</SimpleData>
		<SimpleData name="depth_cls">0.1-0.5 m</SimpleData>
		<SimpleData name="max_depth">0.49</SimpleData>
		<SimpleData name="length_m">38.9</SimpleData>
	</SchemaData></ExtendedData>
      <LineString><coordinates>79.1763133334123,14.2775662226085 79.1762317439626,14.2774094711134 79.1761501546159,14.2772527196017</coordinates></LineString>
  </Placemark>
  <Placemark id="damage_d3d_roads.68">
	<Style><LineStyle><color>ff0000ff</color></LineStyle><PolyStyle><fill>0</fill></PolyStyle></Style>
	<ExtendedData><SchemaData schemaUrl="#damage_d3d_roads">
		<SimpleData name="osm_id">1450465881</SimpleData>
		<SimpleData name="type">residential</SimpleData>
		<SimpleData name="depth_cls">&gt;1.5 m</SimpleData>
		<SimpleData name="max_depth">1.73</SimpleData>
		<SimpleData name="length_m">40</SimpleData>
	</SchemaData></ExtendedData>
      <LineString><coordinates>79.1835898139764,14.2784620932142 79.1837562998512,14.2783828330978 79.1839227856204,14.2783035728506</coordinates></LineString>
  </Placemark>
  <Placemark id="damage_d3d_roads.69">
	<Style><LineStyle><color>ff0000ff</color></LineStyle><PolyStyle><fill>0</fill></PolyStyle></Style>
	<ExtendedData><SchemaData schemaUrl="#damage_d3d_roads">
		<SimpleData name="osm_id">1450465881</SimpleData>
		<SimpleData name="type">residential</SimpleData>
		<SimpleData name="depth_cls">0.5-1.5 m</SimpleData>
		<SimpleData name="max_depth">1.42</SimpleData>
		<SimpleData name="length_m">20</SimpleData>
	</SchemaData></ExtendedData>
      <LineString><coordinates>79.1839227856204,14.2783035728506 79.184089271284,14.2782243124727</coordinates></LineString>
  </Placemark>
  <Placemark id="damage_d3d_roads.70">
	<Style><LineStyle><color>ff0000ff</color></LineStyle><PolyStyle><fill>0</fill></PolyStyle></Style>
	<ExtendedData><SchemaData schemaUrl="#damage_d3d_roads">
		<SimpleData name="osm_id">1450465881</SimpleData>
		<SimpleData name="type">residential</SimpleData>
		<SimpleData name="depth_cls">&gt;1.5 m</SimpleData>
		<SimpleData name="max_depth">3.23</SimpleData>
		<SimpleData name="length_m">80</SimpleData>
	</SchemaData></ExtendedData>
      <LineString><coordinates>79.184089271284,14.2782243124727 79.1842557568421,14.2781450519639 79.1844336653294,14.2781775361603 79.1846129193554,14.2782231820835 79.1847921734693,14.27826882788</coordinates></LineString>
  </Placemark>
  <Placemark id="damage_d3d_roads.71">
	<Style><LineStyle><color>ff0000ff</color></LineStyle><PolyStyle><fill>0</fill></PolyStyle></Style>
	<ExtendedData><SchemaData schemaUrl="#damage_d3d_roads">
		<SimpleData name="osm_id">1450465881</SimpleData>
		<SimpleData name="type">residential</SimpleData>
		<SimpleData name="depth_cls">0.5-1.5 m</SimpleData>
		<SimpleData name="max_depth">1.02</SimpleData>
		<SimpleData name="length_m">20</SimpleData>
	</SchemaData></ExtendedData>
      <LineString><coordinates>79.1847921734693,14.27826882788 79.1849714276712,14.2783144735499</coordinates></LineString>
  </Placemark>
  <Placemark id="damage_d3d_roads.72">
	<Style><LineStyle><color>ff0000ff</color></LineStyle><PolyStyle><fill>0</fill></PolyStyle></Style>
	<ExtendedData><SchemaData schemaUrl="#damage_d3d_roads">
		<SimpleData name="osm_id">1450465882</SimpleData>
		<SimpleData name="type">residential</SimpleData>
		<SimpleData name="depth_cls">0.5-1.5 m</SimpleData>
		<SimpleData name="max_depth">0.94</SimpleData>
		<SimpleData name="length_m">40</SimpleData>
	</SchemaData></ExtendedData>
      <LineString><coordinates>79.1865503,14.2775845 79.1867191414845,14.277658831102 79.1868879830917,14.2777331620968</coordinates></LineString>
  </Placemark>
  <Placemark id="damage_d3d_roads.73">
	<Style><LineStyle><color>ff0000ff</color></LineStyle><PolyStyle><fill>0</fill></PolyStyle></Style>
	<ExtendedData><SchemaData schemaUrl="#damage_d3d_roads">
		<SimpleData name="osm_id">1450465882</SimpleData>
		<SimpleData name="type">residential</SimpleData>
		<SimpleData name="depth_cls">0.1-0.5 m</SimpleData>
		<SimpleData name="max_depth">0.36</SimpleData>
		<SimpleData name="length_m">20</SimpleData>
	</SchemaData></ExtendedData>
      <LineString><coordinates>79.1868879830917,14.2777331620968 79.1870568248216,14.2778074929846</coordinates></LineString>
  </Placemark>
  <Placemark id="damage_d3d_roads.74">
	<Style><LineStyle><color>ff0000ff</color></LineStyle><PolyStyle><fill>0</fill></PolyStyle></Style>
	<ExtendedData><SchemaData schemaUrl="#damage_d3d_roads">
		<SimpleData name="osm_id">1450465882</SimpleData>
		<SimpleData name="type">residential</SimpleData>
		<SimpleData name="depth_cls">0.1-0.5 m</SimpleData>
		<SimpleData name="max_depth">0.13</SimpleData>
		<SimpleData name="length_m">40</SimpleData>
	</SchemaData></ExtendedData>
      <LineString><coordinates>79.1872256666743,14.2778818237652 79.1873945086497,14.2779561544387 79.1875550029049,14.2778960789162</coordinates></LineString>
  </Placemark>
  <Placemark id="damage_d3d_roads.75">
	<Style><LineStyle><color>ff0000ff</color></LineStyle><PolyStyle><fill>0</fill></PolyStyle></Style>
	<ExtendedData><SchemaData schemaUrl="#damage_d3d_roads">
		<SimpleData name="osm_id">1450465882</SimpleData>
		<SimpleData name="type">residential</SimpleData>
		<SimpleData name="depth_cls">&gt;1.5 m</SimpleData>
		<SimpleData name="max_depth">1.6</SimpleData>
		<SimpleData name="length_m">20</SimpleData>
	</SchemaData></ExtendedData>
      <LineString><coordinates>79.1875550029049,14.2778960789162 79.187674564659,14.2777580836645</coordinates></LineString>
  </Placemark>
  <Placemark id="damage_d3d_roads.76">
	<Style><LineStyle><color>ff0000ff</color></LineStyle><PolyStyle><fill>0</fill></PolyStyle></Style>
	<ExtendedData><SchemaData schemaUrl="#damage_d3d_roads">
		<SimpleData name="osm_id">1450465882</SimpleData>
		<SimpleData name="type">residential</SimpleData>
		<SimpleData name="depth_cls">0.1-0.5 m</SimpleData>
		<SimpleData name="max_depth">0.11</SimpleData>
		<SimpleData name="length_m">20</SimpleData>
	</SchemaData></ExtendedData>
      <LineString><coordinates>79.187674564659,14.2777580836645 79.187833728414,14.2777535109826</coordinates></LineString>
  </Placemark>
  <Placemark id="damage_d3d_roads.77">
	<Style><LineStyle><color>ff0000ff</color></LineStyle><PolyStyle><fill>0</fill></PolyStyle></Style>
	<ExtendedData><SchemaData schemaUrl="#damage_d3d_roads">
		<SimpleData name="osm_id">1450465882</SimpleData>
		<SimpleData name="type">residential</SimpleData>
		<SimpleData name="depth_cls">&gt;1.5 m</SimpleData>
		<SimpleData name="max_depth">2.94</SimpleData>
		<SimpleData name="length_m">319.8</SimpleData>
	</SchemaData></ExtendedData>
      <LineString><coordinates>79.187833728414,14.2777535109826 79.1880103877414,14.2778078818899 79.1881870471683,14.2778622526759 79.1883637066947,14.2779166233405 79.1885417734258,14.2779664027431 79.188720050797,14.2780154950423 79.1888983282609,14.2780645872169 79.1890766058174,14.2781136792669 79.1892548834664,14.2781627711923 79.189433161208,14.2782118629931 79.1895904529357,14.2783018301213 79.1897643166743,14.2783634678409 79.1899389758577,14.2784236737115 79.1901185824143,14.2784674367114 79.1902989066205,14.2785088146776 79.1904792309086,14.2785501925147 79.1906595552787,14.2785915702229</coordinates></LineString>
  </Placemark>
  <Placemark id="damage_d3d_roads.78">
	<Style><LineStyle><color>ff0000ff</color></LineStyle><PolyStyle><fill>0</fill></PolyStyle></Style>
	<ExtendedData><SchemaData schemaUrl="#damage_d3d_roads">
		<SimpleData name="osm_id">1450465882</SimpleData>
		<SimpleData name="type">residential</SimpleData>
		<SimpleData name="depth_cls">0.5-1.5 m</SimpleData>
		<SimpleData name="max_depth">0.52</SimpleData>
		<SimpleData name="length_m">20</SimpleData>
	</SchemaData></ExtendedData>
      <LineString><coordinates>79.1906595552787,14.2785915702229 79.1908398797307,14.278632947802</coordinates></LineString>
  </Placemark>
  <Placemark id="damage_d3d_roads.79">
	<Style><LineStyle><color>ff0000ff</color></LineStyle><PolyStyle><fill>0</fill></PolyStyle></Style>
	<ExtendedData><SchemaData schemaUrl="#damage_d3d_roads">
		<SimpleData name="osm_id">1450465882</SimpleData>
		<SimpleData name="type">residential</SimpleData>
		<SimpleData name="depth_cls">&gt;1.5 m</SimpleData>
		<SimpleData name="max_depth">2.05</SimpleData>
		<SimpleData name="length_m">60</SimpleData>
	</SchemaData></ExtendedData>
      <LineString><coordinates>79.1908398797307,14.278632947802 79.1910202042647,14.2786743252521 79.1912005288805,14.2787157025733 79.1913808535784,14.2787570797654</coordinates></LineString>
  </Placemark>
  <Placemark id="damage_d3d_roads.80">
	<Style><LineStyle><color>ff0000ff</color></LineStyle><PolyStyle><fill>0</fill></PolyStyle></Style>
	<ExtendedData><SchemaData schemaUrl="#damage_d3d_roads">
		<SimpleData name="osm_id">1450465882</SimpleData>
		<SimpleData name="type">residential</SimpleData>
		<SimpleData name="depth_cls">0.5-1.5 m</SimpleData>
		<SimpleData name="max_depth">1.46</SimpleData>
		<SimpleData name="length_m">40</SimpleData>
	</SchemaData></ExtendedData>
      <LineString><coordinates>79.1913808535784,14.2787570797654 79.1915611783581,14.2787984568285 79.1917403318827,14.278843515713</coordinates></LineString>
  </Placemark>
  <Placemark id="damage_d3d_roads.81">
	<Style><LineStyle><color>ff0000ff</color></LineStyle><PolyStyle><fill>0</fill></PolyStyle></Style>
	<ExtendedData><SchemaData schemaUrl="#damage_d3d_roads">
		<SimpleData name="osm_id">1450465882</SimpleData>
		<SimpleData name="type">residential</SimpleData>
		<SimpleData name="depth_cls">0.5-1.5 m</SimpleData>
		<SimpleData name="max_depth">1.37</SimpleData>
		<SimpleData name="length_m">40</SimpleData>
	</SchemaData></ExtendedData>
      <LineString><coordinates>79.1919130047934,14.2789089457825 79.1920856778171,14.2789743757381 79.1922583509538,14.2790398055799</coordinates></LineString>
  </Placemark>
  <Placemark id="damage_d3d_roads.82">
	<Style><LineStyle><color>ff0000ff</color></LineStyle><PolyStyle><fill>0</fill></PolyStyle></Style>
	<ExtendedData><SchemaData schemaUrl="#damage_d3d_roads">
		<SimpleData name="osm_id">1450465882</SimpleData>
		<SimpleData name="type">residential</SimpleData>
		<SimpleData name="depth_cls">0.1-0.5 m</SimpleData>
		<SimpleData name="max_depth">0.46</SimpleData>
		<SimpleData name="length_m">20</SimpleData>
	</SchemaData></ExtendedData>
      <LineString><coordinates>79.1922583509538,14.2790398055799 79.1924310242036,14.2791052353078</coordinates></LineString>
  </Placemark>
  <Placemark id="damage_d3d_roads.83">
	<Style><LineStyle><color>ff0000ff</color></LineStyle><PolyStyle><fill>0</fill></PolyStyle></Style>
	<ExtendedData><SchemaData schemaUrl="#damage_d3d_roads">
		<SimpleData name="osm_id">1450465882</SimpleData>
		<SimpleData name="type">residential</SimpleData>
		<SimpleData name="depth_cls">0.5-1.5 m</SimpleData>
		<SimpleData name="max_depth">1.33</SimpleData>
		<SimpleData name="length_m">60</SimpleData>
	</SchemaData></ExtendedData>
      <LineString><coordinates>79.1926036975663,14.2791706649219 79.1927763710421,14.2792360944221 79.1929490446309,14.2793015238084 79.1931217183326,14.2793669530808</coordinates></LineString>
  </Placemark>
  <Placemark id="damage_d3d_roads.84">
	<Style><LineStyle><color>ff0000ff</color></LineStyle><PolyStyle><fill>0</fill></PolyStyle></Style>
	<ExtendedData><SchemaData schemaUrl="#damage_d3d_roads">
		<SimpleData name="osm_id">1450465882</SimpleData>
		<SimpleData name="type">residential</SimpleData>
		<SimpleData name="depth_cls">&gt;1.5 m</SimpleData>
		<SimpleData name="max_depth">1.77</SimpleData>
		<SimpleData name="length_m">60</SimpleData>
	</SchemaData></ExtendedData>
      <LineString><coordinates>79.1931217183326,14.2793669530808 79.1932709636039,14.2794719344942 79.1934153458271,14.2795851259144 79.1935881,14.2796347</coordinates></LineString>
  </Placemark>
  <Placemark id="damage_d3d_roads.85">
	<Style><LineStyle><color>ff0000ff</color></LineStyle><PolyStyle><fill>0</fill></PolyStyle></Style>
	<ExtendedData><SchemaData schemaUrl="#damage_d3d_roads">
		<SimpleData name="osm_id">565019502</SimpleData>
		<SimpleData name="type">secondary</SimpleData>
		<SimpleData name="depth_cls">&gt;1.5 m</SimpleData>
		<SimpleData name="max_depth">2.42</SimpleData>
		<SimpleData name="length_m">59.9</SimpleData>
	</SchemaData></ExtendedData>
      <LineString><coordinates>79.2228518,14.28584 79.2228864776309,14.2856628369406 79.2229211551912,14.2854856738673 79.2229558326809,14.2853085107801</coordinates></LineString>
  </Placemark>
  <Placemark id="damage_d3d_roads.86">
	<Style><LineStyle><color>ff0000ff</color></LineStyle><PolyStyle><fill>0</fill></PolyStyle></Style>
	<ExtendedData><SchemaData schemaUrl="#damage_d3d_roads">
		<SimpleData name="osm_id">565019502</SimpleData>
		<SimpleData name="type">secondary</SimpleData>
		<SimpleData name="depth_cls">0.5-1.5 m</SimpleData>
		<SimpleData name="max_depth">0.53</SimpleData>
		<SimpleData name="length_m">39.9</SimpleData>
	</SchemaData></ExtendedData>
      <LineString><coordinates>79.2208228568534,14.2798014372752 79.2208269791753,14.2796211203124 79.2208247923159,14.2794408627559</coordinates></LineString>
  </Placemark>
  <Placemark id="damage_d3d_roads.87">
	<Style><LineStyle><color>ff0000ff</color></LineStyle><PolyStyle><fill>0</fill></PolyStyle></Style>
	<ExtendedData><SchemaData schemaUrl="#damage_d3d_roads">
		<SimpleData name="osm_id">565019502</SimpleData>
		<SimpleData name="type">secondary</SimpleData>
		<SimpleData name="depth_cls">0.1-0.5 m</SimpleData>
		<SimpleData name="max_depth">0.49</SimpleData>
		<SimpleData name="length_m">159.7</SimpleData>
	</SchemaData></ExtendedData>
      <LineString><coordinates>79.2208247923159,14.2794408627559 79.2208171006102,14.2792606570334 79.2208094088992,14.2790804513095 79.2208150746971,14.2789003639177 79.2208252904569,14.2787203234848 79.2208145667615,14.2785402651581 79.2207540809504,14.2783712619525 79.2206665787664,14.2782146146265 79.2205473607704,14.2780767290138</coordinates></LineString>
  </Placemark>
  <Placemark id="damage_d3d_roads.88">
	<Style><LineStyle><color>ff0000ff</color></LineStyle><PolyStyle><fill>0</fill></PolyStyle></Style>
	<ExtendedData><SchemaData schemaUrl="#damage_d3d_roads">
		<SimpleData name="osm_id">1450465888</SimpleData>
		<SimpleData name="type">residential</SimpleData>
		<SimpleData name="depth_cls">0.5-1.5 m</SimpleData>
		<SimpleData name="max_depth">1.37</SimpleData>
		<SimpleData name="length_m">99.8</SimpleData>
	</SchemaData></ExtendedData>
      <LineString><coordinates>79.2128219830595,14.2781009037771 79.212760703862,14.2782710902635 79.2128177168796,14.2784415008595 79.2128783177251,14.2786119182462 79.212913896502,14.27878829515 79.2129657884974,14.278958531307</coordinates></LineString>
  </Placemark>
  <Placemark id="damage_d3d_roads.89">
	<Style><LineStyle><color>ff0000ff</color></LineStyle><PolyStyle><fill>0</fill></PolyStyle></Style>
	<ExtendedData><SchemaData schemaUrl="#damage_d3d_roads">
		<SimpleData name="osm_id">1450465888</SimpleData>
		<SimpleData name="type">residential</SimpleData>
		<SimpleData name="depth_cls">&gt;1.5 m</SimpleData>
		<SimpleData name="max_depth">1.99</SimpleData>
		<SimpleData name="length_m">20</SimpleData>
	</SchemaData></ExtendedData>
      <LineString><coordinates>79.2129657884974,14.278958531307 79.2130755403426,14.2790998164308</coordinates></LineString>
  </Placemark>
  <Placemark id="damage_d3d_roads.90">
	<Style><LineStyle><color>ff0000ff</color></LineStyle><PolyStyle><fill>0</fill></PolyStyle></Style>
	<ExtendedData><SchemaData schemaUrl="#damage_d3d_roads">
		<SimpleData name="osm_id">1450465888</SimpleData>
		<SimpleData name="type">residential</SimpleData>
		<SimpleData name="depth_cls">0.5-1.5 m</SimpleData>
		<SimpleData name="max_depth">0.83</SimpleData>
		<SimpleData name="length_m">20</SimpleData>
	</SchemaData></ExtendedData>
      <LineString><coordinates>79.2130755403426,14.2790998164308 79.2132190362385,14.2792136187033</coordinates></LineString>
  </Placemark>
  <Placemark id="damage_d3d_roads.91">
	<Style><LineStyle><color>ff0000ff</color></LineStyle><PolyStyle><fill>0</fill></PolyStyle></Style>
	<ExtendedData><SchemaData schemaUrl="#damage_d3d_roads">
		<SimpleData name="osm_id">1450465878</SimpleData>
		<SimpleData name="type">residential</SimpleData>
		<SimpleData name="depth_cls">&gt;1.5 m</SimpleData>
		<SimpleData name="max_depth">2.19</SimpleData>
		<SimpleData name="length_m">19.2</SimpleData>
	</SchemaData></ExtendedData>
      <LineString><coordinates>79.2070385197053,14.2924715953771 79.2071999393181,14.2923992906321</coordinates></LineString>
  </Placemark>
  <Placemark id="damage_d3d_roads.92">
	<Style><LineStyle><color>ff0000ff</color></LineStyle><PolyStyle><fill>0</fill></PolyStyle></Style>
	<ExtendedData><SchemaData schemaUrl="#damage_d3d_roads">
		<SimpleData name="osm_id">1450465878</SimpleData>
		<SimpleData name="type">residential</SimpleData>
		<SimpleData name="depth_cls">0.5-1.5 m</SimpleData>
		<SimpleData name="max_depth">0.7</SimpleData>
		<SimpleData name="length_m">38.3</SimpleData>
	</SchemaData></ExtendedData>
      <LineString><coordinates>79.2071999393181,14.2923992906321 79.2073683170504,14.2923469741827 79.2075415150906,14.2923085047524</coordinates></LineString>
  </Placemark>
  <Placemark id="damage_d3d_roads.93">
	<Style><LineStyle><color>ff0000ff</color></LineStyle><PolyStyle><fill>0</fill></PolyStyle></Style>
	<ExtendedData><SchemaData schemaUrl="#damage_d3d_roads">
		<SimpleData name="osm_id">1450465878</SimpleData>
		<SimpleData name="type">residential</SimpleData>
		<SimpleData name="depth_cls">0.1-0.5 m</SimpleData>
		<SimpleData name="max_depth">0.39</SimpleData>
		<SimpleData name="length_m">19.2</SimpleData>
	</SchemaData></ExtendedData>
      <LineString><coordinates>79.2078879110382,14.2922315654922 79.2080611089456,14.2921930956623</coordinates></LineString>
  </Placemark>
  <Placemark id="damage_d3d_roads.94">
	<Style><LineStyle><color>ff0000ff</color></LineStyle><PolyStyle><fill>0</fill></PolyStyle></Style>
	<ExtendedData><SchemaData schemaUrl="#damage_d3d_roads">
		<SimpleData name="osm_id">1450465878</SimpleData>
		<SimpleData name="type">residential</SimpleData>
		<SimpleData name="depth_cls">0.5-1.5 m</SimpleData>
		<SimpleData name="max_depth">0.64</SimpleData>
		<SimpleData name="length_m">57.5</SimpleData>
	</SchemaData></ExtendedData>
      <LineString><coordinates>79.2080611089456,14.2921930956623 79.2082343068088,14.2921546256993 79.2084075046277,14.2921161556032 79.2085807024023,14.2920776853739</coordinates></LineString>
  </Placemark>
  <Placemark id="damage_d3d_roads.95">
	<Style><LineStyle><color>ff0000ff</color></LineStyle><PolyStyle><fill>0</fill></PolyStyle></Style>
	<ExtendedData><SchemaData schemaUrl="#damage_d3d_roads">
		<SimpleData name="osm_id">1450465878</SimpleData>
		<SimpleData name="type">residential</SimpleData>
		<SimpleData name="depth_cls">0.1-0.5 m</SimpleData>
		<SimpleData name="max_depth">0.27</SimpleData>
		<SimpleData name="length_m">38.3</SimpleData>
	</SchemaData></ExtendedData>
      <LineString><coordinates>79.2085807024023,14.2920776853739 79.2087539001327,14.2920392150115 79.2089285732247,14.2920083659024</coordinates></LineString>
  </Placemark>
  <Placemark id="damage_d3d_roads.96">
	<Style><LineStyle><color>ff0000ff</color></LineStyle><PolyStyle><fill>0</fill></PolyStyle></Style>
	<ExtendedData><SchemaData schemaUrl="#damage_d3d_roads">
		<SimpleData name="osm_id">1450465878</SimpleData>
		<SimpleData name="type">residential</SimpleData>
		<SimpleData name="depth_cls">0.5-1.5 m</SimpleData>
		<SimpleData name="max_depth">1.15</SimpleData>
		<SimpleData name="length_m">19.2</SimpleData>
	</SchemaData></ExtendedData>
      <LineString><coordinates>79.2092798922585,14.2919568586927 79.2094555517387,14.2919311048862</coordinates></LineString>
  </Placemark>
  <Placemark id="damage_d3d_roads.97">
	<Style><LineStyle><color>ff0000ff</color></LineStyle><PolyStyle><fill>0</fill></PolyStyle></Style>
	<ExtendedData><SchemaData schemaUrl="#damage_d3d_roads">
		<SimpleData name="osm_id">1450465878</SimpleData>
		<SimpleData name="type">residential</SimpleData>
		<SimpleData name="depth_cls">&gt;1.5 m</SimpleData>
		<SimpleData name="max_depth">1.68</SimpleData>
		<SimpleData name="length_m">38.3</SimpleData>
	</SchemaData></ExtendedData>
      <LineString><coordinates>79.2094555517387,14.2919311048862 79.2096312111944,14.2919053509452 79.2097981256355,14.2918469251504</coordinates></LineString>
  </Placemark>
  <Placemark id="damage_d3d_roads.98">
	<Style><LineStyle><color>ff0000ff</color></LineStyle><PolyStyle><fill>0</fill></PolyStyle></Style>
	<ExtendedData><SchemaData schemaUrl="#damage_d3d_roads">
		<SimpleData name="osm_id">1450465878</SimpleData>
		<SimpleData name="type">residential</SimpleData>
		<SimpleData name="depth_cls">0.5-1.5 m</SimpleData>
		<SimpleData name="max_depth">1.31</SimpleData>
		<SimpleData name="length_m">57.5</SimpleData>
	</SchemaData></ExtendedData>
      <LineString><coordinates>79.2097981256355,14.2918469251504 79.209964283327,14.2917856722565 79.2101304409407,14.2917244192358 79.2103070078426,14.2917116071834</coordinates></LineString>
  </Placemark>
  <Placemark id="damage_d3d_roads.99">
	<Style><LineStyle><color>ff0000ff</color></LineStyle><PolyStyle><fill>0</fill></PolyStyle></Style>
	<ExtendedData><SchemaData schemaUrl="#damage_d3d_roads">
		<SimpleData name="osm_id">1450465878</SimpleData>
		<SimpleData name="type">residential</SimpleData>
		<SimpleData name="depth_cls">&gt;1.5 m</SimpleData>
		<SimpleData name="max_depth">3.44</SimpleData>
		<SimpleData name="length_m">38.3</SimpleData>
	</SchemaData></ExtendedData>
      <LineString><coordinates>79.2103070078426,14.2917116071834 79.2104844039202,14.2917026536587 79.2106618,14.2916937</coordinates></LineString>
  </Placemark>
  <Placemark id="damage_d3d_roads.100">
	<Style><LineStyle><color>ff0000ff</color></LineStyle><PolyStyle><fill>0</fill></PolyStyle></Style>
	<ExtendedData><SchemaData schemaUrl="#damage_d3d_roads">
		<SimpleData name="osm_id">565019889</SimpleData>
		<SimpleData name="type">tertiary</SimpleData>
		<SimpleData name="depth_cls">0.5-1.5 m</SimpleData>
		<SimpleData name="max_depth">0.74</SimpleData>
		<SimpleData name="length_m">19.9</SimpleData>
	</SchemaData></ExtendedData>
      <LineString><coordinates>79.2275634136871,14.2808372596318 79.2274929603825,14.2810033588497</coordinates></LineString>
  </Placemark>
  <Placemark id="damage_d3d_roads.101">
	<Style><LineStyle><color>ff0000ff</color></LineStyle><PolyStyle><fill>0</fill></PolyStyle></Style>
	<ExtendedData><SchemaData schemaUrl="#damage_d3d_roads">
		<SimpleData name="osm_id">565019889</SimpleData>
		<SimpleData name="type">tertiary</SimpleData>
		<SimpleData name="depth_cls">0.1-0.5 m</SimpleData>
		<SimpleData name="max_depth">0.12</SimpleData>
		<SimpleData name="length_m">19.9</SimpleData>
	</SchemaData></ExtendedData>
      <LineString><coordinates>79.2274929603825,14.2810033588497 79.2274317721852,14.2811728473459</coordinates></LineString>
  </Placemark>
  <Placemark id="damage_d3d_roads.102">
	<Style><LineStyle><color>ff0000ff</color></LineStyle><PolyStyle><fill>0</fill></PolyStyle></Style>
	<ExtendedData><SchemaData schemaUrl="#damage_d3d_roads">
		<SimpleData name="osm_id">565019889</SimpleData>
		<SimpleData name="type">tertiary</SimpleData>
		<SimpleData name="depth_cls">0.5-1.5 m</SimpleData>
		<SimpleData name="max_depth">1.05</SimpleData>
		<SimpleData name="length_m">99.4</SimpleData>
	</SchemaData></ExtendedData>
      <LineString><coordinates>79.2274317721852,14.2811728473459 79.227372832716,14.2813431584599 79.2272735260347,14.2814912006423 79.2271542105131,14.2816282047631 79.2270348948443,14.2817652088058 79.2269155790281,14.2819022127706</coordinates></LineString>
  </Placemark>
  <Placemark id="damage_d3d_roads.103">
	<Style><LineStyle><color>ff0000ff</color></LineStyle><PolyStyle><fill>0</fill></PolyStyle></Style>
	<ExtendedData><SchemaData schemaUrl="#damage_d3d_roads">
		<SimpleData name="osm_id">565019889</SimpleData>
		<SimpleData name="type">tertiary</SimpleData>
		<SimpleData name="depth_cls">0.1-0.5 m</SimpleData>
		<SimpleData name="max_depth">0.49</SimpleData>
		<SimpleData name="length_m">79.6</SimpleData>
	</SchemaData></ExtendedData>
      <LineString><coordinates>79.2269155790281,14.2819022127706 79.2267962630647,14.2820392166572 79.2266769469539,14.2821762204659 79.2265528110641,14.2823090228422 79.2264265385033,14.2824399626904</coordinates></LineString>
  </Placemark>
  <Placemark id="damage_d3d_roads.104">
	<Style><LineStyle><color>ff0000ff</color></LineStyle><PolyStyle><fill>0</fill></PolyStyle></Style>
	<ExtendedData><SchemaData schemaUrl="#damage_d3d_roads">
		<SimpleData name="osm_id">565019889</SimpleData>
		<SimpleData name="type">tertiary</SimpleData>
		<SimpleData name="depth_cls">0.5-1.5 m</SimpleData>
		<SimpleData name="max_depth">1.38</SimpleData>
		<SimpleData name="length_m">19.9</SimpleData>
	</SchemaData></ExtendedData>
      <LineString><coordinates>79.2261721536951,14.2827000441958 79.2260375882559,14.2828228775935</coordinates></LineString>
  </Placemark>
  <Placemark id="damage_d3d_roads.105">
	<Style><LineStyle><color>ff0000ff</color></LineStyle><PolyStyle><fill>0</fill></PolyStyle></Style>
	<ExtendedData><SchemaData schemaUrl="#damage_d3d_roads">
		<SimpleData name="osm_id">565019889</SimpleData>
		<SimpleData name="type">tertiary</SimpleData>
		<SimpleData name="depth_cls">&gt;1.5 m</SimpleData>
		<SimpleData name="max_depth">1.62</SimpleData>
		<SimpleData name="length_m">19.9</SimpleData>
	</SchemaData></ExtendedData>
      <LineString><coordinates>79.2260375882559,14.2828228775935 79.2259030226718,14.2829457108971</coordinates></LineString>
  </Placemark>
  <Placemark id="damage_d3d_roads.106">
	<Style><LineStyle><color>ff0000ff</color></LineStyle><PolyStyle><fill>0</fill></PolyStyle></Style>
	<ExtendedData><SchemaData schemaUrl="#damage_d3d_roads">
		<SimpleData name="osm_id">565019889</SimpleData>
		<SimpleData name="type">tertiary</SimpleData>
		<SimpleData name="depth_cls">0.5-1.5 m</SimpleData>
		<SimpleData name="max_depth">1.42</SimpleData>
		<SimpleData name="length_m">39.8</SimpleData>
	</SchemaData></ExtendedData>
      <LineString><coordinates>79.2259030226718,14.2829457108971 79.2257557043473,14.2830420820356 79.2255726340834,14.283062288555</coordinates></LineString>
  </Placemark>
  <Placemark id="damage_d3d_roads.107">
	<Style><LineStyle><color>ff0000ff</color></LineStyle><PolyStyle><fill>0</fill></PolyStyle></Style>
	<ExtendedData><SchemaData schemaUrl="#damage_d3d_roads">
		<SimpleData name="osm_id">1450465869</SimpleData>
		<SimpleData name="type">residential</SimpleData>
		<SimpleData name="depth_cls">0.5-1.5 m</SimpleData>
		<SimpleData name="max_depth">1.38</SimpleData>
		<SimpleData name="length_m">38</SimpleData>
	</SchemaData></ExtendedData>
      <LineString><coordinates>79.1789231795741,14.2810453657089 79.179097739796,14.2810235829205 79.1792723,14.2810018</coordinates></LineString>
  </Placemark>
  <Placemark id="damage_d3d_roads.108">
	<Style><LineStyle><color>ff0000ff</color></LineStyle><PolyStyle><fill>0</fill></PolyStyle></Style>
	<ExtendedData><SchemaData schemaUrl="#damage_d3d_roads">
		<SimpleData name="osm_id">1450465876</SimpleData>
		<SimpleData name="type">residential</SimpleData>
		<SimpleData name="depth_cls">0.5-1.5 m</SimpleData>
		<SimpleData name="max_depth">0.57</SimpleData>
		<SimpleData name="length_m">19.9</SimpleData>
	</SchemaData></ExtendedData>
      <LineString><coordinates>79.1933401,14.2890608 79.1934805392138,14.2889438862271</coordinates></LineString>
  </Placemark>
  <Placemark id="damage_d3d_roads.109">
	<Style><LineStyle><color>ff0000ff</color></LineStyle><PolyStyle><fill>0</fill></PolyStyle></Style>
	<ExtendedData><SchemaData schemaUrl="#damage_d3d_roads">
		<SimpleData name="osm_id">1450465876</SimpleData>
		<SimpleData name="type">residential</SimpleData>
		<SimpleData name="depth_cls">0.1-0.5 m</SimpleData>
		<SimpleData name="max_depth">0.41</SimpleData>
		<SimpleData name="length_m">39.8</SimpleData>
	</SchemaData></ExtendedData>
      <LineString><coordinates>79.1934805392138,14.2889438862271 79.193594433943,14.2888158759004 79.1935844242383,14.2886360692188</coordinates></LineString>
  </Placemark>
  <Placemark id="damage_d3d_roads.110">
	<Style><LineStyle><color>ff0000ff</color></LineStyle><PolyStyle><fill>0</fill></PolyStyle></Style>
	<ExtendedData><SchemaData schemaUrl="#damage_d3d_roads">
		<SimpleData name="osm_id">1450465876</SimpleData>
		<SimpleData name="type">residential</SimpleData>
		<SimpleData name="depth_cls">&gt;1.5 m</SimpleData>
		<SimpleData name="max_depth">3.86</SimpleData>
		<SimpleData name="length_m">259</SimpleData>
	</SchemaData></ExtendedData>
      <LineString><coordinates>79.1940610608853,14.2822189983077 79.1940367600201,14.2820404930061 79.1940124591762,14.2818619877041 79.1939881583534,14.2816834824015 79.1939630695765,14.2815051233151 79.1939184510623,14.281330388169 79.1938738326014,14.2811556530202 79.1938292141937,14.2809809178688 79.1937845958392,14.2808061827147 79.193739977538,14.2806314475578 79.1937052782273,14.2804547088236 79.1936750567376,14.2802770655982 79.1936448352785,14.2800994223721 79.1936146138501,14.2799217791452</coordinates></LineString>
  </Placemark>
  <Placemark id="damage_d3d_roads.111">
	<Style><LineStyle><color>ff0000ff</color></LineStyle><PolyStyle><fill>0</fill></PolyStyle></Style>
	<ExtendedData><SchemaData schemaUrl="#damage_d3d_roads">
		<SimpleData name="osm_id">1450465876</SimpleData>
		<SimpleData name="type">residential</SimpleData>
		<SimpleData name="depth_cls">0.5-1.5 m</SimpleData>
		<SimpleData name="max_depth">1.15</SimpleData>
		<SimpleData name="length_m">19.9</SimpleData>
	</SchemaData></ExtendedData>
      <LineString><coordinates>79.1936146138501,14.2799217791452 79.1935941494618,14.2797430908112</coordinates></LineString>
  </Placemark>
  <Placemark id="damage_d3d_roads.112">
	<Style><LineStyle><color>ff0000ff</color></LineStyle><PolyStyle><fill>0</fill></PolyStyle></Style>
	<ExtendedData><SchemaData schemaUrl="#damage_d3d_roads">
		<SimpleData name="osm_id">1450465876</SimpleData>
		<SimpleData name="type">residential</SimpleData>
		<SimpleData name="depth_cls">&gt;1.5 m</SimpleData>
		<SimpleData name="max_depth">1.54</SimpleData>
		<SimpleData name="length_m">39.8</SimpleData>
	</SchemaData></ExtendedData>
      <LineString><coordinates>79.1935941494618,14.2797430908112 79.193584108472,14.2795632856802 79.1935748227393,14.279383454011</coordinates></LineString>
  </Placemark>
  <Placemark id="damage_d3d_roads.113">
	<Style><LineStyle><color>ff0000ff</color></LineStyle><PolyStyle><fill>0</fill></PolyStyle></Style>
	<ExtendedData><SchemaData schemaUrl="#damage_d3d_roads">
		<SimpleData name="osm_id">1450465876</SimpleData>
		<SimpleData name="type">residential</SimpleData>
		<SimpleData name="depth_cls">0.5-1.5 m</SimpleData>
		<SimpleData name="max_depth">1.32</SimpleData>
		<SimpleData name="length_m">59.8</SimpleData>
	</SchemaData></ExtendedData>
      <LineString><coordinates>79.1935748227393,14.279383454011 79.1935715006662,14.2792034115711 79.1935681785806,14.2790233691291 79.1935609174353,14.2788435151611</coordinates></LineString>
  </Placemark>
  <Placemark id="damage_d3d_roads.114">
	<Style><LineStyle><color>ff0000ff</color></LineStyle><PolyStyle><fill>0</fill></PolyStyle></Style>
	<ExtendedData><SchemaData schemaUrl="#damage_d3d_roads">
		<SimpleData name="osm_id">1450465876</SimpleData>
		<SimpleData name="type">residential</SimpleData>
		<SimpleData name="depth_cls">&gt;1.5 m</SimpleData>
		<SimpleData name="max_depth">5.08</SimpleData>
		<SimpleData name="length_m">179.3</SimpleData>
	</SchemaData></ExtendedData>
      <LineString><coordinates>79.1933848063938,14.2768702682238 79.1933777358361,14.276692431029 79.1934405763661,14.2765231091438 79.193509434873,14.2763561815127 79.1935859689778,14.2761923076143 79.1936006707356,14.2760129551952 79.193614528111,14.2758333914053 79.1936283854468,14.2756538276095 79.1936422427432,14.2754742638077 79.1936561,14.2752947</coordinates></LineString>
  </Placemark>
  <Placemark id="damage_d3d_roads.115">
	<Style><LineStyle><color>ff0000ff</color></LineStyle><PolyStyle><fill>0</fill></PolyStyle></Style>
	<ExtendedData><SchemaData schemaUrl="#damage_d3d_roads">
		<SimpleData name="osm_id">1259304001</SimpleData>
		<SimpleData name="type">residential</SimpleData>
		<SimpleData name="depth_cls">&gt;1.5 m</SimpleData>
		<SimpleData name="max_depth">2.11</SimpleData>
		<SimpleData name="length_m">98.8</SimpleData>
	</SchemaData></ExtendedData>
      <LineString><coordinates>79.179682724234,14.2825573683778 79.1798587319478,14.282508063903 79.1800347395998,14.2824587592887 79.1802107471901,14.2824094545349 79.1803867547185,14.2823601496416 79.1805627621851,14.2823108446088</coordinates></LineString>
  </Placemark>
  <Placemark id="damage_d3d_roads.116">
	<Style><LineStyle><color>ff0000ff</color></LineStyle><PolyStyle><fill>0</fill></PolyStyle></Style>
	<ExtendedData><SchemaData schemaUrl="#damage_d3d_roads">
		<SimpleData name="osm_id">1259304001</SimpleData>
		<SimpleData name="type">residential</SimpleData>
		<SimpleData name="depth_cls">0.5-1.5 m</SimpleData>
		<SimpleData name="max_depth">1.4</SimpleData>
		<SimpleData name="length_m">39.5</SimpleData>
	</SchemaData></ExtendedData>
      <LineString><coordinates>79.1805627621851,14.2823108446088 79.1807387695899,14.2822615394365 79.1809147769329,14.2822122341247</coordinates></LineString>
  </Placemark>
  <Placemark id="damage_d3d_roads.117">
	<Style><LineStyle><color>ff0000ff</color></LineStyle><PolyStyle><fill>0</fill></PolyStyle></Style>
	<ExtendedData><SchemaData schemaUrl="#damage_d3d_roads">
		<SimpleData name="osm_id">1259304001</SimpleData>
		<SimpleData name="type">residential</SimpleData>
		<SimpleData name="depth_cls">&gt;1.5 m</SimpleData>
		<SimpleData name="max_depth">1.59</SimpleData>
		<SimpleData name="length_m">19.8</SimpleData>
	</SchemaData></ExtendedData>
      <LineString><coordinates>79.1809147769329,14.2822122341247 79.181090784214,14.2821629286734</coordinates></LineString>
  </Placemark>
  <Placemark id="damage_d3d_roads.118">
	<Style><LineStyle><color>ff0000ff</color></LineStyle><PolyStyle><fill>0</fill></PolyStyle></Style>
	<ExtendedData><SchemaData schemaUrl="#damage_d3d_roads">
		<SimpleData name="osm_id">1259304001</SimpleData>
		<SimpleData name="type">residential</SimpleData>
		<SimpleData name="depth_cls">0.5-1.5 m</SimpleData>
		<SimpleData name="max_depth">0.8</SimpleData>
		<SimpleData name="length_m">39.5</SimpleData>
	</SchemaData></ExtendedData>
      <LineString><coordinates>79.181090784214,14.2821629286734 79.1812667914334,14.2821136230826 79.1814427985909,14.2820643173524</coordinates></LineString>
  </Placemark>
  <Placemark id="damage_d3d_roads.119">
	<Style><LineStyle><color>ff0000ff</color></LineStyle><PolyStyle><fill>0</fill></PolyStyle></Style>
	<ExtendedData><SchemaData schemaUrl="#damage_d3d_roads">
		<SimpleData name="osm_id">1259304001</SimpleData>
		<SimpleData name="type">residential</SimpleData>
		<SimpleData name="depth_cls">0.1-0.5 m</SimpleData>
		<SimpleData name="max_depth">0.34</SimpleData>
		<SimpleData name="length_m">19.8</SimpleData>
	</SchemaData></ExtendedData>
      <LineString><coordinates>79.1814427985909,14.2820643173524 79.1816188056866,14.2820150114826</coordinates></LineString>
  </Placemark>
  <Placemark id="damage_d3d_roads.120">
	<Style><LineStyle><color>ff0000ff</color></LineStyle><PolyStyle><fill>0</fill></PolyStyle></Style>
	<ExtendedData><SchemaData schemaUrl="#damage_d3d_roads">
		<SimpleData name="osm_id">1259304001</SimpleData>
		<SimpleData name="type">residential</SimpleData>
		<SimpleData name="depth_cls">&gt;1.5 m</SimpleData>
		<SimpleData name="max_depth">2.29</SimpleData>
		<SimpleData name="length_m">138.3</SimpleData>
	</SchemaData></ExtendedData>
      <LineString><coordinates>79.1816188056866,14.2820150114826 79.1817928262079,14.2819594204717 79.181966753374,14.2819035341894 79.1821406804683,14.2818476477694 79.1823146074909,14.2817917612119 79.1824885344416,14.2817358745168 79.1826624613205,14.2816799876841 79.1828363881277,14.2816241007139</coordinates></LineString>
  </Placemark>
  <Placemark id="damage_d3d_roads.121">
	<Style><LineStyle><color>ff0000ff</color></LineStyle><PolyStyle><fill>0</fill></PolyStyle></Style>
	<ExtendedData><SchemaData schemaUrl="#damage_d3d_roads">
		<SimpleData name="osm_id">1450465874</SimpleData>
		<SimpleData name="type">residential</SimpleData>
		<SimpleData name="depth_cls">&gt;1.5 m</SimpleData>
		<SimpleData name="max_depth">3.89</SimpleData>
		<SimpleData name="length_m">179.8</SimpleData>
	</SchemaData></ExtendedData>
      <LineString><coordinates>79.1758704,14.2725038 79.1760428542207,14.2725694575917 79.1762112505153,14.2726402037068 79.1763189574929,14.2727870521489 79.1764266646043,14.2729339005572 79.1765343718497,14.2730807489316 79.1766420792289,14.2732275972723 79.1767621491005,14.2733646640563 79.1768872880433,14.2734977200835 79.1770124271315,14.273630776061</coordinates></LineString>
  </Placemark>
  <Placemark id="damage_d3d_roads.122">
	<Style><LineStyle><color>ff0000ff</color></LineStyle><PolyStyle><fill>0</fill></PolyStyle></Style>
	<ExtendedData><SchemaData schemaUrl="#damage_d3d_roads">
		<SimpleData name="osm_id">1450465874</SimpleData>
		<SimpleData name="type">residential</SimpleData>
		<SimpleData name="depth_cls">0.5-1.5 m</SimpleData>
		<SimpleData name="max_depth">1.48</SimpleData>
		<SimpleData name="length_m">40</SimpleData>
	</SchemaData></ExtendedData>
      <LineString><coordinates>79.1770124271315,14.273630776061 79.1771375663653,14.2737638319887 79.1772657524406,14.2738936275172</coordinates></LineString>
  </Placemark>
  <Placemark id="damage_d3d_roads.123">
	<Style><LineStyle><color>ff0000ff</color></LineStyle><PolyStyle><fill>0</fill></PolyStyle></Style>
	<ExtendedData><SchemaData schemaUrl="#damage_d3d_roads">
		<SimpleData name="osm_id">1450465874</SimpleData>
		<SimpleData name="type">residential</SimpleData>
		<SimpleData name="depth_cls">&gt;1.5 m</SimpleData>
		<SimpleData name="max_depth">1.86</SimpleData>
		<SimpleData name="length_m">40</SimpleData>
	</SchemaData></ExtendedData>
      <LineString><coordinates>79.1772657524406,14.2738936275172 79.1774131804922,14.2740028317927 79.1775606086909,14.2741120359928</coordinates></LineString>
  </Placemark>
  <Placemark id="damage_d3d_roads.124">
	<Style><LineStyle><color>ff0000ff</color></LineStyle><PolyStyle><fill>0</fill></PolyStyle></Style>
	<ExtendedData><SchemaData schemaUrl="#damage_d3d_roads">
		<SimpleData name="osm_id">1450465874</SimpleData>
		<SimpleData name="type">residential</SimpleData>
		<SimpleData name="depth_cls">&gt;1.5 m</SimpleData>
		<SimpleData name="max_depth">2.98</SimpleData>
		<SimpleData name="length_m">79.9</SimpleData>
	</SchemaData></ExtendedData>
      <LineString><coordinates>79.1780028941693,14.2744396481411 79.1781443035157,14.2745560610078 79.1782838175785,14.2746747438044 79.1784233317901,14.2747934265355 79.1785669937129,14.2749069817614</coordinates></LineString>
  </Placemark>
  <Placemark id="damage_d3d_roads.125">
	<Style><LineStyle><color>ff0000ff</color></LineStyle><PolyStyle><fill>0</fill></PolyStyle></Style>
	<ExtendedData><SchemaData schemaUrl="#damage_d3d_roads">
		<SimpleData name="osm_id">1450465874</SimpleData>
		<SimpleData name="type">residential</SimpleData>
		<SimpleData name="depth_cls">&gt;1.5 m</SimpleData>
		<SimpleData name="max_depth">3.62</SimpleData>
		<SimpleData name="length_m">439.5</SimpleData>
	</SchemaData></ExtendedData>
      <LineString><coordinates>79.1787178217737,14.2750116779287 79.1788598353107,14.2751266521247 79.1789921598167,14.2752529240643 79.1791244844707,14.2753791959465 79.1792568092727,14.2755054677715 79.1793891342226,14.2756317395391 79.1795214593206,14.2757580112494 79.1796537845666,14.2758842829024 79.1797861099606,14.2760105544981 79.1799189419069,14.2761362966285 79.18005728531,14.2762562770354 79.1801956288619,14.2763762573782 79.1803339725625,14.2764962376567 79.1804723164119,14.2766162178712 79.18061066041,14.2767361980214 79.1807490045568,14.2768561781075 79.1808873488524,14.2769761581294 79.1810256932968,14.2770961380872 79.1811640378899,14.2772161179808 79.1813023826317,14.2773360978102 79.1814421499979,14.27737733892 79.1815743022041,14.277339877632 79.1816816524657,14.2774869764214</coordinates></LineString>
  </Placemark>
  <Placemark id="damage_d3d_roads.126">
	<Style><LineStyle><color>ff0000ff</color></LineStyle><PolyStyle><fill>0</fill></PolyStyle></Style>
	<ExtendedData><SchemaData schemaUrl="#damage_d3d_roads">
		<SimpleData name="osm_id">1450465874</SimpleData>
		<SimpleData name="type">residential</SimpleData>
		<SimpleData name="depth_cls">&gt;1.5 m</SimpleData>
		<SimpleData name="max_depth">3.33</SimpleData>
		<SimpleData name="length_m">119.9</SimpleData>
	</SchemaData></ExtendedData>
      <LineString><coordinates>79.1832587386882,14.2797110631282 79.1833632061614,14.2798597699806 79.183462617508,14.2800120838726 79.1835620289808,14.280164397737 79.1836614405798,14.2803167115739 79.1837608523051,14.2804690253832 79.1838737879714,14.2806119210111</coordinates></LineString>
  </Placemark>
  <Placemark id="damage_d3d_roads.127">
	<Style><LineStyle><color>ff0000ff</color></LineStyle><PolyStyle><fill>0</fill></PolyStyle></Style>
	<ExtendedData><SchemaData schemaUrl="#damage_d3d_roads">
		<SimpleData name="osm_id">1450465874</SimpleData>
		<SimpleData name="type">residential</SimpleData>
		<SimpleData name="depth_cls">0.5-1.5 m</SimpleData>
		<SimpleData name="max_depth">1.11</SimpleData>
		<SimpleData name="length_m">20</SimpleData>
	</SchemaData></ExtendedData>
      <LineString><coordinates>79.1865984920188,14.2842136374683 79.1866986030847,14.2843654517798</coordinates></LineString>
  </Placemark>
  <Placemark id="damage_d3d_roads.128">
	<Style><LineStyle><color>ff0000ff</color></LineStyle><PolyStyle><fill>0</fill></PolyStyle></Style>
	<ExtendedData><SchemaData schemaUrl="#damage_d3d_roads">
		<SimpleData name="osm_id">1450465874</SimpleData>
		<SimpleData name="type">residential</SimpleData>
		<SimpleData name="depth_cls">&gt;1.5 m</SimpleData>
		<SimpleData name="max_depth">1.73</SimpleData>
		<SimpleData name="length_m">20</SimpleData>
	</SchemaData></ExtendedData>
      <LineString><coordinates>79.1866986030847,14.2843654517798 79.1868263396443,14.2844961458678</coordinates></LineString>
  </Placemark>
  <Placemark id="damage_d3d_roads.129">
	<Style><LineStyle><color>ff0000ff</color></LineStyle><PolyStyle><fill>0</fill></PolyStyle></Style>
	<ExtendedData><SchemaData schemaUrl="#damage_d3d_roads">
		<SimpleData name="osm_id">1450465874</SimpleData>
		<SimpleData name="type">residential</SimpleData>
		<SimpleData name="depth_cls">0.5-1.5 m</SimpleData>
		<SimpleData name="max_depth">1.41</SimpleData>
		<SimpleData name="length_m">40</SimpleData>
	</SchemaData></ExtendedData>
      <LineString><coordinates>79.1868263396443,14.2844961458678 79.1869540763506,14.2846268399032 79.1870807890474,14.2847583325607</coordinates></LineString>
  </Placemark>
  <Placemark id="damage_d3d_roads.130">
	<Style><LineStyle><color>ff0000ff</color></LineStyle><PolyStyle><fill>0</fill></PolyStyle></Style>
	<ExtendedData><SchemaData schemaUrl="#damage_d3d_roads">
		<SimpleData name="osm_id">1450465874</SimpleData>
		<SimpleData name="type">residential</SimpleData>
		<SimpleData name="depth_cls">&gt;1.5 m</SimpleData>
		<SimpleData name="max_depth">1.85</SimpleData>
		<SimpleData name="length_m">79.9</SimpleData>
	</SchemaData></ExtendedData>
      <LineString><coordinates>79.1870807890474,14.2847583325607 79.1871834315727,14.2849085960872 79.1873441826796,14.2848931120974 79.1875196736811,14.284835584018 79.1876991724863,14.2847926786179</coordinates></LineString>
  </Placemark>
  <Placemark id="damage_d3d_roads.131">
	<Style><LineStyle><color>ff0000ff</color></LineStyle><PolyStyle><fill>0</fill></PolyStyle></Style>
	<ExtendedData><SchemaData schemaUrl="#damage_d3d_roads">
		<SimpleData name="osm_id">1450465874</SimpleData>
		<SimpleData name="type">residential</SimpleData>
		<SimpleData name="depth_cls">0.5-1.5 m</SimpleData>
		<SimpleData name="max_depth">1.18</SimpleData>
		<SimpleData name="length_m">99.9</SimpleData>
	</SchemaData></ExtendedData>
      <LineString><coordinates>79.1876991724863,14.2847926786179 79.1878806921553,14.2847571464019 79.1880622117839,14.2847216140405 79.1882459351274,14.2847004257467 79.188377899595,14.284826928855 79.1885097889614,14.2849536398317</coordinates></LineString>
  </Placemark>
  <Placemark id="damage_d3d_roads.132">
	<Style><LineStyle><color>ff0000ff</color></LineStyle><PolyStyle><fill>0</fill></PolyStyle></Style>
	<ExtendedData><SchemaData schemaUrl="#damage_d3d_roads">
		<SimpleData name="osm_id">1450465874</SimpleData>
		<SimpleData name="type">residential</SimpleData>
		<SimpleData name="depth_cls">&gt;1.5 m</SimpleData>
		<SimpleData name="max_depth">1.61</SimpleData>
		<SimpleData name="length_m">20</SimpleData>
	</SchemaData></ExtendedData>
      <LineString><coordinates>79.1885097889614,14.2849536398317 79.1886597017653,14.2850585250873</coordinates></LineString>
  </Placemark>
  <Placemark id="damage_d3d_roads.133">
	<Style><LineStyle><color>ff0000ff</color></LineStyle><PolyStyle><fill>0</fill></PolyStyle></Style>
	<ExtendedData><SchemaData schemaUrl="#damage_d3d_roads">
		<SimpleData name="osm_id">1450465874</SimpleData>
		<SimpleData name="type">residential</SimpleData>
		<SimpleData name="depth_cls">0.5-1.5 m</SimpleData>
		<SimpleData name="max_depth">0.57</SimpleData>
		<SimpleData name="length_m">20</SimpleData>
	</SchemaData></ExtendedData>
      <LineString><coordinates>79.1886597017653,14.2850585250873 79.1888147647364,14.2851571737351</coordinates></LineString>
  </Placemark>
  <Placemark id="damage_d3d_roads.134">
	<Style><LineStyle><color>ff0000ff</color></LineStyle><PolyStyle><fill>0</fill></PolyStyle></Style>
	<ExtendedData><SchemaData schemaUrl="#damage_d3d_roads">
		<SimpleData name="osm_id">1450465874</SimpleData>
		<SimpleData name="type">residential</SimpleData>
		<SimpleData name="depth_cls">0.5-1.5 m</SimpleData>
		<SimpleData name="max_depth">1.34</SimpleData>
		<SimpleData name="length_m">99.9</SimpleData>
	</SchemaData></ExtendedData>
      <LineString><coordinates>79.1906028648099,14.2869698732719 79.1907569524633,14.2870699670199 79.19091104026,14.2871700606834 79.1910651281999,14.2872701542623 79.191219216283,14.2873702477567 79.191374012484,14.2874692811544</coordinates></LineString>
  </Placemark>
  <Placemark id="damage_d3d_roads.135">
	<Style><LineStyle><color>ff0000ff</color></LineStyle><PolyStyle><fill>0</fill></PolyStyle></Style>
	<ExtendedData><SchemaData schemaUrl="#damage_d3d_roads">
		<SimpleData name="osm_id">1450465874</SimpleData>
		<SimpleData name="type">residential</SimpleData>
		<SimpleData name="depth_cls">0.5-1.5 m</SimpleData>
		<SimpleData name="max_depth">1.41</SimpleData>
		<SimpleData name="length_m">20</SimpleData>
	</SchemaData></ExtendedData>
      <LineString><coordinates>79.1919986936157,14.2878571866416 79.1921548642522,14.2879541627945</coordinates></LineString>
  </Placemark>
  <Placemark id="damage_d3d_roads.136">
	<Style><LineStyle><color>ff0000ff</color></LineStyle><PolyStyle><fill>0</fill></PolyStyle></Style>
	<ExtendedData><SchemaData schemaUrl="#damage_d3d_roads">
		<SimpleData name="osm_id">1450465874</SimpleData>
		<SimpleData name="type">residential</SimpleData>
		<SimpleData name="depth_cls">&gt;1.5 m</SimpleData>
		<SimpleData name="max_depth">1.52</SimpleData>
		<SimpleData name="length_m">20</SimpleData>
	</SchemaData></ExtendedData>
      <LineString><coordinates>79.1921548642522,14.2879541627945 79.1923135370249,14.2880471315757</coordinates></LineString>
  </Placemark>
  <Placemark id="damage_d3d_roads.137">
	<Style><LineStyle><color>ff0000ff</color></LineStyle><PolyStyle><fill>0</fill></PolyStyle></Style>
	<ExtendedData><SchemaData schemaUrl="#damage_d3d_roads">
		<SimpleData name="osm_id">1450465874</SimpleData>
		<SimpleData name="type">residential</SimpleData>
		<SimpleData name="depth_cls">0.5-1.5 m</SimpleData>
		<SimpleData name="max_depth">1.5</SimpleData>
		<SimpleData name="length_m">20</SimpleData>
	</SchemaData></ExtendedData>
      <LineString><coordinates>79.1923135370249,14.2880471315757 79.1924684303717,14.2881441864935</coordinates></LineString>
  </Placemark>
  <Placemark id="damage_d3d_roads.138">
	<Style><LineStyle><color>ff0000ff</color></LineStyle><PolyStyle><fill>0</fill></PolyStyle></Style>
	<ExtendedData><SchemaData schemaUrl="#damage_d3d_roads">
		<SimpleData name="osm_id">1450465874</SimpleData>
		<SimpleData name="type">residential</SimpleData>
		<SimpleData name="depth_cls">&gt;1.5 m</SimpleData>
		<SimpleData name="max_depth">2.23</SimpleData>
		<SimpleData name="length_m">119.9</SimpleData>
	</SchemaData></ExtendedData>
      <LineString><coordinates>79.1924684303717,14.2881441864935 79.1925944098314,14.2882764952816 79.1927203894372,14.2884088040189 79.1928462829974,14.2885411906797 79.1929721343466,14.2886736156087 79.1930979858418,14.288806040487 79.193223837483,14.2889384653147</coordinates></LineString>
  </Placemark>
  <Placemark id="damage_d3d_roads.139">
	<Style><LineStyle><color>ff0000ff</color></LineStyle><PolyStyle><fill>0</fill></PolyStyle></Style>
	<ExtendedData><SchemaData schemaUrl="#damage_d3d_roads">
		<SimpleData name="osm_id">1450465874</SimpleData>
		<SimpleData name="type">residential</SimpleData>
		<SimpleData name="depth_cls">0.5-1.5 m</SimpleData>
		<SimpleData name="max_depth">0.57</SimpleData>
		<SimpleData name="length_m">20</SimpleData>
	</SchemaData></ExtendedData>
      <LineString><coordinates>79.193349066794,14.2890714204877 79.193466749199,14.289210806261</coordinates></LineString>
  </Placemark>
  <Placemark id="damage_d3d_roads.140">
	<Style><LineStyle><color>ff0000ff</color></LineStyle><PolyStyle><fill>0</fill></PolyStyle></Style>
	<ExtendedData><SchemaData schemaUrl="#damage_d3d_roads">
		<SimpleData name="osm_id">1450465874</SimpleData>
		<SimpleData name="type">residential</SimpleData>
		<SimpleData name="depth_cls">&gt;1.5 m</SimpleData>
		<SimpleData name="max_depth">2.82</SimpleData>
		<SimpleData name="length_m">119.9</SimpleData>
	</SchemaData></ExtendedData>
      <LineString><coordinates>79.193466749199,14.289210806261 79.1935043219347,14.2893807600924 79.193454150154,14.2895528572944 79.1933763116044,14.2897166774762 79.1933257144329,14.2898896157942 79.1933053455836,14.2900686388233 79.1932924491629,14.2902487522556</coordinates></LineString>
  </Placemark>
  <Placemark id="damage_d3d_roads.141">
	<Style><LineStyle><color>ff0000ff</color></LineStyle><PolyStyle><fill>0</fill></PolyStyle></Style>
	<ExtendedData><SchemaData schemaUrl="#damage_d3d_roads">
		<SimpleData name="osm_id">1450465874</SimpleData>
		<SimpleData name="type">residential</SimpleData>
		<SimpleData name="depth_cls">0.5-1.5 m</SimpleData>
		<SimpleData name="max_depth">0.69</SimpleData>
		<SimpleData name="length_m">40</SimpleData>
	</SchemaData></ExtendedData>
      <LineString><coordinates>79.1932924491629,14.2902487522556 79.1932933337034,14.2904290647136 79.1933053925047,14.2906089978854</coordinates></LineString>
  </Placemark>
  <Placemark id="damage_d3d_roads.142">
	<Style><LineStyle><color>ff0000ff</color></LineStyle><PolyStyle><fill>0</fill></PolyStyle></Style>
	<ExtendedData><SchemaData schemaUrl="#damage_d3d_roads">
		<SimpleData name="osm_id">1408390719</SimpleData>
		<SimpleData name="type">residential</SimpleData>
		<SimpleData name="depth_cls">0.5-1.5 m</SimpleData>
		<SimpleData name="max_depth">0.76</SimpleData>
		<SimpleData name="length_m">19.6</SimpleData>
	</SchemaData></ExtendedData>
      <LineString><coordinates>79.2258034736111,14.2834957043828 79.2259755,14.2835322</coordinates></LineString>
  </Placemark>
  <Placemark id="damage_d3d_roads.143">
	<Style><LineStyle><color>ff0000ff</color></LineStyle><PolyStyle><fill>0</fill></PolyStyle></Style>
	<ExtendedData><SchemaData schemaUrl="#damage_d3d_roads">
		<SimpleData name="osm_id">1408390723</SimpleData>
		<SimpleData name="type">residential</SimpleData>
		<SimpleData name="depth_cls">0.1-0.5 m</SimpleData>
		<SimpleData name="max_depth">0.32</SimpleData>
		<SimpleData name="length_m">56.3</SimpleData>
	</SchemaData></ExtendedData>
      <LineString><coordinates>79.225204213467,14.2844126511303 79.2251890267932,14.2845813226321 79.2251662187306,14.2847493459327 79.2251397,14.284917</coordinates></LineString>
  </Placemark>
  <Placemark id="damage_d3d_roads.144">
	<Style><LineStyle><color>ff0000ff</color></LineStyle><PolyStyle><fill>0</fill></PolyStyle></Style>
	<ExtendedData><SchemaData schemaUrl="#damage_d3d_roads">
		<SimpleData name="osm_id">1408390718</SimpleData>
		<SimpleData name="type">residential</SimpleData>
		<SimpleData name="depth_cls">0.1-0.5 m</SimpleData>
		<SimpleData name="max_depth">0.29</SimpleData>
		<SimpleData name="length_m">19.8</SimpleData>
	</SchemaData></ExtendedData>
      <LineString><coordinates>79.225012752653,14.2844757074552 79.2251954,14.2844579</coordinates></LineString>
  </Placemark>
  <Placemark id="damage_d3d_roads.145">
	<Style><LineStyle><color>ff0000ff</color></LineStyle><PolyStyle><fill>0</fill></PolyStyle></Style>
	<ExtendedData><SchemaData schemaUrl="#damage_d3d_roads">
		<SimpleData name="osm_id">565019763</SimpleData>
		<SimpleData name="type">secondary</SimpleData>
		<SimpleData name="depth_cls">0.1-0.5 m</SimpleData>
		<SimpleData name="max_depth">0.11</SimpleData>
		<SimpleData name="length_m">39.9</SimpleData>
	</SchemaData></ExtendedData>
      <LineString><coordinates>79.2469503804955,14.2827503535022 79.2471298594718,14.2827121869945 79.2473129167446,14.2826869951636</coordinates></LineString>
  </Placemark>
  <Placemark id="damage_d3d_roads.146">
	<Style><LineStyle><color>ff0000ff</color></LineStyle><PolyStyle><fill>0</fill></PolyStyle></Style>
	<ExtendedData><SchemaData schemaUrl="#damage_d3d_roads">
		<SimpleData name="osm_id">565019763</SimpleData>
		<SimpleData name="type">secondary</SimpleData>
		<SimpleData name="depth_cls">0.1-0.5 m</SimpleData>
		<SimpleData name="max_depth">0.45</SimpleData>
		<SimpleData name="length_m">59.8</SimpleData>
	</SchemaData></ExtendedData>
      <LineString><coordinates>79.2483387312366,14.2828140093758 79.2484436842508,14.2829608427164 79.2485170592549,14.283126324788 79.2485904343546,14.283291806847</coordinates></LineString>
  </Placemark>
  <Placemark id="damage_d3d_roads.147">
	<Style><LineStyle><color>ff0000ff</color></LineStyle><PolyStyle><fill>0</fill></PolyStyle></Style>
	<ExtendedData><SchemaData schemaUrl="#damage_d3d_roads">
		<SimpleData name="osm_id">565019763</SimpleData>
		<SimpleData name="type">secondary</SimpleData>
		<SimpleData name="depth_cls">0.5-1.5 m</SimpleData>
		<SimpleData name="max_depth">1.13</SimpleData>
		<SimpleData name="length_m">219.4</SimpleData>
	</SchemaData></ExtendedData>
      <LineString><coordinates>79.2485904343546,14.283291806847 79.2486638095497,14.2834572888934 79.2487401431875,14.2836214580395 79.2488198870901,14.2837841137708 79.2488996310964,14.2839467694865 79.249041701415,14.2840593635778 79.2491901176434,14.2841668605535 79.2493385340179,14.2842743574517 79.2495040690034,14.2843360922562 79.2496882427777,14.2843439648776 79.249865609906,14.2842931156824 79.250042976969,14.2842422663457</coordinates></LineString>
  </Placemark>
  <Placemark id="damage_d3d_roads.148">
	<Style><LineStyle><color>ff0000ff</color></LineStyle><PolyStyle><fill>0</fill></PolyStyle></Style>
	<ExtendedData><SchemaData schemaUrl="#damage_d3d_roads">
		<SimpleData name="osm_id">565019763</SimpleData>
		<SimpleData name="type">secondary</SimpleData>
		<SimpleData name="depth_cls">0.5-1.5 m</SimpleData>
		<SimpleData name="max_depth">0.84</SimpleData>
		<SimpleData name="length_m">79.8</SimpleData>
	</SchemaData></ExtendedData>
      <LineString><coordinates>79.2505481536034,14.2843083539218 79.2506762444051,14.2844370690075 79.2507836679429,14.2845821860387 79.250868651065,14.2847422991563 79.250910159901,14.2849155196122</coordinates></LineString>
  </Placemark>
  <Placemark id="damage_d3d_roads.149">
	<Style><LineStyle><color>ff0000ff</color></LineStyle><PolyStyle><fill>0</fill></PolyStyle></Style>
	<ExtendedData><SchemaData schemaUrl="#damage_d3d_roads">
		<SimpleData name="osm_id">565019763</SimpleData>
		<SimpleData name="type">secondary</SimpleData>
		<SimpleData name="depth_cls">0.1-0.5 m</SimpleData>
		<SimpleData name="max_depth">0.48</SimpleData>
		<SimpleData name="length_m">59.8</SimpleData>
	</SchemaData></ExtendedData>
      <LineString><coordinates>79.250910159901,14.2849155196122 79.2509365208073,14.285093928583 79.250984046305,14.2852673648768 79.2511183821514,14.2853756823434</coordinates></LineString>
  </Placemark>
  <Placemark id="damage_d3d_roads.150">
	<Style><LineStyle><color>ff0000ff</color></LineStyle><PolyStyle><fill>0</fill></PolyStyle></Style>
	<ExtendedData><SchemaData schemaUrl="#damage_d3d_roads">
		<SimpleData name="osm_id">610127040</SimpleData>
		<SimpleData name="type">tertiary</SimpleData>
		<SimpleData name="depth_cls">0.1-0.5 m</SimpleData>
		<SimpleData name="max_depth">0.13</SimpleData>
		<SimpleData name="length_m">39.6</SimpleData>
	</SchemaData></ExtendedData>
      <LineString><coordinates>79.2574262315778,14.2833736460313 79.2574150792488,14.2831953636992 79.257444176369,14.2830213103866</coordinates></LineString>
  </Placemark>
  <Placemark id="damage_d3d_roads.151">
	<Style><LineStyle><color>ff0000ff</color></LineStyle><PolyStyle><fill>0</fill></PolyStyle></Style>
	<ExtendedData><SchemaData schemaUrl="#damage_d3d_roads">
		<SimpleData name="osm_id">610127040</SimpleData>
		<SimpleData name="type">tertiary</SimpleData>
		<SimpleData name="depth_cls">0.5-1.5 m</SimpleData>
		<SimpleData name="max_depth">0.61</SimpleData>
		<SimpleData name="length_m">19.8</SimpleData>
	</SchemaData></ExtendedData>
      <LineString><coordinates>79.2574834259342,14.28284701217 79.257514658087,14.2826708415771</coordinates></LineString>
  </Placemark>
  <Placemark id="damage_d3d_roads.152">
	<Style><LineStyle><color>ff0000ff</color></LineStyle><PolyStyle><fill>0</fill></PolyStyle></Style>
	<ExtendedData><SchemaData schemaUrl="#damage_d3d_roads">
		<SimpleData name="osm_id">610127040</SimpleData>
		<SimpleData name="type">tertiary</SimpleData>
		<SimpleData name="depth_cls">&gt;1.5 m</SimpleData>
		<SimpleData name="max_depth">1.56</SimpleData>
		<SimpleData name="length_m">19.8</SimpleData>
	</SchemaData></ExtendedData>
      <LineString><coordinates>79.257514658087,14.2826708415771 79.257521502591,14.2824926902142</coordinates></LineString>
  </Placemark>
  <Placemark id="damage_d3d_roads.153">
	<Style><LineStyle><color>ff0000ff</color></LineStyle><PolyStyle><fill>0</fill></PolyStyle></Style>
	<ExtendedData><SchemaData schemaUrl="#damage_d3d_roads">
		<SimpleData name="osm_id">610127040</SimpleData>
		<SimpleData name="type">tertiary</SimpleData>
		<SimpleData name="depth_cls">0.5-1.5 m</SimpleData>
		<SimpleData name="max_depth">1.48</SimpleData>
		<SimpleData name="length_m">59.3</SimpleData>
	</SchemaData></ExtendedData>
      <LineString><coordinates>79.257521502591,14.2824926902142 79.2575205831442,14.2823139082619 79.2575196636819,14.2821351263073 79.2575136305507,14.281956454021</coordinates></LineString>
  </Placemark>
  <Placemark id="damage_d3d_roads.154">
	<Style><LineStyle><color>ff0000ff</color></LineStyle><PolyStyle><fill>0</fill></PolyStyle></Style>
	<ExtendedData><SchemaData schemaUrl="#damage_d3d_roads">
		<SimpleData name="osm_id">610127040</SimpleData>
		<SimpleData name="type">tertiary</SimpleData>
		<SimpleData name="depth_cls">0.1-0.5 m</SimpleData>
		<SimpleData name="max_depth">0.42</SimpleData>
		<SimpleData name="length_m">98.9</SimpleData>
	</SchemaData></ExtendedData>
      <LineString><coordinates>79.2615637557548,14.2800428774248 79.2615885675118,14.2798657741968 79.2615910492259,14.2796870076186 79.2615849699181,14.2795083213438 79.2615712014199,14.2793305265754 79.2615341528148,14.2791554309766</coordinates></LineString>
  </Placemark>
  <Placemark id="damage_d3d_roads.155">
	<Style><LineStyle><color>ff0000ff</color></LineStyle><PolyStyle><fill>0</fill></PolyStyle></Style>
	<ExtendedData><SchemaData schemaUrl="#damage_d3d_roads">
		<SimpleData name="osm_id">610127040</SimpleData>
		<SimpleData name="type">tertiary</SimpleData>
		<SimpleData name="depth_cls">0.1-0.5 m</SimpleData>
		<SimpleData name="max_depth">0.32</SimpleData>
		<SimpleData name="length_m">59.3</SimpleData>
	</SchemaData></ExtendedData>
      <LineString><coordinates>79.2614552833907,14.2788062697597 79.2614131166138,14.2786322788085 79.2613709498867,14.2784582878547 79.2613287832094,14.2782842968983</coordinates></LineString>
  </Placemark>
  <Placemark id="damage_d3d_roads.156">
	<Style><LineStyle><color>ff0000ff</color></LineStyle><PolyStyle><fill>0</fill></PolyStyle></Style>
	<ExtendedData><SchemaData schemaUrl="#damage_d3d_roads">
		<SimpleData name="osm_id">1450193019</SimpleData>
		<SimpleData name="type">residential</SimpleData>
		<SimpleData name="depth_cls">0.1-0.5 m</SimpleData>
		<SimpleData name="max_depth">0.15</SimpleData>
		<SimpleData name="length_m">19.5</SimpleData>
	</SchemaData></ExtendedData>
      <LineString><coordinates>79.2510796,14.2853706 79.2510959991017,14.28554617677</coordinates></LineString>
  </Placemark>
  <Placemark id="damage_d3d_roads.157">
	<Style><LineStyle><color>ff0000ff</color></LineStyle><PolyStyle><fill>0</fill></PolyStyle></Style>
	<ExtendedData><SchemaData schemaUrl="#damage_d3d_roads">
		<SimpleData name="osm_id">1450193018</SimpleData>
		<SimpleData name="type">residential</SimpleData>
		<SimpleData name="depth_cls">0.1-0.5 m</SimpleData>
		<SimpleData name="max_depth">0.42</SimpleData>
		<SimpleData name="length_m">118.8</SimpleData>
	</SchemaData></ExtendedData>
      <LineString><coordinates>79.2505459021728,14.2871204611133 79.2507125576051,14.2870455206459 79.2507311768041,14.2868828470734 79.2507226279839,14.2867040724867 79.2507826057113,14.2865560427413 79.2509273794884,14.2864460572136 79.2510721531289,14.2863360715809</coordinates></LineString>
  </Placemark>
  <Placemark id="damage_d3d_roads.158">
	<Style><LineStyle><color>ff0000ff</color></LineStyle><PolyStyle><fill>0</fill></PolyStyle></Style>
	<ExtendedData><SchemaData schemaUrl="#damage_d3d_roads">
		<SimpleData name="osm_id">1450193014</SimpleData>
		<SimpleData name="type">residential</SimpleData>
		<SimpleData name="depth_cls">0.5-1.5 m</SimpleData>
		<SimpleData name="max_depth">1.13</SimpleData>
		<SimpleData name="length_m">179.7</SimpleData>
	</SchemaData></ExtendedData>
      <LineString><coordinates>79.2406480156444,14.2899768967831 79.2406292275877,14.2897973834488 79.2406104395438,14.2896178701137 79.2405916515128,14.2894383567781 79.2406068944259,14.289273349015 79.2407067990705,14.2891500395545 79.2406500569799,14.2889782873702 79.2405933149613,14.28880653518 79.2405527053199,14.288631838004 79.2405419,14.2884517</coordinates></LineString>
  </Placemark>
  <Placemark id="damage_d3d_roads.159">
	<Style><LineStyle><color>ff0000ff</color></LineStyle><PolyStyle><fill>0</fill></PolyStyle></Style>
	<ExtendedData><SchemaData schemaUrl="#damage_d3d_roads">
		<SimpleData name="osm_id">762623795</SimpleData>
		<SimpleData name="type">secondary</SimpleData>
		<SimpleData name="depth_cls">0.5-1.5 m</SimpleData>
		<SimpleData name="max_depth">1.22</SimpleData>
		<SimpleData name="length_m">99.8</SimpleData>
	</SchemaData></ExtendedData>
      <LineString><coordinates>79.2372192623867,14.2936132057198 79.2371034711203,14.2934724271901 79.2369876799943,14.2933316486191 79.2368718890088,14.2931908700066 79.2367560981637,14.2930500913528 79.236640307459,14.2929093126575</coordinates></LineString>
  </Placemark>
  <Placemark id="damage_d3d_roads.160">
	<Style><LineStyle><color>ff0000ff</color></LineStyle><PolyStyle><fill>0</fill></PolyStyle></Style>
	<ExtendedData><SchemaData schemaUrl="#damage_d3d_roads">
		<SimpleData name="osm_id">762623795</SimpleData>
		<SimpleData name="type">secondary</SimpleData>
		<SimpleData name="depth_cls">&gt;1.5 m</SimpleData>
		<SimpleData name="max_depth">3.43</SimpleData>
		<SimpleData name="length_m">339.5</SimpleData>
	</SchemaData></ExtendedData>
      <LineString><coordinates>79.236640307459,14.2929093126575 79.2365245168946,14.2927685339207 79.2363705374279,14.2926705755807 79.2362115108798,14.2925782764751 79.2360524844699,14.2924859772773 79.2358929495207,14.2923946151231 79.2357252641262,14.292318268666 79.2355575788561,14.2922419221032 79.2353898937105,14.2921655754347 79.2352222086892,14.2920892286605 79.2350515429426,14.2920214390564 79.2348708671698,14.2919823858948 79.2346901914752,14.291943332603 79.2345107212543,14.2919000145346 79.2343350426297,14.2918432821392 79.2341593641073,14.2917865496239 79.2339878163607,14.2917191879911 79.2338177066717,14.2916481261561</coordinates></LineString>
  </Placemark>
  <Placemark id="damage_d3d_roads.161">
	<Style><LineStyle><color>ff0000ff</color></LineStyle><PolyStyle><fill>0</fill></PolyStyle></Style>
	<ExtendedData><SchemaData schemaUrl="#damage_d3d_roads">
		<SimpleData name="osm_id">762623795</SimpleData>
		<SimpleData name="type">secondary</SimpleData>
		<SimpleData name="depth_cls">&gt;1.5 m</SimpleData>
		<SimpleData name="max_depth">4.92</SimpleData>
		<SimpleData name="length_m">579.1</SimpleData>
	</SchemaData></ExtendedData>
      <LineString><coordinates>79.2332905247511,14.2914893928621 79.2331085056673,14.2914568104446 79.2329294598474,14.2914122524381 79.2327523158146,14.2913600346417 79.2325751718782,14.2913078167226 79.2323980280381,14.2912555986807 79.2322208842943,14.291203380516 79.2320437406469,14.2911511622286 79.2318665970957,14.2910989438184 79.2316938524509,14.2910348227387 79.2315232766977,14.290964833147 79.2313527010623,14.2908948434448 79.2311821255446,14.2908248536319 79.2310115501447,14.2907548637085 79.2308409748626,14.2906848736745 79.2306665192043,14.2906248769393 79.2304911890123,14.2905671325359 79.2303158589236,14.2905093880133 79.2301405289385,14.2904516433715 79.2299651990567,14.2903938986104 79.2297893402124,14.290337883978 79.2296102136289,14.290292556286 79.2294310871324,14.2902472284673 79.229251960723,14.2902019005218 79.2290728344007,14.2901565724494 79.2288937081655,14.2901112442503 79.2287145820173,14.2900659159243 79.2285424019493,14.2900074573955 79.2284007025098,14.2898913811898 79.2282590032188,14.2897753049153</coordinates></LineString>
  </Placemark>
  <Placemark id="damage_d3d_roads.162">
	<Style><LineStyle><color>ff0000ff</color></LineStyle><PolyStyle><fill>0</fill></PolyStyle></Style>
	<ExtendedData><SchemaData schemaUrl="#damage_d3d_roads">
		<SimpleData name="osm_id">762623795</SimpleData>
		<SimpleData name="type">secondary</SimpleData>
		<SimpleData name="depth_cls">0.5-1.5 m</SimpleData>
		<SimpleData name="max_depth">0.97</SimpleData>
		<SimpleData name="length_m">20</SimpleData>
	</SchemaData></ExtendedData>
      <LineString><coordinates>79.2282590032188,14.2897753049153 79.2281192289424,14.2896570479328</coordinates></LineString>
  </Placemark>
  <Placemark id="damage_d3d_roads.163">
	<Style><LineStyle><color>ff0000ff</color></LineStyle><PolyStyle><fill>0</fill></PolyStyle></Style>
	<ExtendedData><SchemaData schemaUrl="#damage_d3d_roads">
		<SimpleData name="osm_id">762623795</SimpleData>
		<SimpleData name="type">secondary</SimpleData>
		<SimpleData name="depth_cls">0.5-1.5 m</SimpleData>
		<SimpleData name="max_depth">1.39</SimpleData>
		<SimpleData name="length_m">39.9</SimpleData>
	</SchemaData></ExtendedData>
      <LineString><coordinates>79.2270048897721,14.2887068243491 79.2268584257476,14.2885965170515 79.2267119618704,14.2884862096793</coordinates></LineString>
  </Placemark>
  <Placemark id="damage_d3d_roads.164">
	<Style><LineStyle><color>ff0000ff</color></LineStyle><PolyStyle><fill>0</fill></PolyStyle></Style>
	<ExtendedData><SchemaData schemaUrl="#damage_d3d_roads">
		<SimpleData name="osm_id">762623795</SimpleData>
		<SimpleData name="type">secondary</SimpleData>
		<SimpleData name="depth_cls">&gt;1.5 m</SimpleData>
		<SimpleData name="max_depth">1.58</SimpleData>
		<SimpleData name="length_m">20</SimpleData>
	</SchemaData></ExtendedData>
      <LineString><coordinates>79.2267119618704,14.2884862096793 79.2265654981405,14.2883759022324</coordinates></LineString>
  </Placemark>
  <Placemark id="damage_d3d_roads.165">
	<Style><LineStyle><color>ff0000ff</color></LineStyle><PolyStyle><fill>0</fill></PolyStyle></Style>
	<ExtendedData><SchemaData schemaUrl="#damage_d3d_roads">
		<SimpleData name="osm_id">762623795</SimpleData>
		<SimpleData name="type">secondary</SimpleData>
		<SimpleData name="depth_cls">0.5-1.5 m</SimpleData>
		<SimpleData name="max_depth">1.42</SimpleData>
		<SimpleData name="length_m">139.8</SimpleData>
	</SchemaData></ExtendedData>
      <LineString><coordinates>79.2265654981405,14.2883759022324 79.2264190345578,14.2882655947109 79.2262725711224,14.2881552871147 79.2261261078343,14.2880449794438 79.2259796446935,14.2879346716983 79.2258330196344,14.2878245704742 79.2256855255829,14.2877155771271 79.2255380316783,14.2876065837039</coordinates></LineString>
  </Placemark>
  <Placemark id="damage_d3d_roads.166">
	<Style><LineStyle><color>ff0000ff</color></LineStyle><PolyStyle><fill>0</fill></PolyStyle></Style>
	<ExtendedData><SchemaData schemaUrl="#damage_d3d_roads">
		<SimpleData name="osm_id">762623795</SimpleData>
		<SimpleData name="type">secondary</SimpleData>
		<SimpleData name="depth_cls">&gt;1.5 m</SimpleData>
		<SimpleData name="max_depth">1.57</SimpleData>
		<SimpleData name="length_m">20</SimpleData>
	</SchemaData></ExtendedData>
      <LineString><coordinates>79.2255380316783,14.2876065837039 79.2253905379206,14.2874975902048</coordinates></LineString>
  </Placemark>
  <Placemark id="damage_d3d_roads.167">
	<Style><LineStyle><color>ff0000ff</color></LineStyle><PolyStyle><fill>0</fill></PolyStyle></Style>
	<ExtendedData><SchemaData schemaUrl="#damage_d3d_roads">
		<SimpleData name="osm_id">762623795</SimpleData>
		<SimpleData name="type">secondary</SimpleData>
		<SimpleData name="depth_cls">0.5-1.5 m</SimpleData>
		<SimpleData name="max_depth">0.8</SimpleData>
		<SimpleData name="length_m">39.9</SimpleData>
	</SchemaData></ExtendedData>
      <LineString><coordinates>79.2252430443097,14.2873885966297 79.2250955508457,14.2872796029786 79.2249480575286,14.2871706092516</coordinates></LineString>
  </Placemark>
  <Placemark id="damage_d3d_roads.168">
	<Style><LineStyle><color>ff0000ff</color></LineStyle><PolyStyle><fill>0</fill></PolyStyle></Style>
	<ExtendedData><SchemaData schemaUrl="#damage_d3d_roads">
		<SimpleData name="osm_id">762623795</SimpleData>
		<SimpleData name="type">secondary</SimpleData>
		<SimpleData name="depth_cls">0.1-0.5 m</SimpleData>
		<SimpleData name="max_depth">0.28</SimpleData>
		<SimpleData name="length_m">39.9</SimpleData>
	</SchemaData></ExtendedData>
      <LineString><coordinates>79.2247817089997,14.2870960611028 79.2245977295965,14.2870898000813 79.2244126738083,14.2870898000359</coordinates></LineString>
  </Placemark>
  <Placemark id="damage_d3d_roads.169">
	<Style><LineStyle><color>ff0000ff</color></LineStyle><PolyStyle><fill>0</fill></PolyStyle></Style>
	<ExtendedData><SchemaData schemaUrl="#damage_d3d_roads">
		<SimpleData name="osm_id">762623795</SimpleData>
		<SimpleData name="type">secondary</SimpleData>
		<SimpleData name="depth_cls">&gt;1.5 m</SimpleData>
		<SimpleData name="max_depth">4.38</SimpleData>
		<SimpleData name="length_m">179.7</SimpleData>
	</SchemaData></ExtendedData>
      <LineString><coordinates>79.224100238663,14.286910668479 79.2239483984553,14.2868075079907 79.2238020873458,14.2866977569774 79.2236683242454,14.2865730490029 79.2235345612932,14.286448340969 79.2234007984894,14.2863236328756 79.2232670358337,14.2861989247229 79.2231332733264,14.2860742165108 79.222993683243,14.2859558587689 79.2228518,14.28584</coordinates></LineString>
  </Placemark>
  <Placemark id="damage_d3d_roads.170">
	<Style><LineStyle><color>ff0000ff</color></LineStyle><PolyStyle><fill>0</fill></PolyStyle></Style>
	<ExtendedData><SchemaData schemaUrl="#damage_d3d_roads">
		<SimpleData name="osm_id">1257539715</SimpleData>
		<SimpleData name="type">residential</SimpleData>
		<SimpleData name="depth_cls">0.1-0.5 m</SimpleData>
		<SimpleData name="max_depth">0.47</SimpleData>
		<SimpleData name="length_m">19.6</SimpleData>
	</SchemaData></ExtendedData>
      <LineString><coordinates>79.2501380472751,14.3086833138778 79.2501645883164,14.3088589541628</coordinates></LineString>
  </Placemark>
  <Placemark id="damage_d3d_roads.171">
	<Style><LineStyle><color>ff0000ff</color></LineStyle><PolyStyle><fill>0</fill></PolyStyle></Style>
	<ExtendedData><SchemaData schemaUrl="#damage_d3d_roads">
		<SimpleData name="osm_id">1257539715</SimpleData>
		<SimpleData name="type">residential</SimpleData>
		<SimpleData name="depth_cls">0.5-1.5 m</SimpleData>
		<SimpleData name="max_depth">1.32</SimpleData>
		<SimpleData name="length_m">157.2</SimpleData>
	</SchemaData></ExtendedData>
      <LineString><coordinates>79.2501645883164,14.3088589541628 79.250191087359,14.3090345961598 79.2501796690107,14.309211783452 79.2501682506279,14.3093889707391 79.2501568322106,14.3095661580211 79.2501481431956,14.3097430368377 79.2502008205023,14.3099129804935 79.2502534978744,14.3100829241444 79.2503061753118,14.3102528677904</coordinates></LineString>
  </Placemark>
  <Placemark id="damage_d3d_roads.172">
	<Style><LineStyle><color>ff0000ff</color></LineStyle><PolyStyle><fill>0</fill></PolyStyle></Style>
	<ExtendedData><SchemaData schemaUrl="#damage_d3d_roads">
		<SimpleData name="osm_id">1257539716</SimpleData>
		<SimpleData name="type">residential</SimpleData>
		<SimpleData name="depth_cls">0.5-1.5 m</SimpleData>
		<SimpleData name="max_depth">1.28</SimpleData>
		<SimpleData name="length_m">19.1</SimpleData>
	</SchemaData></ExtendedData>
      <LineString><coordinates>79.248558841073,14.3117452148191 79.2486057679205,14.3119119487031</coordinates></LineString>
  </Placemark>
  <Placemark id="damage_d3d_roads.173">
	<Style><LineStyle><color>ff0000ff</color></LineStyle><PolyStyle><fill>0</fill></PolyStyle></Style>
	<ExtendedData><SchemaData schemaUrl="#damage_d3d_roads">
		<SimpleData name="osm_id">1257539716</SimpleData>
		<SimpleData name="type">residential</SimpleData>
		<SimpleData name="depth_cls">&gt;1.5 m</SimpleData>
		<SimpleData name="max_depth">1.66</SimpleData>
		<SimpleData name="length_m">38.3</SimpleData>
	</SchemaData></ExtendedData>
      <LineString><coordinates>79.2486057679205,14.3119119487031 79.248631359376,14.3120827937075 79.248653,14.3122544</coordinates></LineString>
  </Placemark>
  <Placemark id="damage_d3d_roads.174">
	<Style><LineStyle><color>ff0000ff</color></LineStyle><PolyStyle><fill>0</fill></PolyStyle></Style>
	<ExtendedData><SchemaData schemaUrl="#damage_d3d_roads">
		<SimpleData name="osm_id">1450193008</SimpleData>
		<SimpleData name="type">track</SimpleData>
		<SimpleData name="depth_cls">0.5-1.5 m</SimpleData>
		<SimpleData name="max_depth">1.29</SimpleData>
		<SimpleData name="length_m">100</SimpleData>
	</SchemaData></ExtendedData>
      <LineString><coordinates>79.272905840874,14.3192319064741 79.2729522589541,14.3194037352955 79.2730248065588,14.3195700242696 79.2730973542586,14.3197363132314 79.27323678498,14.3198356566482 79.2733791975741,14.3199270543816</coordinates></LineString>
  </Placemark>
  <Placemark id="damage_d3d_roads.175">
	<Style><LineStyle><color>ff0000ff</color></LineStyle><PolyStyle><fill>0</fill></PolyStyle></Style>
	<ExtendedData><SchemaData schemaUrl="#damage_d3d_roads">
		<SimpleData name="osm_id">1450193008</SimpleData>
		<SimpleData name="type">track</SimpleData>
		<SimpleData name="depth_cls">0.5-1.5 m</SimpleData>
		<SimpleData name="max_depth">0.73</SimpleData>
		<SimpleData name="length_m">60</SimpleData>
	</SchemaData></ExtendedData>
      <LineString><coordinates>79.2734608281402,14.3202796001643 79.2734960000036,14.3204564865119 79.2734960000196,14.3206371961136 79.2734960000186,14.3208179057128</coordinates></LineString>
  </Placemark>
  <Placemark id="damage_d3d_roads.176">
	<Style><LineStyle><color>ff0000ff</color></LineStyle><PolyStyle><fill>0</fill></PolyStyle></Style>
	<ExtendedData><SchemaData schemaUrl="#damage_d3d_roads">
		<SimpleData name="osm_id">1450465853</SimpleData>
		<SimpleData name="type">track</SimpleData>
		<SimpleData name="depth_cls">&gt;1.5 m</SimpleData>
		<SimpleData name="max_depth">4.9</SimpleData>
		<SimpleData name="length_m">38.5</SimpleData>
	</SchemaData></ExtendedData>
      <LineString><coordinates>79.2741696,14.3225605 79.2743425499599,14.3226037500594 79.2745155,14.322647</coordinates></LineString>
  </Placemark>
  <Placemark id="damage_d3d_roads.177">
	<Style><LineStyle><color>ff0000ff</color></LineStyle><PolyStyle><fill>0</fill></PolyStyle></Style>
	<ExtendedData><SchemaData schemaUrl="#damage_d3d_roads">
		<SimpleData name="osm_id">1450465852</SimpleData>
		<SimpleData name="type">track</SimpleData>
		<SimpleData name="depth_cls">&gt;1.5 m</SimpleData>
		<SimpleData name="max_depth">4.9</SimpleData>
		<SimpleData name="length_m">25.6</SimpleData>
	</SchemaData></ExtendedData>
      <LineString><coordinates>79.2745155,14.322647 79.2746285129339,14.3226785363025 79.2747026,14.3227688</coordinates></LineString>
  </Placemark>
  <Placemark id="damage_d3d_roads.178">
	<Style><LineStyle><color>ff0000ff</color></LineStyle><PolyStyle><fill>0</fill></PolyStyle></Style>
	<ExtendedData><SchemaData schemaUrl="#damage_d3d_roads">
		<SimpleData name="osm_id">762623780</SimpleData>
		<SimpleData name="type">secondary</SimpleData>
		<SimpleData name="depth_cls">0.5-1.5 m</SimpleData>
		<SimpleData name="max_depth">0.7</SimpleData>
		<SimpleData name="length_m">20</SimpleData>
	</SchemaData></ExtendedData>
      <LineString><coordinates>79.2619914109664,14.3085068338047 79.2621656831969,14.3085671482185</coordinates></LineString>
  </Placemark>
  <Placemark id="damage_d3d_roads.179">
	<Style><LineStyle><color>ff0000ff</color></LineStyle><PolyStyle><fill>0</fill></PolyStyle></Style>
	<ExtendedData><SchemaData schemaUrl="#damage_d3d_roads">
		<SimpleData name="osm_id">762623780</SimpleData>
		<SimpleData name="type">secondary</SimpleData>
		<SimpleData name="depth_cls">0.1-0.5 m</SimpleData>
		<SimpleData name="max_depth">0.16</SimpleData>
		<SimpleData name="length_m">20</SimpleData>
	</SchemaData></ExtendedData>
      <LineString><coordinates>79.2621656831969,14.3085671482185 79.2623399555337,14.3086274625148</coordinates></LineString>
  </Placemark>
  <Placemark id="damage_d3d_roads.180">
	<Style><LineStyle><color>ff0000ff</color></LineStyle><PolyStyle><fill>0</fill></PolyStyle></Style>
	<ExtendedData><SchemaData schemaUrl="#damage_d3d_roads">
		<SimpleData name="osm_id">762623780</SimpleData>
		<SimpleData name="type">secondary</SimpleData>
		<SimpleData name="depth_cls">0.5-1.5 m</SimpleData>
		<SimpleData name="max_depth">1.39</SimpleData>
		<SimpleData name="length_m">39.9</SimpleData>
	</SchemaData></ExtendedData>
      <LineString><coordinates>79.2630277358694,14.309137905738 79.2630942532531,14.309306157408 79.2631352286231,14.3094801413833</coordinates></LineString>
  </Placemark>
  <Placemark id="damage_d3d_roads.181">
	<Style><LineStyle><color>ff0000ff</color></LineStyle><PolyStyle><fill>0</fill></PolyStyle></Style>
	<ExtendedData><SchemaData schemaUrl="#damage_d3d_roads">
		<SimpleData name="osm_id">762623780</SimpleData>
		<SimpleData name="type">secondary</SimpleData>
		<SimpleData name="depth_cls">0.1-0.5 m</SimpleData>
		<SimpleData name="max_depth">0.14</SimpleData>
		<SimpleData name="length_m">20</SimpleData>
	</SchemaData></ExtendedData>
      <LineString><coordinates>79.2631352286231,14.3094801413833 79.2631508333365,14.3096598192002</coordinates></LineString>
  </Placemark>
  <Placemark id="damage_d3d_roads.182">
	<Style><LineStyle><color>ff0000ff</color></LineStyle><PolyStyle><fill>0</fill></PolyStyle></Style>
	<ExtendedData><SchemaData schemaUrl="#damage_d3d_roads">
		<SimpleData name="osm_id">762623780</SimpleData>
		<SimpleData name="type">secondary</SimpleData>
		<SimpleData name="depth_cls">0.5-1.5 m</SimpleData>
		<SimpleData name="max_depth">0.95</SimpleData>
		<SimpleData name="length_m">20</SimpleData>
	</SchemaData></ExtendedData>
      <LineString><coordinates>79.2610753479088,14.3148054373703 79.2609838327824,14.3149621303993</coordinates></LineString>
  </Placemark>
  <Placemark id="damage_d3d_roads.183">
	<Style><LineStyle><color>ff0000ff</color></LineStyle><PolyStyle><fill>0</fill></PolyStyle></Style>
	<ExtendedData><SchemaData schemaUrl="#damage_d3d_roads">
		<SimpleData name="osm_id">762623780</SimpleData>
		<SimpleData name="type">secondary</SimpleData>
		<SimpleData name="depth_cls">0.5-1.5 m</SimpleData>
		<SimpleData name="max_depth">0.52</SimpleData>
		<SimpleData name="length_m">39.9</SimpleData>
	</SchemaData></ExtendedData>
      <LineString><coordinates>79.2569536115406,14.3207697593653 79.2569598610228,14.3209493046004 79.2569428190018,14.3211288575697</coordinates></LineString>
  </Placemark>
  <Placemark id="damage_d3d_roads.184">
	<Style><LineStyle><color>ff0000ff</color></LineStyle><PolyStyle><fill>0</fill></PolyStyle></Style>
	<ExtendedData><SchemaData schemaUrl="#damage_d3d_roads">
		<SimpleData name="osm_id">762623780</SimpleData>
		<SimpleData name="type">secondary</SimpleData>
		<SimpleData name="depth_cls">0.1-0.5 m</SimpleData>
		<SimpleData name="max_depth">0.16</SimpleData>
		<SimpleData name="length_m">39.9</SimpleData>
	</SchemaData></ExtendedData>
      <LineString><coordinates>79.2569257769368,14.3213084105321 79.2569087348278,14.3214879634876 79.2568916926749,14.3216675164362</coordinates></LineString>
  </Placemark>
  <Placemark id="damage_d3d_roads.185">
	<Style><LineStyle><color>ff0000ff</color></LineStyle><PolyStyle><fill>0</fill></PolyStyle></Style>
	<ExtendedData><SchemaData schemaUrl="#damage_d3d_roads">
		<SimpleData name="osm_id">762623780</SimpleData>
		<SimpleData name="type">secondary</SimpleData>
		<SimpleData name="depth_cls">0.1-0.5 m</SimpleData>
		<SimpleData name="max_depth">0.21</SimpleData>
		<SimpleData name="length_m">39.9</SimpleData>
	</SchemaData></ExtendedData>
      <LineString><coordinates>79.2544795570132,14.323400331635 79.2543409011843,14.3235172248327 79.2542139373231,14.3236483354408</coordinates></LineString>
  </Placemark>
  <Placemark id="damage_d3d_roads.186">
	<Style><LineStyle><color>ff0000ff</color></LineStyle><PolyStyle><fill>0</fill></PolyStyle></Style>
	<ExtendedData><SchemaData schemaUrl="#damage_d3d_roads">
		<SimpleData name="osm_id">762623780</SimpleData>
		<SimpleData name="type">secondary</SimpleData>
		<SimpleData name="depth_cls">0.5-1.5 m</SimpleData>
		<SimpleData name="max_depth">1.29</SimpleData>
		<SimpleData name="length_m">39.9</SimpleData>
	</SchemaData></ExtendedData>
      <LineString><coordinates>79.2542139373231,14.3236483354408 79.2540869733134,14.3237794459629 79.2539600091551,14.323910556399</coordinates></LineString>
  </Placemark>
  <Placemark id="damage_d3d_roads.187">
	<Style><LineStyle><color>ff0000ff</color></LineStyle><PolyStyle><fill>0</fill></PolyStyle></Style>
	<ExtendedData><SchemaData schemaUrl="#damage_d3d_roads">
		<SimpleData name="osm_id">762623780</SimpleData>
		<SimpleData name="type">secondary</SimpleData>
		<SimpleData name="depth_cls">0.1-0.5 m</SimpleData>
		<SimpleData name="max_depth">0.2</SimpleData>
		<SimpleData name="length_m">20</SimpleData>
	</SchemaData></ExtendedData>
      <LineString><coordinates>79.2538333893398,14.3240418042937 79.2538295783771,14.324222085921</coordinates></LineString>
  </Placemark>
  <Placemark id="damage_d3d_roads.188">
	<Style><LineStyle><color>ff0000ff</color></LineStyle><PolyStyle><fill>0</fill></PolyStyle></Style>
	<ExtendedData><SchemaData schemaUrl="#damage_d3d_roads">
		<SimpleData name="osm_id">1257539720</SimpleData>
		<SimpleData name="type">residential</SimpleData>
		<SimpleData name="depth_cls">0.5-1.5 m</SimpleData>
		<SimpleData name="max_depth">0.52</SimpleData>
		<SimpleData name="length_m">19.1</SimpleData>
	</SchemaData></ExtendedData>
      <LineString><coordinates>79.2543619654544,14.3226905826265 79.254185324094,14.3227019121701</coordinates></LineString>
  </Placemark>
  <Placemark id="damage_d3d_roads.189">
	<Style><LineStyle><color>ff0000ff</color></LineStyle><PolyStyle><fill>0</fill></PolyStyle></Style>
	<ExtendedData><SchemaData schemaUrl="#damage_d3d_roads">
		<SimpleData name="osm_id">1450193003</SimpleData>
		<SimpleData name="type">residential</SimpleData>
		<SimpleData name="depth_cls">&gt;1.5 m</SimpleData>
		<SimpleData name="max_depth">2.44</SimpleData>
		<SimpleData name="length_m">97</SimpleData>
	</SchemaData></ExtendedData>
      <LineString><coordinates>79.270211390298,14.3277951118253 79.2700371198218,14.3277517240549 79.2699373193154,14.3276076311766 79.2698400460898,14.3274601208117 79.2697427729846,14.3273126104195 79.2696455,14.3271651</coordinates></LineString>
  </Placemark>
  <Placemark id="damage_d3d_roads.190">
	<Style><LineStyle><color>ff0000ff</color></LineStyle><PolyStyle><fill>0</fill></PolyStyle></Style>
	<ExtendedData><SchemaData schemaUrl="#damage_d3d_roads">
		<SimpleData name="osm_id">1257539722</SimpleData>
		<SimpleData name="type">residential</SimpleData>
		<SimpleData name="depth_cls">0.1-0.5 m</SimpleData>
		<SimpleData name="max_depth">0.2</SimpleData>
		<SimpleData name="length_m">19.9</SimpleData>
	</SchemaData></ExtendedData>
      <LineString><coordinates>79.2538334,14.3240413 79.2537199660455,14.3241835814536</coordinates></LineString>
  </Placemark>
  <Placemark id="damage_d3d_roads.191">
	<Style><LineStyle><color>ff0000ff</color></LineStyle><PolyStyle><fill>0</fill></PolyStyle></Style>
	<ExtendedData><SchemaData schemaUrl="#damage_d3d_roads">
		<SimpleData name="osm_id">1257539722</SimpleData>
		<SimpleData name="type">residential</SimpleData>
		<SimpleData name="depth_cls">0.1-0.5 m</SimpleData>
		<SimpleData name="max_depth">0.49</SimpleData>
		<SimpleData name="length_m">19.9</SimpleData>
	</SchemaData></ExtendedData>
      <LineString><coordinates>79.2536065319436,14.3243258628352 79.2534930976944,14.3244681441447</coordinates></LineString>
  </Placemark>
  <Placemark id="damage_d3d_roads.192">
	<Style><LineStyle><color>ff0000ff</color></LineStyle><PolyStyle><fill>0</fill></PolyStyle></Style>
	<ExtendedData><SchemaData schemaUrl="#damage_d3d_roads">
		<SimpleData name="osm_id">1257539722</SimpleData>
		<SimpleData name="type">residential</SimpleData>
		<SimpleData name="depth_cls">&gt;1.5 m</SimpleData>
		<SimpleData name="max_depth">1.53</SimpleData>
		<SimpleData name="length_m">39.9</SimpleData>
	</SchemaData></ExtendedData>
      <LineString><coordinates>79.2534930976944,14.3244681441447 79.2533796632979,14.3246104253822 79.2532662287541,14.3247527065475</coordinates></LineString>
  </Placemark>
  <Placemark id="damage_d3d_roads.193">
	<Style><LineStyle><color>ff0000ff</color></LineStyle><PolyStyle><fill>0</fill></PolyStyle></Style>
	<ExtendedData><SchemaData schemaUrl="#damage_d3d_roads">
		<SimpleData name="osm_id">1257539722</SimpleData>
		<SimpleData name="type">residential</SimpleData>
		<SimpleData name="depth_cls">0.5-1.5 m</SimpleData>
		<SimpleData name="max_depth">1.4</SimpleData>
		<SimpleData name="length_m">39.9</SimpleData>
	</SchemaData></ExtendedData>
      <LineString><coordinates>79.2532662287541,14.3247527065475 79.253152794063,14.3248949876408 79.2530393592245,14.325037268662</coordinates></LineString>
  </Placemark>
  <Placemark id="damage_d3d_roads.194">
	<Style><LineStyle><color>ff0000ff</color></LineStyle><PolyStyle><fill>0</fill></PolyStyle></Style>
	<ExtendedData><SchemaData schemaUrl="#damage_d3d_roads">
		<SimpleData name="osm_id">1257539722</SimpleData>
		<SimpleData name="type">residential</SimpleData>
		<SimpleData name="depth_cls">0.1-0.5 m</SimpleData>
		<SimpleData name="max_depth">0.12</SimpleData>
		<SimpleData name="length_m">39.9</SimpleData>
	</SchemaData></ExtendedData>
      <LineString><coordinates>79.2530393592245,14.325037268662 79.2529259242387,14.3251795496111 79.2528124891056,14.3253218304882</coordinates></LineString>
  </Placemark>
  <Placemark id="damage_d3d_roads.195">
	<Style><LineStyle><color>ff0000ff</color></LineStyle><PolyStyle><fill>0</fill></PolyStyle></Style>
	<ExtendedData><SchemaData schemaUrl="#damage_d3d_roads">
		<SimpleData name="osm_id">1257539722</SimpleData>
		<SimpleData name="type">residential</SimpleData>
		<SimpleData name="depth_cls">&gt;1.5 m</SimpleData>
		<SimpleData name="max_depth">3.77</SimpleData>
		<SimpleData name="length_m">598.2</SimpleData>
	</SchemaData></ExtendedData>
      <LineString><coordinates>79.2528124891056,14.3253218304882 79.2526990538252,14.3254641112931 79.2525856183974,14.325606392026 79.2524537690516,14.3257314795833 79.2523128917333,14.325848137679 79.252172014272,14.3259647956735 79.2520311366679,14.3260814535667 79.2518902589208,14.3261981113586 79.2517570770102,14.3263224385595 79.251634384354,14.3264572189977 79.2515116915492,14.3265919993543 79.2513889985957,14.3267267796294 79.2512663054935,14.3268615598229 79.2511436122427,14.3269963399349 79.2510209188432,14.3271311199654 79.250898225295,14.3272658999143 79.2507755315981,14.3274006797816 79.2506528377526,14.3275354595674 79.2505301437584,14.3276702392716 79.2504074496155,14.3278050188942 79.250284755324,14.3279397984353 79.2501620608837,14.3280745778948 79.2500393662948,14.3282093572728 79.2499169202402,14.3283443373673 79.2498039784876,14.3284869917149 79.2496910365878,14.3286296459909 79.2495780945408,14.3287723001953 79.2494651523465,14.3289149543281 79.249352210005,14.3290576083892 79.2492392675162,14.3292002623787 79.2491263248802,14.3293429162965</coordinates></LineString>
  </Placemark>
  <Placemark id="damage_d3d_roads.196">
	<Style><LineStyle><color>ff0000ff</color></LineStyle><PolyStyle><fill>0</fill></PolyStyle></Style>
	<ExtendedData><SchemaData schemaUrl="#damage_d3d_roads">
		<SimpleData name="osm_id">1450427670</SimpleData>
		<SimpleData name="type">residential</SimpleData>
		<SimpleData name="depth_cls">0.5-1.5 m</SimpleData>
		<SimpleData name="max_depth">1.22</SimpleData>
		<SimpleData name="length_m">96.1</SimpleData>
	</SchemaData></ExtendedData>
      <LineString><coordinates>79.2727507976991,14.3302730687479 79.2725997636204,14.3303653182947 79.2724487294251,14.3304575677309 79.272329952065,14.3305764091218 79.2722617663297,14.3307369573957 79.2722129920023,14.3309040453541</coordinates></LineString>
  </Placemark>
  <Placemark id="damage_d3d_roads.197">
	<Style><LineStyle><color>ff0000ff</color></LineStyle><PolyStyle><fill>0</fill></PolyStyle></Style>
	<ExtendedData><SchemaData schemaUrl="#damage_d3d_roads">
		<SimpleData name="osm_id">1450193005</SimpleData>
		<SimpleData name="type">track</SimpleData>
		<SimpleData name="depth_cls">0.5-1.5 m</SimpleData>
		<SimpleData name="max_depth">0.97</SimpleData>
		<SimpleData name="length_m">19.8</SimpleData>
	</SchemaData></ExtendedData>
      <LineString><coordinates>79.2747368961216,14.3229444508243 79.2747026,14.3227688</coordinates></LineString>
  </Placemark>
  <Placemark id="damage_d3d_roads.198">
	<Style><LineStyle><color>ff0000ff</color></LineStyle><PolyStyle><fill>0</fill></PolyStyle></Style>
	<ExtendedData><SchemaData schemaUrl="#damage_d3d_roads">
		<SimpleData name="osm_id">1219736145</SimpleData>
		<SimpleData name="type">residential</SimpleData>
		<SimpleData name="depth_cls">0.5-1.5 m</SimpleData>
		<SimpleData name="max_depth">0.53</SimpleData>
		<SimpleData name="length_m">38.8</SimpleData>
	</SchemaData></ExtendedData>
      <LineString><coordinates>79.249189986223,14.3605533411976 79.2490304725707,14.3604719823003 79.248870959043,14.360390623308</coordinates></LineString>
  </Placemark>
  <Placemark id="damage_d3d_roads.199">
	<Style><LineStyle><color>ff0000ff</color></LineStyle><PolyStyle><fill>0</fill></PolyStyle></Style>
	<ExtendedData><SchemaData schemaUrl="#damage_d3d_roads">
		<SimpleData name="osm_id">1219736145</SimpleData>
		<SimpleData name="type">residential</SimpleData>
		<SimpleData name="depth_cls">0.1-0.5 m</SimpleData>
		<SimpleData name="max_depth">0.41</SimpleData>
		<SimpleData name="length_m">19.4</SimpleData>
	</SchemaData></ExtendedData>
      <LineString><coordinates>79.248870959043,14.360390623308 79.2487585824417,14.3602540415054</coordinates></LineString>
  </Placemark>
  <Placemark id="damage_d3d_roads.200">
	<Style><LineStyle><color>ff0000ff</color></LineStyle><PolyStyle><fill>0</fill></PolyStyle></Style>
	<ExtendedData><SchemaData schemaUrl="#damage_d3d_roads">
		<SimpleData name="osm_id">1219736145</SimpleData>
		<SimpleData name="type">residential</SimpleData>
		<SimpleData name="depth_cls">0.5-1.5 m</SimpleData>
		<SimpleData name="max_depth">1.27</SimpleData>
		<SimpleData name="length_m">38.8</SimpleData>
	</SchemaData></ExtendedData>
      <LineString><coordinates>79.2487585824417,14.3602540415054 79.2486475302749,14.3601159081889 79.2485959161113,14.3599483441435</coordinates></LineString>
  </Placemark>
  <Placemark id="damage_d3d_roads.201">
	<Style><LineStyle><color>ff0000ff</color></LineStyle><PolyStyle><fill>0</fill></PolyStyle></Style>
	<ExtendedData><SchemaData schemaUrl="#damage_d3d_roads">
		<SimpleData name="osm_id">1219736145</SimpleData>
		<SimpleData name="type">residential</SimpleData>
		<SimpleData name="depth_cls">0.5-1.5 m</SimpleData>
		<SimpleData name="max_depth">1.14</SimpleData>
		<SimpleData name="length_m">39.9</SimpleData>
	</SchemaData></ExtendedData>
      <LineString><coordinates>79.2489704158473,14.359157452905 79.24897938309,14.3590227740772 79.24891240656,14.3588547717317</coordinates></LineString>
  </Placemark>
  <Placemark id="damage_d3d_roads.202">
	<Style><LineStyle><color>ff0000ff</color></LineStyle><PolyStyle><fill>0</fill></PolyStyle></Style>
	<ExtendedData><SchemaData schemaUrl="#damage_d3d_roads">
		<SimpleData name="osm_id">1219736145</SimpleData>
		<SimpleData name="type">residential</SimpleData>
		<SimpleData name="depth_cls">&gt;1.5 m</SimpleData>
		<SimpleData name="max_depth">3.49</SimpleData>
		<SimpleData name="length_m">59.8</SimpleData>
	</SchemaData></ExtendedData>
      <LineString><coordinates>79.24891240656,14.3588547717317 79.2488257883134,14.3586982568443 79.2487052693064,14.3585615687846 79.2485636083629,14.3585147263777</coordinates></LineString>
  </Placemark>
  <Placemark id="damage_d3d_roads.203">
	<Style><LineStyle><color>ff0000ff</color></LineStyle><PolyStyle><fill>0</fill></PolyStyle></Style>
	<ExtendedData><SchemaData schemaUrl="#damage_d3d_roads">
		<SimpleData name="osm_id">1219736145</SimpleData>
		<SimpleData name="type">residential</SimpleData>
		<SimpleData name="depth_cls">0.5-1.5 m</SimpleData>
		<SimpleData name="max_depth">1.39</SimpleData>
		<SimpleData name="length_m">19.9</SimpleData>
	</SchemaData></ExtendedData>
      <LineString><coordinates>79.2485636083629,14.3585147263777 79.2483834201254,14.3585549477915</coordinates></LineString>
  </Placemark>
  <Placemark id="damage_d3d_roads.204">
	<Style><LineStyle><color>ff0000ff</color></LineStyle><PolyStyle><fill>0</fill></PolyStyle></Style>
	<ExtendedData><SchemaData schemaUrl="#damage_d3d_roads">
		<SimpleData name="osm_id">1219736145</SimpleData>
		<SimpleData name="type">residential</SimpleData>
		<SimpleData name="depth_cls">0.1-0.5 m</SimpleData>
		<SimpleData name="max_depth">0.3</SimpleData>
		<SimpleData name="length_m">39.9</SimpleData>
	</SchemaData></ExtendedData>
      <LineString><coordinates>79.2483834201254,14.3585549477915 79.248200506089,14.3585812107998 79.2480205221041,14.3585531442546</coordinates></LineString>
  </Placemark>
  <Placemark id="damage_d3d_roads.205">
	<Style><LineStyle><color>ff0000ff</color></LineStyle><PolyStyle><fill>0</fill></PolyStyle></Style>
	<ExtendedData><SchemaData schemaUrl="#damage_d3d_roads">
		<SimpleData name="osm_id">1219736145</SimpleData>
		<SimpleData name="type">residential</SimpleData>
		<SimpleData name="depth_cls">0.5-1.5 m</SimpleData>
		<SimpleData name="max_depth">0.75</SimpleData>
		<SimpleData name="length_m">39.9</SimpleData>
	</SchemaData></ExtendedData>
      <LineString><coordinates>79.2480205221041,14.3585531442546 79.2478616801435,14.3584658623285 79.2476995955812,14.3584086103004</coordinates></LineString>
  </Placemark>
  <Placemark id="damage_d3d_roads.206">
	<Style><LineStyle><color>ff0000ff</color></LineStyle><PolyStyle><fill>0</fill></PolyStyle></Style>
	<ExtendedData><SchemaData schemaUrl="#damage_d3d_roads">
		<SimpleData name="osm_id">1219736145</SimpleData>
		<SimpleData name="type">residential</SimpleData>
		<SimpleData name="depth_cls">0.1-0.5 m</SimpleData>
		<SimpleData name="max_depth">0.42</SimpleData>
		<SimpleData name="length_m">19.9</SimpleData>
	</SchemaData></ExtendedData>
      <LineString><coordinates>79.2476995955812,14.3584086103004 79.2475169086643,14.3584363339307</coordinates></LineString>
  </Placemark>
  <Placemark id="damage_d3d_roads.207">
	<Style><LineStyle><color>ff0000ff</color></LineStyle><PolyStyle><fill>0</fill></PolyStyle></Style>
	<ExtendedData><SchemaData schemaUrl="#damage_d3d_roads">
		<SimpleData name="osm_id">1219736145</SimpleData>
		<SimpleData name="type">residential</SimpleData>
		<SimpleData name="depth_cls">&gt;1.5 m</SimpleData>
		<SimpleData name="max_depth">4.19</SimpleData>
		<SimpleData name="length_m">59.8</SimpleData>
	</SchemaData></ExtendedData>
      <LineString><coordinates>79.2475169086643,14.3584363339307 79.2473342217189,14.3584640574149 79.2471564766942,14.3585013441024 79.2470248972853,14.3586279676504</coordinates></LineString>
  </Placemark>
  <Placemark id="damage_d3d_roads.208">
	<Style><LineStyle><color>ff0000ff</color></LineStyle><PolyStyle><fill>0</fill></PolyStyle></Style>
	<ExtendedData><SchemaData schemaUrl="#damage_d3d_roads">
		<SimpleData name="osm_id">1219736145</SimpleData>
		<SimpleData name="type">residential</SimpleData>
		<SimpleData name="depth_cls">0.5-1.5 m</SimpleData>
		<SimpleData name="max_depth">0.74</SimpleData>
		<SimpleData name="length_m">19.9</SimpleData>
	</SchemaData></ExtendedData>
      <LineString><coordinates>79.2466407767149,14.359017990325 79.2465134741357,14.359148703236</coordinates></LineString>
  </Placemark>
  <Placemark id="damage_d3d_roads.209">
	<Style><LineStyle><color>ff0000ff</color></LineStyle><PolyStyle><fill>0</fill></PolyStyle></Style>
	<ExtendedData><SchemaData schemaUrl="#damage_d3d_roads">
		<SimpleData name="osm_id">1219736141</SimpleData>
		<SimpleData name="type">residential</SimpleData>
		<SimpleData name="depth_cls">0.5-1.5 m</SimpleData>
		<SimpleData name="max_depth">1.34</SimpleData>
		<SimpleData name="length_m">19.5</SimpleData>
	</SchemaData></ExtendedData>
      <LineString><coordinates>79.2715448,14.3361278 79.271394851243,14.3362256547592</coordinates></LineString>
  </Placemark>
  <Placemark id="damage_d3d_roads.210">
	<Style><LineStyle><color>ff0000ff</color></LineStyle><PolyStyle><fill>0</fill></PolyStyle></Style>
	<ExtendedData><SchemaData schemaUrl="#damage_d3d_roads">
		<SimpleData name="osm_id">1219736141</SimpleData>
		<SimpleData name="type">residential</SimpleData>
		<SimpleData name="depth_cls">0.1-0.5 m</SimpleData>
		<SimpleData name="max_depth">0.37</SimpleData>
		<SimpleData name="length_m">38.9</SimpleData>
	</SchemaData></ExtendedData>
      <LineString><coordinates>79.271394851243,14.3362256547592 79.2712419353155,14.3363184953267 79.2710799935005,14.3363960829023</coordinates></LineString>
  </Placemark>
  <Placemark id="damage_d3d_roads.211">
	<Style><LineStyle><color>ff0000ff</color></LineStyle><PolyStyle><fill>0</fill></PolyStyle></Style>
	<ExtendedData><SchemaData schemaUrl="#damage_d3d_roads">
		<SimpleData name="osm_id">1219736141</SimpleData>
		<SimpleData name="type">residential</SimpleData>
		<SimpleData name="depth_cls">0.1-0.5 m</SimpleData>
		<SimpleData name="max_depth">0.25</SimpleData>
		<SimpleData name="length_m">38.9</SimpleData>
	</SchemaData></ExtendedData>
      <LineString><coordinates>79.269176288624,14.3368562631243 79.2690006454507,14.3368965497898 79.2688245280492,14.3369332621611</coordinates></LineString>
  </Placemark>
  <Placemark id="damage_d3d_roads.212">
	<Style><LineStyle><color>ff0000ff</color></LineStyle><PolyStyle><fill>0</fill></PolyStyle></Style>
	<ExtendedData><SchemaData schemaUrl="#damage_d3d_roads">
		<SimpleData name="osm_id">1219736141</SimpleData>
		<SimpleData name="type">residential</SimpleData>
		<SimpleData name="depth_cls">0.5-1.5 m</SimpleData>
		<SimpleData name="max_depth">1.49</SimpleData>
		<SimpleData name="length_m">19.5</SimpleData>
	</SchemaData></ExtendedData>
      <LineString><coordinates>79.2688245280492,14.3369332621611 79.268644152024,14.3369378749121</coordinates></LineString>
  </Placemark>
  <Placemark id="damage_d3d_roads.213">
	<Style><LineStyle><color>ff0000ff</color></LineStyle><PolyStyle><fill>0</fill></PolyStyle></Style>
	<ExtendedData><SchemaData schemaUrl="#damage_d3d_roads">
		<SimpleData name="osm_id">1219736141</SimpleData>
		<SimpleData name="type">residential</SimpleData>
		<SimpleData name="depth_cls">&gt;1.5 m</SimpleData>
		<SimpleData name="max_depth">1.64</SimpleData>
		<SimpleData name="length_m">19.5</SimpleData>
	</SchemaData></ExtendedData>
      <LineString><coordinates>79.268644152024,14.3369378749121 79.2684637760076,14.3369424875251</coordinates></LineString>
  </Placemark>
  <Placemark id="damage_d3d_roads.214">
	<Style><LineStyle><color>ff0000ff</color></LineStyle><PolyStyle><fill>0</fill></PolyStyle></Style>
	<ExtendedData><SchemaData schemaUrl="#damage_d3d_roads">
		<SimpleData name="osm_id">1219736141</SimpleData>
		<SimpleData name="type">residential</SimpleData>
		<SimpleData name="depth_cls">0.5-1.5 m</SimpleData>
		<SimpleData name="max_depth">1.41</SimpleData>
		<SimpleData name="length_m">19.5</SimpleData>
	</SchemaData></ExtendedData>
      <LineString><coordinates>79.2684637760076,14.3369424875251 79.2682834,14.3369471</coordinates></LineString>
  </Placemark>
  <Placemark id="damage_d3d_roads.215">
	<Style><LineStyle><color>ff0000ff</color></LineStyle><PolyStyle><fill>0</fill></PolyStyle></Style>
	<ExtendedData><SchemaData schemaUrl="#damage_d3d_roads">
		<SimpleData name="osm_id">1219736134</SimpleData>
		<SimpleData name="type">track</SimpleData>
		<SimpleData name="depth_cls">0.5-1.5 m</SimpleData>
		<SimpleData name="max_depth">0.84</SimpleData>
		<SimpleData name="length_m">39.7</SimpleData>
	</SchemaData></ExtendedData>
      <LineString><coordinates>79.2611899073008,14.3460445826429 79.2612603314487,14.3461995556789 79.261120601599,14.3463112252188</coordinates></LineString>
  </Placemark>
  <Placemark id="damage_d3d_roads.216">
	<Style><LineStyle><color>ff0000ff</color></LineStyle><PolyStyle><fill>0</fill></PolyStyle></Style>
	<ExtendedData><SchemaData schemaUrl="#damage_d3d_roads">
		<SimpleData name="osm_id">1219736134</SimpleData>
		<SimpleData name="type">track</SimpleData>
		<SimpleData name="depth_cls">&gt;1.5 m</SimpleData>
		<SimpleData name="max_depth">1.62</SimpleData>
		<SimpleData name="length_m">19.9</SimpleData>
	</SchemaData></ExtendedData>
      <LineString><coordinates>79.2609622776733,14.3464029281803 79.2608296000014,14.3465071148397</coordinates></LineString>
  </Placemark>
  <Placemark id="damage_d3d_roads.217">
	<Style><LineStyle><color>ff0000ff</color></LineStyle><PolyStyle><fill>0</fill></PolyStyle></Style>
	<ExtendedData><SchemaData schemaUrl="#damage_d3d_roads">
		<SimpleData name="osm_id">1219736134</SimpleData>
		<SimpleData name="type">track</SimpleData>
		<SimpleData name="depth_cls">&gt;1.5 m</SimpleData>
		<SimpleData name="max_depth">4</SimpleData>
		<SimpleData name="length_m">19.9</SimpleData>
	</SchemaData></ExtendedData>
      <LineString><coordinates>79.260830656111,14.3466866101204 79.2608475,14.3468654</coordinates></LineString>
  </Placemark>
  <Placemark id="damage_d3d_roads.218">
	<Style><LineStyle><color>ff0000ff</color></LineStyle><PolyStyle><fill>0</fill></PolyStyle></Style>
	<ExtendedData><SchemaData schemaUrl="#damage_d3d_roads">
		<SimpleData name="osm_id">1450427672</SimpleData>
		<SimpleData name="type">track</SimpleData>
		<SimpleData name="depth_cls">&gt;1.5 m</SimpleData>
		<SimpleData name="max_depth">2.52</SimpleData>
		<SimpleData name="length_m">44.2</SimpleData>
	</SchemaData></ExtendedData>
      <LineString><coordinates>79.2624445,14.348622 79.2625295999235,14.3487260000226 79.2626146999235,14.3488300000226 79.2626998,14.348934</coordinates></LineString>
  </Placemark>
  <Placemark id="damage_d3d_roads.219">
	<name>Chukkayapalli Road</name>
	<Style><LineStyle><color>ff0000ff</color></LineStyle><PolyStyle><fill>0</fill></PolyStyle></Style>
	<ExtendedData><SchemaData schemaUrl="#damage_d3d_roads">
		<SimpleData name="osm_id">1219736142</SimpleData>
		<SimpleData name="type">tertiary</SimpleData>
		<SimpleData name="depth_cls">0.5-1.5 m</SimpleData>
		<SimpleData name="max_depth">0.75</SimpleData>
		<SimpleData name="length_m">20</SimpleData>
	</SchemaData></ExtendedData>
      <LineString><coordinates>79.2731282163856,14.3372789914561 79.2730443555037,14.3374400309838</coordinates></LineString>
  </Placemark>
  <Placemark id="damage_d3d_roads.220">
	<name>Chukkayapalli Road</name>
	<Style><LineStyle><color>ff0000ff</color></LineStyle><PolyStyle><fill>0</fill></PolyStyle></Style>
	<ExtendedData><SchemaData schemaUrl="#damage_d3d_roads">
		<SimpleData name="osm_id">1219736142</SimpleData>
		<SimpleData name="type">tertiary</SimpleData>
		<SimpleData name="depth_cls">0.1-0.5 m</SimpleData>
		<SimpleData name="max_depth">0.32</SimpleData>
		<SimpleData name="length_m">79.9</SimpleData>
	</SchemaData></ExtendedData>
      <LineString><coordinates>79.2671865635281,14.3456187514972 79.2670398396498,14.3457290055005 79.2668931156323,14.3458392593959 79.2667463914754,14.3459495131832 79.2665996671793,14.3460597668626</coordinates></LineString>
  </Placemark>
  <Placemark id="damage_d3d_roads.221">
	<name>Chukkayapalli Road</name>
	<Style><LineStyle><color>ff0000ff</color></LineStyle><PolyStyle><fill>0</fill></PolyStyle></Style>
	<ExtendedData><SchemaData schemaUrl="#damage_d3d_roads">
		<SimpleData name="osm_id">1219736142</SimpleData>
		<SimpleData name="type">tertiary</SimpleData>
		<SimpleData name="depth_cls">&gt;1.5 m</SimpleData>
		<SimpleData name="max_depth">2.3</SimpleData>
		<SimpleData name="length_m">119.9</SimpleData>
	</SchemaData></ExtendedData>
      <LineString><coordinates>79.2644112962399,14.3483752576075 79.2642277237158,14.3483995032176 79.2640441511687,14.3484237486809 79.2638605785987,14.3484479939975 79.2636770060056,14.3484722391674 79.2634960241166,14.3485050723312 79.2633282167608,14.3485815785575</coordinates></LineString>
  </Placemark>
  <Placemark id="damage_d3d_roads.222">
	<name>Chukkayapalli Road</name>
	<Style><LineStyle><color>ff0000ff</color></LineStyle><PolyStyle><fill>0</fill></PolyStyle></Style>
	<ExtendedData><SchemaData schemaUrl="#damage_d3d_roads">
		<SimpleData name="osm_id">1219736142</SimpleData>
		<SimpleData name="type">tertiary</SimpleData>
		<SimpleData name="depth_cls">0.5-1.5 m</SimpleData>
		<SimpleData name="max_depth">1.41</SimpleData>
		<SimpleData name="length_m">40</SimpleData>
	</SchemaData></ExtendedData>
      <LineString><coordinates>79.2633282167608,14.3485815785575 79.2631604093019,14.3486580846516 79.2629926017401,14.3487345906136</coordinates></LineString>
  </Placemark>
  <Placemark id="damage_d3d_roads.223">
	<name>Chukkayapalli Road</name>
	<Style><LineStyle><color>ff0000ff</color></LineStyle><PolyStyle><fill>0</fill></PolyStyle></Style>
	<ExtendedData><SchemaData schemaUrl="#damage_d3d_roads">
		<SimpleData name="osm_id">1219736142</SimpleData>
		<SimpleData name="type">tertiary</SimpleData>
		<SimpleData name="depth_cls">&gt;1.5 m</SimpleData>
		<SimpleData name="max_depth">2.02</SimpleData>
		<SimpleData name="length_m">40</SimpleData>
	</SchemaData></ExtendedData>
      <LineString><coordinates>79.2629926017401,14.3487345906136 79.2628309769416,14.3488202533295 79.2626925562097,14.3489402815236</coordinates></LineString>
  </Placemark>
  <Placemark id="damage_d3d_roads.224">
	<name>Chukkayapalli Road</name>
	<Style><LineStyle><color>ff0000ff</color></LineStyle><PolyStyle><fill>0</fill></PolyStyle></Style>
	<ExtendedData><SchemaData schemaUrl="#damage_d3d_roads">
		<SimpleData name="osm_id">1219736142</SimpleData>
		<SimpleData name="type">tertiary</SimpleData>
		<SimpleData name="depth_cls">&gt;1.5 m</SimpleData>
		<SimpleData name="max_depth">1.66</SimpleData>
		<SimpleData name="length_m">20</SimpleData>
	</SchemaData></ExtendedData>
      <LineString><coordinates>79.2625541377786,14.3490603123007 79.2624157192019,14.3491803429791</coordinates></LineString>
  </Placemark>
  <Placemark id="damage_d3d_roads.225">
	<name>Chukkayapalli Road</name>
	<Style><LineStyle><color>ff0000ff</color></LineStyle><PolyStyle><fill>0</fill></PolyStyle></Style>
	<ExtendedData><SchemaData schemaUrl="#damage_d3d_roads">
		<SimpleData name="osm_id">1219736142</SimpleData>
		<SimpleData name="type">tertiary</SimpleData>
		<SimpleData name="depth_cls">0.5-1.5 m</SimpleData>
		<SimpleData name="max_depth">0.72</SimpleData>
		<SimpleData name="length_m">20</SimpleData>
	</SchemaData></ExtendedData>
      <LineString><coordinates>79.2622731173438,14.3492953573006 79.2621243401728,14.3494029664811</coordinates></LineString>
  </Placemark>
  <Placemark id="damage_d3d_roads.226">
	<name>Chukkayapalli Road</name>
	<Style><LineStyle><color>ff0000ff</color></LineStyle><PolyStyle><fill>0</fill></PolyStyle></Style>
	<ExtendedData><SchemaData schemaUrl="#damage_d3d_roads">
		<SimpleData name="osm_id">1219736142</SimpleData>
		<SimpleData name="type">tertiary</SimpleData>
		<SimpleData name="depth_cls">0.1-0.5 m</SimpleData>
		<SimpleData name="max_depth">0.2</SimpleData>
		<SimpleData name="length_m">40</SimpleData>
	</SchemaData></ExtendedData>
      <LineString><coordinates>79.2619755628646,14.3495105755513 79.2618267854192,14.3496181845112 79.2616780078366,14.3497257933606</coordinates></LineString>
  </Placemark>
  <Placemark id="damage_d3d_roads.227">
	<name>Chukkayapalli Road</name>
	<Style><LineStyle><color>ff0000ff</color></LineStyle><PolyStyle><fill>0</fill></PolyStyle></Style>
	<ExtendedData><SchemaData schemaUrl="#damage_d3d_roads">
		<SimpleData name="osm_id">1219736142</SimpleData>
		<SimpleData name="type">tertiary</SimpleData>
		<SimpleData name="depth_cls">0.5-1.5 m</SimpleData>
		<SimpleData name="max_depth">0.51</SimpleData>
		<SimpleData name="length_m">40</SimpleData>
	</SchemaData></ExtendedData>
      <LineString><coordinates>79.2603403039824,14.3511885266694 79.2601886286725,14.3512922204227 79.2600369532288,14.3513959140623</coordinates></LineString>
  </Placemark>
  <Placemark id="damage_d3d_roads.228">
	<name>Chukkayapalli Road</name>
	<Style><LineStyle><color>ff0000ff</color></LineStyle><PolyStyle><fill>0</fill></PolyStyle></Style>
	<ExtendedData><SchemaData schemaUrl="#damage_d3d_roads">
		<SimpleData name="osm_id">1219736142</SimpleData>
		<SimpleData name="type">tertiary</SimpleData>
		<SimpleData name="depth_cls">0.1-0.5 m</SimpleData>
		<SimpleData name="max_depth">0.35</SimpleData>
		<SimpleData name="length_m">40</SimpleData>
	</SchemaData></ExtendedData>
      <LineString><coordinates>79.2580412773799,14.3530079141965 79.2579060858103,14.3531313931235 79.2577608104527,14.3532408396493</coordinates></LineString>
  </Placemark>
  <Placemark id="damage_d3d_roads.229">
	<name>Chukkayapalli Road</name>
	<Style><LineStyle><color>ff0000ff</color></LineStyle><PolyStyle><fill>0</fill></PolyStyle></Style>
	<ExtendedData><SchemaData schemaUrl="#damage_d3d_roads">
		<SimpleData name="osm_id">1219736142</SimpleData>
		<SimpleData name="type">tertiary</SimpleData>
		<SimpleData name="depth_cls">&gt;1.5 m</SimpleData>
		<SimpleData name="max_depth">2.08</SimpleData>
		<SimpleData name="length_m">20</SimpleData>
	</SchemaData></ExtendedData>
      <LineString><coordinates>79.2577608104527,14.3532408396493 79.2575955955329,14.3533225385072</coordinates></LineString>
  </Placemark>
  <Placemark id="damage_d3d_roads.230">
	<name>Chukkayapalli Road</name>
	<Style><LineStyle><color>ff0000ff</color></LineStyle><PolyStyle><fill>0</fill></PolyStyle></Style>
	<ExtendedData><SchemaData schemaUrl="#damage_d3d_roads">
		<SimpleData name="osm_id">1219736142</SimpleData>
		<SimpleData name="type">tertiary</SimpleData>
		<SimpleData name="depth_cls">0.1-0.5 m</SimpleData>
		<SimpleData name="max_depth">0.35</SimpleData>
		<SimpleData name="length_m">20</SimpleData>
	</SchemaData></ExtendedData>
      <LineString><coordinates>79.2549881683864,14.3554920218911 79.2548598015053,14.3556118904383</coordinates></LineString>
  </Placemark>
  <Placemark id="damage_d3d_roads.231">
	<name>Chukkayapalli Road</name>
	<Style><LineStyle><color>ff0000ff</color></LineStyle><PolyStyle><fill>0</fill></PolyStyle></Style>
	<ExtendedData><SchemaData schemaUrl="#damage_d3d_roads">
		<SimpleData name="osm_id">1219736142</SimpleData>
		<SimpleData name="type">tertiary</SimpleData>
		<SimpleData name="depth_cls">&gt;1.5 m</SimpleData>
		<SimpleData name="max_depth">1.79</SimpleData>
		<SimpleData name="length_m">20</SimpleData>
	</SchemaData></ExtendedData>
      <LineString><coordinates>79.2547125813574,14.3557184493259 79.2545959042787,14.3558587327391</coordinates></LineString>
  </Placemark>
  <Placemark id="damage_d3d_roads.232">
	<name>Chukkayapalli Road</name>
	<Style><LineStyle><color>ff0000ff</color></LineStyle><PolyStyle><fill>0</fill></PolyStyle></Style>
	<ExtendedData><SchemaData schemaUrl="#damage_d3d_roads">
		<SimpleData name="osm_id">1219736142</SimpleData>
		<SimpleData name="type">tertiary</SimpleData>
		<SimpleData name="depth_cls">0.1-0.5 m</SimpleData>
		<SimpleData name="max_depth">0.26</SimpleData>
		<SimpleData name="length_m">20</SimpleData>
	</SchemaData></ExtendedData>
      <LineString><coordinates>79.2545959042787,14.3558587327391 79.2544792270511,14.3559990160768</coordinates></LineString>
  </Placemark>
  <Placemark id="damage_d3d_roads.233">
	<name>Chukkayapalli Road</name>
	<Style><LineStyle><color>ff0000ff</color></LineStyle><PolyStyle><fill>0</fill></PolyStyle></Style>
	<ExtendedData><SchemaData schemaUrl="#damage_d3d_roads">
		<SimpleData name="osm_id">1219736142</SimpleData>
		<SimpleData name="type">tertiary</SimpleData>
		<SimpleData name="depth_cls">&gt;1.5 m</SimpleData>
		<SimpleData name="max_depth">1.91</SimpleData>
		<SimpleData name="length_m">20</SimpleData>
	</SchemaData></ExtendedData>
      <LineString><coordinates>79.2544792270511,14.3559990160768 79.2543625496744,14.356139299339</coordinates></LineString>
  </Placemark>
  <Placemark id="damage_d3d_roads.234">
	<name>Chukkayapalli Road</name>
	<Style><LineStyle><color>ff0000ff</color></LineStyle><PolyStyle><fill>0</fill></PolyStyle></Style>
	<ExtendedData><SchemaData schemaUrl="#damage_d3d_roads">
		<SimpleData name="osm_id">1219736142</SimpleData>
		<SimpleData name="type">tertiary</SimpleData>
		<SimpleData name="depth_cls">&gt;1.5 m</SimpleData>
		<SimpleData name="max_depth">1.86</SimpleData>
		<SimpleData name="length_m">79.9</SimpleData>
	</SchemaData></ExtendedData>
      <LineString><coordinates>79.2513531822866,14.3594016534672 79.2513231956144,14.3595583739635 79.2511429714609,14.3596001868199 79.2509650779979,14.359648142488 79.2508003238257,14.3597307284604</coordinates></LineString>
  </Placemark>
  <Placemark id="damage_d3d_roads.235">
	<name>Chukkayapalli Road</name>
	<Style><LineStyle><color>ff0000ff</color></LineStyle><PolyStyle><fill>0</fill></PolyStyle></Style>
	<ExtendedData><SchemaData schemaUrl="#damage_d3d_roads">
		<SimpleData name="osm_id">1219736142</SimpleData>
		<SimpleData name="type">tertiary</SimpleData>
		<SimpleData name="depth_cls">&gt;1.5 m</SimpleData>
		<SimpleData name="max_depth">2.77</SimpleData>
		<SimpleData name="length_m">20</SimpleData>
	</SchemaData></ExtendedData>
      <LineString><coordinates>79.2438894727601,14.3646483034931 79.2437291597703,14.3647388207167</coordinates></LineString>
  </Placemark>
  <Placemark id="damage_d3d_roads.236">
	<name>Chukkayapalli Road</name>
	<Style><LineStyle><color>ff0000ff</color></LineStyle><PolyStyle><fill>0</fill></PolyStyle></Style>
	<ExtendedData><SchemaData schemaUrl="#damage_d3d_roads">
		<SimpleData name="osm_id">1219736142</SimpleData>
		<SimpleData name="type">tertiary</SimpleData>
		<SimpleData name="depth_cls">0.1-0.5 m</SimpleData>
		<SimpleData name="max_depth">0.42</SimpleData>
		<SimpleData name="length_m">20</SimpleData>
	</SchemaData></ExtendedData>
      <LineString><coordinates>79.2437291597703,14.3647388207167 79.2435688466601,14.3648293378163</coordinates></LineString>
  </Placemark>
  <Placemark id="damage_d3d_roads.237">
	<name>Chukkayapalli Road</name>
	<Style><LineStyle><color>ff0000ff</color></LineStyle><PolyStyle><fill>0</fill></PolyStyle></Style>
	<ExtendedData><SchemaData schemaUrl="#damage_d3d_roads">
		<SimpleData name="osm_id">1219736142</SimpleData>
		<SimpleData name="type">tertiary</SimpleData>
		<SimpleData name="depth_cls">&gt;1.5 m</SimpleData>
		<SimpleData name="max_depth">2.95</SimpleData>
		<SimpleData name="length_m">40</SimpleData>
	</SchemaData></ExtendedData>
      <LineString><coordinates>79.2435688466601,14.3648293378163 79.2434085334294,14.364919854792 79.2432488578159,14.3650112835752</coordinates></LineString>
  </Placemark>
  <Placemark id="damage_d3d_roads.238">
	<name>Chukkayapalli Road</name>
	<Style><LineStyle><color>ff0000ff</color></LineStyle><PolyStyle><fill>0</fill></PolyStyle></Style>
	<ExtendedData><SchemaData schemaUrl="#damage_d3d_roads">
		<SimpleData name="osm_id">1219736142</SimpleData>
		<SimpleData name="type">tertiary</SimpleData>
		<SimpleData name="depth_cls">&gt;1.5 m</SimpleData>
		<SimpleData name="max_depth">2.01</SimpleData>
		<SimpleData name="length_m">20</SimpleData>
	</SchemaData></ExtendedData>
      <LineString><coordinates>79.2431038495831,14.3651236860224 79.2429588412092,14.3652360883633</coordinates></LineString>
  </Placemark>
  <Placemark id="damage_d3d_roads.239">
	<name>Chukkayapalli Road</name>
	<Style><LineStyle><color>ff0000ff</color></LineStyle><PolyStyle><fill>0</fill></PolyStyle></Style>
	<ExtendedData><SchemaData schemaUrl="#damage_d3d_roads">
		<SimpleData name="osm_id">1219736142</SimpleData>
		<SimpleData name="type">tertiary</SimpleData>
		<SimpleData name="depth_cls">0.5-1.5 m</SimpleData>
		<SimpleData name="max_depth">0.79</SimpleData>
		<SimpleData name="length_m">40</SimpleData>
	</SchemaData></ExtendedData>
      <LineString><coordinates>79.2428138326943,14.3653484905978 79.2426712750026,14.3654637555086 79.2425319008554,14.3655827389388</coordinates></LineString>
  </Placemark>
  <Placemark id="damage_d3d_roads.240">
	<name>Chukkayapalli Road</name>
	<Style><LineStyle><color>ff0000ff</color></LineStyle><PolyStyle><fill>0</fill></PolyStyle></Style>
	<ExtendedData><SchemaData schemaUrl="#damage_d3d_roads">
		<SimpleData name="osm_id">1219736142</SimpleData>
		<SimpleData name="type">tertiary</SimpleData>
		<SimpleData name="depth_cls">0.1-0.5 m</SimpleData>
		<SimpleData name="max_depth">0.18</SimpleData>
		<SimpleData name="length_m">40</SimpleData>
	</SchemaData></ExtendedData>
      <LineString><coordinates>79.2425319008554,14.3655827389388 79.2423925265629,14.365701722269 79.2422767430122,14.3658414333668</coordinates></LineString>
  </Placemark>
  <Placemark id="damage_d3d_roads.241">
	<name>Chukkayapalli Road</name>
	<Style><LineStyle><color>ff0000ff</color></LineStyle><PolyStyle><fill>0</fill></PolyStyle></Style>
	<ExtendedData><SchemaData schemaUrl="#damage_d3d_roads">
		<SimpleData name="osm_id">1219736142</SimpleData>
		<SimpleData name="type">tertiary</SimpleData>
		<SimpleData name="depth_cls">&gt;1.5 m</SimpleData>
		<SimpleData name="max_depth">2.22</SimpleData>
		<SimpleData name="length_m">239.8</SimpleData>
	</SchemaData></ExtendedData>
      <LineString><coordinates>79.2416349557712,14.3667261935804 79.2415279907198,14.3668736533848 79.2414210255225,14.3670211131232 79.2413124773476,14.3671674220293 79.2411980003421,14.3673094205332 79.2410835231878,14.3674514189637 79.2409690458849,14.3675934173207 79.2408545684333,14.3677354156043 79.2407400908331,14.3678774138144 79.2406256130841,14.3680194119511 79.2405111351865,14.3681614100143 79.2403966571403,14.368303408004 79.2402821789453,14.3684454059203</coordinates></LineString>
  </Placemark>
  <Placemark id="damage_d3d_roads.242">
	<name>Chukkayapalli Road</name>
	<Style><LineStyle><color>ff0000ff</color></LineStyle><PolyStyle><fill>0</fill></PolyStyle></Style>
	<ExtendedData><SchemaData schemaUrl="#damage_d3d_roads">
		<SimpleData name="osm_id">1219736142</SimpleData>
		<SimpleData name="type">tertiary</SimpleData>
		<SimpleData name="depth_cls">0.5-1.5 m</SimpleData>
		<SimpleData name="max_depth">1.25</SimpleData>
		<SimpleData name="length_m">20</SimpleData>
	</SchemaData></ExtendedData>
      <LineString><coordinates>79.2402821789453,14.3684454059203 79.2402393890829,14.3686210543844</coordinates></LineString>
  </Placemark>
  <Placemark id="damage_d3d_roads.243">
	<Style><LineStyle><color>ff0000ff</color></LineStyle><PolyStyle><fill>0</fill></PolyStyle></Style>
	<ExtendedData><SchemaData schemaUrl="#damage_d3d_roads">
		<SimpleData name="osm_id">1219736146</SimpleData>
		<SimpleData name="type">residential</SimpleData>
		<SimpleData name="depth_cls">0.5-1.5 m</SimpleData>
		<SimpleData name="max_depth">1.39</SimpleData>
		<SimpleData name="length_m">17.3</SimpleData>
	</SchemaData></ExtendedData>
      <LineString><coordinates>79.248509158314,14.3586614105806 79.2485646,14.3585145</coordinates></LineString>
  </Placemark>
  <Placemark id="damage_d3d_roads.244">
	<Style><LineStyle><color>ff0000ff</color></LineStyle><PolyStyle><fill>0</fill></PolyStyle></Style>
	<ExtendedData><SchemaData schemaUrl="#damage_d3d_roads">
		<SimpleData name="osm_id">1450465875</SimpleData>
		<SimpleData name="type">residential</SimpleData>
		<SimpleData name="depth_cls">0.5-1.5 m</SimpleData>
		<SimpleData name="max_depth">1.04</SimpleData>
		<SimpleData name="length_m">57.9</SimpleData>
	</SchemaData></ExtendedData>
      <LineString><coordinates>79.193844736214,14.2908588288514 79.1940111319396,14.2909228009685 79.1941806060778,14.2909741092232 79.1943587426033,14.290989781676</coordinates></LineString>
  </Placemark>
  <Placemark id="damage_d3d_roads.245">
	<Style><LineStyle><color>ff0000ff</color></LineStyle><PolyStyle><fill>0</fill></PolyStyle></Style>
	<ExtendedData><SchemaData schemaUrl="#damage_d3d_roads">
		<SimpleData name="osm_id">1450465875</SimpleData>
		<SimpleData name="type">residential</SimpleData>
		<SimpleData name="depth_cls">0.1-0.5 m</SimpleData>
		<SimpleData name="max_depth">0.35</SimpleData>
		<SimpleData name="length_m">19.3</SimpleData>
	</SchemaData></ExtendedData>
      <LineString><coordinates>79.1946085628047,14.2913511083764 79.1946351,14.2915236</coordinates></LineString>
  </Placemark>
  <Placemark id="damage_d3d_roads.246">
	<Style><LineStyle><color>ff0000ff</color></LineStyle><PolyStyle><fill>0</fill></PolyStyle></Style>
	<ExtendedData><SchemaData schemaUrl="#damage_d3d_roads">
		<SimpleData name="osm_id">1217956151</SimpleData>
		<SimpleData name="type">unclassified</SimpleData>
		<SimpleData name="depth_cls">&gt;1.5 m</SimpleData>
		<SimpleData name="max_depth">2.21</SimpleData>
		<SimpleData name="length_m">96.8</SimpleData>
	</SchemaData></ExtendedData>
      <LineString><coordinates>79.1926746,14.2958222 79.19277084435,14.2956949434129 79.1928392455755,14.2955582212923 79.1930076231098,14.2955704304708 79.1931702954722,14.2956441667789 79.1933329679515,14.2957179029878</coordinates></LineString>
  </Placemark>
  <Placemark id="damage_d3d_roads.247">
	<Style><LineStyle><color>ff0000ff</color></LineStyle><PolyStyle><fill>0</fill></PolyStyle></Style>
	<ExtendedData><SchemaData schemaUrl="#damage_d3d_roads">
		<SimpleData name="osm_id">1217956151</SimpleData>
		<SimpleData name="type">unclassified</SimpleData>
		<SimpleData name="depth_cls">0.1-0.5 m</SimpleData>
		<SimpleData name="max_depth">0.23</SimpleData>
		<SimpleData name="length_m">38.7</SimpleData>
	</SchemaData></ExtendedData>
      <LineString><coordinates>79.1933329679515,14.2957179029878 79.1935048680407,14.2956950181439 79.1936795692172,14.2956556885406</coordinates></LineString>
  </Placemark>
  <Placemark id="damage_d3d_roads.248">
	<Style><LineStyle><color>ff0000ff</color></LineStyle><PolyStyle><fill>0</fill></PolyStyle></Style>
	<ExtendedData><SchemaData schemaUrl="#damage_d3d_roads">
		<SimpleData name="osm_id">1217956151</SimpleData>
		<SimpleData name="type">unclassified</SimpleData>
		<SimpleData name="depth_cls">&gt;1.5 m</SimpleData>
		<SimpleData name="max_depth">1.66</SimpleData>
		<SimpleData name="length_m">58.1</SimpleData>
	</SchemaData></ExtendedData>
      <LineString><coordinates>79.1938560033956,14.2956240776488 79.1940324375403,14.2955924666201 79.1942088444979,14.295560712102 79.1943852165754,14.2955287734831</coordinates></LineString>
  </Placemark>
  <Placemark id="damage_d3d_roads.249">
	<Style><LineStyle><color>ff0000ff</color></LineStyle><PolyStyle><fill>0</fill></PolyStyle></Style>
	<ExtendedData><SchemaData schemaUrl="#damage_d3d_roads">
		<SimpleData name="osm_id">1217956151</SimpleData>
		<SimpleData name="type">unclassified</SimpleData>
		<SimpleData name="depth_cls">0.5-1.5 m</SimpleData>
		<SimpleData name="max_depth">1.36</SimpleData>
		<SimpleData name="length_m">38.7</SimpleData>
	</SchemaData></ExtendedData>
      <LineString><coordinates>79.1943852165754,14.2955287734831 79.1945362874551,14.2954413116074 79.1946787989621,14.2953350664357</coordinates></LineString>
  </Placemark>
  <Placemark id="damage_d3d_roads.250">
	<Style><LineStyle><color>ff0000ff</color></LineStyle><PolyStyle><fill>0</fill></PolyStyle></Style>
	<ExtendedData><SchemaData schemaUrl="#damage_d3d_roads">
		<SimpleData name="osm_id">1217956151</SimpleData>
		<SimpleData name="type">unclassified</SimpleData>
		<SimpleData name="depth_cls">&gt;1.5 m</SimpleData>
		<SimpleData name="max_depth">1.91</SimpleData>
		<SimpleData name="length_m">19.4</SimpleData>
	</SchemaData></ExtendedData>
      <LineString><coordinates>79.1946787989621,14.2953350664357 79.1948365815534,14.2952558485328</coordinates></LineString>
  </Placemark>
  <Placemark id="damage_d3d_roads.251">
	<Style><LineStyle><color>ff0000ff</color></LineStyle><PolyStyle><fill>0</fill></PolyStyle></Style>
	<ExtendedData><SchemaData schemaUrl="#damage_d3d_roads">
		<SimpleData name="osm_id">1217956151</SimpleData>
		<SimpleData name="type">unclassified</SimpleData>
		<SimpleData name="depth_cls">0.1-0.5 m</SimpleData>
		<SimpleData name="max_depth">0.43</SimpleData>
		<SimpleData name="length_m">19.4</SimpleData>
	</SchemaData></ExtendedData>
      <LineString><coordinates>79.1948365815534,14.2952558485328 79.1950048145374,14.2951951260243</coordinates></LineString>
  </Placemark>
  <Placemark id="damage_d3d_roads.252">
	<Style><LineStyle><color>ff0000ff</color></LineStyle><PolyStyle><fill>0</fill></PolyStyle></Style>
	<ExtendedData><SchemaData schemaUrl="#damage_d3d_roads">
		<SimpleData name="osm_id">1217956151</SimpleData>
		<SimpleData name="type">unclassified</SimpleData>
		<SimpleData name="depth_cls">0.5-1.5 m</SimpleData>
		<SimpleData name="max_depth">1.21</SimpleData>
		<SimpleData name="length_m">38.7</SimpleData>
	</SchemaData></ExtendedData>
      <LineString><coordinates>79.1950048145374,14.2951951260243 79.1951730474437,14.2951344033858 79.1953433891651,14.2950800746993</coordinates></LineString>
  </Placemark>
  <Placemark id="damage_d3d_roads.253">
	<Style><LineStyle><color>ff0000ff</color></LineStyle><PolyStyle><fill>0</fill></PolyStyle></Style>
	<ExtendedData><SchemaData schemaUrl="#damage_d3d_roads">
		<SimpleData name="osm_id">1217956151</SimpleData>
		<SimpleData name="type">unclassified</SimpleData>
		<SimpleData name="depth_cls">&gt;1.5 m</SimpleData>
		<SimpleData name="max_depth">2.86</SimpleData>
		<SimpleData name="length_m">77.4</SimpleData>
	</SchemaData></ExtendedData>
      <LineString><coordinates>79.1953433891651,14.2950800746993 79.1955171786287,14.2950380884484 79.1956958423565,14.2950223955351 79.1958745060759,14.2950067024845 79.1960531697869,14.2949910092968</coordinates></LineString>
  </Placemark>
  <Placemark id="damage_d3d_roads.254">
	<Style><LineStyle><color>ff0000ff</color></LineStyle><PolyStyle><fill>0</fill></PolyStyle></Style>
	<ExtendedData><SchemaData schemaUrl="#damage_d3d_roads">
		<SimpleData name="osm_id">1217956150</SimpleData>
		<SimpleData name="type">secondary</SimpleData>
		<SimpleData name="depth_cls">0.1-0.5 m</SimpleData>
		<SimpleData name="max_depth">0.2</SimpleData>
		<SimpleData name="length_m">20</SimpleData>
	</SchemaData></ExtendedData>
      <LineString><coordinates>79.1840501940104,14.3000580457031 79.1841732444323,14.2999251975023</coordinates></LineString>
  </Placemark>
  <Placemark id="damage_d3d_roads.255">
	<Style><LineStyle><color>ff0000ff</color></LineStyle><PolyStyle><fill>0</fill></PolyStyle></Style>
	<ExtendedData><SchemaData schemaUrl="#damage_d3d_roads">
		<SimpleData name="osm_id">1217956150</SimpleData>
		<SimpleData name="type">secondary</SimpleData>
		<SimpleData name="depth_cls">0.5-1.5 m</SimpleData>
		<SimpleData name="max_depth">0.69</SimpleData>
		<SimpleData name="length_m">20</SimpleData>
	</SchemaData></ExtendedData>
      <LineString><coordinates>79.1852475607976,14.2992485465747 79.1854061868049,14.2991552547707</coordinates></LineString>
  </Placemark>
  <Placemark id="damage_d3d_roads.256">
	<Style><LineStyle><color>ff0000ff</color></LineStyle><PolyStyle><fill>0</fill></PolyStyle></Style>
	<ExtendedData><SchemaData schemaUrl="#damage_d3d_roads">
		<SimpleData name="osm_id">1217956150</SimpleData>
		<SimpleData name="type">secondary</SimpleData>
		<SimpleData name="depth_cls">&gt;1.5 m</SimpleData>
		<SimpleData name="max_depth">1.53</SimpleData>
		<SimpleData name="length_m">20</SimpleData>
	</SchemaData></ExtendedData>
      <LineString><coordinates>79.1854061868049,14.2991552547707 79.1855648126895,14.2990619628447</coordinates></LineString>
  </Placemark>
  <Placemark id="damage_d3d_roads.257">
	<Style><LineStyle><color>ff0000ff</color></LineStyle><PolyStyle><fill>0</fill></PolyStyle></Style>
	<ExtendedData><SchemaData schemaUrl="#damage_d3d_roads">
		<SimpleData name="osm_id">1217956150</SimpleData>
		<SimpleData name="type">secondary</SimpleData>
		<SimpleData name="depth_cls">0.1-0.5 m</SimpleData>
		<SimpleData name="max_depth">0.22</SimpleData>
		<SimpleData name="length_m">40</SimpleData>
	</SchemaData></ExtendedData>
      <LineString><coordinates>79.1855648126895,14.2990619628447 79.1857234384516,14.2989686707967 79.1858820640911,14.2988753786266</coordinates></LineString>
  </Placemark>
  <Placemark id="damage_d3d_roads.258">
	<Style><LineStyle><color>ff0000ff</color></LineStyle><PolyStyle><fill>0</fill></PolyStyle></Style>
	<ExtendedData><SchemaData schemaUrl="#damage_d3d_roads">
		<SimpleData name="osm_id">1217956150</SimpleData>
		<SimpleData name="type">secondary</SimpleData>
		<SimpleData name="depth_cls">0.5-1.5 m</SimpleData>
		<SimpleData name="max_depth">1.27</SimpleData>
		<SimpleData name="length_m">20</SimpleData>
	</SchemaData></ExtendedData>
      <LineString><coordinates>79.1858820640911,14.2988753786266 79.1860435311895,14.2987869758987</coordinates></LineString>
  </Placemark>
  <Placemark id="damage_d3d_roads.259">
	<Style><LineStyle><color>ff0000ff</color></LineStyle><PolyStyle><fill>0</fill></PolyStyle></Style>
	<ExtendedData><SchemaData schemaUrl="#damage_d3d_roads">
		<SimpleData name="osm_id">1217956150</SimpleData>
		<SimpleData name="type">secondary</SimpleData>
		<SimpleData name="depth_cls">0.1-0.5 m</SimpleData>
		<SimpleData name="max_depth">0.47</SimpleData>
		<SimpleData name="length_m">40</SimpleData>
	</SchemaData></ExtendedData>
      <LineString><coordinates>79.1863706895457,14.2986174392438 79.1865342685548,14.2985326707248 79.1866978474512,14.2984479020783</coordinates></LineString>
  </Placemark>
  <Placemark id="damage_d3d_roads.260">
	<Style><LineStyle><color>ff0000ff</color></LineStyle><PolyStyle><fill>0</fill></PolyStyle></Style>
	<ExtendedData><SchemaData schemaUrl="#damage_d3d_roads">
		<SimpleData name="osm_id">1217956150</SimpleData>
		<SimpleData name="type">secondary</SimpleData>
		<SimpleData name="depth_cls">0.5-1.5 m</SimpleData>
		<SimpleData name="max_depth">0.53</SimpleData>
		<SimpleData name="length_m">20</SimpleData>
	</SchemaData></ExtendedData>
      <LineString><coordinates>79.1866978474512,14.2984479020783 79.1868198258607,14.2983129178065</coordinates></LineString>
  </Placemark>
  <Placemark id="damage_d3d_roads.261">
	<Style><LineStyle><color>ff0000ff</color></LineStyle><PolyStyle><fill>0</fill></PolyStyle></Style>
	<ExtendedData><SchemaData schemaUrl="#damage_d3d_roads">
		<SimpleData name="osm_id">1217956150</SimpleData>
		<SimpleData name="type">secondary</SimpleData>
		<SimpleData name="depth_cls">0.5-1.5 m</SimpleData>
		<SimpleData name="max_depth">1.22</SimpleData>
		<SimpleData name="length_m">20</SimpleData>
	</SchemaData></ExtendedData>
      <LineString><coordinates>79.1869391954085,14.2981747844957 79.1870585648073,14.2980366511063</coordinates></LineString>
  </Placemark>
  <Placemark id="damage_d3d_roads.262">
	<Style><LineStyle><color>ff0000ff</color></LineStyle><PolyStyle><fill>0</fill></PolyStyle></Style>
	<ExtendedData><SchemaData schemaUrl="#damage_d3d_roads">
		<SimpleData name="osm_id">1217956150</SimpleData>
		<SimpleData name="type">secondary</SimpleData>
		<SimpleData name="depth_cls">&gt;1.5 m</SimpleData>
		<SimpleData name="max_depth">1.53</SimpleData>
		<SimpleData name="length_m">20</SimpleData>
	</SchemaData></ExtendedData>
      <LineString><coordinates>79.1871821419829,14.2979024589357 79.1873188711361,14.2977805854374</coordinates></LineString>
  </Placemark>
  <Placemark id="damage_d3d_roads.263">
	<Style><LineStyle><color>ff0000ff</color></LineStyle><PolyStyle><fill>0</fill></PolyStyle></Style>
	<ExtendedData><SchemaData schemaUrl="#damage_d3d_roads">
		<SimpleData name="osm_id">1217956150</SimpleData>
		<SimpleData name="type">secondary</SimpleData>
		<SimpleData name="depth_cls">0.5-1.5 m</SimpleData>
		<SimpleData name="max_depth">0.55</SimpleData>
		<SimpleData name="length_m">40</SimpleData>
	</SchemaData></ExtendedData>
      <LineString><coordinates>79.1875359692604,14.2974987466562 79.1876049999421,14.2973311182762 79.1876740305085,14.2971634898618</coordinates></LineString>
  </Placemark>
  <Placemark id="damage_d3d_roads.264">
	<Style><LineStyle><color>ff0000ff</color></LineStyle><PolyStyle><fill>0</fill></PolyStyle></Style>
	<ExtendedData><SchemaData schemaUrl="#damage_d3d_roads">
		<SimpleData name="osm_id">1217956150</SimpleData>
		<SimpleData name="type">secondary</SimpleData>
		<SimpleData name="depth_cls">0.5-1.5 m</SimpleData>
		<SimpleData name="max_depth">0.92</SimpleData>
		<SimpleData name="length_m">40</SimpleData>
	</SchemaData></ExtendedData>
      <LineString><coordinates>79.1880834328115,14.2961561453697 79.1881327234034,14.2959820179865 79.1881820139041,14.2958078905817</coordinates></LineString>
  </Placemark>
  <Placemark id="damage_d3d_roads.265">
	<Style><LineStyle><color>ff0000ff</color></LineStyle><PolyStyle><fill>0</fill></PolyStyle></Style>
	<ExtendedData><SchemaData schemaUrl="#damage_d3d_roads">
		<SimpleData name="osm_id">1217956150</SimpleData>
		<SimpleData name="type">secondary</SimpleData>
		<SimpleData name="depth_cls">0.1-0.5 m</SimpleData>
		<SimpleData name="max_depth">0.33</SimpleData>
		<SimpleData name="length_m">20</SimpleData>
	</SchemaData></ExtendedData>
      <LineString><coordinates>79.1881820139041,14.2958078905817 79.1882313043135,14.2956337631552</coordinates></LineString>
  </Placemark>
  <Placemark id="damage_d3d_roads.266">
	<Style><LineStyle><color>ff0000ff</color></LineStyle><PolyStyle><fill>0</fill></PolyStyle></Style>
	<ExtendedData><SchemaData schemaUrl="#damage_d3d_roads">
		<SimpleData name="osm_id">1217956150</SimpleData>
		<SimpleData name="type">secondary</SimpleData>
		<SimpleData name="depth_cls">0.1-0.5 m</SimpleData>
		<SimpleData name="max_depth">0.18</SimpleData>
		<SimpleData name="length_m">40</SimpleData>
	</SchemaData></ExtendedData>
      <LineString><coordinates>79.1883346977846,14.295286880403 79.1883905583037,14.2951148135563 79.1884873925993,14.2949608208745</coordinates></LineString>
  </Placemark>
  <Placemark id="damage_d3d_roads.267">
	<Style><LineStyle><color>ff0000ff</color></LineStyle><PolyStyle><fill>0</fill></PolyStyle></Style>
	<ExtendedData><SchemaData schemaUrl="#damage_d3d_roads">
		<SimpleData name="osm_id">1217956150</SimpleData>
		<SimpleData name="type">secondary</SimpleData>
		<SimpleData name="depth_cls">0.1-0.5 m</SimpleData>
		<SimpleData name="max_depth">0.14</SimpleData>
		<SimpleData name="length_m">20</SimpleData>
	</SchemaData></ExtendedData>
      <LineString><coordinates>79.1889775303302,14.2944331715786 79.1891341930833,14.2943367811629</coordinates></LineString>
  </Placemark>
  <Placemark id="damage_d3d_roads.268">
	<Style><LineStyle><color>ff0000ff</color></LineStyle><PolyStyle><fill>0</fill></PolyStyle></Style>
	<ExtendedData><SchemaData schemaUrl="#damage_d3d_roads">
		<SimpleData name="osm_id">1217956150</SimpleData>
		<SimpleData name="type">secondary</SimpleData>
		<SimpleData name="depth_cls">0.5-1.5 m</SimpleData>
		<SimpleData name="max_depth">0.9</SimpleData>
		<SimpleData name="length_m">20</SimpleData>
	</SchemaData></ExtendedData>
      <LineString><coordinates>79.1899506438473,14.294004215387 79.1900877648399,14.2938827633541</coordinates></LineString>
  </Placemark>
  <Placemark id="damage_d3d_roads.269">
	<Style><LineStyle><color>ff0000ff</color></LineStyle><PolyStyle><fill>0</fill></PolyStyle></Style>
	<ExtendedData><SchemaData schemaUrl="#damage_d3d_roads">
		<SimpleData name="osm_id">1217956150</SimpleData>
		<SimpleData name="type">secondary</SimpleData>
		<SimpleData name="depth_cls">0.5-1.5 m</SimpleData>
		<SimpleData name="max_depth">1.02</SimpleData>
		<SimpleData name="length_m">20</SimpleData>
	</SchemaData></ExtendedData>
      <LineString><coordinates>79.1902164047955,14.2937530838201 79.1903402329563,14.2936187363708</coordinates></LineString>
  </Placemark>
  <Placemark id="damage_d3d_roads.270">
	<Style><LineStyle><color>ff0000ff</color></LineStyle><PolyStyle><fill>0</fill></PolyStyle></Style>
	<ExtendedData><SchemaData schemaUrl="#damage_d3d_roads">
		<SimpleData name="osm_id">1217956150</SimpleData>
		<SimpleData name="type">secondary</SimpleData>
		<SimpleData name="depth_cls">0.1-0.5 m</SimpleData>
		<SimpleData name="max_depth">0.35</SimpleData>
		<SimpleData name="length_m">20</SimpleData>
	</SchemaData></ExtendedData>
      <LineString><coordinates>79.1945299444251,14.2915268333035 79.1947150896823,14.2915211461953</coordinates></LineString>
  </Placemark>
  <Placemark id="damage_d3d_roads.271">
	<Style><LineStyle><color>ff0000ff</color></LineStyle><PolyStyle><fill>0</fill></PolyStyle></Style>
	<ExtendedData><SchemaData schemaUrl="#damage_d3d_roads">
		<SimpleData name="osm_id">1217956150</SimpleData>
		<SimpleData name="type">secondary</SimpleData>
		<SimpleData name="depth_cls">0.5-1.5 m</SimpleData>
		<SimpleData name="max_depth">1.41</SimpleData>
		<SimpleData name="length_m">40</SimpleData>
	</SchemaData></ExtendedData>
      <LineString><coordinates>79.1947150896823,14.2915211461953 79.1949002351912,14.2915154664726 79.1950853807086,14.2915097866045</coordinates></LineString>
  </Placemark>
  <Placemark id="damage_d3d_roads.272">
	<Style><LineStyle><color>ff0000ff</color></LineStyle><PolyStyle><fill>0</fill></PolyStyle></Style>
	<ExtendedData><SchemaData schemaUrl="#damage_d3d_roads">
		<SimpleData name="osm_id">1217956150</SimpleData>
		<SimpleData name="type">secondary</SimpleData>
		<SimpleData name="depth_cls">&gt;1.5 m</SimpleData>
		<SimpleData name="max_depth">2.02</SimpleData>
		<SimpleData name="length_m">60</SimpleData>
	</SchemaData></ExtendedData>
      <LineString><coordinates>79.1950853807086,14.2915097866045 79.1952702862671,14.2915181542436 79.195455135093,14.2915298448585 79.1956137666784,14.2916191134156</coordinates></LineString>
  </Placemark>
  <Placemark id="damage_d3d_roads.273">
	<Style><LineStyle><color>ff0000ff</color></LineStyle><PolyStyle><fill>0</fill></PolyStyle></Style>
	<ExtendedData><SchemaData schemaUrl="#damage_d3d_roads">
		<SimpleData name="osm_id">1217956150</SimpleData>
		<SimpleData name="type">secondary</SimpleData>
		<SimpleData name="depth_cls">0.5-1.5 m</SimpleData>
		<SimpleData name="max_depth">1.3</SimpleData>
		<SimpleData name="length_m">40</SimpleData>
	</SchemaData></ExtendedData>
      <LineString><coordinates>79.1956137666784,14.2916191134156 79.1956661222897,14.2917723870073 79.1956689884411,14.2919529304781</coordinates></LineString>
  </Placemark>
  <Placemark id="damage_d3d_roads.274">
	<Style><LineStyle><color>ff0000ff</color></LineStyle><PolyStyle><fill>0</fill></PolyStyle></Style>
	<ExtendedData><SchemaData schemaUrl="#damage_d3d_roads">
		<SimpleData name="osm_id">1217956150</SimpleData>
		<SimpleData name="type">secondary</SimpleData>
		<SimpleData name="depth_cls">0.5-1.5 m</SimpleData>
		<SimpleData name="max_depth">1.46</SimpleData>
		<SimpleData name="length_m">119.9</SimpleData>
	</SchemaData></ExtendedData>
      <LineString><coordinates>79.2005447191917,14.2950355709449 79.2007292348017,14.2950515366098 79.2009138173269,14.2950665681692 79.2010988178368,14.2950757623085 79.2012683253004,14.2951318178588 79.2014297852837,14.2952019220896 79.2016122879287,14.2951709780459</coordinates></LineString>
  </Placemark>
  <Placemark id="damage_d3d_roads.275">
	<Style><LineStyle><color>ff0000ff</color></LineStyle><PolyStyle><fill>0</fill></PolyStyle></Style>
	<ExtendedData><SchemaData schemaUrl="#damage_d3d_roads">
		<SimpleData name="osm_id">1217956150</SimpleData>
		<SimpleData name="type">secondary</SimpleData>
		<SimpleData name="depth_cls">0.1-0.5 m</SimpleData>
		<SimpleData name="max_depth">0.47</SimpleData>
		<SimpleData name="length_m">40</SimpleData>
	</SchemaData></ExtendedData>
      <LineString><coordinates>79.2016122879287,14.2951709780459 79.2017947905405,14.2951400338562 79.2019707594554,14.2950873140523</coordinates></LineString>
  </Placemark>
  <Placemark id="damage_d3d_roads.276">
	<Style><LineStyle><color>ff0000ff</color></LineStyle><PolyStyle><fill>0</fill></PolyStyle></Style>
	<ExtendedData><SchemaData schemaUrl="#damage_d3d_roads">
		<SimpleData name="osm_id">1217956150</SimpleData>
		<SimpleData name="type">secondary</SimpleData>
		<SimpleData name="depth_cls">0.5-1.5 m</SimpleData>
		<SimpleData name="max_depth">0.81</SimpleData>
		<SimpleData name="length_m">20</SimpleData>
	</SchemaData></ExtendedData>
      <LineString><coordinates>79.2025461822825,14.295856254744 79.2025889090812,14.2960320250223</coordinates></LineString>
  </Placemark>
  <Placemark id="damage_d3d_roads.277">
	<Style><LineStyle><color>ff0000ff</color></LineStyle><PolyStyle><fill>0</fill></PolyStyle></Style>
	<ExtendedData><SchemaData schemaUrl="#damage_d3d_roads">
		<SimpleData name="osm_id">1217956150</SimpleData>
		<SimpleData name="type">secondary</SimpleData>
		<SimpleData name="depth_cls">&gt;1.5 m</SimpleData>
		<SimpleData name="max_depth">2.64</SimpleData>
		<SimpleData name="length_m">139.9</SimpleData>
	</SchemaData></ExtendedData>
      <LineString><coordinates>79.2025889090812,14.2960320250223 79.2026316359305,14.2962077952983 79.202689068825,14.2963782813885 79.2027735105388,14.2965390626428 79.2028382372555,14.2967068120036 79.2028790440955,14.2968830156428 79.202935516909,14.2970418397027 79.203119840017,14.2970541824012</coordinates></LineString>
  </Placemark>
  <Placemark id="damage_d3d_roads.278">
	<Style><LineStyle><color>ff0000ff</color></LineStyle><PolyStyle><fill>0</fill></PolyStyle></Style>
	<ExtendedData><SchemaData schemaUrl="#damage_d3d_roads">
		<SimpleData name="osm_id">1217956150</SimpleData>
		<SimpleData name="type">secondary</SimpleData>
		<SimpleData name="depth_cls">0.1-0.5 m</SimpleData>
		<SimpleData name="max_depth">0.41</SimpleData>
		<SimpleData name="length_m">20</SimpleData>
	</SchemaData></ExtendedData>
      <LineString><coordinates>79.203119840017,14.2970541824012 79.2033032452751,14.2970288044423</coordinates></LineString>
  </Placemark>
  <Placemark id="damage_d3d_roads.279">
	<Style><LineStyle><color>ff0000ff</color></LineStyle><PolyStyle><fill>0</fill></PolyStyle></Style>
	<ExtendedData><SchemaData schemaUrl="#damage_d3d_roads">
		<SimpleData name="osm_id">1217956150</SimpleData>
		<SimpleData name="type">secondary</SimpleData>
		<SimpleData name="depth_cls">&gt;1.5 m</SimpleData>
		<SimpleData name="max_depth">3.98</SimpleData>
		<SimpleData name="length_m">119.9</SimpleData>
	</SchemaData></ExtendedData>
      <LineString><coordinates>79.2033032452751,14.2970288044423 79.203486650509,14.297003426337 79.2036699707735,14.2969775124451 79.2038526695884,14.2969476799095 79.2040353683719,14.2969178472277 79.20421617092,14.2968789658459 79.2043974206823,14.2968534283999</coordinates></LineString>
  </Placemark>
  <Placemark id="damage_d3d_roads.280">
	<Style><LineStyle><color>ff0000ff</color></LineStyle><PolyStyle><fill>0</fill></PolyStyle></Style>
	<ExtendedData><SchemaData schemaUrl="#damage_d3d_roads">
		<SimpleData name="osm_id">1217956150</SimpleData>
		<SimpleData name="type">secondary</SimpleData>
		<SimpleData name="depth_cls">0.5-1.5 m</SimpleData>
		<SimpleData name="max_depth">1.41</SimpleData>
		<SimpleData name="length_m">40</SimpleData>
	</SchemaData></ExtendedData>
      <LineString><coordinates>79.2043974206823,14.2968534283999 79.2045817457476,14.2968713835168 79.2047245341013,14.2969802340147</coordinates></LineString>
  </Placemark>
  <Placemark id="damage_d3d_roads.281">
	<Style><LineStyle><color>ff0000ff</color></LineStyle><PolyStyle><fill>0</fill></PolyStyle></Style>
	<ExtendedData><SchemaData schemaUrl="#damage_d3d_roads">
		<SimpleData name="osm_id">1217956150</SimpleData>
		<SimpleData name="type">secondary</SimpleData>
		<SimpleData name="depth_cls">&gt;1.5 m</SimpleData>
		<SimpleData name="max_depth">3.11</SimpleData>
		<SimpleData name="length_m">40</SimpleData>
	</SchemaData></ExtendedData>
      <LineString><coordinates>79.204998411881,14.2972235367049 79.2051569517946,14.2973122107883 79.2053277483652,14.2973821470574</coordinates></LineString>
  </Placemark>
  <Placemark id="damage_d3d_roads.282">
	<Style><LineStyle><color>ff0000ff</color></LineStyle><PolyStyle><fill>0</fill></PolyStyle></Style>
	<ExtendedData><SchemaData schemaUrl="#damage_d3d_roads">
		<SimpleData name="osm_id">1217956150</SimpleData>
		<SimpleData name="type">secondary</SimpleData>
		<SimpleData name="depth_cls">0.1-0.5 m</SimpleData>
		<SimpleData name="max_depth">0.47</SimpleData>
		<SimpleData name="length_m">40</SimpleData>
	</SchemaData></ExtendedData>
      <LineString><coordinates>79.2080555181851,14.2975624221528 79.2082370646602,14.2975265135009 79.2084186110939,14.2974906047035</coordinates></LineString>
  </Placemark>
  <Placemark id="damage_d3d_roads.283">
	<Style><LineStyle><color>ff0000ff</color></LineStyle><PolyStyle><fill>0</fill></PolyStyle></Style>
	<ExtendedData><SchemaData schemaUrl="#damage_d3d_roads">
		<SimpleData name="osm_id">1217956150</SimpleData>
		<SimpleData name="type">secondary</SimpleData>
		<SimpleData name="depth_cls">&gt;1.5 m</SimpleData>
		<SimpleData name="max_depth">4.65</SimpleData>
		<SimpleData name="length_m">199.9</SimpleData>
	</SchemaData></ExtendedData>
      <LineString><coordinates>79.2088920277855,14.297851139326 79.2089725494673,14.2980138225584 79.2090945943871,14.2981492886977 79.2092186679969,14.2982834251425 79.209342741752,14.2984175615382 79.2094668156526,14.2985516978849 79.2096335303173,14.2986201134512 79.2098146226628,14.2985820821434 79.2099957149636,14.2985440506904 79.210177480476,14.2985093069233 79.2103090114154,14.2986178054353</coordinates></LineString>
  </Placemark>
  <Placemark id="damage_d3d_roads.284">
	<Style><LineStyle><color>ff0000ff</color></LineStyle><PolyStyle><fill>0</fill></PolyStyle></Style>
	<ExtendedData><SchemaData schemaUrl="#damage_d3d_roads">
		<SimpleData name="osm_id">1450188476</SimpleData>
		<SimpleData name="type">residential</SimpleData>
		<SimpleData name="depth_cls">&gt;1.5 m</SimpleData>
		<SimpleData name="max_depth">2.52</SimpleData>
		<SimpleData name="length_m">39.8</SimpleData>
	</SchemaData></ExtendedData>
      <LineString><coordinates>79.2053589730979,14.2975198278759 79.2054439463058,14.2976794557334 79.2055289196236,14.2978390835724</coordinates></LineString>
  </Placemark>
  <Placemark id="damage_d3d_roads.285">
	<Style><LineStyle><color>ff0000ff</color></LineStyle><PolyStyle><fill>0</fill></PolyStyle></Style>
	<ExtendedData><SchemaData schemaUrl="#damage_d3d_roads">
		<SimpleData name="osm_id">1450188476</SimpleData>
		<SimpleData name="type">residential</SimpleData>
		<SimpleData name="depth_cls">0.1-0.5 m</SimpleData>
		<SimpleData name="max_depth">0.32</SimpleData>
		<SimpleData name="length_m">19.9</SimpleData>
	</SchemaData></ExtendedData>
      <LineString><coordinates>79.2055289196236,14.2978390835724 79.2056138930512,14.2979987113931</coordinates></LineString>
  </Placemark>
  <Placemark id="damage_d3d_roads.286">
	<Style><LineStyle><color>ff0000ff</color></LineStyle><PolyStyle><fill>0</fill></PolyStyle></Style>
	<ExtendedData><SchemaData schemaUrl="#damage_d3d_roads">
		<SimpleData name="osm_id">1450188476</SimpleData>
		<SimpleData name="type">residential</SimpleData>
		<SimpleData name="depth_cls">&gt;1.5 m</SimpleData>
		<SimpleData name="max_depth">2.37</SimpleData>
		<SimpleData name="length_m">19.9</SimpleData>
	</SchemaData></ExtendedData>
      <LineString><coordinates>79.2058044849969,14.2989147360035 79.2056335378539,14.2989822525562</coordinates></LineString>
  </Placemark>
  <Placemark id="damage_d3d_roads.287">
	<Style><LineStyle><color>ff0000ff</color></LineStyle><PolyStyle><fill>0</fill></PolyStyle></Style>
	<ExtendedData><SchemaData schemaUrl="#damage_d3d_roads">
		<SimpleData name="osm_id">1450188476</SimpleData>
		<SimpleData name="type">residential</SimpleData>
		<SimpleData name="depth_cls">0.5-1.5 m</SimpleData>
		<SimpleData name="max_depth">1.46</SimpleData>
		<SimpleData name="length_m">59.7</SimpleData>
	</SchemaData></ExtendedData>
      <LineString><coordinates>79.2056335378539,14.2989822525562 79.2054625906214,14.2990497689738 79.2052934129894,14.2991209541493 79.2051310705753,14.2992063100764</coordinates></LineString>
  </Placemark>
  <Placemark id="damage_d3d_roads.288">
	<Style><LineStyle><color>ff0000ff</color></LineStyle><PolyStyle><fill>0</fill></PolyStyle></Style>
	<ExtendedData><SchemaData schemaUrl="#damage_d3d_roads">
		<SimpleData name="osm_id">1450188476</SimpleData>
		<SimpleData name="type">residential</SimpleData>
		<SimpleData name="depth_cls">&gt;1.5 m</SimpleData>
		<SimpleData name="max_depth">5.36</SimpleData>
		<SimpleData name="length_m">696.5</SimpleData>
	</SchemaData></ExtendedData>
      <LineString><coordinates>79.2051310705753,14.2992063100764 79.2050124847012,14.299332020172 79.205007768435,14.2994999775564 79.2050615427307,14.299672016668 79.2051153170938,14.2998440557746 79.2051315582833,14.300023100437 79.2051290347644,14.3002018949502 79.2051043257437,14.3003801269143 79.2050796166671,14.3005583588688 79.2050272944064,14.3007279024806 79.2049405156592,14.3008866045283 79.2048537367804,14.3010453065281 79.2047679366054,14.3012044903534 79.2046885167414,14.301366815176 79.2046090967523,14.3015291399566 79.2045545812321,14.3016959232852 79.2045696930565,14.3018751717662 79.2045214383647,14.3020446439317 79.2044503192141,14.302210588507 79.2043153908569,14.3023326205808 79.2041788816426,14.3024535647354 79.2040149192759,14.3025182057707 79.2038325552476,14.3025451070415 79.2036496671548,14.302563772964 79.2034652915701,14.3025590628576 79.2033590711659,14.3026174733697 79.2033981604144,14.3027932408189 79.2034372497077,14.3029690082664 79.203479264403,14.303144124302 79.2034479997655,14.3033136931606 79.2033792258584,14.3034805751068 79.203310451837,14.303647457019 79.2032416777014,14.3038143388972 79.2031729034514,14.3039812207414 79.2031011686051,14.3041468668073 79.2030248169549,14.3043105857702</coordinates></LineString>
  </Placemark>
  <Placemark id="damage_d3d_roads.289">
	<Style><LineStyle><color>ff0000ff</color></LineStyle><PolyStyle><fill>0</fill></PolyStyle></Style>
	<ExtendedData><SchemaData schemaUrl="#damage_d3d_roads">
		<SimpleData name="osm_id">1450188476</SimpleData>
		<SimpleData name="type">residential</SimpleData>
		<SimpleData name="depth_cls">0.5-1.5 m</SimpleData>
		<SimpleData name="max_depth">1.01</SimpleData>
		<SimpleData name="length_m">19.9</SimpleData>
	</SchemaData></ExtendedData>
      <LineString><coordinates>79.2030248169549,14.3043105857702 79.2029484651824,14.3044743046935</coordinates></LineString>
  </Placemark>
  <Placemark id="damage_d3d_roads.290">
	<Style><LineStyle><color>ff0000ff</color></LineStyle><PolyStyle><fill>0</fill></PolyStyle></Style>
	<ExtendedData><SchemaData schemaUrl="#damage_d3d_roads">
		<SimpleData name="osm_id">1450188476</SimpleData>
		<SimpleData name="type">residential</SimpleData>
		<SimpleData name="depth_cls">&gt;1.5 m</SimpleData>
		<SimpleData name="max_depth">1.55</SimpleData>
		<SimpleData name="length_m">39.8</SimpleData>
	</SchemaData></ExtendedData>
      <LineString><coordinates>79.2029484651824,14.3044743046935 79.2028721132877,14.3046380235772 79.2027704149069,14.304786792312</coordinates></LineString>
  </Placemark>
  <Placemark id="damage_d3d_roads.291">
	<Style><LineStyle><color>ff0000ff</color></LineStyle><PolyStyle><fill>0</fill></PolyStyle></Style>
	<ExtendedData><SchemaData schemaUrl="#damage_d3d_roads">
		<SimpleData name="osm_id">1450188479</SimpleData>
		<SimpleData name="type">residential</SimpleData>
		<SimpleData name="depth_cls">0.5-1.5 m</SimpleData>
		<SimpleData name="max_depth">1.09</SimpleData>
		<SimpleData name="length_m">19.7</SimpleData>
	</SchemaData></ExtendedData>
      <LineString><coordinates>79.1937328269446,14.30798658862 79.1938973396995,14.3079227955879</coordinates></LineString>
  </Placemark>
  <Placemark id="damage_d3d_roads.292">
	<Style><LineStyle><color>ff0000ff</color></LineStyle><PolyStyle><fill>0</fill></PolyStyle></Style>
	<ExtendedData><SchemaData schemaUrl="#damage_d3d_roads">
		<SimpleData name="osm_id">1450188479</SimpleData>
		<SimpleData name="type">residential</SimpleData>
		<SimpleData name="depth_cls">&gt;1.5 m</SimpleData>
		<SimpleData name="max_depth">2.61</SimpleData>
		<SimpleData name="length_m">98.3</SimpleData>
	</SchemaData></ExtendedData>
      <LineString><coordinates>79.1938973396995,14.3079227955879 79.1940725671954,14.307874029902 79.1942477946302,14.3078252640777 79.1944230220041,14.3077764981151 79.1945831752124,14.3076927519098 79.1947415298085,14.3076048320858</coordinates></LineString>
  </Placemark>
  <Placemark id="damage_d3d_roads.293">
	<Style><LineStyle><color>ff0000ff</color></LineStyle><PolyStyle><fill>0</fill></PolyStyle></Style>
	<ExtendedData><SchemaData schemaUrl="#damage_d3d_roads">
		<SimpleData name="osm_id">1450188479</SimpleData>
		<SimpleData name="type">residential</SimpleData>
		<SimpleData name="depth_cls">0.5-1.5 m</SimpleData>
		<SimpleData name="max_depth">1.32</SimpleData>
		<SimpleData name="length_m">19.7</SimpleData>
	</SchemaData></ExtendedData>
      <LineString><coordinates>79.1947415298085,14.3076048320858 79.1948998842903,14.3075169121411</coordinates></LineString>
  </Placemark>
  <Placemark id="damage_d3d_roads.294">
	<Style><LineStyle><color>ff0000ff</color></LineStyle><PolyStyle><fill>0</fill></PolyStyle></Style>
	<ExtendedData><SchemaData schemaUrl="#damage_d3d_roads">
		<SimpleData name="osm_id">1450188479</SimpleData>
		<SimpleData name="type">residential</SimpleData>
		<SimpleData name="depth_cls">&gt;1.5 m</SimpleData>
		<SimpleData name="max_depth">3.52</SimpleData>
		<SimpleData name="length_m">235.9</SimpleData>
	</SchemaData></ExtendedData>
      <LineString><coordinates>79.1948998842903,14.3075169121411 79.1950582386575,14.3074289920757 79.1952269143386,14.3073784330044 79.1954091315025,14.3073768908237 79.1955913486813,14.307375348503 79.1957735658748,14.3073738060422 79.195955783083,14.3073722634413 79.1961372219957,14.3073869902548 79.1963185006699,14.3074050674119 79.1964989222576,14.3074172965707 79.1966677500316,14.3073504259349 79.1968365777181,14.307283555167 79.1970054053169,14.307216684267</coordinates></LineString>
  </Placemark>
  <Placemark id="damage_d3d_roads.295">
	<Style><LineStyle><color>ff0000ff</color></LineStyle><PolyStyle><fill>0</fill></PolyStyle></Style>
	<ExtendedData><SchemaData schemaUrl="#damage_d3d_roads">
		<SimpleData name="osm_id">1450465877</SimpleData>
		<SimpleData name="type">residential</SimpleData>
		<SimpleData name="depth_cls">0.5-1.5 m</SimpleData>
		<SimpleData name="max_depth">0.75</SimpleData>
		<SimpleData name="length_m">39.3</SimpleData>
	</SchemaData></ExtendedData>
      <LineString><coordinates>79.208628261944,14.2969561350812 79.208548930875,14.2967962776565 79.2084695999076,14.2966364202164</coordinates></LineString>
  </Placemark>
  <Placemark id="damage_d3d_roads.296">
	<Style><LineStyle><color>ff0000ff</color></LineStyle><PolyStyle><fill>0</fill></PolyStyle></Style>
	<ExtendedData><SchemaData schemaUrl="#damage_d3d_roads">
		<SimpleData name="osm_id">1450465877</SimpleData>
		<SimpleData name="type">residential</SimpleData>
		<SimpleData name="depth_cls">0.1-0.5 m</SimpleData>
		<SimpleData name="max_depth">0.47</SimpleData>
		<SimpleData name="length_m">19.7</SimpleData>
	</SchemaData></ExtendedData>
      <LineString><coordinates>79.2084695999076,14.2966364202164 79.2083980430069,14.2964742356747</coordinates></LineString>
  </Placemark>
  <Placemark id="damage_d3d_roads.297">
	<Style><LineStyle><color>ff0000ff</color></LineStyle><PolyStyle><fill>0</fill></PolyStyle></Style>
	<ExtendedData><SchemaData schemaUrl="#damage_d3d_roads">
		<SimpleData name="osm_id">1450465877</SimpleData>
		<SimpleData name="type">residential</SimpleData>
		<SimpleData name="depth_cls">0.5-1.5 m</SimpleData>
		<SimpleData name="max_depth">1.17</SimpleData>
		<SimpleData name="length_m">78.6</SimpleData>
	</SchemaData></ExtendedData>
      <LineString><coordinates>79.2083980430069,14.2964742356747 79.2083717357785,14.2962985059469 79.2083454285746,14.2961227762186 79.2083191213953,14.2959470464896 79.2082608086475,14.2957795917143</coordinates></LineString>
  </Placemark>
  <Placemark id="damage_d3d_roads.298">
	<Style><LineStyle><color>ff0000ff</color></LineStyle><PolyStyle><fill>0</fill></PolyStyle></Style>
	<ExtendedData><SchemaData schemaUrl="#damage_d3d_roads">
		<SimpleData name="osm_id">1450465877</SimpleData>
		<SimpleData name="type">residential</SimpleData>
		<SimpleData name="depth_cls">&gt;1.5 m</SimpleData>
		<SimpleData name="max_depth">2.55</SimpleData>
		<SimpleData name="length_m">59</SimpleData>
	</SchemaData></ExtendedData>
      <LineString><coordinates>79.2082608086475,14.2957795917143 79.2081943802687,14.295614235224 79.2081279519744,14.2954488787243 79.2080615237648,14.2952835222152</coordinates></LineString>
  </Placemark>
  <Placemark id="damage_d3d_roads.299">
	<Style><LineStyle><color>ff0000ff</color></LineStyle><PolyStyle><fill>0</fill></PolyStyle></Style>
	<ExtendedData><SchemaData schemaUrl="#damage_d3d_roads">
		<SimpleData name="osm_id">1450465877</SimpleData>
		<SimpleData name="type">residential</SimpleData>
		<SimpleData name="depth_cls">0.5-1.5 m</SimpleData>
		<SimpleData name="max_depth">1.24</SimpleData>
		<SimpleData name="length_m">39.3</SimpleData>
	</SchemaData></ExtendedData>
      <LineString><coordinates>79.2080615237648,14.2952835222152 79.2079950956397,14.2951181656966 79.2079286675993,14.2949528091687</coordinates></LineString>
  </Placemark>
  <Placemark id="damage_d3d_roads.300">
	<Style><LineStyle><color>ff0000ff</color></LineStyle><PolyStyle><fill>0</fill></PolyStyle></Style>
	<ExtendedData><SchemaData schemaUrl="#damage_d3d_roads">
		<SimpleData name="osm_id">1450465877</SimpleData>
		<SimpleData name="type">residential</SimpleData>
		<SimpleData name="depth_cls">&gt;1.5 m</SimpleData>
		<SimpleData name="max_depth">2.82</SimpleData>
		<SimpleData name="length_m">39.3</SimpleData>
	</SchemaData></ExtendedData>
      <LineString><coordinates>79.2069198878935,14.2925738376349 79.2068556753864,14.292419403423 79.2068255350329,14.2922442602835</coordinates></LineString>
  </Placemark>
  <Placemark id="damage_d3d_roads.301">
	<Style><LineStyle><color>ff0000ff</color></LineStyle><PolyStyle><fill>0</fill></PolyStyle></Style>
	<ExtendedData><SchemaData schemaUrl="#damage_d3d_roads">
		<SimpleData name="osm_id">1450465877</SimpleData>
		<SimpleData name="type">residential</SimpleData>
		<SimpleData name="depth_cls">0.5-1.5 m</SimpleData>
		<SimpleData name="max_depth">0.52</SimpleData>
		<SimpleData name="length_m">19.7</SimpleData>
	</SchemaData></ExtendedData>
      <LineString><coordinates>79.2067122396177,14.291909471188 79.206638614424,14.2917470394867</coordinates></LineString>
  </Placemark>
  <Placemark id="damage_d3d_roads.302">
	<Style><LineStyle><color>ff0000ff</color></LineStyle><PolyStyle><fill>0</fill></PolyStyle></Style>
	<ExtendedData><SchemaData schemaUrl="#damage_d3d_roads">
		<SimpleData name="osm_id">1450465877</SimpleData>
		<SimpleData name="type">residential</SimpleData>
		<SimpleData name="depth_cls">0.5-1.5 m</SimpleData>
		<SimpleData name="max_depth">0.56</SimpleData>
		<SimpleData name="length_m">19.7</SimpleData>
	</SchemaData></ExtendedData>
      <LineString><coordinates>79.2059508471815,14.2902967390647 79.2058689290425,14.2901381286529</coordinates></LineString>
  </Placemark>
  <Placemark id="damage_d3d_roads.303">
	<Style><LineStyle><color>ff0000ff</color></LineStyle><PolyStyle><fill>0</fill></PolyStyle></Style>
	<ExtendedData><SchemaData schemaUrl="#damage_d3d_roads">
		<SimpleData name="osm_id">1450465877</SimpleData>
		<SimpleData name="type">residential</SimpleData>
		<SimpleData name="depth_cls">0.1-0.5 m</SimpleData>
		<SimpleData name="max_depth">0.39</SimpleData>
		<SimpleData name="length_m">19.7</SimpleData>
	</SchemaData></ExtendedData>
      <LineString><coordinates>79.2058689290425,14.2901381286529 79.2057870110083,14.2899795182243</coordinates></LineString>
  </Placemark>
  <Placemark id="damage_d3d_roads.304">
	<Style><LineStyle><color>ff0000ff</color></LineStyle><PolyStyle><fill>0</fill></PolyStyle></Style>
	<ExtendedData><SchemaData schemaUrl="#damage_d3d_roads">
		<SimpleData name="osm_id">1450465877</SimpleData>
		<SimpleData name="type">residential</SimpleData>
		<SimpleData name="depth_cls">0.5-1.5 m</SimpleData>
		<SimpleData name="max_depth">1.35</SimpleData>
		<SimpleData name="length_m">39.3</SimpleData>
	</SchemaData></ExtendedData>
      <LineString><coordinates>79.2057870110083,14.2899795182243 79.2057050930787,14.2898209077789 79.2056205946301,14.2896636241664</coordinates></LineString>
  </Placemark>
  <Placemark id="damage_d3d_roads.305">
	<Style><LineStyle><color>ff0000ff</color></LineStyle><PolyStyle><fill>0</fill></PolyStyle></Style>
	<ExtendedData><SchemaData schemaUrl="#damage_d3d_roads">
		<SimpleData name="osm_id">1450465877</SimpleData>
		<SimpleData name="type">residential</SimpleData>
		<SimpleData name="depth_cls">&gt;1.5 m</SimpleData>
		<SimpleData name="max_depth">1.81</SimpleData>
		<SimpleData name="length_m">19.7</SimpleData>
	</SchemaData></ExtendedData>
      <LineString><coordinates>79.2056205946301,14.2896636241664 79.2055326754806,14.2895080993737</coordinates></LineString>
  </Placemark>
  <Placemark id="damage_d3d_roads.306">
	<Style><LineStyle><color>ff0000ff</color></LineStyle><PolyStyle><fill>0</fill></PolyStyle></Style>
	<ExtendedData><SchemaData schemaUrl="#damage_d3d_roads">
		<SimpleData name="osm_id">1217956157</SimpleData>
		<SimpleData name="type">unclassified</SimpleData>
		<SimpleData name="depth_cls">&gt;1.5 m</SimpleData>
		<SimpleData name="max_depth">2.07</SimpleData>
		<SimpleData name="length_m">20</SimpleData>
	</SchemaData></ExtendedData>
      <LineString><coordinates>79.2114921141216,14.2997106790503 79.2116735014933,14.2996749959261</coordinates></LineString>
  </Placemark>
  <Placemark id="damage_d3d_roads.307">
	<Style><LineStyle><color>ff0000ff</color></LineStyle><PolyStyle><fill>0</fill></PolyStyle></Style>
	<ExtendedData><SchemaData schemaUrl="#damage_d3d_roads">
		<SimpleData name="osm_id">1217956157</SimpleData>
		<SimpleData name="type">unclassified</SimpleData>
		<SimpleData name="depth_cls">0.1-0.5 m</SimpleData>
		<SimpleData name="max_depth">0.4</SimpleData>
		<SimpleData name="length_m">40</SimpleData>
	</SchemaData></ExtendedData>
      <LineString><coordinates>79.2116735014933,14.2996749959261 79.2118521147942,14.2996273786761 79.212030728035,14.2995797612828</coordinates></LineString>
  </Placemark>
  <Placemark id="damage_d3d_roads.308">
	<Style><LineStyle><color>ff0000ff</color></LineStyle><PolyStyle><fill>0</fill></PolyStyle></Style>
	<ExtendedData><SchemaData schemaUrl="#damage_d3d_roads">
		<SimpleData name="osm_id">1217956157</SimpleData>
		<SimpleData name="type">unclassified</SimpleData>
		<SimpleData name="depth_cls">0.5-1.5 m</SimpleData>
		<SimpleData name="max_depth">0.79</SimpleData>
		<SimpleData name="length_m">20</SimpleData>
	</SchemaData></ExtendedData>
      <LineString><coordinates>79.2125623274286,14.2994250553843 79.2127395244237,14.2993771072008</coordinates></LineString>
  </Placemark>
  <Placemark id="damage_d3d_roads.309">
	<Style><LineStyle><color>ff0000ff</color></LineStyle><PolyStyle><fill>0</fill></PolyStyle></Style>
	<ExtendedData><SchemaData schemaUrl="#damage_d3d_roads">
		<SimpleData name="osm_id">1450188480</SimpleData>
		<SimpleData name="type">residential</SimpleData>
		<SimpleData name="depth_cls">&gt;1.5 m</SimpleData>
		<SimpleData name="max_depth">5.7</SimpleData>
		<SimpleData name="length_m">455.9</SimpleData>
	</SchemaData></ExtendedData>
      <LineString><coordinates>79.2045737,14.3019227 79.204753583758,14.3019591355347 79.20493346759,14.30199557094 79.2051149623014,14.3019911476385 79.2052971838743,14.30196828699 79.2054794054272,14.3019454261973 79.2056616269601,14.3019225652607 79.2058438484729,14.3018997041799 79.206027326559,14.3019012280253 79.2062109803529,14.3019061610222 79.2063930755986,14.3019239896763 79.2065728735988,14.3019608263409 79.2067108343262,14.3020604928521 79.206818491403,14.3022056685329 79.2069261486127,14.3023508441795 79.2069946575108,14.3025163479471 79.2070580929602,14.3026844861792 79.2072328471117,14.3026319180126 79.2074081426185,14.3025782762507 79.2075838142096,14.3025258619813 79.2077605543848,14.3024769352641 79.2079372944983,14.3024280084063 79.2081139479608,14.302378837736 79.2082838392318,14.3023106375564</coordinates></LineString>
  </Placemark>
  <Placemark id="damage_d3d_roads.310">
	<Style><LineStyle><color>ff0000ff</color></LineStyle><PolyStyle><fill>0</fill></PolyStyle></Style>
	<ExtendedData><SchemaData schemaUrl="#damage_d3d_roads">
		<SimpleData name="osm_id">1450188480</SimpleData>
		<SimpleData name="type">residential</SimpleData>
		<SimpleData name="depth_cls">0.5-1.5 m</SimpleData>
		<SimpleData name="max_depth">1.21</SimpleData>
		<SimpleData name="length_m">19.8</SimpleData>
	</SchemaData></ExtendedData>
      <LineString><coordinates>79.2084537304125,14.302242437243 79.2086236215031,14.3021742367959</coordinates></LineString>
  </Placemark>
  <Placemark id="damage_d3d_roads.311">
	<Style><LineStyle><color>ff0000ff</color></LineStyle><PolyStyle><fill>0</fill></PolyStyle></Style>
	<ExtendedData><SchemaData schemaUrl="#damage_d3d_roads">
		<SimpleData name="osm_id">1450188480</SimpleData>
		<SimpleData name="type">residential</SimpleData>
		<SimpleData name="depth_cls">0.1-0.5 m</SimpleData>
		<SimpleData name="max_depth">0.17</SimpleData>
		<SimpleData name="length_m">39.6</SimpleData>
	</SchemaData></ExtendedData>
      <LineString><coordinates>79.2086236215031,14.3021742367959 79.2087935125035,14.3021060362149 79.2089634034136,14.3020378355002</coordinates></LineString>
  </Placemark>
  <Placemark id="damage_d3d_roads.312">
	<Style><LineStyle><color>ff0000ff</color></LineStyle><PolyStyle><fill>0</fill></PolyStyle></Style>
	<ExtendedData><SchemaData schemaUrl="#damage_d3d_roads">
		<SimpleData name="osm_id">1217956163</SimpleData>
		<SimpleData name="type">tertiary</SimpleData>
		<SimpleData name="depth_cls">0.5-1.5 m</SimpleData>
		<SimpleData name="max_depth">0.7</SimpleData>
		<SimpleData name="length_m">39.8</SimpleData>
	</SchemaData></ExtendedData>
      <LineString><coordinates>79.213127878656,14.3013805531925 79.2132640657502,14.3012597130318 79.2133908621863,14.3011288267316</coordinates></LineString>
  </Placemark>
  <Placemark id="damage_d3d_roads.313">
	<Style><LineStyle><color>ff0000ff</color></LineStyle><PolyStyle><fill>0</fill></PolyStyle></Style>
	<ExtendedData><SchemaData schemaUrl="#damage_d3d_roads">
		<SimpleData name="osm_id">1217956163</SimpleData>
		<SimpleData name="type">tertiary</SimpleData>
		<SimpleData name="depth_cls">0.1-0.5 m</SimpleData>
		<SimpleData name="max_depth">0.24</SimpleData>
		<SimpleData name="length_m">39.8</SimpleData>
	</SchemaData></ExtendedData>
      <LineString><coordinates>79.2136444546147,14.3008670538729 79.213771250607,14.3007361673144 79.2139071830249,14.3006147205608</coordinates></LineString>
  </Placemark>
  <Placemark id="damage_d3d_roads.314">
	<Style><LineStyle><color>ff0000ff</color></LineStyle><PolyStyle><fill>0</fill></PolyStyle></Style>
	<ExtendedData><SchemaData schemaUrl="#damage_d3d_roads">
		<SimpleData name="osm_id">1217956163</SimpleData>
		<SimpleData name="type">tertiary</SimpleData>
		<SimpleData name="depth_cls">0.5-1.5 m</SimpleData>
		<SimpleData name="max_depth">0.83</SimpleData>
		<SimpleData name="length_m">39.8</SimpleData>
	</SchemaData></ExtendedData>
      <LineString><coordinates>79.2143549807352,14.3002996203942 79.2145132218914,14.3002068400847 79.2146808792834,14.3001323521178</coordinates></LineString>
  </Placemark>
  <Placemark id="damage_d3d_roads.315">
	<name>Gattumidipalle Road</name>
	<Style><LineStyle><color>ff0000ff</color></LineStyle><PolyStyle><fill>0</fill></PolyStyle></Style>
	<ExtendedData><SchemaData schemaUrl="#damage_d3d_roads">
		<SimpleData name="osm_id">1217956154</SimpleData>
		<SimpleData name="type">tertiary</SimpleData>
		<SimpleData name="depth_cls">0.1-0.5 m</SimpleData>
		<SimpleData name="max_depth">0.37</SimpleData>
		<SimpleData name="length_m">79.5</SimpleData>
	</SchemaData></ExtendedData>
      <LineString><coordinates>79.2167189325191,14.3109873553368 79.2169031233702,14.3109842543017 79.2170873142336,14.3109811531231 79.2172715051094,14.3109780518011 79.2174556959976,14.3109749503357</coordinates></LineString>
  </Placemark>
  <Placemark id="damage_d3d_roads.316">
	<name>Gattumidipalle Road</name>
	<Style><LineStyle><color>ff0000ff</color></LineStyle><PolyStyle><fill>0</fill></PolyStyle></Style>
	<ExtendedData><SchemaData schemaUrl="#damage_d3d_roads">
		<SimpleData name="osm_id">1217956154</SimpleData>
		<SimpleData name="type">tertiary</SimpleData>
		<SimpleData name="depth_cls">0.5-1.5 m</SimpleData>
		<SimpleData name="max_depth">0.56</SimpleData>
		<SimpleData name="length_m">39.8</SimpleData>
	</SchemaData></ExtendedData>
      <LineString><coordinates>79.2174556959976,14.3109749503357 79.2176398868981,14.3109718487268 79.2178240009164,14.3109669319809</coordinates></LineString>
  </Placemark>
  <Placemark id="damage_d3d_roads.317">
	<name>Gattumidipalle Road</name>
	<Style><LineStyle><color>ff0000ff</color></LineStyle><PolyStyle><fill>0</fill></PolyStyle></Style>
	<ExtendedData><SchemaData schemaUrl="#damage_d3d_roads">
		<SimpleData name="osm_id">1217956154</SimpleData>
		<SimpleData name="type">tertiary</SimpleData>
		<SimpleData name="depth_cls">0.1-0.5 m</SimpleData>
		<SimpleData name="max_depth">0.38</SimpleData>
		<SimpleData name="length_m">19.9</SimpleData>
	</SchemaData></ExtendedData>
      <LineString><coordinates>79.2178240009164,14.3109669319809 79.2180078265914,14.3109552090375</coordinates></LineString>
  </Placemark>
  <Placemark id="damage_d3d_roads.318">
	<Style><LineStyle><color>ff0000ff</color></LineStyle><PolyStyle><fill>0</fill></PolyStyle></Style>
	<ExtendedData><SchemaData schemaUrl="#damage_d3d_roads">
		<SimpleData name="osm_id">1219736123</SimpleData>
		<SimpleData name="type">secondary</SimpleData>
		<SimpleData name="depth_cls">&gt;1.5 m</SimpleData>
		<SimpleData name="max_depth">6.33</SimpleData>
		<SimpleData name="length_m">954.4</SimpleData>
	</SchemaData></ExtendedData>
      <LineString><coordinates>79.2228033867176,14.2944431829253 79.2227499315517,14.294271217525 79.2227108876745,14.2940969587916 79.2227055088983,14.2939173427663 79.2227001301134,14.2937377267394 79.2226947513197,14.2935581107107 79.2226893725172,14.2933784946803 79.2226839937058,14.2931988786482 79.2226786148857,14.2930192626144 79.2226732360567,14.2928396465789 79.222667857219,14.2926600305417 79.2226624783725,14.2924804145027 79.2226570995171,14.2923007984621 79.2226525991703,14.2921211635802 79.2226498760035,14.2919414905847 79.2226471528236,14.2917618175872 79.2226444296307,14.2915821445876 79.2226417064247,14.2914024715858 79.2226389832057,14.291222798582 79.2226362599737,14.291043125576 79.2226335350385,14.2908634525923 79.222630808137,14.2906837796347 79.2226280812224,14.290504106675 79.2226276288689,14.2903244286287 79.2226295111094,14.2901447453609 79.2226313933296,14.2899650620902 79.2226332755294,14.2897853788166 79.2226351577089,14.28960569554 79.2226370398679,14.2894260122605 79.2226389220066,14.2892463289781 79.222640804125,14.2890666456927 79.222642686223,14.2888869624044 79.2226445683006,14.2887072791131 79.2226464503579,14.2885275958189 79.2226498809755,14.2883479794426 79.222664304023,14.2881688380934 79.2226787270305,14.2879896967381 79.222693149998,14.2878105553767 79.2227075729255,14.2876314140092 79.222721995813,14.2874522726356 79.2227364186604,14.287273131256 79.2227508414679,14.2870939898703 79.2227652642354,14.2869148484785 79.2227796869628,14.2867357070806 79.2227941096503,14.2865565656766 79.2228085322977,14.2863774242666 79.2228229549051,14.2861982828505 79.2228373774726,14.2860191414283 79.2228518,14.28584</coordinates></LineString>
  </Placemark>
  <Placemark id="damage_d3d_roads.319">
	<name>Gattumidipalle Village Road</name>
	<Style><LineStyle><color>ff0000ff</color></LineStyle><PolyStyle><fill>0</fill></PolyStyle></Style>
	<ExtendedData><SchemaData schemaUrl="#damage_d3d_roads">
		<SimpleData name="osm_id">1450188487</SimpleData>
		<SimpleData name="type">tertiary</SimpleData>
		<SimpleData name="depth_cls">&gt;1.5 m</SimpleData>
		<SimpleData name="max_depth">2.43</SimpleData>
		<SimpleData name="length_m">79.2</SimpleData>
	</SchemaData></ExtendedData>
      <LineString><coordinates>79.2258861905921,14.2986283026728 79.2260100635985,14.298760453218 79.2261339367481,14.2988926037139 79.226257810041,14.2990247541605 79.226377385279,14.2991604926784</coordinates></LineString>
  </Placemark>
  <Placemark id="damage_d3d_roads.320">
	<name>Gattumidipalle Village Road</name>
	<Style><LineStyle><color>ff0000ff</color></LineStyle><PolyStyle><fill>0</fill></PolyStyle></Style>
	<ExtendedData><SchemaData schemaUrl="#damage_d3d_roads">
		<SimpleData name="osm_id">1450188487</SimpleData>
		<SimpleData name="type">tertiary</SimpleData>
		<SimpleData name="depth_cls">0.5-1.5 m</SimpleData>
		<SimpleData name="max_depth">1.41</SimpleData>
		<SimpleData name="length_m">59.4</SimpleData>
	</SchemaData></ExtendedData>
      <LineString><coordinates>79.226377385279,14.2991604926784 79.2264921858964,14.299300217106 79.226606986652,14.299439941493 79.2267217875458,14.2995796658394</coordinates></LineString>
  </Placemark>
  <Placemark id="damage_d3d_roads.321">
	<name>Gattumidipalle Village Road</name>
	<Style><LineStyle><color>ff0000ff</color></LineStyle><PolyStyle><fill>0</fill></PolyStyle></Style>
	<ExtendedData><SchemaData schemaUrl="#damage_d3d_roads">
		<SimpleData name="osm_id">1450188487</SimpleData>
		<SimpleData name="type">tertiary</SimpleData>
		<SimpleData name="depth_cls">&gt;1.5 m</SimpleData>
		<SimpleData name="max_depth">3.14</SimpleData>
		<SimpleData name="length_m">19.8</SimpleData>
	</SchemaData></ExtendedData>
      <LineString><coordinates>79.2267217875458,14.2995796658394 79.2268365885778,14.2997193901451</coordinates></LineString>
  </Placemark>
  <Placemark id="damage_d3d_roads.322">
	<name>Gattumidipalle Village Road</name>
	<Style><LineStyle><color>ff0000ff</color></LineStyle><PolyStyle><fill>0</fill></PolyStyle></Style>
	<ExtendedData><SchemaData schemaUrl="#damage_d3d_roads">
		<SimpleData name="osm_id">1450188487</SimpleData>
		<SimpleData name="type">tertiary</SimpleData>
		<SimpleData name="depth_cls">0.5-1.5 m</SimpleData>
		<SimpleData name="max_depth">1.23</SimpleData>
		<SimpleData name="length_m">19.8</SimpleData>
	</SchemaData></ExtendedData>
      <LineString><coordinates>79.2268365885778,14.2997193901451 79.226951389748,14.2998591144102</coordinates></LineString>
  </Placemark>
  <Placemark id="damage_d3d_roads.323">
	<name>Gattumidipalle Village Road</name>
	<Style><LineStyle><color>ff0000ff</color></LineStyle><PolyStyle><fill>0</fill></PolyStyle></Style>
	<ExtendedData><SchemaData schemaUrl="#damage_d3d_roads">
		<SimpleData name="osm_id">1450188487</SimpleData>
		<SimpleData name="type">tertiary</SimpleData>
		<SimpleData name="depth_cls">&gt;1.5 m</SimpleData>
		<SimpleData name="max_depth">1.51</SimpleData>
		<SimpleData name="length_m">19.8</SimpleData>
	</SchemaData></ExtendedData>
      <LineString><coordinates>79.226951389748,14.2998591144102 79.2270661910564,14.2999988386346</coordinates></LineString>
  </Placemark>
  <Placemark id="damage_d3d_roads.324">
	<name>Gattumidipalle Village Road</name>
	<Style><LineStyle><color>ff0000ff</color></LineStyle><PolyStyle><fill>0</fill></PolyStyle></Style>
	<ExtendedData><SchemaData schemaUrl="#damage_d3d_roads">
		<SimpleData name="osm_id">1450188487</SimpleData>
		<SimpleData name="type">tertiary</SimpleData>
		<SimpleData name="depth_cls">0.5-1.5 m</SimpleData>
		<SimpleData name="max_depth">1.14</SimpleData>
		<SimpleData name="length_m">19.8</SimpleData>
	</SchemaData></ExtendedData>
      <LineString><coordinates>79.2270661910564,14.2999988386346 79.227180992503,14.3001385628184</coordinates></LineString>
  </Placemark>
  <Placemark id="damage_d3d_roads.325">
	<name>Gattumidipalle Village Road</name>
	<Style><LineStyle><color>ff0000ff</color></LineStyle><PolyStyle><fill>0</fill></PolyStyle></Style>
	<ExtendedData><SchemaData schemaUrl="#damage_d3d_roads">
		<SimpleData name="osm_id">1450188487</SimpleData>
		<SimpleData name="type">tertiary</SimpleData>
		<SimpleData name="depth_cls">&gt;1.5 m</SimpleData>
		<SimpleData name="max_depth">1.96</SimpleData>
		<SimpleData name="length_m">19.8</SimpleData>
	</SchemaData></ExtendedData>
      <LineString><coordinates>79.227180992503,14.3001385628184 79.2272957940878,14.3002782869616</coordinates></LineString>
  </Placemark>
  <Placemark id="damage_d3d_roads.326">
	<name>Gattumidipalle Village Road</name>
	<Style><LineStyle><color>ff0000ff</color></LineStyle><PolyStyle><fill>0</fill></PolyStyle></Style>
	<ExtendedData><SchemaData schemaUrl="#damage_d3d_roads">
		<SimpleData name="osm_id">1450188487</SimpleData>
		<SimpleData name="type">tertiary</SimpleData>
		<SimpleData name="depth_cls">0.5-1.5 m</SimpleData>
		<SimpleData name="max_depth">1.4</SimpleData>
		<SimpleData name="length_m">39.6</SimpleData>
	</SchemaData></ExtendedData>
      <LineString><coordinates>79.2272957940878,14.3002782869616 79.2274043030946,14.3004217763077 79.2274800466269,14.3005848709026</coordinates></LineString>
  </Placemark>
  <Placemark id="damage_d3d_roads.327">
	<name>Gattumidipalle Village Road</name>
	<Style><LineStyle><color>ff0000ff</color></LineStyle><PolyStyle><fill>0</fill></PolyStyle></Style>
	<ExtendedData><SchemaData schemaUrl="#damage_d3d_roads">
		<SimpleData name="osm_id">1450188487</SimpleData>
		<SimpleData name="type">tertiary</SimpleData>
		<SimpleData name="depth_cls">&gt;1.5 m</SimpleData>
		<SimpleData name="max_depth">1.8</SimpleData>
		<SimpleData name="length_m">19.8</SimpleData>
	</SchemaData></ExtendedData>
      <LineString><coordinates>79.2277583854681,14.3023457669193 79.2278184674953,14.3025149494044</coordinates></LineString>
  </Placemark>
  <Placemark id="damage_d3d_roads.328">
	<name>Gattumidipalle Village Road</name>
	<Style><LineStyle><color>ff0000ff</color></LineStyle><PolyStyle><fill>0</fill></PolyStyle></Style>
	<ExtendedData><SchemaData schemaUrl="#damage_d3d_roads">
		<SimpleData name="osm_id">1450188487</SimpleData>
		<SimpleData name="type">tertiary</SimpleData>
		<SimpleData name="depth_cls">0.5-1.5 m</SimpleData>
		<SimpleData name="max_depth">1</SimpleData>
		<SimpleData name="length_m">59.4</SimpleData>
	</SchemaData></ExtendedData>
      <LineString><coordinates>79.2278184674953,14.3025149494044 79.227873317853,14.3026857783897 79.2279259951398,14.3028572912885 79.2279682828798,14.3030296843131</coordinates></LineString>
  </Placemark>
  <Placemark id="damage_d3d_roads.329">
	<name>Gattumidipalle Village Road</name>
	<Style><LineStyle><color>ff0000ff</color></LineStyle><PolyStyle><fill>0</fill></PolyStyle></Style>
	<ExtendedData><SchemaData schemaUrl="#damage_d3d_roads">
		<SimpleData name="osm_id">1450188487</SimpleData>
		<SimpleData name="type">tertiary</SimpleData>
		<SimpleData name="depth_cls">&gt;1.5 m</SimpleData>
		<SimpleData name="max_depth">1.82</SimpleData>
		<SimpleData name="length_m">39.6</SimpleData>
	</SchemaData></ExtendedData>
      <LineString><coordinates>79.228094050743,14.3089227002409 79.2281815288092,14.30908011396 79.2282720547231,14.3092358472986</coordinates></LineString>
  </Placemark>
  <Placemark id="damage_d3d_roads.330">
	<name>Gattumidipalle Village Road</name>
	<Style><LineStyle><color>ff0000ff</color></LineStyle><PolyStyle><fill>0</fill></PolyStyle></Style>
	<ExtendedData><SchemaData schemaUrl="#damage_d3d_roads">
		<SimpleData name="osm_id">1450188487</SimpleData>
		<SimpleData name="type">tertiary</SimpleData>
		<SimpleData name="depth_cls">0.5-1.5 m</SimpleData>
		<SimpleData name="max_depth">0.78</SimpleData>
		<SimpleData name="length_m">19.8</SimpleData>
	</SchemaData></ExtendedData>
      <LineString><coordinates>79.2282720547231,14.3092358472986 79.2283652904743,14.3093900866178</coordinates></LineString>
  </Placemark>
  <Placemark id="damage_d3d_roads.331">
	<name>Gattumidipalle Village Road</name>
	<Style><LineStyle><color>ff0000ff</color></LineStyle><PolyStyle><fill>0</fill></PolyStyle></Style>
	<ExtendedData><SchemaData schemaUrl="#damage_d3d_roads">
		<SimpleData name="osm_id">1450188487</SimpleData>
		<SimpleData name="type">tertiary</SimpleData>
		<SimpleData name="depth_cls">&gt;1.5 m</SimpleData>
		<SimpleData name="max_depth">1.74</SimpleData>
		<SimpleData name="length_m">39.6</SimpleData>
	</SchemaData></ExtendedData>
      <LineString><coordinates>79.2283652904743,14.3093900866178 79.2284585263444,14.3095443259132 79.2285129031811,14.3097046336484</coordinates></LineString>
  </Placemark>
  <Placemark id="damage_d3d_roads.332">
	<name>Gattumidipalle Village Road</name>
	<Style><LineStyle><color>ff0000ff</color></LineStyle><PolyStyle><fill>0</fill></PolyStyle></Style>
	<ExtendedData><SchemaData schemaUrl="#damage_d3d_roads">
		<SimpleData name="osm_id">1450188487</SimpleData>
		<SimpleData name="type">tertiary</SimpleData>
		<SimpleData name="depth_cls">0.1-0.5 m</SimpleData>
		<SimpleData name="max_depth">0.4</SimpleData>
		<SimpleData name="length_m">39.6</SimpleData>
	</SchemaData></ExtendedData>
      <LineString><coordinates>79.2285129031811,14.3097046336484 79.2284737281922,14.3098795509425 79.2284345531269,14.3100544682207</coordinates></LineString>
  </Placemark>
  <Placemark id="damage_d3d_roads.333">
	<name>Gattumidipalle Village Road</name>
	<Style><LineStyle><color>ff0000ff</color></LineStyle><PolyStyle><fill>0</fill></PolyStyle></Style>
	<ExtendedData><SchemaData schemaUrl="#damage_d3d_roads">
		<SimpleData name="osm_id">1450188487</SimpleData>
		<SimpleData name="type">tertiary</SimpleData>
		<SimpleData name="depth_cls">&gt;1.5 m</SimpleData>
		<SimpleData name="max_depth">2.07</SimpleData>
		<SimpleData name="length_m">158.5</SimpleData>
	</SchemaData></ExtendedData>
      <LineString><coordinates>79.2283953779854,14.310229385483 79.2283562027675,14.3104043027295 79.2283170274733,14.31057921996 79.2282778521027,14.3107541371746 79.2282386766559,14.3109290543734 79.2281995011327,14.3111039715562 79.2281552355027,14.3112776906426 79.2281082627809,14.3114507725403 79.2280612899722,14.3116238544181</coordinates></LineString>
  </Placemark>
  <Placemark id="damage_d3d_roads.334">
	<name>Gattumidipalle Village Road</name>
	<Style><LineStyle><color>ff0000ff</color></LineStyle><PolyStyle><fill>0</fill></PolyStyle></Style>
	<ExtendedData><SchemaData schemaUrl="#damage_d3d_roads">
		<SimpleData name="osm_id">1450188487</SimpleData>
		<SimpleData name="type">tertiary</SimpleData>
		<SimpleData name="depth_cls">0.5-1.5 m</SimpleData>
		<SimpleData name="max_depth">1.5</SimpleData>
		<SimpleData name="length_m">99.1</SimpleData>
	</SchemaData></ExtendedData>
      <LineString><coordinates>79.2280612899722,14.3116238544181 79.2280143170766,14.3117969362758 79.227967344094,14.3119700181136 79.2279203710244,14.3121430999314 79.2278733978679,14.3123161817292 79.2278264246244,14.312489263507</coordinates></LineString>
  </Placemark>
  <Placemark id="damage_d3d_roads.335">
	<name>Gattumidipalle Village Road</name>
	<Style><LineStyle><color>ff0000ff</color></LineStyle><PolyStyle><fill>0</fill></PolyStyle></Style>
	<ExtendedData><SchemaData schemaUrl="#damage_d3d_roads">
		<SimpleData name="osm_id">1450188487</SimpleData>
		<SimpleData name="type">tertiary</SimpleData>
		<SimpleData name="depth_cls">0.5-1.5 m</SimpleData>
		<SimpleData name="max_depth">1.49</SimpleData>
		<SimpleData name="length_m">79.2</SimpleData>
	</SchemaData></ExtendedData>
      <LineString><coordinates>79.2272770556774,14.3131984475733 79.2271232501441,14.3131006572951 79.2269605125518,14.3130183249963 79.2267880132387,14.3129707441509 79.2266044,14.3129706</coordinates></LineString>
  </Placemark>
  <Placemark id="damage_d3d_roads.336">
	<name>Kunda Nellore Village Road</name>
	<Style><LineStyle><color>ff0000ff</color></LineStyle><PolyStyle><fill>0</fill></PolyStyle></Style>
	<ExtendedData><SchemaData schemaUrl="#damage_d3d_roads">
		<SimpleData name="osm_id">1450188488</SimpleData>
		<SimpleData name="type">tertiary</SimpleData>
		<SimpleData name="depth_cls">0.1-0.5 m</SimpleData>
		<SimpleData name="max_depth">0.4</SimpleData>
		<SimpleData name="length_m">99.2</SimpleData>
	</SchemaData></ExtendedData>
      <LineString><coordinates>79.2306136925471,14.3242167215281 79.2307770683293,14.3241345130977 79.230930255592,14.3240419412844 79.2310213981196,14.3238862600136 79.2311734249356,14.3238046473752 79.2313491057572,14.3237518108827</coordinates></LineString>
  </Placemark>
  <Placemark id="damage_d3d_roads.337">
	<name>Kunda Nellore Village Road</name>
	<Style><LineStyle><color>ff0000ff</color></LineStyle><PolyStyle><fill>0</fill></PolyStyle></Style>
	<ExtendedData><SchemaData schemaUrl="#damage_d3d_roads">
		<SimpleData name="osm_id">1450188488</SimpleData>
		<SimpleData name="type">tertiary</SimpleData>
		<SimpleData name="depth_cls">0.5-1.5 m</SimpleData>
		<SimpleData name="max_depth">0.53</SimpleData>
		<SimpleData name="length_m">39.7</SimpleData>
	</SchemaData></ExtendedData>
      <LineString><coordinates>79.2313491057572,14.3237518108827 79.2315247865107,14.3236989742504 79.231685063329,14.3236196568549</coordinates></LineString>
  </Placemark>
  <Placemark id="damage_d3d_roads.338">
	<name>Kunda Nellore Village Road</name>
	<Style><LineStyle><color>ff0000ff</color></LineStyle><PolyStyle><fill>0</fill></PolyStyle></Style>
	<ExtendedData><SchemaData schemaUrl="#damage_d3d_roads">
		<SimpleData name="osm_id">1450188488</SimpleData>
		<SimpleData name="type">tertiary</SimpleData>
		<SimpleData name="depth_cls">0.5-1.5 m</SimpleData>
		<SimpleData name="max_depth">1.26</SimpleData>
		<SimpleData name="length_m">138.8</SimpleData>
	</SchemaData></ExtendedData>
      <LineString><coordinates>79.2321837627364,14.3230961855745 79.2322896802147,14.3229497558766 79.2324318179291,14.3228438651137 79.2325947034444,14.3227607424943 79.2327603388071,14.322682953194 79.2329410227385,14.3226591344286 79.2331074634021,14.3227039063681 79.2332710818992,14.3227413557105</coordinates></LineString>
  </Placemark>
  <Placemark id="damage_d3d_roads.339">
	<name>Kunda Nellore Village Road</name>
	<Style><LineStyle><color>ff0000ff</color></LineStyle><PolyStyle><fill>0</fill></PolyStyle></Style>
	<ExtendedData><SchemaData schemaUrl="#damage_d3d_roads">
		<SimpleData name="osm_id">1450188488</SimpleData>
		<SimpleData name="type">tertiary</SimpleData>
		<SimpleData name="depth_cls">0.1-0.5 m</SimpleData>
		<SimpleData name="max_depth">0.4</SimpleData>
		<SimpleData name="length_m">39.7</SimpleData>
	</SchemaData></ExtendedData>
      <LineString><coordinates>79.2332710818992,14.3227413557105 79.2334506022629,14.3227026919079 79.2336292866144,14.322660851315</coordinates></LineString>
  </Placemark>
  <Placemark id="damage_d3d_roads.340">
	<name>Kunda Nellore Village Road</name>
	<Style><LineStyle><color>ff0000ff</color></LineStyle><PolyStyle><fill>0</fill></PolyStyle></Style>
	<ExtendedData><SchemaData schemaUrl="#damage_d3d_roads">
		<SimpleData name="osm_id">1450188488</SimpleData>
		<SimpleData name="type">tertiary</SimpleData>
		<SimpleData name="depth_cls">0.5-1.5 m</SimpleData>
		<SimpleData name="max_depth">0.7</SimpleData>
		<SimpleData name="length_m">19.8</SimpleData>
	</SchemaData></ExtendedData>
      <LineString><coordinates>79.2348120039955,14.3202541902531 79.2347917940821,14.3200760162474</coordinates></LineString>
  </Placemark>
  <Placemark id="damage_d3d_roads.341">
	<name>Kunda Nellore Village Road</name>
	<Style><LineStyle><color>ff0000ff</color></LineStyle><PolyStyle><fill>0</fill></PolyStyle></Style>
	<ExtendedData><SchemaData schemaUrl="#damage_d3d_roads">
		<SimpleData name="osm_id">1450188488</SimpleData>
		<SimpleData name="type">tertiary</SimpleData>
		<SimpleData name="depth_cls">&gt;1.5 m</SimpleData>
		<SimpleData name="max_depth">2.08</SimpleData>
		<SimpleData name="length_m">39.7</SimpleData>
	</SchemaData></ExtendedData>
      <LineString><coordinates>79.2347917940821,14.3200760162474 79.2347715841839,14.3198978422412 79.2347436072869,14.3197210201847</coordinates></LineString>
  </Placemark>
  <Placemark id="damage_d3d_roads.342">
	<name>Kunda Nellore Village Road</name>
	<Style><LineStyle><color>ff0000ff</color></LineStyle><PolyStyle><fill>0</fill></PolyStyle></Style>
	<ExtendedData><SchemaData schemaUrl="#damage_d3d_roads">
		<SimpleData name="osm_id">1450188488</SimpleData>
		<SimpleData name="type">tertiary</SimpleData>
		<SimpleData name="depth_cls">0.5-1.5 m</SimpleData>
		<SimpleData name="max_depth">0.93</SimpleData>
		<SimpleData name="length_m">39.7</SimpleData>
	</SchemaData></ExtendedData>
      <LineString><coordinates>79.2347436072869,14.3197210201847 79.2346993432543,14.3195470331222 79.2346550792749,14.3193730460568</coordinates></LineString>
  </Placemark>
  <Placemark id="damage_d3d_roads.343">
	<name>Kunda Nellore Village Road</name>
	<Style><LineStyle><color>ff0000ff</color></LineStyle><PolyStyle><fill>0</fill></PolyStyle></Style>
	<ExtendedData><SchemaData schemaUrl="#damage_d3d_roads">
		<SimpleData name="osm_id">1450188488</SimpleData>
		<SimpleData name="type">tertiary</SimpleData>
		<SimpleData name="depth_cls">&gt;1.5 m</SimpleData>
		<SimpleData name="max_depth">3.46</SimpleData>
		<SimpleData name="length_m">1071.1</SimpleData>
	</SchemaData></ExtendedData>
      <LineString><coordinates>79.2346550792749,14.3193730460568 79.2346009354486,14.3192018180729 79.2345440265869,14.3190313622732 79.2344871177973,14.3188609064674 79.2344302090797,14.3186904506555 79.2343733004342,14.3185199948375 79.2343163918608,14.3183495390134 79.2342594833594,14.3181790831831 79.2342025749302,14.3180086273468 79.234145666573,14.3178381715043 79.2340572768154,14.3176814108795 79.233965199893,14.3175262542912 79.2338731230886,14.3173710976798 79.2337810464022,14.3172159410453 79.2336889698339,14.3170607843876 79.2335968933836,14.3169056277069 79.2335048170513,14.3167504710031 79.2334026092009,14.3166018653449 79.233291860219,14.3164587823939 79.2331811113728,14.3163156994057 79.2330703626623,14.3161726163803 79.2329596140875,14.3160295333177 79.2328488656483,14.315886450218 79.2327381173448,14.3157433670811 79.2326273691771,14.315600283907 79.2325166211449,14.3154572006957 79.2324058732485,14.3153141174473 79.2322951254878,14.3151710341617 79.2321843778627,14.315027950839 79.2320736303733,14.314884867479 79.2319628830195,14.314741784082 79.2318521358014,14.3145987006477 79.231741388719,14.3144556171763 79.2316341601475,14.3143101264035 79.2315338434062,14.3141599066294 79.2314335267915,14.3140096868264 79.2313332103033,14.3138594669946 79.2312328939416,14.3137092471339 79.2311325777065,14.3135590272444 79.2310322615979,14.3134088073261 79.2309319456159,14.3132585873789 79.2308316297603,14.3131083674029 79.2307313140313,14.3129581473981 79.2306309984289,14.3128079273644 79.2305306829529,14.3126577073019 79.2304303676035,14.3125074872106 79.2303300523805,14.3123572670904 79.2302297372841,14.3122070469415 79.2301294223142,14.3120568267637 79.2300291074708,14.311906606557 79.229928792754,14.3117563863216 79.2298284781636,14.3116061660573 79.2297281636997,14.3114559457643 79.2296278493624,14.3113057254424 79.2295275351515,14.3111555050917</coordinates></LineString>
  </Placemark>
  <Placemark id="damage_d3d_roads.344">
	<name>Kunda Nellore Village Road</name>
	<Style><LineStyle><color>ff0000ff</color></LineStyle><PolyStyle><fill>0</fill></PolyStyle></Style>
	<ExtendedData><SchemaData schemaUrl="#damage_d3d_roads">
		<SimpleData name="osm_id">1450188488</SimpleData>
		<SimpleData name="type">tertiary</SimpleData>
		<SimpleData name="depth_cls">0.5-1.5 m</SimpleData>
		<SimpleData name="max_depth">1.13</SimpleData>
		<SimpleData name="length_m">79.3</SimpleData>
	</SchemaData></ExtendedData>
      <LineString><coordinates>79.2295275351515,14.3111555050917 79.2294272210671,14.3110052847121 79.2293269071093,14.3108550643038 79.2292265932779,14.3107048438666 79.229126279573,14.3105546234007</coordinates></LineString>
  </Placemark>
  <Placemark id="damage_d3d_roads.345">
	<name>Kunda Nellore Village Road</name>
	<Style><LineStyle><color>ff0000ff</color></LineStyle><PolyStyle><fill>0</fill></PolyStyle></Style>
	<ExtendedData><SchemaData schemaUrl="#damage_d3d_roads">
		<SimpleData name="osm_id">1450188488</SimpleData>
		<SimpleData name="type">tertiary</SimpleData>
		<SimpleData name="depth_cls">0.1-0.5 m</SimpleData>
		<SimpleData name="max_depth">0.4</SimpleData>
		<SimpleData name="length_m">19.8</SimpleData>
	</SchemaData></ExtendedData>
      <LineString><coordinates>79.228624712946,14.3098035206388 79.2285244,14.3096533</coordinates></LineString>
  </Placemark>
  <Placemark id="damage_d3d_roads.346">
	<Style><LineStyle><color>ff0000ff</color></LineStyle><PolyStyle><fill>0</fill></PolyStyle></Style>
	<ExtendedData><SchemaData schemaUrl="#damage_d3d_roads">
		<SimpleData name="osm_id">1450188489</SimpleData>
		<SimpleData name="type">residential</SimpleData>
		<SimpleData name="depth_cls">0.1-0.5 m</SimpleData>
		<SimpleData name="max_depth">0.11</SimpleData>
		<SimpleData name="length_m">19.6</SimpleData>
	</SchemaData></ExtendedData>
      <LineString><coordinates>79.2230896946474,14.3175159598188 79.2232708303231,14.3174995682944</coordinates></LineString>
  </Placemark>
  <Placemark id="damage_d3d_roads.347">
	<Style><LineStyle><color>ff0000ff</color></LineStyle><PolyStyle><fill>0</fill></PolyStyle></Style>
	<ExtendedData><SchemaData schemaUrl="#damage_d3d_roads">
		<SimpleData name="osm_id">1450188489</SimpleData>
		<SimpleData name="type">residential</SimpleData>
		<SimpleData name="depth_cls">0.1-0.5 m</SimpleData>
		<SimpleData name="max_depth">0.15</SimpleData>
		<SimpleData name="length_m">19.6</SimpleData>
	</SchemaData></ExtendedData>
      <LineString><coordinates>79.2236331016455,14.3174667848218 79.2238142372922,14.3174503928737</coordinates></LineString>
  </Placemark>
  <Placemark id="damage_d3d_roads.348">
	<Style><LineStyle><color>ff0000ff</color></LineStyle><PolyStyle><fill>0</fill></PolyStyle></Style>
	<ExtendedData><SchemaData schemaUrl="#damage_d3d_roads">
		<SimpleData name="osm_id">1450188489</SimpleData>
		<SimpleData name="type">residential</SimpleData>
		<SimpleData name="depth_cls">0.5-1.5 m</SimpleData>
		<SimpleData name="max_depth">0.53</SimpleData>
		<SimpleData name="length_m">39.3</SimpleData>
	</SchemaData></ExtendedData>
      <LineString><coordinates>79.2238142372922,14.3174503928737 79.2239949125338,14.3174300056893 79.2241752619573,14.3174067912274</coordinates></LineString>
  </Placemark>
  <Placemark id="damage_d3d_roads.349">
	<Style><LineStyle><color>ff0000ff</color></LineStyle><PolyStyle><fill>0</fill></PolyStyle></Style>
	<ExtendedData><SchemaData schemaUrl="#damage_d3d_roads">
		<SimpleData name="osm_id">1450188489</SimpleData>
		<SimpleData name="type">residential</SimpleData>
		<SimpleData name="depth_cls">0.1-0.5 m</SimpleData>
		<SimpleData name="max_depth">0.47</SimpleData>
		<SimpleData name="length_m">58.9</SimpleData>
	</SchemaData></ExtendedData>
      <LineString><coordinates>79.2241752619573,14.3174067912274 79.22435561136,14.3173835766241 79.224535960742,14.3173603618795 79.2247140196958,14.3173247800792</coordinates></LineString>
  </Placemark>
  <Placemark id="damage_d3d_roads.350">
	<Style><LineStyle><color>ff0000ff</color></LineStyle><PolyStyle><fill>0</fill></PolyStyle></Style>
	<ExtendedData><SchemaData schemaUrl="#damage_d3d_roads">
		<SimpleData name="osm_id">1450188489</SimpleData>
		<SimpleData name="type">residential</SimpleData>
		<SimpleData name="depth_cls">0.5-1.5 m</SimpleData>
		<SimpleData name="max_depth">0.67</SimpleData>
		<SimpleData name="length_m">58.9</SimpleData>
	</SchemaData></ExtendedData>
      <LineString><coordinates>79.2247140196958,14.3173247800792 79.2248913048992,14.3172850205583 79.2250685900554,14.3172452608977 79.2252458751643,14.3172055010974</coordinates></LineString>
  </Placemark>
  <Placemark id="damage_d3d_roads.351">
	<Style><LineStyle><color>ff0000ff</color></LineStyle><PolyStyle><fill>0</fill></PolyStyle></Style>
	<ExtendedData><SchemaData schemaUrl="#damage_d3d_roads">
		<SimpleData name="osm_id">1450188489</SimpleData>
		<SimpleData name="type">residential</SimpleData>
		<SimpleData name="depth_cls">0.1-0.5 m</SimpleData>
		<SimpleData name="max_depth">0.35</SimpleData>
		<SimpleData name="length_m">58.9</SimpleData>
	</SchemaData></ExtendedData>
      <LineString><coordinates>79.2252458751643,14.3172055010974 79.2254231602259,14.3171657411574 79.2256004452403,14.3171259810776 79.2257777302075,14.3170862208581</coordinates></LineString>
  </Placemark>
  <Placemark id="damage_d3d_roads.352">
	<Style><LineStyle><color>ff0000ff</color></LineStyle><PolyStyle><fill>0</fill></PolyStyle></Style>
	<ExtendedData><SchemaData schemaUrl="#damage_d3d_roads">
		<SimpleData name="osm_id">1450188489</SimpleData>
		<SimpleData name="type">residential</SimpleData>
		<SimpleData name="depth_cls">0.5-1.5 m</SimpleData>
		<SimpleData name="max_depth">0.82</SimpleData>
		<SimpleData name="length_m">39.3</SimpleData>
	</SchemaData></ExtendedData>
      <LineString><coordinates>79.2257777302075,14.3170862208581 79.2259550151274,14.3170464604989 79.2261323,14.3170067</coordinates></LineString>
  </Placemark>
  <Placemark id="damage_d3d_roads.353">
	<Style><LineStyle><color>ff0000ff</color></LineStyle><PolyStyle><fill>0</fill></PolyStyle></Style>
	<ExtendedData><SchemaData schemaUrl="#damage_d3d_roads">
		<SimpleData name="osm_id">610118421</SimpleData>
		<SimpleData name="type">tertiary</SimpleData>
		<SimpleData name="depth_cls">0.5-1.5 m</SimpleData>
		<SimpleData name="max_depth">1.16</SimpleData>
		<SimpleData name="length_m">139.9</SimpleData>
	</SchemaData></ExtendedData>
      <LineString><coordinates>79.2266473,14.3130849 79.2266842000824,14.3132619027322 79.2267211002066,14.3134389054628 79.2267580003725,14.3136159081919 79.2267504641274,14.3137960815767 79.2267403818644,14.3139764366194 79.2267142342811,14.3141550914807 79.2266757427137,14.3143316957816</coordinates></LineString>
  </Placemark>
  <Placemark id="damage_d3d_roads.354">
	<Style><LineStyle><color>ff0000ff</color></LineStyle><PolyStyle><fill>0</fill></PolyStyle></Style>
	<ExtendedData><SchemaData schemaUrl="#damage_d3d_roads">
		<SimpleData name="osm_id">610118421</SimpleData>
		<SimpleData name="type">tertiary</SimpleData>
		<SimpleData name="depth_cls">0.5-1.5 m</SimpleData>
		<SimpleData name="max_depth">0.71</SimpleData>
		<SimpleData name="length_m">40</SimpleData>
	</SchemaData></ExtendedData>
      <LineString><coordinates>79.2264567663679,14.3150203985993 79.2264067510253,14.3151941905226 79.2263774852716,14.3153723650837</coordinates></LineString>
  </Placemark>
  <Placemark id="damage_d3d_roads.355">
	<Style><LineStyle><color>ff0000ff</color></LineStyle><PolyStyle><fill>0</fill></PolyStyle></Style>
	<ExtendedData><SchemaData schemaUrl="#damage_d3d_roads">
		<SimpleData name="osm_id">610118421</SimpleData>
		<SimpleData name="type">tertiary</SimpleData>
		<SimpleData name="depth_cls">0.1-0.5 m</SimpleData>
		<SimpleData name="max_depth">0.32</SimpleData>
		<SimpleData name="length_m">20</SimpleData>
	</SchemaData></ExtendedData>
      <LineString><coordinates>79.2263774852716,14.3153723650837 79.2263531538601,14.3155514228723</coordinates></LineString>
  </Placemark>
  <Placemark id="damage_d3d_roads.356">
	<Style><LineStyle><color>ff0000ff</color></LineStyle><PolyStyle><fill>0</fill></PolyStyle></Style>
	<ExtendedData><SchemaData schemaUrl="#damage_d3d_roads">
		<SimpleData name="osm_id">610118421</SimpleData>
		<SimpleData name="type">tertiary</SimpleData>
		<SimpleData name="depth_cls">0.5-1.5 m</SimpleData>
		<SimpleData name="max_depth">0.79</SimpleData>
		<SimpleData name="length_m">60</SimpleData>
	</SchemaData></ExtendedData>
      <LineString><coordinates>79.2263531538601,14.3155514228723 79.2263288223931,14.3157304806514 79.2263103691102,14.3159101744623 79.2262938493046,14.3160900774783</coordinates></LineString>
  </Placemark>
  <Placemark id="damage_d3d_roads.357">
	<Style><LineStyle><color>ff0000ff</color></LineStyle><PolyStyle><fill>0</fill></PolyStyle></Style>
	<ExtendedData><SchemaData schemaUrl="#damage_d3d_roads">
		<SimpleData name="osm_id">610118421</SimpleData>
		<SimpleData name="type">tertiary</SimpleData>
		<SimpleData name="depth_cls">0.1-0.5 m</SimpleData>
		<SimpleData name="max_depth">0.42</SimpleData>
		<SimpleData name="length_m">40</SimpleData>
	</SchemaData></ExtendedData>
      <LineString><coordinates>79.2262938493046,14.3160900774783 79.2262773294554,14.3162699804875 79.2262478998285,14.3164478560712</coordinates></LineString>
  </Placemark>
  <Placemark id="damage_d3d_roads.358">
	<Style><LineStyle><color>ff0000ff</color></LineStyle><PolyStyle><fill>0</fill></PolyStyle></Style>
	<ExtendedData><SchemaData schemaUrl="#damage_d3d_roads">
		<SimpleData name="osm_id">610118421</SimpleData>
		<SimpleData name="type">tertiary</SimpleData>
		<SimpleData name="depth_cls">0.5-1.5 m</SimpleData>
		<SimpleData name="max_depth">1.03</SimpleData>
		<SimpleData name="length_m">159.9</SimpleData>
	</SchemaData></ExtendedData>
      <LineString><coordinates>79.2262478998285,14.3164478560712 79.2262056553384,14.3166237191316 79.2261706119293,14.3168010412611 79.2261375056807,14.316978755895 79.2261584774326,14.3171498627031 79.2262953928225,14.3172715247918 79.2264356895031,14.3173893620957 79.2265792844854,14.317503468485 79.2267206576055,14.317619857476</coordinates></LineString>
  </Placemark>
  <Placemark id="damage_d3d_roads.359">
	<Style><LineStyle><color>ff0000ff</color></LineStyle><PolyStyle><fill>0</fill></PolyStyle></Style>
	<ExtendedData><SchemaData schemaUrl="#damage_d3d_roads">
		<SimpleData name="osm_id">610118421</SimpleData>
		<SimpleData name="type">tertiary</SimpleData>
		<SimpleData name="depth_cls">&gt;1.5 m</SimpleData>
		<SimpleData name="max_depth">1.65</SimpleData>
		<SimpleData name="length_m">20</SimpleData>
	</SchemaData></ExtendedData>
      <LineString><coordinates>79.2267206576055,14.317619857476 79.2268450081632,14.317753733846</coordinates></LineString>
  </Placemark>
  <Placemark id="damage_d3d_roads.360">
	<Style><LineStyle><color>ff0000ff</color></LineStyle><PolyStyle><fill>0</fill></PolyStyle></Style>
	<ExtendedData><SchemaData schemaUrl="#damage_d3d_roads">
		<SimpleData name="osm_id">610118421</SimpleData>
		<SimpleData name="type">tertiary</SimpleData>
		<SimpleData name="depth_cls">0.5-1.5 m</SimpleData>
		<SimpleData name="max_depth">1.44</SimpleData>
		<SimpleData name="length_m">20</SimpleData>
	</SchemaData></ExtendedData>
      <LineString><coordinates>79.2268450081632,14.317753733846 79.2269706998051,14.3178864136206</coordinates></LineString>
  </Placemark>
  <Placemark id="damage_d3d_roads.361">
	<Style><LineStyle><color>ff0000ff</color></LineStyle><PolyStyle><fill>0</fill></PolyStyle></Style>
	<ExtendedData><SchemaData schemaUrl="#damage_d3d_roads">
		<SimpleData name="osm_id">610118421</SimpleData>
		<SimpleData name="type">tertiary</SimpleData>
		<SimpleData name="depth_cls">&gt;1.5 m</SimpleData>
		<SimpleData name="max_depth">1.58</SimpleData>
		<SimpleData name="length_m">20</SimpleData>
	</SchemaData></ExtendedData>
      <LineString><coordinates>79.2269706998051,14.3178864136206 79.2270966821192,14.3180187936121</coordinates></LineString>
  </Placemark>
  <Placemark id="damage_d3d_roads.362">
	<Style><LineStyle><color>ff0000ff</color></LineStyle><PolyStyle><fill>0</fill></PolyStyle></Style>
	<ExtendedData><SchemaData schemaUrl="#damage_d3d_roads">
		<SimpleData name="osm_id">610118421</SimpleData>
		<SimpleData name="type">tertiary</SimpleData>
		<SimpleData name="depth_cls">0.5-1.5 m</SimpleData>
		<SimpleData name="max_depth">0.97</SimpleData>
		<SimpleData name="length_m">20</SimpleData>
	</SchemaData></ExtendedData>
      <LineString><coordinates>79.2270966821192,14.3180187936121 79.2272443959972,14.3181277872365</coordinates></LineString>
  </Placemark>
  <Placemark id="damage_d3d_roads.363">
	<Style><LineStyle><color>ff0000ff</color></LineStyle><PolyStyle><fill>0</fill></PolyStyle></Style>
	<ExtendedData><SchemaData schemaUrl="#damage_d3d_roads">
		<SimpleData name="osm_id">610118421</SimpleData>
		<SimpleData name="type">tertiary</SimpleData>
		<SimpleData name="depth_cls">0.1-0.5 m</SimpleData>
		<SimpleData name="max_depth">0.35</SimpleData>
		<SimpleData name="length_m">40</SimpleData>
	</SchemaData></ExtendedData>
      <LineString><coordinates>79.2272443959972,14.3181277872365 79.2273928149456,14.3182358655369 79.2274621627437,14.3183959639939</coordinates></LineString>
  </Placemark>
  <Placemark id="damage_d3d_roads.364">
	<Style><LineStyle><color>ff0000ff</color></LineStyle><PolyStyle><fill>0</fill></PolyStyle></Style>
	<ExtendedData><SchemaData schemaUrl="#damage_d3d_roads">
		<SimpleData name="osm_id">610118421</SimpleData>
		<SimpleData name="type">tertiary</SimpleData>
		<SimpleData name="depth_cls">0.5-1.5 m</SimpleData>
		<SimpleData name="max_depth">1.09</SimpleData>
		<SimpleData name="length_m">40</SimpleData>
	</SchemaData></ExtendedData>
      <LineString><coordinates>79.2271991954469,14.3196255849995 79.227159011729,14.3198018794279 79.2271198262962,14.3199784147196</coordinates></LineString>
  </Placemark>
  <Placemark id="damage_d3d_roads.365">
	<Style><LineStyle><color>ff0000ff</color></LineStyle><PolyStyle><fill>0</fill></PolyStyle></Style>
	<ExtendedData><SchemaData schemaUrl="#damage_d3d_roads">
		<SimpleData name="osm_id">610118421</SimpleData>
		<SimpleData name="type">tertiary</SimpleData>
		<SimpleData name="depth_cls">0.1-0.5 m</SimpleData>
		<SimpleData name="max_depth">0.28</SimpleData>
		<SimpleData name="length_m">60</SimpleData>
	</SchemaData></ExtendedData>
      <LineString><coordinates>79.2271198262962,14.3199784147196 79.2270796364682,14.320154720934 79.2270344509587,14.3203298877519 79.2270059612754,14.3205079015536</coordinates></LineString>
  </Placemark>
  <Placemark id="damage_d3d_roads.366">
	<Style><LineStyle><color>ff0000ff</color></LineStyle><PolyStyle><fill>0</fill></PolyStyle></Style>
	<ExtendedData><SchemaData schemaUrl="#damage_d3d_roads">
		<SimpleData name="osm_id">610118421</SimpleData>
		<SimpleData name="type">tertiary</SimpleData>
		<SimpleData name="depth_cls">0.1-0.5 m</SimpleData>
		<SimpleData name="max_depth">0.24</SimpleData>
		<SimpleData name="length_m">60</SimpleData>
	</SchemaData></ExtendedData>
      <LineString><coordinates>79.226845773819,14.3213949686789 79.2267917939148,14.3215675972945 79.2267663999777,14.3217457634992 79.2268071772876,14.321916500749</coordinates></LineString>
  </Placemark>
  <Placemark id="damage_d3d_roads.367">
	<Style><LineStyle><color>ff0000ff</color></LineStyle><PolyStyle><fill>0</fill></PolyStyle></Style>
	<ExtendedData><SchemaData schemaUrl="#damage_d3d_roads">
		<SimpleData name="osm_id">610118421</SimpleData>
		<SimpleData name="type">tertiary</SimpleData>
		<SimpleData name="depth_cls">0.1-0.5 m</SimpleData>
		<SimpleData name="max_depth">0.35</SimpleData>
		<SimpleData name="length_m">60</SimpleData>
	</SchemaData></ExtendedData>
      <LineString><coordinates>79.2271523482308,14.3220326779163 79.2273358081976,14.3220576878411 79.2275146669585,14.322104435813 79.2276529199749,14.3222187140604</coordinates></LineString>
  </Placemark>
  <Placemark id="damage_d3d_roads.368">
	<Style><LineStyle><color>ff0000ff</color></LineStyle><PolyStyle><fill>0</fill></PolyStyle></Style>
	<ExtendedData><SchemaData schemaUrl="#damage_d3d_roads">
		<SimpleData name="osm_id">610118421</SimpleData>
		<SimpleData name="type">tertiary</SimpleData>
		<SimpleData name="depth_cls">0.1-0.5 m</SimpleData>
		<SimpleData name="max_depth">0.12</SimpleData>
		<SimpleData name="length_m">40</SimpleData>
	</SchemaData></ExtendedData>
      <LineString><coordinates>79.227786371586,14.3223439412666 79.2279285977881,14.3224562668307 79.228101530916,14.3225210160386</coordinates></LineString>
  </Placemark>
  <Placemark id="damage_d3d_roads.369">
	<Style><LineStyle><color>ff0000ff</color></LineStyle><PolyStyle><fill>0</fill></PolyStyle></Style>
	<ExtendedData><SchemaData schemaUrl="#damage_d3d_roads">
		<SimpleData name="osm_id">610118421</SimpleData>
		<SimpleData name="type">tertiary</SimpleData>
		<SimpleData name="depth_cls">0.1-0.5 m</SimpleData>
		<SimpleData name="max_depth">0.19</SimpleData>
		<SimpleData name="length_m">20</SimpleData>
	</SchemaData></ExtendedData>
      <LineString><coordinates>79.2286444308945,14.3226299580683 79.2288295985577,14.3226351763765</coordinates></LineString>
  </Placemark>
  <Placemark id="damage_d3d_roads.370">
	<Style><LineStyle><color>ff0000ff</color></LineStyle><PolyStyle><fill>0</fill></PolyStyle></Style>
	<ExtendedData><SchemaData schemaUrl="#damage_d3d_roads">
		<SimpleData name="osm_id">610118421</SimpleData>
		<SimpleData name="type">tertiary</SimpleData>
		<SimpleData name="depth_cls">0.1-0.5 m</SimpleData>
		<SimpleData name="max_depth">0.41</SimpleData>
		<SimpleData name="length_m">20</SimpleData>
	</SchemaData></ExtendedData>
      <LineString><coordinates>79.2291966931091,14.3226709296383 79.2293133180166,14.3228099110174</coordinates></LineString>
  </Placemark>
  <Placemark id="damage_d3d_roads.371">
	<Style><LineStyle><color>ff0000ff</color></LineStyle><PolyStyle><fill>0</fill></PolyStyle></Style>
	<ExtendedData><SchemaData schemaUrl="#damage_d3d_roads">
		<SimpleData name="osm_id">610118420</SimpleData>
		<SimpleData name="type">tertiary</SimpleData>
		<SimpleData name="depth_cls">0.5-1.5 m</SimpleData>
		<SimpleData name="max_depth">1.08</SimpleData>
		<SimpleData name="length_m">119.5</SimpleData>
	</SchemaData></ExtendedData>
      <LineString><coordinates>79.2214787,14.3299203 79.2216625634614,14.3299038804054 79.2218387594168,14.3298516203405 79.2220013610085,14.3297700024667 79.2221505964746,14.3296643772674 79.2222909339744,14.329547396725 79.2224312713313,14.3294304160817</coordinates></LineString>
  </Placemark>
  <Placemark id="damage_d3d_roads.372">
	<Style><LineStyle><color>ff0000ff</color></LineStyle><PolyStyle><fill>0</fill></PolyStyle></Style>
	<ExtendedData><SchemaData schemaUrl="#damage_d3d_roads">
		<SimpleData name="osm_id">610118420</SimpleData>
		<SimpleData name="type">tertiary</SimpleData>
		<SimpleData name="depth_cls">0.1-0.5 m</SimpleData>
		<SimpleData name="max_depth">0.33</SimpleData>
		<SimpleData name="length_m">39.8</SimpleData>
	</SchemaData></ExtendedData>
      <LineString><coordinates>79.2224312713313,14.3294304160817 79.2225716085453,14.3293134353375 79.2227119456165,14.3291964544924</coordinates></LineString>
  </Placemark>
  <Placemark id="damage_d3d_roads.373">
	<Style><LineStyle><color>ff0000ff</color></LineStyle><PolyStyle><fill>0</fill></PolyStyle></Style>
	<ExtendedData><SchemaData schemaUrl="#damage_d3d_roads">
		<SimpleData name="osm_id">610118420</SimpleData>
		<SimpleData name="type">tertiary</SimpleData>
		<SimpleData name="depth_cls">0.5-1.5 m</SimpleData>
		<SimpleData name="max_depth">0.76</SimpleData>
		<SimpleData name="length_m">59.8</SimpleData>
	</SchemaData></ExtendedData>
      <LineString><coordinates>79.2227119456165,14.3291964544924 79.2228522825447,14.3290794735463 79.2229926193301,14.3289624924993 79.2231329559726,14.3288455113515</coordinates></LineString>
  </Placemark>
  <Placemark id="damage_d3d_roads.374">
	<Style><LineStyle><color>ff0000ff</color></LineStyle><PolyStyle><fill>0</fill></PolyStyle></Style>
	<ExtendedData><SchemaData schemaUrl="#damage_d3d_roads">
		<SimpleData name="osm_id">610118420</SimpleData>
		<SimpleData name="type">tertiary</SimpleData>
		<SimpleData name="depth_cls">0.1-0.5 m</SimpleData>
		<SimpleData name="max_depth">0.31</SimpleData>
		<SimpleData name="length_m">19.9</SimpleData>
	</SchemaData></ExtendedData>
      <LineString><coordinates>79.2231329559726,14.3288455113515 79.2232732924722,14.3287285301027</coordinates></LineString>
  </Placemark>
  <Placemark id="damage_d3d_roads.375">
	<Style><LineStyle><color>ff0000ff</color></LineStyle><PolyStyle><fill>0</fill></PolyStyle></Style>
	<ExtendedData><SchemaData schemaUrl="#damage_d3d_roads">
		<SimpleData name="osm_id">610118420</SimpleData>
		<SimpleData name="type">tertiary</SimpleData>
		<SimpleData name="depth_cls">0.1-0.5 m</SimpleData>
		<SimpleData name="max_depth">0.25</SimpleData>
		<SimpleData name="length_m">19.9</SimpleData>
	</SchemaData></ExtendedData>
      <LineString><coordinates>79.2234150782465,14.3286132277834 79.2235686045924,14.3285148856429</coordinates></LineString>
  </Placemark>
  <Placemark id="damage_d3d_roads.376">
	<name>Pothapi Village Road</name>
	<Style><LineStyle><color>ff0000ff</color></LineStyle><PolyStyle><fill>0</fill></PolyStyle></Style>
	<ExtendedData><SchemaData schemaUrl="#damage_d3d_roads">
		<SimpleData name="osm_id">1230527843</SimpleData>
		<SimpleData name="type">tertiary</SimpleData>
		<SimpleData name="depth_cls">0.5-1.5 m</SimpleData>
		<SimpleData name="max_depth">1.08</SimpleData>
		<SimpleData name="length_m">99.5</SimpleData>
	</SchemaData></ExtendedData>
      <LineString><coordinates>79.2214787,14.3299203 79.2215435930536,14.3300886069039 79.2216084861909,14.330256913799 79.2216733794121,14.3304252206853 79.221738272717,14.3305935275627 79.2218031661056,14.3307618344312</coordinates></LineString>
  </Placemark>
  <Placemark id="damage_d3d_roads.377">
	<name>Pothapi Village Road</name>
	<Style><LineStyle><color>ff0000ff</color></LineStyle><PolyStyle><fill>0</fill></PolyStyle></Style>
	<ExtendedData><SchemaData schemaUrl="#damage_d3d_roads">
		<SimpleData name="osm_id">1230527843</SimpleData>
		<SimpleData name="type">tertiary</SimpleData>
		<SimpleData name="depth_cls">0.1-0.5 m</SimpleData>
		<SimpleData name="max_depth">0.47</SimpleData>
		<SimpleData name="length_m">39.8</SimpleData>
	</SchemaData></ExtendedData>
      <LineString><coordinates>79.2218031661056,14.3307618344312 79.2218680595781,14.330930141291 79.2219329531343,14.3310984481419</coordinates></LineString>
  </Placemark>
  <Placemark id="damage_d3d_roads.378">
	<name>Pothapi Village Road</name>
	<Style><LineStyle><color>ff0000ff</color></LineStyle><PolyStyle><fill>0</fill></PolyStyle></Style>
	<ExtendedData><SchemaData schemaUrl="#damage_d3d_roads">
		<SimpleData name="osm_id">1230527843</SimpleData>
		<SimpleData name="type">tertiary</SimpleData>
		<SimpleData name="depth_cls">0.5-1.5 m</SimpleData>
		<SimpleData name="max_depth">0.84</SimpleData>
		<SimpleData name="length_m">59.7</SimpleData>
	</SchemaData></ExtendedData>
      <LineString><coordinates>79.2219329531343,14.3310984481419 79.2219980395677,14.3312666824303 79.2220659503548,14.3314338538579 79.2221338612299,14.3316010252753</coordinates></LineString>
  </Placemark>
  <Placemark id="damage_d3d_roads.379">
	<name>Pothapi Village Road</name>
	<Style><LineStyle><color>ff0000ff</color></LineStyle><PolyStyle><fill>0</fill></PolyStyle></Style>
	<ExtendedData><SchemaData schemaUrl="#damage_d3d_roads">
		<SimpleData name="osm_id">1230527843</SimpleData>
		<SimpleData name="type">tertiary</SimpleData>
		<SimpleData name="depth_cls">0.1-0.5 m</SimpleData>
		<SimpleData name="max_depth">0.34</SimpleData>
		<SimpleData name="length_m">79.6</SimpleData>
	</SchemaData></ExtendedData>
      <LineString><coordinates>79.2221338612299,14.3316010252753 79.222201772193,14.3317681966827 79.2222696832441,14.3319353680801 79.2223375943832,14.3321025394673 79.2224055056104,14.3322697108445</coordinates></LineString>
  </Placemark>
  <Placemark id="damage_d3d_roads.380">
	<name>Pothapi Village Road</name>
	<Style><LineStyle><color>ff0000ff</color></LineStyle><PolyStyle><fill>0</fill></PolyStyle></Style>
	<ExtendedData><SchemaData schemaUrl="#damage_d3d_roads">
		<SimpleData name="osm_id">1230527843</SimpleData>
		<SimpleData name="type">tertiary</SimpleData>
		<SimpleData name="depth_cls">0.1-0.5 m</SimpleData>
		<SimpleData name="max_depth">0.28</SimpleData>
		<SimpleData name="length_m">39.8</SimpleData>
	</SchemaData></ExtendedData>
      <LineString><coordinates>79.2279197749201,14.3382994926962 79.2279720090994,14.3384719372279 79.228024243344,14.338644381755</coordinates></LineString>
  </Placemark>
  <Placemark id="damage_d3d_roads.381">
	<name>Pothapi Village Road</name>
	<Style><LineStyle><color>ff0000ff</color></LineStyle><PolyStyle><fill>0</fill></PolyStyle></Style>
	<ExtendedData><SchemaData schemaUrl="#damage_d3d_roads">
		<SimpleData name="osm_id">1230527843</SimpleData>
		<SimpleData name="type">tertiary</SimpleData>
		<SimpleData name="depth_cls">0.1-0.5 m</SimpleData>
		<SimpleData name="max_depth">0.48</SimpleData>
		<SimpleData name="length_m">99.5</SimpleData>
	</SchemaData></ExtendedData>
      <LineString><coordinates>79.228076477654,14.3388168262773 79.2281287120294,14.3389892707949 79.2281809464702,14.3391617153079 79.2282331809763,14.3393341598161 79.2282854155478,14.3395066043196 79.2283376501847,14.3396790488185</coordinates></LineString>
  </Placemark>
  <Placemark id="damage_d3d_roads.382">
	<name>Pothapi Village Road</name>
	<Style><LineStyle><color>ff0000ff</color></LineStyle><PolyStyle><fill>0</fill></PolyStyle></Style>
	<ExtendedData><SchemaData schemaUrl="#damage_d3d_roads">
		<SimpleData name="osm_id">1230527843</SimpleData>
		<SimpleData name="type">tertiary</SimpleData>
		<SimpleData name="depth_cls">0.5-1.5 m</SimpleData>
		<SimpleData name="max_depth">0.57</SimpleData>
		<SimpleData name="length_m">99.5</SimpleData>
	</SchemaData></ExtendedData>
      <LineString><coordinates>79.2283376501847,14.3396790488185 79.228389884887,14.3398514933126 79.2284421196547,14.340023937802 79.2284943544878,14.3401963822867 79.2285465893862,14.3403688267667 79.2285988243501,14.340541271242</coordinates></LineString>
  </Placemark>
  <Placemark id="damage_d3d_roads.383">
	<name>Pothapi Village Road</name>
	<Style><LineStyle><color>ff0000ff</color></LineStyle><PolyStyle><fill>0</fill></PolyStyle></Style>
	<ExtendedData><SchemaData schemaUrl="#damage_d3d_roads">
		<SimpleData name="osm_id">1230527843</SimpleData>
		<SimpleData name="type">tertiary</SimpleData>
		<SimpleData name="depth_cls">0.1-0.5 m</SimpleData>
		<SimpleData name="max_depth">0.49</SimpleData>
		<SimpleData name="length_m">59.7</SimpleData>
	</SchemaData></ExtendedData>
      <LineString><coordinates>79.2285988243501,14.340541271242 79.2286510593793,14.3407137157126 79.228703294474,14.3408861601784 79.228755529634,14.3410586046396</coordinates></LineString>
  </Placemark>
  <Placemark id="damage_d3d_roads.384">
	<name>Pothapi Village Road</name>
	<Style><LineStyle><color>ff0000ff</color></LineStyle><PolyStyle><fill>0</fill></PolyStyle></Style>
	<ExtendedData><SchemaData schemaUrl="#damage_d3d_roads">
		<SimpleData name="osm_id">1230527843</SimpleData>
		<SimpleData name="type">tertiary</SimpleData>
		<SimpleData name="depth_cls">0.5-1.5 m</SimpleData>
		<SimpleData name="max_depth">0.57</SimpleData>
		<SimpleData name="length_m">39.8</SimpleData>
	</SchemaData></ExtendedData>
      <LineString><coordinates>79.228755529634,14.3410586046396 79.2288077648594,14.3412310490961 79.2288600001503,14.3414034935478</coordinates></LineString>
  </Placemark>
  <Placemark id="damage_d3d_roads.385">
	<name>Pothapi Village Road</name>
	<Style><LineStyle><color>ff0000ff</color></LineStyle><PolyStyle><fill>0</fill></PolyStyle></Style>
	<ExtendedData><SchemaData schemaUrl="#damage_d3d_roads">
		<SimpleData name="osm_id">1230527843</SimpleData>
		<SimpleData name="type">tertiary</SimpleData>
		<SimpleData name="depth_cls">0.1-0.5 m</SimpleData>
		<SimpleData name="max_depth">0.13</SimpleData>
		<SimpleData name="length_m">19.9</SimpleData>
	</SchemaData></ExtendedData>
      <LineString><coordinates>79.2288600001503,14.3414034935478 79.2289122355065,14.3415759379949</coordinates></LineString>
  </Placemark>
  <Placemark id="damage_d3d_roads.386">
	<name>Pothapi Village Road</name>
	<Style><LineStyle><color>ff0000ff</color></LineStyle><PolyStyle><fill>0</fill></PolyStyle></Style>
	<ExtendedData><SchemaData schemaUrl="#damage_d3d_roads">
		<SimpleData name="osm_id">1230527843</SimpleData>
		<SimpleData name="type">tertiary</SimpleData>
		<SimpleData name="depth_cls">0.1-0.5 m</SimpleData>
		<SimpleData name="max_depth">0.41</SimpleData>
		<SimpleData name="length_m">278.5</SimpleData>
	</SchemaData></ExtendedData>
      <LineString><coordinates>79.2289644709281,14.3417483824372 79.2290167064152,14.3419208268748 79.2290689419676,14.3420932713077 79.2291211775854,14.3422657157359 79.2291734132687,14.3424381601594 79.2292256490173,14.3426106045782 79.2292778848314,14.3427830489923 79.2293301207109,14.3429554934016 79.2293823566558,14.3431279378063 79.2294345926661,14.3433003822062 79.2294868287418,14.3434728266014 79.229539064883,14.3436452709919 79.2295645924977,14.3438213174256 79.2295623327447,14.3440011113927 79.2295600729709,14.3441809053568</coordinates></LineString>
  </Placemark>
  <Placemark id="damage_d3d_roads.387">
	<name>Pothapi Village Road</name>
	<Style><LineStyle><color>ff0000ff</color></LineStyle><PolyStyle><fill>0</fill></PolyStyle></Style>
	<ExtendedData><SchemaData schemaUrl="#damage_d3d_roads">
		<SimpleData name="osm_id">1230527843</SimpleData>
		<SimpleData name="type">tertiary</SimpleData>
		<SimpleData name="depth_cls">0.1-0.5 m</SimpleData>
		<SimpleData name="max_depth">0.28</SimpleData>
		<SimpleData name="length_m">39.8</SimpleData>
	</SchemaData></ExtendedData>
      <LineString><coordinates>79.2295578131761,14.3443606993179 79.2295555533604,14.344540493276 79.2295532935237,14.3447202872311</coordinates></LineString>
  </Placemark>
  <Placemark id="damage_d3d_roads.388">
	<Style><LineStyle><color>ff0000ff</color></LineStyle><PolyStyle><fill>0</fill></PolyStyle></Style>
	<ExtendedData><SchemaData schemaUrl="#damage_d3d_roads">
		<SimpleData name="osm_id">1259303999</SimpleData>
		<SimpleData name="type">residential</SimpleData>
		<SimpleData name="depth_cls">&gt;1.5 m</SimpleData>
		<SimpleData name="max_depth">3.01</SimpleData>
		<SimpleData name="length_m">692.2</SimpleData>
	</SchemaData></ExtendedData>
      <LineString><coordinates>79.2162323,14.3494413 79.2163247109647,14.3495956577516 79.2164171220476,14.34975001548 79.216521858998,14.3498895125517 79.2166960199364,14.3499453081164 79.216870180975,14.3500011035628 79.2170443421138,14.3500568988908 79.2172185033528,14.3501126941006 79.217392664692,14.3501684891921 79.217574409423,14.3501628016694 79.2177571734184,14.3501488501958 79.2179399374081,14.3501348985785 79.2181227013922,14.3501209468176 79.2183054653707,14.350106994913 79.2184882293435,14.3500930428649 79.2186709933108,14.3500790906731 79.2188535395529,14.3500675208299 79.2190308951297,14.3501127524852 79.2192092594043,14.3501143536705 79.2193885251607,14.3500769580023 79.2195677908733,14.3500395621915 79.2197470565421,14.350002166238 79.219926322167,14.3499647701419 79.2201055877481,14.3499273739032 79.2202848532854,14.3498899775218 79.2204641187788,14.3498525809978 79.2206381450345,14.3498513630397 79.2207997842052,14.3499356831751 79.2209619493429,14.3500171921137 79.2211437131744,14.3499939273991 79.221325476985,14.3499706625408 79.2215072407747,14.3499473975386 79.2216890045434,14.3499241323926 79.2218707682912,14.3499008671027 79.222052532018,14.3498776016691 79.2222342957239,14.3498543360915</coordinates></LineString>
  </Placemark>
  <Placemark id="damage_d3d_roads.389">
	<Style><LineStyle><color>ff0000ff</color></LineStyle><PolyStyle><fill>0</fill></PolyStyle></Style>
	<ExtendedData><SchemaData schemaUrl="#damage_d3d_roads">
		<SimpleData name="osm_id">1259303999</SimpleData>
		<SimpleData name="type">residential</SimpleData>
		<SimpleData name="depth_cls">0.5-1.5 m</SimpleData>
		<SimpleData name="max_depth">1.08</SimpleData>
		<SimpleData name="length_m">19.8</SimpleData>
	</SchemaData></ExtendedData>
      <LineString><coordinates>79.2222342957239,14.3498543360915 79.2224160594088,14.3498310703702</coordinates></LineString>
  </Placemark>
  <Placemark id="damage_d3d_roads.390">
	<Style><LineStyle><color>ff0000ff</color></LineStyle><PolyStyle><fill>0</fill></PolyStyle></Style>
	<ExtendedData><SchemaData schemaUrl="#damage_d3d_roads">
		<SimpleData name="osm_id">1259303999</SimpleData>
		<SimpleData name="type">residential</SimpleData>
		<SimpleData name="depth_cls">0.1-0.5 m</SimpleData>
		<SimpleData name="max_depth">0.46</SimpleData>
		<SimpleData name="length_m">39.6</SimpleData>
	</SchemaData></ExtendedData>
      <LineString><coordinates>79.2224160594088,14.3498310703702 79.2225978230728,14.3498078045051 79.2227795867158,14.3497845384961</coordinates></LineString>
  </Placemark>
  <Placemark id="damage_d3d_roads.391">
	<Style><LineStyle><color>ff0000ff</color></LineStyle><PolyStyle><fill>0</fill></PolyStyle></Style>
	<ExtendedData><SchemaData schemaUrl="#damage_d3d_roads">
		<SimpleData name="osm_id">1259303999</SimpleData>
		<SimpleData name="type">residential</SimpleData>
		<SimpleData name="depth_cls">0.5-1.5 m</SimpleData>
		<SimpleData name="max_depth">0.79</SimpleData>
		<SimpleData name="length_m">19.8</SimpleData>
	</SchemaData></ExtendedData>
      <LineString><coordinates>79.223143113939,14.3497380060466 79.2233241923601,14.3497117810595</coordinates></LineString>
  </Placemark>
  <Placemark id="damage_d3d_roads.392">
	<Style><LineStyle><color>ff0000ff</color></LineStyle><PolyStyle><fill>0</fill></PolyStyle></Style>
	<ExtendedData><SchemaData schemaUrl="#damage_d3d_roads">
		<SimpleData name="osm_id">1259303999</SimpleData>
		<SimpleData name="type">residential</SimpleData>
		<SimpleData name="depth_cls">&gt;1.5 m</SimpleData>
		<SimpleData name="max_depth">3.01</SimpleData>
		<SimpleData name="length_m">39.6</SimpleData>
	</SchemaData></ExtendedData>
      <LineString><coordinates>79.2233241923601,14.3497117810595 79.2234985770257,14.3496566522114 79.2236729616199,14.3496015232249</coordinates></LineString>
  </Placemark>
  <Placemark id="damage_d3d_roads.393">
	<Style><LineStyle><color>ff0000ff</color></LineStyle><PolyStyle><fill>0</fill></PolyStyle></Style>
	<ExtendedData><SchemaData schemaUrl="#damage_d3d_roads">
		<SimpleData name="osm_id">1259303999</SimpleData>
		<SimpleData name="type">residential</SimpleData>
		<SimpleData name="depth_cls">0.5-1.5 m</SimpleData>
		<SimpleData name="max_depth">1.38</SimpleData>
		<SimpleData name="length_m">19.8</SimpleData>
	</SchemaData></ExtendedData>
      <LineString><coordinates>79.2236729616199,14.3496015232249 79.2238473461426,14.3495463941</coordinates></LineString>
  </Placemark>
  <Placemark id="damage_d3d_roads.394">
	<Style><LineStyle><color>ff0000ff</color></LineStyle><PolyStyle><fill>0</fill></PolyStyle></Style>
	<ExtendedData><SchemaData schemaUrl="#damage_d3d_roads">
		<SimpleData name="osm_id">1259303999</SimpleData>
		<SimpleData name="type">residential</SimpleData>
		<SimpleData name="depth_cls">0.1-0.5 m</SimpleData>
		<SimpleData name="max_depth">0.21</SimpleData>
		<SimpleData name="length_m">59.3</SimpleData>
	</SchemaData></ExtendedData>
      <LineString><coordinates>79.2242072168238,14.3495003268805 79.2243905017128,14.349496660395 79.224573786613,14.3494929937671 79.2247570715244,14.3494893269967</coordinates></LineString>
  </Placemark>
  <Placemark id="damage_d3d_roads.395">
	<Style><LineStyle><color>ff0000ff</color></LineStyle><PolyStyle><fill>0</fill></PolyStyle></Style>
	<ExtendedData><SchemaData schemaUrl="#damage_d3d_roads">
		<SimpleData name="osm_id">1450188482</SimpleData>
		<SimpleData name="type">residential</SimpleData>
		<SimpleData name="depth_cls">0.1-0.5 m</SimpleData>
		<SimpleData name="max_depth">0.32</SimpleData>
		<SimpleData name="length_m">39.9</SimpleData>
	</SchemaData></ExtendedData>
      <LineString><coordinates>79.2171561688318,14.316463687877 79.2173409356918,14.3164678273207 79.2175257025761,14.3164719666213</coordinates></LineString>
  </Placemark>
  <Placemark id="damage_d3d_roads.396">
	<Style><LineStyle><color>ff0000ff</color></LineStyle><PolyStyle><fill>0</fill></PolyStyle></Style>
	<ExtendedData><SchemaData schemaUrl="#damage_d3d_roads">
		<SimpleData name="osm_id">1450188482</SimpleData>
		<SimpleData name="type">residential</SimpleData>
		<SimpleData name="depth_cls">0.1-0.5 m</SimpleData>
		<SimpleData name="max_depth">0.33</SimpleData>
		<SimpleData name="length_m">119.6</SimpleData>
	</SchemaData></ExtendedData>
      <LineString><coordinates>79.2177102046098,14.3164796242798 79.2178936109589,14.3165018370223 79.218077017361,14.3165240496273 79.2182605278261,14.3165447948964 79.2184453243167,14.3165473994351 79.2186301208289,14.3165500038305 79.218814917363,14.3165526080825</coordinates></LineString>
  </Placemark>
  <Placemark id="damage_d3d_roads.397">
	<Style><LineStyle><color>ff0000ff</color></LineStyle><PolyStyle><fill>0</fill></PolyStyle></Style>
	<ExtendedData><SchemaData schemaUrl="#damage_d3d_roads">
		<SimpleData name="osm_id">1450188482</SimpleData>
		<SimpleData name="type">residential</SimpleData>
		<SimpleData name="depth_cls">0.5-1.5 m</SimpleData>
		<SimpleData name="max_depth">1.03</SimpleData>
		<SimpleData name="length_m">119.6</SimpleData>
	</SchemaData></ExtendedData>
      <LineString><coordinates>79.218814917363,14.3165526080825 79.2189997139188,14.3165552121911 79.2191845104964,14.3165578161564 79.2193608035561,14.3165803322938 79.2194928804114,14.3167063874438 79.2196249574146,14.3168324425362 79.2197570345657,14.3169584975709</coordinates></LineString>
  </Placemark>
  <Placemark id="damage_d3d_roads.398">
	<Style><LineStyle><color>ff0000ff</color></LineStyle><PolyStyle><fill>0</fill></PolyStyle></Style>
	<ExtendedData><SchemaData schemaUrl="#damage_d3d_roads">
		<SimpleData name="osm_id">1450188482</SimpleData>
		<SimpleData name="type">residential</SimpleData>
		<SimpleData name="depth_cls">0.1-0.5 m</SimpleData>
		<SimpleData name="max_depth">0.3</SimpleData>
		<SimpleData name="length_m">39.9</SimpleData>
	</SchemaData></ExtendedData>
      <LineString><coordinates>79.2197570345657,14.3169584975709 79.2198499742701,14.317111346924 79.2199267140737,14.3172752871044</coordinates></LineString>
  </Placemark>
  <Placemark id="damage_d3d_roads.399">
	<Style><LineStyle><color>ff0000ff</color></LineStyle><PolyStyle><fill>0</fill></PolyStyle></Style>
	<ExtendedData><SchemaData schemaUrl="#damage_d3d_roads">
		<SimpleData name="osm_id">1450188482</SimpleData>
		<SimpleData name="type">residential</SimpleData>
		<SimpleData name="depth_cls">0.5-1.5 m</SimpleData>
		<SimpleData name="max_depth">0.52</SimpleData>
		<SimpleData name="length_m">59.8</SimpleData>
	</SchemaData></ExtendedData>
      <LineString><coordinates>79.2199267140737,14.3172752871044 79.2200034539773,14.3174392272707 79.2200801939809,14.317603167423 79.2201569340845,14.3177671075612</coordinates></LineString>
  </Placemark>
  <Placemark id="damage_d3d_roads.400">
	<Style><LineStyle><color>ff0000ff</color></LineStyle><PolyStyle><fill>0</fill></PolyStyle></Style>
	<ExtendedData><SchemaData schemaUrl="#damage_d3d_roads">
		<SimpleData name="osm_id">1450188482</SimpleData>
		<SimpleData name="type">residential</SimpleData>
		<SimpleData name="depth_cls">0.1-0.5 m</SimpleData>
		<SimpleData name="max_depth">0.46</SimpleData>
		<SimpleData name="length_m">39.9</SimpleData>
	</SchemaData></ExtendedData>
      <LineString><coordinates>79.2201569340845,14.3177671075612 79.2202190111719,14.317935806396 79.2202583357233,14.3181118892648</coordinates></LineString>
  </Placemark>
  <Placemark id="damage_d3d_roads.401">
	<Style><LineStyle><color>ff0000ff</color></LineStyle><PolyStyle><fill>0</fill></PolyStyle></Style>
	<ExtendedData><SchemaData schemaUrl="#damage_d3d_roads">
		<SimpleData name="osm_id">1450188482</SimpleData>
		<SimpleData name="type">residential</SimpleData>
		<SimpleData name="depth_cls">0.1-0.5 m</SimpleData>
		<SimpleData name="max_depth">0.43</SimpleData>
		<SimpleData name="length_m">99.7</SimpleData>
	</SchemaData></ExtendedData>
      <LineString><coordinates>79.2203361655653,14.3186441488321 79.2203342825058,14.3188243489379 79.2202677534755,14.3189800151687 79.2201442063231,14.3191140423559 79.2200206590221,14.3192480694604 79.2198971115725,14.3193820964822</coordinates></LineString>
  </Placemark>
  <Placemark id="damage_d3d_roads.402">
	<Style><LineStyle><color>ff0000ff</color></LineStyle><PolyStyle><fill>0</fill></PolyStyle></Style>
	<ExtendedData><SchemaData schemaUrl="#damage_d3d_roads">
		<SimpleData name="osm_id">1450188482</SimpleData>
		<SimpleData name="type">residential</SimpleData>
		<SimpleData name="depth_cls">0.5-1.5 m</SimpleData>
		<SimpleData name="max_depth">0.65</SimpleData>
		<SimpleData name="length_m">39.9</SimpleData>
	</SchemaData></ExtendedData>
      <LineString><coordinates>79.2198971115725,14.3193820964822 79.2197863980686,14.319522264209 79.2197532712172,14.319699555182</coordinates></LineString>
  </Placemark>
  <Placemark id="damage_d3d_roads.403">
	<Style><LineStyle><color>ff0000ff</color></LineStyle><PolyStyle><fill>0</fill></PolyStyle></Style>
	<ExtendedData><SchemaData schemaUrl="#damage_d3d_roads">
		<SimpleData name="osm_id">1450188482</SimpleData>
		<SimpleData name="type">residential</SimpleData>
		<SimpleData name="depth_cls">0.1-0.5 m</SimpleData>
		<SimpleData name="max_depth">0.23</SimpleData>
		<SimpleData name="length_m">19.9</SimpleData>
	</SchemaData></ExtendedData>
      <LineString><coordinates>79.2197532712172,14.319699555182 79.2197201442973,14.3198768461418</coordinates></LineString>
  </Placemark>
  <Placemark id="damage_d3d_roads.404">
	<Style><LineStyle><color>ff0000ff</color></LineStyle><PolyStyle><fill>0</fill></PolyStyle></Style>
	<ExtendedData><SchemaData schemaUrl="#damage_d3d_roads">
		<SimpleData name="osm_id">1450188482</SimpleData>
		<SimpleData name="type">residential</SimpleData>
		<SimpleData name="depth_cls">&gt;1.5 m</SimpleData>
		<SimpleData name="max_depth">2.25</SimpleData>
		<SimpleData name="length_m">19.9</SimpleData>
	</SchemaData></ExtendedData>
      <LineString><coordinates>79.2197110636652,14.3200559918723 79.2197151903229,14.3202361563275</coordinates></LineString>
  </Placemark>
  <Placemark id="damage_d3d_roads.405">
	<Style><LineStyle><color>ff0000ff</color></LineStyle><PolyStyle><fill>0</fill></PolyStyle></Style>
	<ExtendedData><SchemaData schemaUrl="#damage_d3d_roads">
		<SimpleData name="osm_id">1450188482</SimpleData>
		<SimpleData name="type">residential</SimpleData>
		<SimpleData name="depth_cls">0.5-1.5 m</SimpleData>
		<SimpleData name="max_depth">1.19</SimpleData>
		<SimpleData name="length_m">39.9</SimpleData>
	</SchemaData></ExtendedData>
      <LineString><coordinates>79.2197151903229,14.3202361563275 79.2197193169698,14.3204163207808 79.2197387755246,14.3205950948815</coordinates></LineString>
  </Placemark>
  <Placemark id="damage_d3d_roads.406">
	<Style><LineStyle><color>ff0000ff</color></LineStyle><PolyStyle><fill>0</fill></PolyStyle></Style>
	<ExtendedData><SchemaData schemaUrl="#damage_d3d_roads">
		<SimpleData name="osm_id">1450188482</SimpleData>
		<SimpleData name="type">residential</SimpleData>
		<SimpleData name="depth_cls">0.1-0.5 m</SimpleData>
		<SimpleData name="max_depth">0.47</SimpleData>
		<SimpleData name="length_m">19.9</SimpleData>
	</SchemaData></ExtendedData>
      <LineString><coordinates>79.2197387755246,14.3205950948815 79.2197687939272,14.3207729113802</coordinates></LineString>
  </Placemark>
  <Placemark id="damage_d3d_roads.407">
	<Style><LineStyle><color>ff0000ff</color></LineStyle><PolyStyle><fill>0</fill></PolyStyle></Style>
	<ExtendedData><SchemaData schemaUrl="#damage_d3d_roads">
		<SimpleData name="osm_id">1450188482</SimpleData>
		<SimpleData name="type">residential</SimpleData>
		<SimpleData name="depth_cls">0.5-1.5 m</SimpleData>
		<SimpleData name="max_depth">1.45</SimpleData>
		<SimpleData name="length_m">119.6</SimpleData>
	</SchemaData></ExtendedData>
      <LineString><coordinates>79.2197687939272,14.3207729113802 79.2197988123605,14.320950727878 79.2198309809056,14.3211272225888 79.2199825879719,14.3212302911567 79.2201341951829,14.3213333596429 79.2202523077946,14.3214541644783 79.2202584228776,14.321634275223</coordinates></LineString>
  </Placemark>
  <Placemark id="damage_d3d_roads.408">
	<Style><LineStyle><color>ff0000ff</color></LineStyle><PolyStyle><fill>0</fill></PolyStyle></Style>
	<ExtendedData><SchemaData schemaUrl="#damage_d3d_roads">
		<SimpleData name="osm_id">1450188482</SimpleData>
		<SimpleData name="type">residential</SimpleData>
		<SimpleData name="depth_cls">&gt;1.5 m</SimpleData>
		<SimpleData name="max_depth">1.53</SimpleData>
		<SimpleData name="length_m">19.9</SimpleData>
	</SchemaData></ExtendedData>
      <LineString><coordinates>79.2202584228776,14.321634275223 79.220264537953,14.3218143859661</coordinates></LineString>
  </Placemark>
  <Placemark id="damage_d3d_roads.409">
	<Style><LineStyle><color>ff0000ff</color></LineStyle><PolyStyle><fill>0</fill></PolyStyle></Style>
	<ExtendedData><SchemaData schemaUrl="#damage_d3d_roads">
		<SimpleData name="osm_id">1450188482</SimpleData>
		<SimpleData name="type">residential</SimpleData>
		<SimpleData name="depth_cls">0.5-1.5 m</SimpleData>
		<SimpleData name="max_depth">1.35</SimpleData>
		<SimpleData name="length_m">19.9</SimpleData>
	</SchemaData></ExtendedData>
      <LineString><coordinates>79.220264537953,14.3218143859661 79.2202961030551,14.3219855445693</coordinates></LineString>
  </Placemark>
  <Placemark id="damage_d3d_roads.410">
	<Style><LineStyle><color>ff0000ff</color></LineStyle><PolyStyle><fill>0</fill></PolyStyle></Style>
	<ExtendedData><SchemaData schemaUrl="#damage_d3d_roads">
		<SimpleData name="osm_id">1450188482</SimpleData>
		<SimpleData name="type">residential</SimpleData>
		<SimpleData name="depth_cls">&gt;1.5 m</SimpleData>
		<SimpleData name="max_depth">1.58</SimpleData>
		<SimpleData name="length_m">39.9</SimpleData>
	</SchemaData></ExtendedData>
      <LineString><coordinates>79.2202961030551,14.3219855445693 79.2204093251492,14.3221279800455 79.2205225473818,14.3222704154825</coordinates></LineString>
  </Placemark>
  <Placemark id="damage_d3d_roads.411">
	<Style><LineStyle><color>ff0000ff</color></LineStyle><PolyStyle><fill>0</fill></PolyStyle></Style>
	<ExtendedData><SchemaData schemaUrl="#damage_d3d_roads">
		<SimpleData name="osm_id">1450188482</SimpleData>
		<SimpleData name="type">residential</SimpleData>
		<SimpleData name="depth_cls">0.5-1.5 m</SimpleData>
		<SimpleData name="max_depth">1.3</SimpleData>
		<SimpleData name="length_m">19.9</SimpleData>
	</SchemaData></ExtendedData>
      <LineString><coordinates>79.2205225473818,14.3222704154825 79.2205477808517,14.3224435445385</coordinates></LineString>
  </Placemark>
  <Placemark id="damage_d3d_roads.412">
	<Style><LineStyle><color>ff0000ff</color></LineStyle><PolyStyle><fill>0</fill></PolyStyle></Style>
	<ExtendedData><SchemaData schemaUrl="#damage_d3d_roads">
		<SimpleData name="osm_id">1450188482</SimpleData>
		<SimpleData name="type">residential</SimpleData>
		<SimpleData name="depth_cls">&gt;1.5 m</SimpleData>
		<SimpleData name="max_depth">1.98</SimpleData>
		<SimpleData name="length_m">219.3</SimpleData>
	</SchemaData></ExtendedData>
      <LineString><coordinates>79.2205477808517,14.3224435445385 79.2205529166496,14.3226236843737 79.2205580524382,14.3228038242072 79.2205436162725,14.3229834530516 79.220528601088,14.3231630667738 79.2205135858623,14.3233426804897 79.2204913727325,14.3235215809121 79.2204492246979,14.323695437488 79.2203791915298,14.3238622083863 79.2203091582456,14.3240289792498 79.2202570059529,14.3242018188688 79.2202298949428,14.3243764543555</coordinates></LineString>
  </Placemark>
  <Placemark id="damage_d3d_roads.413">
	<Style><LineStyle><color>ff0000ff</color></LineStyle><PolyStyle><fill>0</fill></PolyStyle></Style>
	<ExtendedData><SchemaData schemaUrl="#damage_d3d_roads">
		<SimpleData name="osm_id">1450188482</SimpleData>
		<SimpleData name="type">residential</SimpleData>
		<SimpleData name="depth_cls">0.5-1.5 m</SimpleData>
		<SimpleData name="max_depth">1.5</SimpleData>
		<SimpleData name="length_m">39.9</SimpleData>
	</SchemaData></ExtendedData>
      <LineString><coordinates>79.2202298949428,14.3243764543555 79.2202581599006,14.3245545439169 79.2202864248864,14.3247326334775</coordinates></LineString>
  </Placemark>
  <Placemark id="damage_d3d_roads.414">
	<Style><LineStyle><color>ff0000ff</color></LineStyle><PolyStyle><fill>0</fill></PolyStyle></Style>
	<ExtendedData><SchemaData schemaUrl="#damage_d3d_roads">
		<SimpleData name="osm_id">1450188482</SimpleData>
		<SimpleData name="type">residential</SimpleData>
		<SimpleData name="depth_cls">&gt;1.5 m</SimpleData>
		<SimpleData name="max_depth">1.9</SimpleData>
		<SimpleData name="length_m">259.2</SimpleData>
	</SchemaData></ExtendedData>
      <LineString><coordinates>79.2202864248864,14.3247326334775 79.2203146899002,14.3249107230374 79.2203402800221,14.3250891568657 79.2203603757456,14.3252682978394 79.2203384356258,14.325446557036 79.2203104567318,14.3256246895495 79.2202824777769,14.325802822052 79.2202547220472,14.325980978496 79.2202423130919,14.3261607812187 79.2202299040995,14.3263405839359 79.2202350556257,14.3265203058277 79.2202348259935,14.3266997517739 79.2201954518732,14.3268635367522 79.2200189716694,14.3269170729788</coordinates></LineString>
  </Placemark>
  <Placemark id="damage_d3d_roads.415">
	<Style><LineStyle><color>ff0000ff</color></LineStyle><PolyStyle><fill>0</fill></PolyStyle></Style>
	<ExtendedData><SchemaData schemaUrl="#damage_d3d_roads">
		<SimpleData name="osm_id">1450188482</SimpleData>
		<SimpleData name="type">residential</SimpleData>
		<SimpleData name="depth_cls">0.5-1.5 m</SimpleData>
		<SimpleData name="max_depth">1.28</SimpleData>
		<SimpleData name="length_m">259.2</SimpleData>
	</SchemaData></ExtendedData>
      <LineString><coordinates>79.2200189716694,14.3269170729788 79.2199282219564,14.3270319127146 79.2199288872047,14.3272121208487 79.2199295524365,14.3273923289802 79.2199302176519,14.3275725371093 79.2199343555071,14.3277524760468 79.2199629019495,14.3279305229083 79.2199914484202,14.3281085697691 79.2199944352575,14.3282756252352 79.2198403399136,14.32837513078 79.2197607744271,14.3285183925334 79.2197426644393,14.3286977346268 79.2197325652548,14.3288775910303 79.2197264,14.3290577</coordinates></LineString>
  </Placemark>
  <Placemark id="damage_d3d_roads.416">
	<Style><LineStyle><color>ff0000ff</color></LineStyle><PolyStyle><fill>0</fill></PolyStyle></Style>
	<ExtendedData><SchemaData schemaUrl="#damage_d3d_roads">
		<SimpleData name="osm_id">1217956162</SimpleData>
		<SimpleData name="type">tertiary</SimpleData>
		<SimpleData name="depth_cls">0.5-1.5 m</SimpleData>
		<SimpleData name="max_depth">1.47</SimpleData>
		<SimpleData name="length_m">239.5</SimpleData>
	</SchemaData></ExtendedData>
      <LineString><coordinates>79.2214787,14.3299203 79.2212969468826,14.3299529868486 79.2211187167844,14.3300013092435 79.2209404866249,14.3300496314956 79.2207566394577,14.3300376265302 79.2205785013403,14.3299892794422 79.2204319669713,14.3298865609187 79.2202984107865,14.3297617553685 79.2201648547503,14.3296369497589 79.2200421045181,14.329503518794 79.2199429907498,14.3293512207871 79.2198438850785,14.3291989178219 79.2197279050247,14.329059284627</coordinates></LineString>
  </Placemark>
  <Placemark id="damage_d3d_roads.417">
	<Style><LineStyle><color>ff0000ff</color></LineStyle><PolyStyle><fill>0</fill></PolyStyle></Style>
	<ExtendedData><SchemaData schemaUrl="#damage_d3d_roads">
		<SimpleData name="osm_id">1450188483</SimpleData>
		<SimpleData name="type">residential</SimpleData>
		<SimpleData name="depth_cls">0.5-1.5 m</SimpleData>
		<SimpleData name="max_depth">1.3</SimpleData>
		<SimpleData name="length_m">39.1</SimpleData>
	</SchemaData></ExtendedData>
      <LineString><coordinates>79.2198833,14.3292595 79.2197765418924,14.3294020191976 79.2196697836447,14.32954453833</coordinates></LineString>
  </Placemark>
  <Placemark id="damage_d3d_roads.418">
	<Style><LineStyle><color>ff0000ff</color></LineStyle><PolyStyle><fill>0</fill></PolyStyle></Style>
	<ExtendedData><SchemaData schemaUrl="#damage_d3d_roads">
		<SimpleData name="osm_id">1450188483</SimpleData>
		<SimpleData name="type">residential</SimpleData>
		<SimpleData name="depth_cls">0.1-0.5 m</SimpleData>
		<SimpleData name="max_depth">0.31</SimpleData>
		<SimpleData name="length_m">39.1</SimpleData>
	</SchemaData></ExtendedData>
      <LineString><coordinates>79.2193576436667,14.3299766004836 79.219286787199,14.3301390005352 79.2192159306175,14.3303014005518</coordinates></LineString>
  </Placemark>
  <Placemark id="damage_d3d_roads.419">
	<Style><LineStyle><color>ff0000ff</color></LineStyle><PolyStyle><fill>0</fill></PolyStyle></Style>
	<ExtendedData><SchemaData schemaUrl="#damage_d3d_roads">
		<SimpleData name="osm_id">1450188483</SimpleData>
		<SimpleData name="type">residential</SimpleData>
		<SimpleData name="depth_cls">0.5-1.5 m</SimpleData>
		<SimpleData name="max_depth">0.94</SimpleData>
		<SimpleData name="length_m">19.5</SimpleData>
	</SchemaData></ExtendedData>
      <LineString><coordinates>79.2192159306175,14.3303014005518 79.2191450739224,14.3304638005333</coordinates></LineString>
  </Placemark>
  <Placemark id="damage_d3d_roads.420">
	<Style><LineStyle><color>ff0000ff</color></LineStyle><PolyStyle><fill>0</fill></PolyStyle></Style>
	<ExtendedData><SchemaData schemaUrl="#damage_d3d_roads">
		<SimpleData name="osm_id">1450188483</SimpleData>
		<SimpleData name="type">residential</SimpleData>
		<SimpleData name="depth_cls">0.5-1.5 m</SimpleData>
		<SimpleData name="max_depth">0.74</SimpleData>
		<SimpleData name="length_m">19.5</SimpleData>
	</SchemaData></ExtendedData>
      <LineString><coordinates>79.2186118892817,14.3313819092004 79.2185128,14.3315296</coordinates></LineString>
  </Placemark>
  <Placemark id="damage_d3d_roads.421">
	<Style><LineStyle><color>ff0000ff</color></LineStyle><PolyStyle><fill>0</fill></PolyStyle></Style>
	<ExtendedData><SchemaData schemaUrl="#damage_d3d_roads">
		<SimpleData name="osm_id">1450188484</SimpleData>
		<SimpleData name="type">residential</SimpleData>
		<SimpleData name="depth_cls">0.1-0.5 m</SimpleData>
		<SimpleData name="max_depth">0.47</SimpleData>
		<SimpleData name="length_m">59.4</SimpleData>
	</SchemaData></ExtendedData>
      <LineString><coordinates>79.2216427355529,14.3325109700979 79.2214607628304,14.332486803712 79.2212787901636,14.3324626371909 79.2210971488399,14.3324365881568</coordinates></LineString>
  </Placemark>
  <Placemark id="damage_d3d_roads.422">
	<Style><LineStyle><color>ff0000ff</color></LineStyle><PolyStyle><fill>0</fill></PolyStyle></Style>
	<ExtendedData><SchemaData schemaUrl="#damage_d3d_roads">
		<SimpleData name="osm_id">1450188484</SimpleData>
		<SimpleData name="type">residential</SimpleData>
		<SimpleData name="depth_cls">0.5-1.5 m</SimpleData>
		<SimpleData name="max_depth">1.34</SimpleData>
		<SimpleData name="length_m">99.1</SimpleData>
	</SchemaData></ExtendedData>
      <LineString><coordinates>79.2210971488399,14.3324365881568 79.2209173230178,14.3324002236724 79.2207374972697,14.3323638590583 79.2205576715954,14.3323274943144 79.2203778459949,14.3322911294407 79.220201758921,14.3322423296902</coordinates></LineString>
  </Placemark>
  <Placemark id="damage_d3d_roads.423">
	<Style><LineStyle><color>ff0000ff</color></LineStyle><PolyStyle><fill>0</fill></PolyStyle></Style>
	<ExtendedData><SchemaData schemaUrl="#damage_d3d_roads">
		<SimpleData name="osm_id">1450188484</SimpleData>
		<SimpleData name="type">residential</SimpleData>
		<SimpleData name="depth_cls">&gt;1.5 m</SimpleData>
		<SimpleData name="max_depth">1.66</SimpleData>
		<SimpleData name="length_m">19.8</SimpleData>
	</SchemaData></ExtendedData>
      <LineString><coordinates>79.220201758921,14.3322423296902 79.2200302557655,14.3321782832415</coordinates></LineString>
  </Placemark>
  <Placemark id="damage_d3d_roads.424">
	<Style><LineStyle><color>ff0000ff</color></LineStyle><PolyStyle><fill>0</fill></PolyStyle></Style>
	<ExtendedData><SchemaData schemaUrl="#damage_d3d_roads">
		<SimpleData name="osm_id">1450188484</SimpleData>
		<SimpleData name="type">residential</SimpleData>
		<SimpleData name="depth_cls">0.5-1.5 m</SimpleData>
		<SimpleData name="max_depth">1.48</SimpleData>
		<SimpleData name="length_m">198.1</SimpleData>
	</SchemaData></ExtendedData>
      <LineString><coordinates>79.2200302557655,14.3321782832415 79.2198587527204,14.3321142366796 79.2196872497855,14.3320501900046 79.2195403097524,14.3319571024264 79.2194168423864,14.331837231533 79.2192434469912,14.331778228103 79.2190700517002,14.3317192245564 79.2188966565135,14.3316602208933 79.2187232614311,14.3316012171137 79.218549866453,14.3315422132175 79.2183688644608,14.3315184046385</coordinates></LineString>
  </Placemark>
  <Placemark id="damage_d3d_roads.425">
	<Style><LineStyle><color>ff0000ff</color></LineStyle><PolyStyle><fill>0</fill></PolyStyle></Style>
	<ExtendedData><SchemaData schemaUrl="#damage_d3d_roads">
		<SimpleData name="osm_id">1450188485</SimpleData>
		<SimpleData name="type">residential</SimpleData>
		<SimpleData name="depth_cls">0.1-0.5 m</SimpleData>
		<SimpleData name="max_depth">0.4</SimpleData>
		<SimpleData name="length_m">79.3</SimpleData>
	</SchemaData></ExtendedData>
      <LineString><coordinates>79.2189376081415,14.3405029963749 79.2187864798485,14.3406050367527 79.2186353514248,14.3407070770176 79.2184839366736,14.3408087075786 79.2183312223204,14.340908478283</coordinates></LineString>
  </Placemark>
  <Placemark id="damage_d3d_roads.426">
	<Style><LineStyle><color>ff0000ff</color></LineStyle><PolyStyle><fill>0</fill></PolyStyle></Style>
	<ExtendedData><SchemaData schemaUrl="#damage_d3d_roads">
		<SimpleData name="osm_id">1450188485</SimpleData>
		<SimpleData name="type">residential</SimpleData>
		<SimpleData name="depth_cls">0.5-1.5 m</SimpleData>
		<SimpleData name="max_depth">1.39</SimpleData>
		<SimpleData name="length_m">138.8</SimpleData>
	</SchemaData></ExtendedData>
      <LineString><coordinates>79.2183312223204,14.340908478283 79.2181785078385,14.3410082488725 79.2180257932279,14.3411080193473 79.2178730784887,14.3412077897072 79.2177203636208,14.3413075599523 79.2175676486243,14.3414073300826 79.2174149334991,14.3415071000981 79.2172622182452,14.3416068699987</coordinates></LineString>
  </Placemark>
  <Placemark id="damage_d3d_roads.427">
	<Style><LineStyle><color>ff0000ff</color></LineStyle><PolyStyle><fill>0</fill></PolyStyle></Style>
	<ExtendedData><SchemaData schemaUrl="#damage_d3d_roads">
		<SimpleData name="osm_id">1450188485</SimpleData>
		<SimpleData name="type">residential</SimpleData>
		<SimpleData name="depth_cls">&gt;1.5 m</SimpleData>
		<SimpleData name="max_depth">1.67</SimpleData>
		<SimpleData name="length_m">19.8</SimpleData>
	</SchemaData></ExtendedData>
      <LineString><coordinates>79.2172622182452,14.3416068699987 79.2171095028627,14.3417066397846</coordinates></LineString>
  </Placemark>
  <Placemark id="damage_d3d_roads.428">
	<Style><LineStyle><color>ff0000ff</color></LineStyle><PolyStyle><fill>0</fill></PolyStyle></Style>
	<ExtendedData><SchemaData schemaUrl="#damage_d3d_roads">
		<SimpleData name="osm_id">1450188485</SimpleData>
		<SimpleData name="type">residential</SimpleData>
		<SimpleData name="depth_cls">0.5-1.5 m</SimpleData>
		<SimpleData name="max_depth">1.37</SimpleData>
		<SimpleData name="length_m">19.8</SimpleData>
	</SchemaData></ExtendedData>
      <LineString><coordinates>79.2171095028627,14.3417066397846 79.2169567873516,14.3418064094556</coordinates></LineString>
  </Placemark>
  <Placemark id="damage_d3d_roads.429">
	<Style><LineStyle><color>ff0000ff</color></LineStyle><PolyStyle><fill>0</fill></PolyStyle></Style>
	<ExtendedData><SchemaData schemaUrl="#damage_d3d_roads">
		<SimpleData name="osm_id">1450188485</SimpleData>
		<SimpleData name="type">residential</SimpleData>
		<SimpleData name="depth_cls">&gt;1.5 m</SimpleData>
		<SimpleData name="max_depth">1.56</SimpleData>
		<SimpleData name="length_m">39.7</SimpleData>
	</SchemaData></ExtendedData>
      <LineString><coordinates>79.2169567873516,14.3418064094556 79.2168040717118,14.3419061790117 79.2166513559433,14.3420059484531</coordinates></LineString>
  </Placemark>
  <Placemark id="damage_d3d_roads.430">
	<Style><LineStyle><color>ff0000ff</color></LineStyle><PolyStyle><fill>0</fill></PolyStyle></Style>
	<ExtendedData><SchemaData schemaUrl="#damage_d3d_roads">
		<SimpleData name="osm_id">1450188485</SimpleData>
		<SimpleData name="type">residential</SimpleData>
		<SimpleData name="depth_cls">0.5-1.5 m</SimpleData>
		<SimpleData name="max_depth">1.45</SimpleData>
		<SimpleData name="length_m">39.7</SimpleData>
	</SchemaData></ExtendedData>
      <LineString><coordinates>79.2166513559433,14.3420059484531 79.2165268162666,14.3421327556536 79.2164269232132,14.3422832137901</coordinates></LineString>
  </Placemark>
  <Placemark id="damage_d3d_roads.431">
	<Style><LineStyle><color>ff0000ff</color></LineStyle><PolyStyle><fill>0</fill></PolyStyle></Style>
	<ExtendedData><SchemaData schemaUrl="#damage_d3d_roads">
		<SimpleData name="osm_id">1450188485</SimpleData>
		<SimpleData name="type">residential</SimpleData>
		<SimpleData name="depth_cls">&gt;1.5 m</SimpleData>
		<SimpleData name="max_depth">2.21</SimpleData>
		<SimpleData name="length_m">59.5</SimpleData>
	</SchemaData></ExtendedData>
      <LineString><coordinates>79.2164269232132,14.3422832137901 79.2163270300192,14.3424336718672 79.2162271366847,14.3425841298849 79.2161272432097,14.3427345878433</coordinates></LineString>
  </Placemark>
  <Placemark id="damage_d3d_roads.432">
	<Style><LineStyle><color>ff0000ff</color></LineStyle><PolyStyle><fill>0</fill></PolyStyle></Style>
	<ExtendedData><SchemaData schemaUrl="#damage_d3d_roads">
		<SimpleData name="osm_id">1450188485</SimpleData>
		<SimpleData name="type">residential</SimpleData>
		<SimpleData name="depth_cls">0.5-1.5 m</SimpleData>
		<SimpleData name="max_depth">1.18</SimpleData>
		<SimpleData name="length_m">119</SimpleData>
	</SchemaData></ExtendedData>
      <LineString><coordinates>79.2161272432097,14.3427345878433 79.2160273495941,14.3428850457424 79.215927455838,14.3430355035821 79.2158275619414,14.3431859613624 79.2157276679043,14.3433364190834 79.2156277737266,14.3434868767451 79.2155278794084,14.3436373343474</coordinates></LineString>
  </Placemark>
  <Placemark id="damage_d3d_roads.433">
	<Style><LineStyle><color>ff0000ff</color></LineStyle><PolyStyle><fill>0</fill></PolyStyle></Style>
	<ExtendedData><SchemaData schemaUrl="#damage_d3d_roads">
		<SimpleData name="osm_id">1450188485</SimpleData>
		<SimpleData name="type">residential</SimpleData>
		<SimpleData name="depth_cls">0.1-0.5 m</SimpleData>
		<SimpleData name="max_depth">0.15</SimpleData>
		<SimpleData name="length_m">39.7</SimpleData>
	</SchemaData></ExtendedData>
      <LineString><coordinates>79.2155278794084,14.3436373343474 79.2154279849496,14.3437877918903 79.2153280903503,14.3439382493739</coordinates></LineString>
  </Placemark>
  <Placemark id="damage_d3d_roads.434">
	<Style><LineStyle><color>ff0000ff</color></LineStyle><PolyStyle><fill>0</fill></PolyStyle></Style>
	<ExtendedData><SchemaData schemaUrl="#damage_d3d_roads">
		<SimpleData name="osm_id">1450188485</SimpleData>
		<SimpleData name="type">residential</SimpleData>
		<SimpleData name="depth_cls">0.1-0.5 m</SimpleData>
		<SimpleData name="max_depth">0.31</SimpleData>
		<SimpleData name="length_m">79.3</SimpleData>
	</SchemaData></ExtendedData>
      <LineString><coordinates>79.2152281956104,14.3440887067982 79.21512830073,14.344239164163 79.215028405709,14.3443896214685 79.2149285105475,14.3445400787147 79.2148325899883,14.3446929405084</coordinates></LineString>
  </Placemark>
  <Placemark id="damage_d3d_roads.435">
	<Style><LineStyle><color>ff0000ff</color></LineStyle><PolyStyle><fill>0</fill></PolyStyle></Style>
	<ExtendedData><SchemaData schemaUrl="#damage_d3d_roads">
		<SimpleData name="osm_id">1450188485</SimpleData>
		<SimpleData name="type">residential</SimpleData>
		<SimpleData name="depth_cls">0.1-0.5 m</SimpleData>
		<SimpleData name="max_depth">0.48</SimpleData>
		<SimpleData name="length_m">59.5</SimpleData>
	</SchemaData></ExtendedData>
      <LineString><coordinates>79.2147386667185,14.3448470106338 79.214644743312,14.3450010807053 79.2145508197686,14.3451551507227 79.2144568960885,14.3453092206862</coordinates></LineString>
  </Placemark>
  <Placemark id="damage_d3d_roads.436">
	<Style><LineStyle><color>ff0000ff</color></LineStyle><PolyStyle><fill>0</fill></PolyStyle></Style>
	<ExtendedData><SchemaData schemaUrl="#damage_d3d_roads">
		<SimpleData name="osm_id">1450188485</SimpleData>
		<SimpleData name="type">residential</SimpleData>
		<SimpleData name="depth_cls">0.5-1.5 m</SimpleData>
		<SimpleData name="max_depth">0.66</SimpleData>
		<SimpleData name="length_m">39.7</SimpleData>
	</SchemaData></ExtendedData>
      <LineString><coordinates>79.2144568960885,14.3453092206862 79.2143629722715,14.3454632905956 79.2142690483178,14.3456173604511</coordinates></LineString>
  </Placemark>
  <Placemark id="damage_d3d_roads.437">
	<Style><LineStyle><color>ff0000ff</color></LineStyle><PolyStyle><fill>0</fill></PolyStyle></Style>
	<ExtendedData><SchemaData schemaUrl="#damage_d3d_roads">
		<SimpleData name="osm_id">1450188485</SimpleData>
		<SimpleData name="type">residential</SimpleData>
		<SimpleData name="depth_cls">0.1-0.5 m</SimpleData>
		<SimpleData name="max_depth">0.16</SimpleData>
		<SimpleData name="length_m">19.8</SimpleData>
	</SchemaData></ExtendedData>
      <LineString><coordinates>79.2142690483178,14.3456173604511 79.2141751242273,14.3457714302525</coordinates></LineString>
  </Placemark>
  <Placemark id="damage_d3d_roads.438">
	<Style><LineStyle><color>ff0000ff</color></LineStyle><PolyStyle><fill>0</fill></PolyStyle></Style>
	<ExtendedData><SchemaData schemaUrl="#damage_d3d_roads">
		<SimpleData name="osm_id">610118422</SimpleData>
		<SimpleData name="type">unclassified</SimpleData>
		<SimpleData name="depth_cls">0.1-0.5 m</SimpleData>
		<SimpleData name="max_depth">0.43</SimpleData>
		<SimpleData name="length_m">39.9</SimpleData>
	</SchemaData></ExtendedData>
      <LineString><coordinates>79.2097424995532,14.3403477676584 79.2098797473028,14.3404685675421 79.2100169952013,14.3405893673624</coordinates></LineString>
  </Placemark>
  <Placemark id="damage_d3d_roads.439">
	<Style><LineStyle><color>ff0000ff</color></LineStyle><PolyStyle><fill>0</fill></PolyStyle></Style>
	<ExtendedData><SchemaData schemaUrl="#damage_d3d_roads">
		<SimpleData name="osm_id">610118422</SimpleData>
		<SimpleData name="type">unclassified</SimpleData>
		<SimpleData name="depth_cls">0.5-1.5 m</SimpleData>
		<SimpleData name="max_depth">1.16</SimpleData>
		<SimpleData name="length_m">39.9</SimpleData>
	</SchemaData></ExtendedData>
      <LineString><coordinates>79.2100169952013,14.3405893673624 79.2101542432488,14.340710167119 79.2102914914453,14.3408309668122</coordinates></LineString>
  </Placemark>
  <Placemark id="damage_d3d_roads.440">
	<Style><LineStyle><color>ff0000ff</color></LineStyle><PolyStyle><fill>0</fill></PolyStyle></Style>
	<ExtendedData><SchemaData schemaUrl="#damage_d3d_roads">
		<SimpleData name="osm_id">610118422</SimpleData>
		<SimpleData name="type">unclassified</SimpleData>
		<SimpleData name="depth_cls">&gt;1.5 m</SimpleData>
		<SimpleData name="max_depth">2.22</SimpleData>
		<SimpleData name="length_m">79.8</SimpleData>
	</SchemaData></ExtendedData>
      <LineString><coordinates>79.2102914914453,14.3408309668122 79.2104287397907,14.3409517664417 79.2105659882851,14.3410725660077 79.2107032369284,14.3411933655102 79.2108406508716,14.3413139833001</coordinates></LineString>
  </Placemark>
  <Placemark id="damage_d3d_roads.441">
	<Style><LineStyle><color>ff0000ff</color></LineStyle><PolyStyle><fill>0</fill></PolyStyle></Style>
	<ExtendedData><SchemaData schemaUrl="#damage_d3d_roads">
		<SimpleData name="osm_id">610118422</SimpleData>
		<SimpleData name="type">unclassified</SimpleData>
		<SimpleData name="depth_cls">0.5-1.5 m</SimpleData>
		<SimpleData name="max_depth">0.77</SimpleData>
		<SimpleData name="length_m">19.9</SimpleData>
	</SchemaData></ExtendedData>
      <LineString><coordinates>79.21098012516,14.3414323350212 79.2111195995975,14.341550686676</coordinates></LineString>
  </Placemark>
  <Placemark id="damage_d3d_roads.442">
	<Style><LineStyle><color>ff0000ff</color></LineStyle><PolyStyle><fill>0</fill></PolyStyle></Style>
	<ExtendedData><SchemaData schemaUrl="#damage_d3d_roads">
		<SimpleData name="osm_id">610118422</SimpleData>
		<SimpleData name="type">unclassified</SimpleData>
		<SimpleData name="depth_cls">&gt;1.5 m</SimpleData>
		<SimpleData name="max_depth">4</SimpleData>
		<SimpleData name="length_m">458.8</SimpleData>
	</SchemaData></ExtendedData>
      <LineString><coordinates>79.2111195995975,14.341550686676 79.211262947227,14.3416644481605 79.211411076823,14.3417720106959 79.2115703327703,14.3418636078129 79.2117295888556,14.3419552048373 79.2118888450789,14.342046801769 79.2120481014402,14.3421383986081 79.2122042481948,14.3422347007823 79.21235561345,14.3423382380868 79.2125069788503,14.34244177531 79.2126583443958,14.3425453124518 79.2128097100863,14.3426488495121 79.212961075922,14.3427523864911 79.2131124419028,14.3428559233886 79.213262139868,14.3429617201362 79.2134109112561,14.3430687722786 79.2135596827908,14.3431758243432 79.213708454472,14.3432828763298 79.2138572262998,14.3433899282385 79.2140073402899,14.3434951724054 79.2141581250898,14.3435995131232 79.2142758557225,14.3437253369205 79.21429178785,14.3439042588438 79.2142781298664,14.3440837451667</coordinates></LineString>
  </Placemark>
  <Placemark id="damage_d3d_roads.443">
	<Style><LineStyle><color>ff0000ff</color></LineStyle><PolyStyle><fill>0</fill></PolyStyle></Style>
	<ExtendedData><SchemaData schemaUrl="#damage_d3d_roads">
		<SimpleData name="osm_id">610118422</SimpleData>
		<SimpleData name="type">unclassified</SimpleData>
		<SimpleData name="depth_cls">0.5-1.5 m</SimpleData>
		<SimpleData name="max_depth">1.4</SimpleData>
		<SimpleData name="length_m">159.6</SimpleData>
	</SchemaData></ExtendedData>
      <LineString><coordinates>79.2142781298664,14.3440837451667 79.2142587442061,14.3442630251269 79.2142393584978,14.3444423050793 79.2142199727415,14.344621585024 79.2142005869372,14.344800864961 79.2141817714818,14.3449802018102 79.2141635026384,14.3451595932031 79.2141452337487,14.3453389845886 79.2141269648127,14.3455183759668</coordinates></LineString>
  </Placemark>
  <Placemark id="damage_d3d_roads.444">
	<Style><LineStyle><color>ff0000ff</color></LineStyle><PolyStyle><fill>0</fill></PolyStyle></Style>
	<ExtendedData><SchemaData schemaUrl="#damage_d3d_roads">
		<SimpleData name="osm_id">610118422</SimpleData>
		<SimpleData name="type">unclassified</SimpleData>
		<SimpleData name="depth_cls">0.1-0.5 m</SimpleData>
		<SimpleData name="max_depth">0.33</SimpleData>
		<SimpleData name="length_m">39.9</SimpleData>
	</SchemaData></ExtendedData>
      <LineString><coordinates>79.2141269648127,14.3455183759668 79.2141086958303,14.3456977673376 79.2140871075693,14.3458768066963</coordinates></LineString>
  </Placemark>
  <Placemark id="damage_d3d_roads.445">
	<Style><LineStyle><color>ff0000ff</color></LineStyle><PolyStyle><fill>0</fill></PolyStyle></Style>
	<ExtendedData><SchemaData schemaUrl="#damage_d3d_roads">
		<SimpleData name="osm_id">610118422</SimpleData>
		<SimpleData name="type">unclassified</SimpleData>
		<SimpleData name="depth_cls">0.5-1.5 m</SimpleData>
		<SimpleData name="max_depth">0.56</SimpleData>
		<SimpleData name="length_m">39.9</SimpleData>
	</SchemaData></ExtendedData>
      <LineString><coordinates>79.2141928532031,14.3461955658579 79.2143497712603,14.3462900334318 79.2145129854158,14.3463747556136</coordinates></LineString>
  </Placemark>
  <Placemark id="damage_d3d_roads.446">
	<Style><LineStyle><color>ff0000ff</color></LineStyle><PolyStyle><fill>0</fill></PolyStyle></Style>
	<ExtendedData><SchemaData schemaUrl="#damage_d3d_roads">
		<SimpleData name="osm_id">610118422</SimpleData>
		<SimpleData name="type">unclassified</SimpleData>
		<SimpleData name="depth_cls">0.1-0.5 m</SimpleData>
		<SimpleData name="max_depth">0.45</SimpleData>
		<SimpleData name="length_m">59.8</SimpleData>
	</SchemaData></ExtendedData>
      <LineString><coordinates>79.2145129854158,14.3463747556136 79.2146761997038,14.3464594776965 79.2148191122634,14.3465725561541 79.2149683828913,14.346676610584</coordinates></LineString>
  </Placemark>
  <Placemark id="damage_d3d_roads.447">
	<Style><LineStyle><color>ff0000ff</color></LineStyle><PolyStyle><fill>0</fill></PolyStyle></Style>
	<ExtendedData><SchemaData schemaUrl="#damage_d3d_roads">
		<SimpleData name="osm_id">610118422</SimpleData>
		<SimpleData name="type">unclassified</SimpleData>
		<SimpleData name="depth_cls">0.5-1.5 m</SimpleData>
		<SimpleData name="max_depth">0.71</SimpleData>
		<SimpleData name="length_m">39.9</SimpleData>
	</SchemaData></ExtendedData>
      <LineString><coordinates>79.2149683828913,14.346676610584 79.2151310581793,14.3467620819226 79.2152852388586,14.3468615970914</coordinates></LineString>
  </Placemark>
  <Placemark id="damage_d3d_roads.448">
	<Style><LineStyle><color>ff0000ff</color></LineStyle><PolyStyle><fill>0</fill></PolyStyle></Style>
	<ExtendedData><SchemaData schemaUrl="#damage_d3d_roads">
		<SimpleData name="osm_id">610118422</SimpleData>
		<SimpleData name="type">unclassified</SimpleData>
		<SimpleData name="depth_cls">&gt;1.5 m</SimpleData>
		<SimpleData name="max_depth">3.01</SimpleData>
		<SimpleData name="length_m">79.8</SimpleData>
	</SchemaData></ExtendedData>
      <LineString><coordinates>79.2152852388586,14.3468615970914 79.2153980701803,14.3470027489755 79.2154523124413,14.3471748426098 79.2155051735792,14.34734759254 79.2156056359068,14.3474965794011</coordinates></LineString>
  </Placemark>
  <Placemark id="damage_d3d_roads.449">
	<Style><LineStyle><color>ff0000ff</color></LineStyle><PolyStyle><fill>0</fill></PolyStyle></Style>
	<ExtendedData><SchemaData schemaUrl="#damage_d3d_roads">
		<SimpleData name="osm_id">610118422</SimpleData>
		<SimpleData name="type">unclassified</SimpleData>
		<SimpleData name="depth_cls">0.5-1.5 m</SimpleData>
		<SimpleData name="max_depth">1.41</SimpleData>
		<SimpleData name="length_m">39.9</SimpleData>
	</SchemaData></ExtendedData>
      <LineString><coordinates>79.2156056359068,14.3474965794011 79.2157155415066,14.3476414594087 79.2158133191875,14.3477939328612</coordinates></LineString>
  </Placemark>
  <Placemark id="damage_d3d_roads.450">
	<Style><LineStyle><color>ff0000ff</color></LineStyle><PolyStyle><fill>0</fill></PolyStyle></Style>
	<ExtendedData><SchemaData schemaUrl="#damage_d3d_roads">
		<SimpleData name="osm_id">610118422</SimpleData>
		<SimpleData name="type">unclassified</SimpleData>
		<SimpleData name="depth_cls">&gt;1.5 m</SimpleData>
		<SimpleData name="max_depth">3.01</SimpleData>
		<SimpleData name="length_m">59.8</SimpleData>
	</SchemaData></ExtendedData>
      <LineString><coordinates>79.2158133191875,14.3477939328612 79.21588862086,14.3479585805956 79.2159441392193,14.3481294850592 79.2159823117171,14.3483058753742</coordinates></LineString>
  </Placemark>
  <Placemark id="damage_d3d_roads.451">
	<Style><LineStyle><color>ff0000ff</color></LineStyle><PolyStyle><fill>0</fill></PolyStyle></Style>
	<ExtendedData><SchemaData schemaUrl="#damage_d3d_roads">
		<SimpleData name="osm_id">610118422</SimpleData>
		<SimpleData name="type">unclassified</SimpleData>
		<SimpleData name="depth_cls">0.5-1.5 m</SimpleData>
		<SimpleData name="max_depth">1.07</SimpleData>
		<SimpleData name="length_m">39.9</SimpleData>
	</SchemaData></ExtendedData>
      <LineString><coordinates>79.2159823117171,14.3483058753742 79.216015609652,14.3484823900351 79.215986950665,14.348660485164</coordinates></LineString>
  </Placemark>
  <Placemark id="damage_d3d_roads.452">
	<Style><LineStyle><color>ff0000ff</color></LineStyle><PolyStyle><fill>0</fill></PolyStyle></Style>
	<ExtendedData><SchemaData schemaUrl="#damage_d3d_roads">
		<SimpleData name="osm_id">610118422</SimpleData>
		<SimpleData name="type">unclassified</SimpleData>
		<SimpleData name="depth_cls">&gt;1.5 m</SimpleData>
		<SimpleData name="max_depth">3.01</SimpleData>
		<SimpleData name="length_m">59.8</SimpleData>
	</SchemaData></ExtendedData>
      <LineString><coordinates>79.215986950665,14.348660485164 79.2159649304718,14.3488394694971 79.2159432641901,14.3490185012318 79.2159681321579,14.3491917053769</coordinates></LineString>
  </Placemark>
  <Placemark id="damage_d3d_roads.453">
	<Style><LineStyle><color>ff0000ff</color></LineStyle><PolyStyle><fill>0</fill></PolyStyle></Style>
	<ExtendedData><SchemaData schemaUrl="#damage_d3d_roads">
		<SimpleData name="osm_id">610118422</SimpleData>
		<SimpleData name="type">unclassified</SimpleData>
		<SimpleData name="depth_cls">0.5-1.5 m</SimpleData>
		<SimpleData name="max_depth">1.17</SimpleData>
		<SimpleData name="length_m">19.9</SimpleData>
	</SchemaData></ExtendedData>
      <LineString><coordinates>79.2159681321579,14.3491917053769 79.2160908483584,14.3493251939489</coordinates></LineString>
  </Placemark>
  <Placemark id="damage_d3d_roads.454">
	<Style><LineStyle><color>ff0000ff</color></LineStyle><PolyStyle><fill>0</fill></PolyStyle></Style>
	<ExtendedData><SchemaData schemaUrl="#damage_d3d_roads">
		<SimpleData name="osm_id">610118422</SimpleData>
		<SimpleData name="type">unclassified</SimpleData>
		<SimpleData name="depth_cls">&gt;1.5 m</SimpleData>
		<SimpleData name="max_depth">3.01</SimpleData>
		<SimpleData name="length_m">19.9</SimpleData>
	</SchemaData></ExtendedData>
      <LineString><coordinates>79.2160908483584,14.3493251939489 79.2162323,14.3494413</coordinates></LineString>
  </Placemark>
  <Placemark id="damage_d3d_roads.455">
	<Style><LineStyle><color>ff0000ff</color></LineStyle><PolyStyle><fill>0</fill></PolyStyle></Style>
	<ExtendedData><SchemaData schemaUrl="#damage_d3d_roads">
		<SimpleData name="osm_id">1450465854</SimpleData>
		<SimpleData name="type">residential</SimpleData>
		<SimpleData name="depth_cls">&gt;1.5 m</SimpleData>
		<SimpleData name="max_depth">3.68</SimpleData>
		<SimpleData name="length_m">159.8</SimpleData>
	</SchemaData></ExtendedData>
      <LineString><coordinates>79.1945423095701,14.3655389303421 79.194534726984,14.3657192743034 79.1945012410989,14.365896507322 79.1944636972115,14.3660732529756 79.1944261532488,14.3662499986138 79.1943977067031,14.366427911098 79.1943870763745,14.3666081087211 79.1943764460111,14.3667883063392 79.194365815613,14.3669685039521</coordinates></LineString>
  </Placemark>
  <Placemark id="damage_d3d_roads.456">
	<Style><LineStyle><color>ff0000ff</color></LineStyle><PolyStyle><fill>0</fill></PolyStyle></Style>
	<ExtendedData><SchemaData schemaUrl="#damage_d3d_roads">
		<SimpleData name="osm_id">1450465854</SimpleData>
		<SimpleData name="type">residential</SimpleData>
		<SimpleData name="depth_cls">0.5-1.5 m</SimpleData>
		<SimpleData name="max_depth">1.19</SimpleData>
		<SimpleData name="length_m">20</SimpleData>
	</SchemaData></ExtendedData>
      <LineString><coordinates>79.194365815613,14.3669685039521 79.1943551851802,14.36714870156</coordinates></LineString>
  </Placemark>
  <Placemark id="damage_d3d_roads.457">
	<Style><LineStyle><color>ff0000ff</color></LineStyle><PolyStyle><fill>0</fill></PolyStyle></Style>
	<ExtendedData><SchemaData schemaUrl="#damage_d3d_roads">
		<SimpleData name="osm_id">1450465854</SimpleData>
		<SimpleData name="type">residential</SimpleData>
		<SimpleData name="depth_cls">&gt;1.5 m</SimpleData>
		<SimpleData name="max_depth">3.66</SimpleData>
		<SimpleData name="length_m">978.6</SimpleData>
	</SchemaData></ExtendedData>
      <LineString><coordinates>79.1943551851802,14.36714870156 79.1943445547127,14.3673288991629 79.1943339242104,14.3675090967607 79.1943257435108,14.3676893587008 79.1943264049852,14.3678698528867 79.1943270664427,14.36805034707 79.1943277278835,14.3682308412509 79.1943283893076,14.3684113354293 79.1943290507149,14.3685918296052 79.1943297121055,14.3687723237786 79.1943303734793,14.3689528179496 79.1943310348364,14.369133312118 79.1943316961767,14.369313806284 79.1943323575003,14.3694943004475 79.1943295389158,14.3696747726547 79.1943264813125,14.369855243351 79.1943234236865,14.3700357140441 79.1943203660378,14.3702161847339 79.1943173083664,14.3703966554205 79.1943142506723,14.3705771261039 79.1943111929555,14.3707575967841 79.1943626359627,14.3709274581924 79.1944365602395,14.3710929433378 79.1945104846128,14.3712584284707 79.194584409083,14.3714239135909 79.1946583336498,14.3715893986985 79.1947322583133,14.3717548837936 79.1948061830735,14.3719203688761 79.1948801079304,14.372085853946 79.194954032884,14.3722513390033 79.1950279579344,14.372416824048 79.1951018830814,14.3725823090801 79.1951758083252,14.3727477940997 79.1952497336656,14.3729132791066 79.1953236591028,14.373078764101 79.1953975846367,14.3732442490827 79.1955610319093,14.3731893429239 79.1957311341465,14.3731180527212 79.1959012362881,14.3730467623832 79.196071338334,14.3729754719098 79.1962414402842,14.3729041813012 79.1964115421389,14.3728328905572 79.1965816438978,14.3727615996779 79.1967504929029,14.3726875467367 79.1969190598172,14.372612871913 79.1970876266311,14.3725381969557 79.1972561933448,14.3724635218648 79.1974247599581,14.3723888466403 79.1975933264712,14.3723141712821 79.197761892884,14.3722394957903</coordinates></LineString>
  </Placemark>
  <Placemark id="damage_d3d_roads.458">
	<Style><LineStyle><color>ff0000ff</color></LineStyle><PolyStyle><fill>0</fill></PolyStyle></Style>
	<ExtendedData><SchemaData schemaUrl="#damage_d3d_roads">
		<SimpleData name="osm_id">1450465854</SimpleData>
		<SimpleData name="type">residential</SimpleData>
		<SimpleData name="depth_cls">0.5-1.5 m</SimpleData>
		<SimpleData name="max_depth">1.49</SimpleData>
		<SimpleData name="length_m">39.9</SimpleData>
	</SchemaData></ExtendedData>
      <LineString><coordinates>79.197761892884,14.3722394957903 79.1979304591964,14.3721648201649 79.1980990254086,14.3720901444059</coordinates></LineString>
  </Placemark>
  <Placemark id="damage_d3d_roads.459">
	<Style><LineStyle><color>ff0000ff</color></LineStyle><PolyStyle><fill>0</fill></PolyStyle></Style>
	<ExtendedData><SchemaData schemaUrl="#damage_d3d_roads">
		<SimpleData name="osm_id">1450465854</SimpleData>
		<SimpleData name="type">residential</SimpleData>
		<SimpleData name="depth_cls">0.1-0.5 m</SimpleData>
		<SimpleData name="max_depth">0.36</SimpleData>
		<SimpleData name="length_m">39.9</SimpleData>
	</SchemaData></ExtendedData>
      <LineString><coordinates>79.1991104205753,14.3716420870461 79.1992789860854,14.3715674103518 79.1994475514952,14.371492733524</coordinates></LineString>
  </Placemark>
  <Placemark id="damage_d3d_roads.460">
	<Style><LineStyle><color>ff0000ff</color></LineStyle><PolyStyle><fill>0</fill></PolyStyle></Style>
	<ExtendedData><SchemaData schemaUrl="#damage_d3d_roads">
		<SimpleData name="osm_id">1450465854</SimpleData>
		<SimpleData name="type">residential</SimpleData>
		<SimpleData name="depth_cls">&gt;1.5 m</SimpleData>
		<SimpleData name="max_depth">3.85</SimpleData>
		<SimpleData name="length_m">539.2</SimpleData>
	</SchemaData></ExtendedData>
      <LineString><coordinates>79.1996161168046,14.3714180565625 79.1997846820138,14.3713433794675 79.199952677895,14.3712675887296 79.2001153371184,14.3711813586325 79.2002779962266,14.3710951284084 79.2004406552196,14.3710088980574 79.2006033140976,14.3709226675795 79.2007659728604,14.3708364369746 79.2009286315081,14.3707502062427 79.2010912900407,14.3706639753839 79.2012571870266,14.3705838530351 79.2014234276962,14.3705043790188 79.2015896682592,14.3704249048715 79.2017569248567,14.3703475339852 79.2019256600708,14.3702732238835 79.2020943951852,14.370198913648 79.2022707968245,14.370150182443 79.2024540294424,14.3701242423254 79.2026372620351,14.3700983020609 79.2028204946024,14.3700723616496 79.2029859567734,14.369992298802 79.203150585748,14.3699096985335 79.2033152146119,14.3698270981359 79.2034798433651,14.3697444976091 79.2036444720077,14.3696618969531 79.2038091005397,14.369579296168 79.2039710820822,14.3694920333131 79.2041302992704,14.3693999016933</coordinates></LineString>
  </Placemark>
  <Placemark id="damage_d3d_roads.461">
	<Style><LineStyle><color>ff0000ff</color></LineStyle><PolyStyle><fill>0</fill></PolyStyle></Style>
	<ExtendedData><SchemaData schemaUrl="#damage_d3d_roads">
		<SimpleData name="osm_id">1450465854</SimpleData>
		<SimpleData name="type">residential</SimpleData>
		<SimpleData name="depth_cls">&gt;1.5 m</SimpleData>
		<SimpleData name="max_depth">3.87</SimpleData>
		<SimpleData name="length_m">39.9</SimpleData>
	</SchemaData></ExtendedData>
      <LineString><coordinates>79.2046079501028,14.369123506096 79.204767166803,14.3690313739843 79.2049263833812,14.3689392417496</coordinates></LineString>
  </Placemark>
  <Placemark id="damage_d3d_roads.462">
	<Style><LineStyle><color>ff0000ff</color></LineStyle><PolyStyle><fill>0</fill></PolyStyle></Style>
	<ExtendedData><SchemaData schemaUrl="#damage_d3d_roads">
		<SimpleData name="osm_id">1450465854</SimpleData>
		<SimpleData name="type">residential</SimpleData>
		<SimpleData name="depth_cls">&gt;1.5 m</SimpleData>
		<SimpleData name="max_depth">4.06</SimpleData>
		<SimpleData name="length_m">1617.7</SimpleData>
	</SchemaData></ExtendedData>
      <LineString><coordinates>79.20586664937,14.368364536454 79.2060147999863,14.3682562747237 79.2061629504649,14.3681480128831 79.2063111008059,14.3680397509322 79.2064592510091,14.3679314888711 79.2066225876523,14.3678579575086 79.2068052976377,14.3678287318417 79.2069880075924,14.3677995060281 79.2071707175163,14.3677702800679 79.2073534274095,14.3677410539611 79.207536137272,14.3677118277075 79.2077188471038,14.3676826013074 79.2079015569048,14.3676533747606 79.208084266675,14.3676241480671 79.2082653449958,14.3675885796434 79.2084405796794,14.3675302961612 79.2086171272735,14.3674787195415 79.2088020640493,14.3674699965668 79.2089870008283,14.3674612734459 79.2091719376106,14.3674525501789 79.2093568743961,14.3674438267656 79.2095416265537,14.3674327956653 79.2097257141911,14.3674134592605 79.2099098018141,14.3673941227087 79.2100933068377,14.3673837040968 79.2102733911659,14.3674256492546 79.2104470154867,14.3674803872319 79.2105909433482,14.3675939334018 79.2107348713586,14.3677074795001 79.2108760415346,14.3678238487118 79.2109994018838,14.3679584488857 79.2111529346939,14.367945678049 79.211320674019,14.36786926308 79.2115000110836,14.3678520411562 79.2116848195102,14.3678630591944 79.2118693029742,14.3678496523521 79.2120472931956,14.3678112110416 79.2121824415217,14.3677012585494 79.2121791809558,14.3675207895325 79.2121759203775,14.3673403205137 79.2122133462514,14.3671688553986 79.2123640029009,14.367069842417 79.2125278751386,14.366986113826 79.2126950396283,14.366908506151 79.212878260634,14.3668963089159 79.2130633543691,14.36689174054 79.2132477288402,14.3669075612047 79.2134320633792,14.3669245149346 79.2136163979633,14.3669414685241 79.2138008865329,14.3669555291758 79.2139860311964,14.3669572611482 79.2141711758805,14.3669589929762 79.2143562381729,14.366962451045 79.2145407476982,14.3669774891361 79.2147252572655,14.3669925270862 79.2149097668749,14.3670075648952 79.2150942765264,14.3670226025633 79.2152787862198,14.3670376400903 79.2154632959553,14.3670526774762 79.2156478057329,14.3670677147212 79.2158323155524,14.3670827518251 79.2160169988871,14.3670945067894 79.2162021169925,14.3670980365992 79.2163870414445,14.3670937021079 79.2165717725417,14.3670815162265 79.2167565036362,14.3670693301985 79.2169412968881,14.3670593420208 79.2171264361302,14.3670615876272 79.2173115753935,14.3670638330893 79.2174967146781,14.3670660784069 79.217681853984,14.3670683235801 79.2178669933112,14.3670705686089 79.2180521326596,14.3670728134933 79.2182372686065,14.3670753055469 79.2184224027292,14.3670779308419 79.2186075368737,14.3670805559926 79.2187926710402,14.3670831809989 79.2189778052285,14.3670858058609 79.2191628707266,14.3670905714803 79.219347811165,14.3670992344087 79.2195327516351,14.3671078971942 79.2197176921369,14.3671165598367</coordinates></LineString>
  </Placemark>
  <Placemark id="damage_d3d_roads.463">
	<Style><LineStyle><color>ff0000ff</color></LineStyle><PolyStyle><fill>0</fill></PolyStyle></Style>
	<ExtendedData><SchemaData schemaUrl="#damage_d3d_roads">
		<SimpleData name="osm_id">1450465854</SimpleData>
		<SimpleData name="type">residential</SimpleData>
		<SimpleData name="depth_cls">0.5-1.5 m</SimpleData>
		<SimpleData name="max_depth">1.34</SimpleData>
		<SimpleData name="length_m">39.9</SimpleData>
	</SchemaData></ExtendedData>
      <LineString><coordinates>79.2197176921369,14.3671165598367 79.2199026326704,14.3671252223364 79.2200874397021,14.3671237801594</coordinates></LineString>
  </Placemark>
  <Placemark id="damage_d3d_roads.464">
	<Style><LineStyle><color>ff0000ff</color></LineStyle><PolyStyle><fill>0</fill></PolyStyle></Style>
	<ExtendedData><SchemaData schemaUrl="#damage_d3d_roads">
		<SimpleData name="osm_id">1450465854</SimpleData>
		<SimpleData name="type">residential</SimpleData>
		<SimpleData name="depth_cls">&gt;1.5 m</SimpleData>
		<SimpleData name="max_depth">2.65</SimpleData>
		<SimpleData name="length_m">179.7</SimpleData>
	</SchemaData></ExtendedData>
      <LineString><coordinates>79.2200874397021,14.3671237801594 79.2202720899841,14.3671104761406 79.2204567402616,14.3670971719751 79.2206413905347,14.367083867663 79.2208260408032,14.3670705632043 79.2210106910673,14.367057258599 79.2211919873751,14.3670779242157 79.2213706448638,14.3671253175795 79.2215493024429,14.367172710817 79.2217279601124,14.367220103928</coordinates></LineString>
  </Placemark>
  <Placemark id="damage_d3d_roads.465">
	<Style><LineStyle><color>ff0000ff</color></LineStyle><PolyStyle><fill>0</fill></PolyStyle></Style>
	<ExtendedData><SchemaData schemaUrl="#damage_d3d_roads">
		<SimpleData name="osm_id">1450465854</SimpleData>
		<SimpleData name="type">residential</SimpleData>
		<SimpleData name="depth_cls">0.5-1.5 m</SimpleData>
		<SimpleData name="max_depth">1.42</SimpleData>
		<SimpleData name="length_m">59.9</SimpleData>
	</SchemaData></ExtendedData>
      <LineString><coordinates>79.2217279601124,14.367220103928 79.2219070306355,14.3672102239545 79.2220863538133,14.3671652827806 79.2222656769348,14.3671203414625</coordinates></LineString>
  </Placemark>
  <Placemark id="damage_d3d_roads.466">
	<Style><LineStyle><color>ff0000ff</color></LineStyle><PolyStyle><fill>0</fill></PolyStyle></Style>
	<ExtendedData><SchemaData schemaUrl="#damage_d3d_roads">
		<SimpleData name="osm_id">1450465854</SimpleData>
		<SimpleData name="type">residential</SimpleData>
		<SimpleData name="depth_cls">&gt;1.5 m</SimpleData>
		<SimpleData name="max_depth">1.56</SimpleData>
		<SimpleData name="length_m">20</SimpleData>
	</SchemaData></ExtendedData>
      <LineString><coordinates>79.2222656769348,14.3671203414625 79.222445,14.3670754</coordinates></LineString>
  </Placemark>
  <Placemark id="damage_d3d_roads.467">
	<Style><LineStyle><color>ff0000ff</color></LineStyle><PolyStyle><fill>0</fill></PolyStyle></Style>
	<ExtendedData><SchemaData schemaUrl="#damage_d3d_roads">
		<SimpleData name="osm_id">610118423</SimpleData>
		<SimpleData name="type">tertiary</SimpleData>
		<SimpleData name="depth_cls">0.1-0.5 m</SimpleData>
		<SimpleData name="max_depth">0.48</SimpleData>
		<SimpleData name="length_m">339.9</SimpleData>
	</SchemaData></ExtendedData>
      <LineString><coordinates>79.1641318711387,14.3824223185179 79.1642862992607,14.3823223725494 79.1644407272523,14.3822224264628 79.1645951551135,14.3821224802583 79.1647495828443,14.3820225339358 79.1649040104448,14.3819225874953 79.1650584379148,14.3818226409369 79.1652128652545,14.3817226942605 79.1653672924639,14.3816227474661 79.1655217195428,14.3815228005538 79.1656792279096,14.3814284007057 79.1658494920002,14.381356963835 79.166019755995,14.3812855268284 79.166190019894,14.381214089686 79.1663602836972,14.3811426524077 79.1665305474045,14.3810712149936 79.166700811016,14.3809997774436 79.1668710745316,14.3809283397577</coordinates></LineString>
  </Placemark>
  <Placemark id="damage_d3d_roads.468">
	<Style><LineStyle><color>ff0000ff</color></LineStyle><PolyStyle><fill>0</fill></PolyStyle></Style>
	<ExtendedData><SchemaData schemaUrl="#damage_d3d_roads">
		<SimpleData name="osm_id">610118423</SimpleData>
		<SimpleData name="type">tertiary</SimpleData>
		<SimpleData name="depth_cls">0.5-1.5 m</SimpleData>
		<SimpleData name="max_depth">1.45</SimpleData>
		<SimpleData name="length_m">1099.7</SimpleData>
	</SchemaData></ExtendedData>
      <LineString><coordinates>79.1668710745316,14.3809283397577 79.1670413379515,14.380856901936 79.1672116012755,14.3807854639784 79.1673818645037,14.380714025885 79.1675521276361,14.3806425876557 79.1677212401555,14.380568601735 79.1678902717789,14.3804944367742 79.1680593033027,14.3804202716789 79.1682283347269,14.3803461064491 79.1683973660515,14.3802719410848 79.1685663972766,14.380197775586 79.168735428402,14.3801236099528 79.1689044594278,14.380049444185 79.169073490354,14.3799752782827 79.1692425211807,14.3799011122459 79.1694115519077,14.3798269460747 79.1695805825352,14.3797527797689 79.169749613063,14.3796786133287 79.1699186434912,14.379604446754 79.1700876738199,14.3795302800448 79.1702567040489,14.3794561132012 79.1704257292478,14.3793819356929 79.1705939533996,14.3793060474864 79.1707621774496,14.3792301591463 79.1709304013976,14.3791542706727 79.1710986252437,14.3790783820654 79.1712668489878,14.3790024933246 79.17143507263,14.3789266044503 79.1716032961703,14.3788507154423 79.1717715196086,14.3787748263008 79.171939742945,14.3786989370257 79.1721079661795,14.378623047617 79.172276189312,14.3785471580748 79.1724444123426,14.378471268399 79.1726126352712,14.3783953785896 79.1727808580979,14.3783194886467 79.1729490808227,14.3782435985702 79.1731173034455,14.3781677083602 79.1732855259664,14.3780918180166 79.1734537483853,14.3780159275394 79.1736219707023,14.3779400369287 79.1737901929174,14.3778641461845 79.173958241229,14.3777878934134 79.17412577066,14.3777105602992 79.174293299987,14.3776332270521 79.1744608292102,14.3775558936724 79.1746283583296,14.3774785601598 79.174795887345,14.3774012265145 79.1749634162566,14.3773238927364 79.1751309450643,14.3772465588255 79.1752984737682,14.3771692247819 79.1754660023681,14.3770918906055 79.1756335308642,14.3770145562963 79.1758010592564,14.3769372218544 79.1759685875448,14.3768598872798 79.1761361157292,14.3767825525723</coordinates></LineString>
  </Placemark>
  <Placemark id="damage_d3d_roads.469">
	<Style><LineStyle><color>ff0000ff</color></LineStyle><PolyStyle><fill>0</fill></PolyStyle></Style>
	<ExtendedData><SchemaData schemaUrl="#damage_d3d_roads">
		<SimpleData name="osm_id">610118423</SimpleData>
		<SimpleData name="type">tertiary</SimpleData>
		<SimpleData name="depth_cls">&gt;1.5 m</SimpleData>
		<SimpleData name="max_depth">1.68</SimpleData>
		<SimpleData name="length_m">439.9</SimpleData>
	</SchemaData></ExtendedData>
      <LineString><coordinates>79.1761361157292,14.3767825525723 79.1763036438098,14.3767052177322 79.1764711717865,14.3766278827592 79.1766386996593,14.3765505476536 79.1768058135298,14.3764723749133 79.1769722666195,14.3763928651995 79.1771387196024,14.3763133553542 79.1773051724785,14.3762338453774 79.1774716252479,14.376154335269 79.1776380779106,14.3760748250291 79.1778045304665,14.3759953146576 79.1779709829157,14.3759158041546 79.1781374352581,14.3758362935201 79.1783038874938,14.375756782754 79.1784703396228,14.3756772718564 79.178636791645,14.3755977608273 79.1788032435605,14.3755182496666 79.1789696953692,14.3754387383744 79.179136117138,14.3753591676589 79.179302291115,14.3752791061965 79.1794684649844,14.375199044603 79.1796346387465,14.3751189828782 79.1798008124011,14.3750389210223</coordinates></LineString>
  </Placemark>
  <Placemark id="damage_d3d_roads.470">
	<Style><LineStyle><color>ff0000ff</color></LineStyle><PolyStyle><fill>0</fill></PolyStyle></Style>
	<ExtendedData><SchemaData schemaUrl="#damage_d3d_roads">
		<SimpleData name="osm_id">610118423</SimpleData>
		<SimpleData name="type">tertiary</SimpleData>
		<SimpleData name="depth_cls">0.1-0.5 m</SimpleData>
		<SimpleData name="max_depth">0.35</SimpleData>
		<SimpleData name="length_m">20</SimpleData>
	</SchemaData></ExtendedData>
      <LineString><coordinates>79.1798008124011,14.3750389210223 79.1799669859482,14.3749588590351</coordinates></LineString>
  </Placemark>
  <Placemark id="damage_d3d_roads.471">
	<Style><LineStyle><color>ff0000ff</color></LineStyle><PolyStyle><fill>0</fill></PolyStyle></Style>
	<ExtendedData><SchemaData schemaUrl="#damage_d3d_roads">
		<SimpleData name="osm_id">610118423</SimpleData>
		<SimpleData name="type">tertiary</SimpleData>
		<SimpleData name="depth_cls">&gt;1.5 m</SimpleData>
		<SimpleData name="max_depth">1.75</SimpleData>
		<SimpleData name="length_m">20</SimpleData>
	</SchemaData></ExtendedData>
      <LineString><coordinates>79.1806207191055,14.374621510967 79.1807673882543,14.3745110200882</coordinates></LineString>
  </Placemark>
  <Placemark id="damage_d3d_roads.472">
	<Style><LineStyle><color>ff0000ff</color></LineStyle><PolyStyle><fill>0</fill></PolyStyle></Style>
	<ExtendedData><SchemaData schemaUrl="#damage_d3d_roads">
		<SimpleData name="osm_id">610118423</SimpleData>
		<SimpleData name="type">tertiary</SimpleData>
		<SimpleData name="depth_cls">0.1-0.5 m</SimpleData>
		<SimpleData name="max_depth">0.11</SimpleData>
		<SimpleData name="length_m">20</SimpleData>
	</SchemaData></ExtendedData>
      <LineString><coordinates>79.1807673882543,14.3745110200882 79.1809140572635,14.3744005291004</coordinates></LineString>
  </Placemark>
  <Placemark id="damage_d3d_roads.473">
	<Style><LineStyle><color>ff0000ff</color></LineStyle><PolyStyle><fill>0</fill></PolyStyle></Style>
	<ExtendedData><SchemaData schemaUrl="#damage_d3d_roads">
		<SimpleData name="osm_id">610118423</SimpleData>
		<SimpleData name="type">tertiary</SimpleData>
		<SimpleData name="depth_cls">0.5-1.5 m</SimpleData>
		<SimpleData name="max_depth">1.49</SimpleData>
		<SimpleData name="length_m">80</SimpleData>
	</SchemaData></ExtendedData>
      <LineString><coordinates>79.1997075597132,14.3474070824733 79.1997393097887,14.3472290651457 79.1997706298244,14.3470509675482 79.1998019497938,14.3468728699383 79.1998332696969,14.3466947723159</coordinates></LineString>
  </Placemark>
  <Placemark id="damage_d3d_roads.474">
	<Style><LineStyle><color>ff0000ff</color></LineStyle><PolyStyle><fill>0</fill></PolyStyle></Style>
	<ExtendedData><SchemaData schemaUrl="#damage_d3d_roads">
		<SimpleData name="osm_id">1450465855</SimpleData>
		<SimpleData name="type">residential</SimpleData>
		<SimpleData name="depth_cls">0.5-1.5 m</SimpleData>
		<SimpleData name="max_depth">1.25</SimpleData>
		<SimpleData name="length_m">39.1</SimpleData>
	</SchemaData></ExtendedData>
      <LineString><coordinates>79.193576831372,14.3656930471627 79.1937349286192,14.3656064848107 79.1938930175938,14.3655199077984</coordinates></LineString>
  </Placemark>
  <Placemark id="damage_d3d_roads.475">
	<Style><LineStyle><color>ff0000ff</color></LineStyle><PolyStyle><fill>0</fill></PolyStyle></Style>
	<ExtendedData><SchemaData schemaUrl="#damage_d3d_roads">
		<SimpleData name="osm_id">1185670107</SimpleData>
		<SimpleData name="type">secondary</SimpleData>
		<SimpleData name="depth_cls">0.5-1.5 m</SimpleData>
		<SimpleData name="max_depth">0.53</SimpleData>
		<SimpleData name="length_m">19.9</SimpleData>
	</SchemaData></ExtendedData>
      <LineString><coordinates>79.1211534760705,14.2298269102773 79.1212838483415,14.229954700031</coordinates></LineString>
  </Placemark>
  <Placemark id="damage_d3d_roads.476">
	<Style><LineStyle><color>ff0000ff</color></LineStyle><PolyStyle><fill>0</fill></PolyStyle></Style>
	<ExtendedData><SchemaData schemaUrl="#damage_d3d_roads">
		<SimpleData name="osm_id">1185670107</SimpleData>
		<SimpleData name="type">secondary</SimpleData>
		<SimpleData name="depth_cls">0.1-0.5 m</SimpleData>
		<SimpleData name="max_depth">0.16</SimpleData>
		<SimpleData name="length_m">19.9</SimpleData>
	</SchemaData></ExtendedData>
      <LineString><coordinates>79.1212838483415,14.229954700031 79.1214142207592,14.2300824897303</coordinates></LineString>
  </Placemark>
  <Placemark id="damage_d3d_roads.477">
	<Style><LineStyle><color>ff0000ff</color></LineStyle><PolyStyle><fill>0</fill></PolyStyle></Style>
	<ExtendedData><SchemaData schemaUrl="#damage_d3d_roads">
		<SimpleData name="osm_id">1185670107</SimpleData>
		<SimpleData name="type">secondary</SimpleData>
		<SimpleData name="depth_cls">0.5-1.5 m</SimpleData>
		<SimpleData name="max_depth">1.48</SimpleData>
		<SimpleData name="length_m">119.7</SimpleData>
	</SchemaData></ExtendedData>
      <LineString><coordinates>79.1214142207592,14.2300824897303 79.1215434127599,14.2302113642846 79.1216664188486,14.2303459236252 79.121789425081,14.230480482919 79.1219124314569,14.2306150421658 79.1220354379766,14.2307496013657 79.1221202062187,14.2309074412314</coordinates></LineString>
  </Placemark>
  <Placemark id="damage_d3d_roads.478">
	<Style><LineStyle><color>ff0000ff</color></LineStyle><PolyStyle><fill>0</fill></PolyStyle></Style>
	<ExtendedData><SchemaData schemaUrl="#damage_d3d_roads">
		<SimpleData name="osm_id">1185670107</SimpleData>
		<SimpleData name="type">secondary</SimpleData>
		<SimpleData name="depth_cls">0.1-0.5 m</SimpleData>
		<SimpleData name="max_depth">0.27</SimpleData>
		<SimpleData name="length_m">19.9</SimpleData>
	</SchemaData></ExtendedData>
      <LineString><coordinates>79.1221202062187,14.2309074412314 79.1221900919616,14.2310743420587</coordinates></LineString>
  </Placemark>
  <Placemark id="damage_d3d_roads.479">
	<Style><LineStyle><color>ff0000ff</color></LineStyle><PolyStyle><fill>0</fill></PolyStyle></Style>
	<ExtendedData><SchemaData schemaUrl="#damage_d3d_roads">
		<SimpleData name="osm_id">1185670107</SimpleData>
		<SimpleData name="type">secondary</SimpleData>
		<SimpleData name="depth_cls">0.5-1.5 m</SimpleData>
		<SimpleData name="max_depth">1.05</SimpleData>
		<SimpleData name="length_m">99.7</SimpleData>
	</SchemaData></ExtendedData>
      <LineString><coordinates>79.1221900919616,14.2310743420587 79.122259977794,14.231241242876 79.122329863716,14.2314081436832 79.1223997497274,14.2315750444804 79.1224696358284,14.2317419452675 79.1225395220189,14.2319088460446</coordinates></LineString>
  </Placemark>
  <Placemark id="damage_d3d_roads.480">
	<name>Rajampeta Main Road</name>
	<Style><LineStyle><color>ff0000ff</color></LineStyle><PolyStyle><fill>0</fill></PolyStyle></Style>
	<ExtendedData><SchemaData schemaUrl="#damage_d3d_roads">
		<SimpleData name="osm_id">565021372</SimpleData>
		<SimpleData name="type">secondary</SimpleData>
		<SimpleData name="depth_cls">0.1-0.5 m</SimpleData>
		<SimpleData name="max_depth">0.19</SimpleData>
		<SimpleData name="length_m">20</SimpleData>
	</SchemaData></ExtendedData>
      <LineString><coordinates>79.1422289828388,14.2112849155022 79.1420621285812,14.211362946996</coordinates></LineString>
  </Placemark>
  <Placemark id="damage_d3d_roads.481">
	<name>Rajampeta Main Road</name>
	<Style><LineStyle><color>ff0000ff</color></LineStyle><PolyStyle><fill>0</fill></PolyStyle></Style>
	<ExtendedData><SchemaData schemaUrl="#damage_d3d_roads">
		<SimpleData name="osm_id">565021372</SimpleData>
		<SimpleData name="type">secondary</SimpleData>
		<SimpleData name="depth_cls">0.1-0.5 m</SimpleData>
		<SimpleData name="max_depth">0.45</SimpleData>
		<SimpleData name="length_m">20</SimpleData>
	</SchemaData></ExtendedData>
      <LineString><coordinates>79.1415156987459,14.2120235811371 79.1414805048386,14.2122007956868</coordinates></LineString>
  </Placemark>
  <Placemark id="damage_d3d_roads.482">
	<name>Rajampeta Main Road</name>
	<Style><LineStyle><color>ff0000ff</color></LineStyle><PolyStyle><fill>0</fill></PolyStyle></Style>
	<ExtendedData><SchemaData schemaUrl="#damage_d3d_roads">
		<SimpleData name="osm_id">565021372</SimpleData>
		<SimpleData name="type">secondary</SimpleData>
		<SimpleData name="depth_cls">0.5-1.5 m</SimpleData>
		<SimpleData name="max_depth">0.69</SimpleData>
		<SimpleData name="length_m">59.9</SimpleData>
	</SchemaData></ExtendedData>
      <LineString><coordinates>79.1414805048386,14.2122007956868 79.1414453108595,14.2123780102222 79.1414101168085,14.2125552247433 79.1413749226856,14.21273243925</coordinates></LineString>
  </Placemark>
  <Placemark id="damage_d3d_roads.483">
	<name>Rajampeta Main Road</name>
	<Style><LineStyle><color>ff0000ff</color></LineStyle><PolyStyle><fill>0</fill></PolyStyle></Style>
	<ExtendedData><SchemaData schemaUrl="#damage_d3d_roads">
		<SimpleData name="osm_id">565021372</SimpleData>
		<SimpleData name="type">secondary</SimpleData>
		<SimpleData name="depth_cls">0.1-0.5 m</SimpleData>
		<SimpleData name="max_depth">0.35</SimpleData>
		<SimpleData name="length_m">59.9</SimpleData>
	</SchemaData></ExtendedData>
      <LineString><coordinates>79.1413749226856,14.21273243925 79.1413397284909,14.2129096537423 79.1413045342243,14.2130868682204 79.1412693398859,14.213264082684</coordinates></LineString>
  </Placemark>
  <Placemark id="damage_d3d_roads.484">
	<name>Rajampeta Main Road</name>
	<Style><LineStyle><color>ff0000ff</color></LineStyle><PolyStyle><fill>0</fill></PolyStyle></Style>
	<ExtendedData><SchemaData schemaUrl="#damage_d3d_roads">
		<SimpleData name="osm_id">565021372</SimpleData>
		<SimpleData name="type">secondary</SimpleData>
		<SimpleData name="depth_cls">0.5-1.5 m</SimpleData>
		<SimpleData name="max_depth">0.76</SimpleData>
		<SimpleData name="length_m">79.9</SimpleData>
	</SchemaData></ExtendedData>
      <LineString><coordinates>79.1412693398859,14.213264082684 79.1412341454756,14.2134412971334 79.1411989509935,14.2136185115683 79.1411600428775,14.2137949713196 79.1411197713568,14.2139711539993</coordinates></LineString>
  </Placemark>
  <Placemark id="damage_d3d_roads.485">
	<name>Rajampeta Main Road</name>
	<Style><LineStyle><color>ff0000ff</color></LineStyle><PolyStyle><fill>0</fill></PolyStyle></Style>
	<ExtendedData><SchemaData schemaUrl="#damage_d3d_roads">
		<SimpleData name="osm_id">565021372</SimpleData>
		<SimpleData name="type">secondary</SimpleData>
		<SimpleData name="depth_cls">0.1-0.5 m</SimpleData>
		<SimpleData name="max_depth">0.46</SimpleData>
		<SimpleData name="length_m">20</SimpleData>
	</SchemaData></ExtendedData>
      <LineString><coordinates>79.1411197713568,14.2139711539993 79.1410794997571,14.2141473366623</coordinates></LineString>
  </Placemark>
  <Placemark id="damage_d3d_roads.486">
	<name>Rajampeta Main Road</name>
	<Style><LineStyle><color>ff0000ff</color></LineStyle><PolyStyle><fill>0</fill></PolyStyle></Style>
	<ExtendedData><SchemaData schemaUrl="#damage_d3d_roads">
		<SimpleData name="osm_id">565021372</SimpleData>
		<SimpleData name="type">secondary</SimpleData>
		<SimpleData name="depth_cls">0.5-1.5 m</SimpleData>
		<SimpleData name="max_depth">0.69</SimpleData>
		<SimpleData name="length_m">99.9</SimpleData>
	</SchemaData></ExtendedData>
      <LineString><coordinates>79.1410794997571,14.2141473366623 79.1410392280783,14.2143235193083 79.1409989563206,14.2144997019375 79.1409586844838,14.2146758845499 79.1409184125681,14.2148520671455 79.1408781405733,14.2150282497242</coordinates></LineString>
  </Placemark>
  <Placemark id="damage_d3d_roads.487">
	<Style><LineStyle><color>ff0000ff</color></LineStyle><PolyStyle><fill>0</fill></PolyStyle></Style>
	<ExtendedData><SchemaData schemaUrl="#damage_d3d_roads">
		<SimpleData name="osm_id">1163784327</SimpleData>
		<SimpleData name="type">residential</SimpleData>
		<SimpleData name="depth_cls">0.1-0.5 m</SimpleData>
		<SimpleData name="max_depth">0.49</SimpleData>
		<SimpleData name="length_m">113.4</SimpleData>
	</SchemaData></ExtendedData>
      <LineString><coordinates>79.1388454501181,14.2155669869584 79.1388847666794,14.2154005492465 79.138942397388,14.2152604333255 79.1391154734374,14.2152862392196 79.1391436000008,14.2154482561772 79.1391436000058,14.2156190559175 79.1391348127251,14.2157892068838</coordinates></LineString>
  </Placemark>
  <Placemark id="damage_d3d_roads.488">
	<Style><LineStyle><color>ff0000ff</color></LineStyle><PolyStyle><fill>0</fill></PolyStyle></Style>
	<ExtendedData><SchemaData schemaUrl="#damage_d3d_roads">
		<SimpleData name="osm_id">1259299235</SimpleData>
		<SimpleData name="type">tertiary</SimpleData>
		<SimpleData name="depth_cls">&gt;1.5 m</SimpleData>
		<SimpleData name="max_depth">2.56</SimpleData>
		<SimpleData name="length_m">20</SimpleData>
	</SchemaData></ExtendedData>
      <LineString><coordinates>79.129142409075,14.2115395189573 79.1292806862998,14.2116594917591</coordinates></LineString>
  </Placemark>
  <Placemark id="damage_d3d_roads.489">
	<Style><LineStyle><color>ff0000ff</color></LineStyle><PolyStyle><fill>0</fill></PolyStyle></Style>
	<ExtendedData><SchemaData schemaUrl="#damage_d3d_roads">
		<SimpleData name="osm_id">1259299235</SimpleData>
		<SimpleData name="type">tertiary</SimpleData>
		<SimpleData name="depth_cls">0.5-1.5 m</SimpleData>
		<SimpleData name="max_depth">0.69</SimpleData>
		<SimpleData name="length_m">40</SimpleData>
	</SchemaData></ExtendedData>
      <LineString><coordinates>79.1292806862998,14.2116594917591 79.1293573682452,14.2118191615196 79.1294550127763,14.2119457814241</coordinates></LineString>
  </Placemark>
  <Placemark id="damage_d3d_roads.490">
	<Style><LineStyle><color>ff0000ff</color></LineStyle><PolyStyle><fill>0</fill></PolyStyle></Style>
	<ExtendedData><SchemaData schemaUrl="#damage_d3d_roads">
		<SimpleData name="osm_id">1259299235</SimpleData>
		<SimpleData name="type">tertiary</SimpleData>
		<SimpleData name="depth_cls">&gt;1.5 m</SimpleData>
		<SimpleData name="max_depth">2.48</SimpleData>
		<SimpleData name="length_m">20</SimpleData>
	</SchemaData></ExtendedData>
      <LineString><coordinates>79.1300352095305,14.2123341529928 79.1301178713437,14.2124907352794</coordinates></LineString>
  </Placemark>
  <Placemark id="damage_d3d_roads.491">
	<Style><LineStyle><color>ff0000ff</color></LineStyle><PolyStyle><fill>0</fill></PolyStyle></Style>
	<ExtendedData><SchemaData schemaUrl="#damage_d3d_roads">
		<SimpleData name="osm_id">1259299235</SimpleData>
		<SimpleData name="type">tertiary</SimpleData>
		<SimpleData name="depth_cls">0.5-1.5 m</SimpleData>
		<SimpleData name="max_depth">0.72</SimpleData>
		<SimpleData name="length_m">40</SimpleData>
	</SchemaData></ExtendedData>
      <LineString><coordinates>79.1301178713437,14.2124907352794 79.1301713684857,14.2126635541775 79.130229678763,14.212831586985</coordinates></LineString>
  </Placemark>
  <Placemark id="damage_d3d_roads.492">
	<Style><LineStyle><color>ff0000ff</color></LineStyle><PolyStyle><fill>0</fill></PolyStyle></Style>
	<ExtendedData><SchemaData schemaUrl="#damage_d3d_roads">
		<SimpleData name="osm_id">1259299235</SimpleData>
		<SimpleData name="type">tertiary</SimpleData>
		<SimpleData name="depth_cls">&gt;1.5 m</SimpleData>
		<SimpleData name="max_depth">1.93</SimpleData>
		<SimpleData name="length_m">40</SimpleData>
	</SchemaData></ExtendedData>
      <LineString><coordinates>79.1305452882896,14.2129836008384 79.1306470418983,14.2131343878649 79.1307487956347,14.2132851748628</coordinates></LineString>
  </Placemark>
  <Placemark id="damage_d3d_roads.493">
	<Style><LineStyle><color>ff0000ff</color></LineStyle><PolyStyle><fill>0</fill></PolyStyle></Style>
	<ExtendedData><SchemaData schemaUrl="#damage_d3d_roads">
		<SimpleData name="osm_id">1259299235</SimpleData>
		<SimpleData name="type">tertiary</SimpleData>
		<SimpleData name="depth_cls">&gt;1.5 m</SimpleData>
		<SimpleData name="max_depth">3.18</SimpleData>
		<SimpleData name="length_m">20</SimpleData>
	</SchemaData></ExtendedData>
      <LineString><coordinates>79.1308505494988,14.2134359618321 79.1309523034904,14.2135867487727</coordinates></LineString>
  </Placemark>
  <Placemark id="damage_d3d_roads.494">
	<Style><LineStyle><color>ff0000ff</color></LineStyle><PolyStyle><fill>0</fill></PolyStyle></Style>
	<ExtendedData><SchemaData schemaUrl="#damage_d3d_roads">
		<SimpleData name="osm_id">1259299235</SimpleData>
		<SimpleData name="type">tertiary</SimpleData>
		<SimpleData name="depth_cls">0.1-0.5 m</SimpleData>
		<SimpleData name="max_depth">0.2</SimpleData>
		<SimpleData name="length_m">40</SimpleData>
	</SchemaData></ExtendedData>
      <LineString><coordinates>79.1309523034904,14.2135867487727 79.1310540576098,14.2137375356848 79.1311558118568,14.2138883225683</coordinates></LineString>
  </Placemark>
  <Placemark id="damage_d3d_roads.495">
	<Style><LineStyle><color>ff0000ff</color></LineStyle><PolyStyle><fill>0</fill></PolyStyle></Style>
	<ExtendedData><SchemaData schemaUrl="#damage_d3d_roads">
		<SimpleData name="osm_id">1163761391</SimpleData>
		<SimpleData name="type">tertiary</SimpleData>
		<SimpleData name="depth_cls">&gt;1.5 m</SimpleData>
		<SimpleData name="max_depth">14.34</SimpleData>
		<SimpleData name="length_m">539.9</SimpleData>
	</SchemaData></ExtendedData>
      <LineString><coordinates>79.0178025,14.2149713 79.0177693559239,14.2151490816214 79.0177362117775,14.2153268632289 79.0178421588195,14.2154669324037 79.017975862026,14.2155900010414 79.0181295942964,14.2156908036184 79.0182833267105,14.2157916061133 79.0184490452728,14.2158722927814 79.0186149198157,14.2159527177888 79.0187807944878,14.2160331426958 79.0188952866645,14.2161723614635 79.0189606690444,14.2163397213961 79.0189921733421,14.216516362131 79.019000641277,14.2166968711585 79.0189601723691,14.2168685264857 79.0188859137958,14.2170340685407 79.018811655101,14.2171996105563 79.0186931512755,14.2173340934894 79.0185558338049,14.2174553696579 79.0184447388096,14.2175997162476 79.0183352086839,14.217745439659 79.0183143527014,14.2178551816461 79.018486842409,14.2177893137498 79.0186593320311,14.2177234457157 79.0188318215676,14.2176575775437 79.0190017923571,14.2175870858946 79.0191154725394,14.217453374752 79.0192175927529,14.2173069034554</coordinates></LineString>
  </Placemark>
  <Placemark id="damage_d3d_roads.496">
	<Style><LineStyle><color>ff0000ff</color></LineStyle><PolyStyle><fill>0</fill></PolyStyle></Style>
	<ExtendedData><SchemaData schemaUrl="#damage_d3d_roads">
		<SimpleData name="osm_id">1336516921</SimpleData>
		<SimpleData name="type">service</SimpleData>
		<SimpleData name="depth_cls">&gt;1.5 m</SimpleData>
		<SimpleData name="max_depth">1.65</SimpleData>
		<SimpleData name="length_m">39.8</SimpleData>
	</SchemaData></ExtendedData>
      <LineString><coordinates>79.0202423619694,14.215528889043 79.0200877501862,14.2154312236918 79.0199331385437,14.215333558257</coordinates></LineString>
  </Placemark>
  <Placemark id="damage_d3d_roads.497">
	<Style><LineStyle><color>ff0000ff</color></LineStyle><PolyStyle><fill>0</fill></PolyStyle></Style>
	<ExtendedData><SchemaData schemaUrl="#damage_d3d_roads">
		<SimpleData name="osm_id">1336516921</SimpleData>
		<SimpleData name="type">service</SimpleData>
		<SimpleData name="depth_cls">0.5-1.5 m</SimpleData>
		<SimpleData name="max_depth">0.64</SimpleData>
		<SimpleData name="length_m">39.8</SimpleData>
	</SchemaData></ExtendedData>
      <LineString><coordinates>79.0197785270419,14.2152358927386 79.019623915681,14.2151382271367 79.0194693044607,14.2150405614512</coordinates></LineString>
  </Placemark>
  <Placemark id="damage_d3d_roads.498">
	<Style><LineStyle><color>ff0000ff</color></LineStyle><PolyStyle><fill>0</fill></PolyStyle></Style>
	<ExtendedData><SchemaData schemaUrl="#damage_d3d_roads">
		<SimpleData name="osm_id">565013827</SimpleData>
		<SimpleData name="type">secondary</SimpleData>
		<SimpleData name="depth_cls">&gt;1.5 m</SimpleData>
		<SimpleData name="max_depth">5.02</SimpleData>
		<SimpleData name="length_m">299.4</SimpleData>
	</SchemaData></ExtendedData>
      <LineString><coordinates>79.0772018,14.2453365 79.0771129756553,14.2451783542338 79.0770004046097,14.2450390094781 79.0769506386027,14.2448652931372 79.0769186390702,14.2446879487325 79.0769006672991,14.2445084225602 79.0768854973202,14.2443286421182 79.0768765115528,14.2441484787116 79.0768516461481,14.2439701612584 79.0768154453907,14.2437932838937 79.0767610365404,14.2436219310494 79.0766776066643,14.2434611492486 79.0765793391468,14.2433083439011 79.0764790243351,14.243156797962 79.07638746442,14.2430002386208 79.0763468224611,14.2428287885258</coordinates></LineString>
  </Placemark>
  <Placemark id="damage_d3d_roads.499">
	<Style><LineStyle><color>ff0000ff</color></LineStyle><PolyStyle><fill>0</fill></PolyStyle></Style>
	<ExtendedData><SchemaData schemaUrl="#damage_d3d_roads">
		<SimpleData name="osm_id">565013827</SimpleData>
		<SimpleData name="type">secondary</SimpleData>
		<SimpleData name="depth_cls">0.5-1.5 m</SimpleData>
		<SimpleData name="max_depth">0.63</SimpleData>
		<SimpleData name="length_m">20</SimpleData>
	</SchemaData></ExtendedData>
      <LineString><coordinates>79.0763468224611,14.2428287885258 79.0764097258439,14.2426593679827</coordinates></LineString>
  </Placemark>
  <Placemark id="damage_d3d_roads.500">
	<Style><LineStyle><color>ff0000ff</color></LineStyle><PolyStyle><fill>0</fill></PolyStyle></Style>
	<ExtendedData><SchemaData schemaUrl="#damage_d3d_roads">
		<SimpleData name="osm_id">565013827</SimpleData>
		<SimpleData name="type">secondary</SimpleData>
		<SimpleData name="depth_cls">&gt;1.5 m</SimpleData>
		<SimpleData name="max_depth">3.82</SimpleData>
		<SimpleData name="length_m">59.9</SimpleData>
	</SchemaData></ExtendedData>
      <LineString><coordinates>79.0764097258439,14.2426593679827 79.0765009463869,14.2425024995537 79.0765890821147,14.2423451528766 79.0766342460123,14.2421709720454</coordinates></LineString>
  </Placemark>
  <Placemark id="damage_d3d_roads.501">
	<Style><LineStyle><color>ff0000ff</color></LineStyle><PolyStyle><fill>0</fill></PolyStyle></Style>
	<ExtendedData><SchemaData schemaUrl="#damage_d3d_roads">
		<SimpleData name="osm_id">565013827</SimpleData>
		<SimpleData name="type">secondary</SimpleData>
		<SimpleData name="depth_cls">&gt;1.5 m</SimpleData>
		<SimpleData name="max_depth">2.49</SimpleData>
		<SimpleData name="length_m">20</SimpleData>
	</SchemaData></ExtendedData>
      <LineString><coordinates>79.0766723464073,14.2418126232005 79.0766914672132,14.241633287188</coordinates></LineString>
  </Placemark>
  <Placemark id="damage_d3d_roads.502">
	<Style><LineStyle><color>ff0000ff</color></LineStyle><PolyStyle><fill>0</fill></PolyStyle></Style>
	<ExtendedData><SchemaData schemaUrl="#damage_d3d_roads">
		<SimpleData name="osm_id">565013827</SimpleData>
		<SimpleData name="type">secondary</SimpleData>
		<SimpleData name="depth_cls">&gt;1.5 m</SimpleData>
		<SimpleData name="max_depth">3.36</SimpleData>
		<SimpleData name="length_m">20</SimpleData>
	</SchemaData></ExtendedData>
      <LineString><coordinates>79.0771842096643,14.2406887163794 79.0772926391082,14.2405439635359</coordinates></LineString>
  </Placemark>
  <Placemark id="damage_d3d_roads.503">
	<Style><LineStyle><color>ff0000ff</color></LineStyle><PolyStyle><fill>0</fill></PolyStyle></Style>
	<ExtendedData><SchemaData schemaUrl="#damage_d3d_roads">
		<SimpleData name="osm_id">565013827</SimpleData>
		<SimpleData name="type">secondary</SimpleData>
		<SimpleData name="depth_cls">0.5-1.5 m</SimpleData>
		<SimpleData name="max_depth">1.1</SimpleData>
		<SimpleData name="length_m">39.9</SimpleData>
	</SchemaData></ExtendedData>
      <LineString><coordinates>79.0772926391082,14.2405439635359 79.0773535652352,14.2403740340772 79.0774134525496,14.2402033826718</coordinates></LineString>
  </Placemark>
  <Placemark id="damage_d3d_roads.504">
	<Style><LineStyle><color>ff0000ff</color></LineStyle><PolyStyle><fill>0</fill></PolyStyle></Style>
	<ExtendedData><SchemaData schemaUrl="#damage_d3d_roads">
		<SimpleData name="osm_id">565013827</SimpleData>
		<SimpleData name="type">secondary</SimpleData>
		<SimpleData name="depth_cls">&gt;1.5 m</SimpleData>
		<SimpleData name="max_depth">3.16</SimpleData>
		<SimpleData name="length_m">59.9</SimpleData>
	</SchemaData></ExtendedData>
      <LineString><coordinates>79.0774760626103,14.2400336458775 79.0775330796475,14.2398624302665 79.0775676691731,14.2396852244805 79.0776305340275,14.2395167517535</coordinates></LineString>
  </Placemark>
  <Placemark id="damage_d3d_roads.505">
	<Style><LineStyle><color>ff0000ff</color></LineStyle><PolyStyle><fill>0</fill></PolyStyle></Style>
	<ExtendedData><SchemaData schemaUrl="#damage_d3d_roads">
		<SimpleData name="osm_id">565013827</SimpleData>
		<SimpleData name="type">secondary</SimpleData>
		<SimpleData name="depth_cls">0.5-1.5 m</SimpleData>
		<SimpleData name="max_depth">1.21</SimpleData>
		<SimpleData name="length_m">39.9</SimpleData>
	</SchemaData></ExtendedData>
      <LineString><coordinates>79.0776305340275,14.2395167517535 79.0777022034879,14.239350548048 79.0777681426324,14.2391820149055</coordinates></LineString>
  </Placemark>
  <Placemark id="damage_d3d_roads.506">
	<Style><LineStyle><color>ff0000ff</color></LineStyle><PolyStyle><fill>0</fill></PolyStyle></Style>
	<ExtendedData><SchemaData schemaUrl="#damage_d3d_roads">
		<SimpleData name="osm_id">565013827</SimpleData>
		<SimpleData name="type">secondary</SimpleData>
		<SimpleData name="depth_cls">&gt;1.5 m</SimpleData>
		<SimpleData name="max_depth">5.03</SimpleData>
		<SimpleData name="length_m">219.6</SimpleData>
	</SchemaData></ExtendedData>
      <LineString><coordinates>79.0777681426324,14.2391820149055 79.0778401396343,14.2390158668665 79.0779169937068,14.2388519328286 79.0780028485918,14.2386921607036 79.0780591731099,14.2385235736923 79.0780767764106,14.2383440447635 79.078089126909,14.2381640583426 79.0781015087967,14.2379840739687 79.078113890646,14.2378040895891 79.0781120490742,14.2376237141455 79.0781101518536,14.2374433344947 79.0780831588773,14.2372649258922</coordinates></LineString>
  </Placemark>
  <Placemark id="damage_d3d_roads.507">
	<Style><LineStyle><color>ff0000ff</color></LineStyle><PolyStyle><fill>0</fill></PolyStyle></Style>
	<ExtendedData><SchemaData schemaUrl="#damage_d3d_roads">
		<SimpleData name="osm_id">565013827</SimpleData>
		<SimpleData name="type">secondary</SimpleData>
		<SimpleData name="depth_cls">0.5-1.5 m</SimpleData>
		<SimpleData name="max_depth">1.02</SimpleData>
		<SimpleData name="length_m">20</SimpleData>
	</SchemaData></ExtendedData>
      <LineString><coordinates>79.0780831588773,14.2372649258922 79.0780554442502,14.2370865738933</coordinates></LineString>
  </Placemark>
  <Placemark id="damage_d3d_roads.508">
	<Style><LineStyle><color>ff0000ff</color></LineStyle><PolyStyle><fill>0</fill></PolyStyle></Style>
	<ExtendedData><SchemaData schemaUrl="#damage_d3d_roads">
		<SimpleData name="osm_id">565013827</SimpleData>
		<SimpleData name="type">secondary</SimpleData>
		<SimpleData name="depth_cls">0.1-0.5 m</SimpleData>
		<SimpleData name="max_depth">0.21</SimpleData>
		<SimpleData name="length_m">59.9</SimpleData>
	</SchemaData></ExtendedData>
      <LineString><coordinates>79.0781151915736,14.2358354315686 79.0781496719569,14.2356583594868 79.0781886974701,14.2354820325583 79.0782277193906,14.2353057048733</coordinates></LineString>
  </Placemark>
  <Placemark id="damage_d3d_roads.509">
	<Style><LineStyle><color>ff0000ff</color></LineStyle><PolyStyle><fill>0</fill></PolyStyle></Style>
	<ExtendedData><SchemaData schemaUrl="#damage_d3d_roads">
		<SimpleData name="osm_id">565013827</SimpleData>
		<SimpleData name="type">secondary</SimpleData>
		<SimpleData name="depth_cls">0.5-1.5 m</SimpleData>
		<SimpleData name="max_depth">0.82</SimpleData>
		<SimpleData name="length_m">139.7</SimpleData>
	</SchemaData></ExtendedData>
      <LineString><coordinates>79.0783365748841,14.2347750700384 79.0783722623514,14.2345980715126 79.0784079497455,14.234421072972 79.0784385754486,14.234243221998 79.0784657968982,14.2340647977183 79.0784930182869,14.2338863734276 79.0785202396148,14.233707949126 79.0785549999066,14.2335309393801</coordinates></LineString>
  </Placemark>
  <Placemark id="damage_d3d_roads.510">
	<Style><LineStyle><color>ff0000ff</color></LineStyle><PolyStyle><fill>0</fill></PolyStyle></Style>
	<ExtendedData><SchemaData schemaUrl="#damage_d3d_roads">
		<SimpleData name="osm_id">1259299229</SimpleData>
		<SimpleData name="type">residential</SimpleData>
		<SimpleData name="depth_cls">0.1-0.5 m</SimpleData>
		<SimpleData name="max_depth">0.27</SimpleData>
		<SimpleData name="length_m">79</SimpleData>
	</SchemaData></ExtendedData>
      <LineString><coordinates>79.1213545540325,14.22104804717 79.1212952750226,14.2212170114665 79.1212359959102,14.2213859757351 79.1211767166954,14.221554939976 79.1211174373781,14.221723904189</coordinates></LineString>
  </Placemark>
  <Placemark id="damage_d3d_roads.511">
	<Style><LineStyle><color>ff0000ff</color></LineStyle><PolyStyle><fill>0</fill></PolyStyle></Style>
	<ExtendedData><SchemaData schemaUrl="#damage_d3d_roads">
		<SimpleData name="osm_id">1259299229</SimpleData>
		<SimpleData name="type">residential</SimpleData>
		<SimpleData name="depth_cls">0.1-0.5 m</SimpleData>
		<SimpleData name="max_depth">0.38</SimpleData>
		<SimpleData name="length_m">39.5</SimpleData>
	</SchemaData></ExtendedData>
      <LineString><coordinates>79.1210584828091,14.2218929763911 79.1209996298734,14.2220620823939 79.1209407768357,14.2222311883692</coordinates></LineString>
  </Placemark>
  <Placemark id="damage_d3d_roads.512">
	<Style><LineStyle><color>ff0000ff</color></LineStyle><PolyStyle><fill>0</fill></PolyStyle></Style>
	<ExtendedData><SchemaData schemaUrl="#damage_d3d_roads">
		<SimpleData name="osm_id">1259299229</SimpleData>
		<SimpleData name="type">residential</SimpleData>
		<SimpleData name="depth_cls">0.5-1.5 m</SimpleData>
		<SimpleData name="max_depth">0.73</SimpleData>
		<SimpleData name="length_m">39.5</SimpleData>
	</SchemaData></ExtendedData>
      <LineString><coordinates>79.1209407768357,14.2222311883692 79.120881923696,14.2224002943169 79.1208230704543,14.2225694002371</coordinates></LineString>
  </Placemark>
  <Placemark id="damage_d3d_roads.513">
	<Style><LineStyle><color>ff0000ff</color></LineStyle><PolyStyle><fill>0</fill></PolyStyle></Style>
	<ExtendedData><SchemaData schemaUrl="#damage_d3d_roads">
		<SimpleData name="osm_id">1185670108</SimpleData>
		<SimpleData name="type">tertiary</SimpleData>
		<SimpleData name="depth_cls">0.5-1.5 m</SimpleData>
		<SimpleData name="max_depth">1.49</SimpleData>
		<SimpleData name="length_m">19.8</SimpleData>
	</SchemaData></ExtendedData>
      <LineString><coordinates>79.0866144579353,14.2272414407626 79.0864381077872,14.2271911042893</coordinates></LineString>
  </Placemark>
  <Placemark id="damage_d3d_roads.514">
	<Style><LineStyle><color>ff0000ff</color></LineStyle><PolyStyle><fill>0</fill></PolyStyle></Style>
	<ExtendedData><SchemaData schemaUrl="#damage_d3d_roads">
		<SimpleData name="osm_id">1185670108</SimpleData>
		<SimpleData name="type">tertiary</SimpleData>
		<SimpleData name="depth_cls">&gt;1.5 m</SimpleData>
		<SimpleData name="max_depth">1.88</SimpleData>
		<SimpleData name="length_m">59.5</SimpleData>
	</SchemaData></ExtendedData>
      <LineString><coordinates>79.0864381077872,14.2271911042893 79.086261757733,14.2271407676952 79.0860854077725,14.2270904309805 79.0859090579059,14.2270400941451</coordinates></LineString>
  </Placemark>
  <Placemark id="damage_d3d_roads.515">
	<Style><LineStyle><color>ff0000ff</color></LineStyle><PolyStyle><fill>0</fill></PolyStyle></Style>
	<ExtendedData><SchemaData schemaUrl="#damage_d3d_roads">
		<SimpleData name="osm_id">1185670108</SimpleData>
		<SimpleData name="type">tertiary</SimpleData>
		<SimpleData name="depth_cls">0.1-0.5 m</SimpleData>
		<SimpleData name="max_depth">0.48</SimpleData>
		<SimpleData name="length_m">39.7</SimpleData>
	</SchemaData></ExtendedData>
      <LineString><coordinates>79.0859090579059,14.2270400941451 79.0857327081332,14.2269897571891 79.085555329062,14.227002132723</coordinates></LineString>
  </Placemark>
  <Placemark id="damage_d3d_roads.516">
	<Style><LineStyle><color>ff0000ff</color></LineStyle><PolyStyle><fill>0</fill></PolyStyle></Style>
	<ExtendedData><SchemaData schemaUrl="#damage_d3d_roads">
		<SimpleData name="osm_id">1450641206</SimpleData>
		<SimpleData name="type">residential</SimpleData>
		<SimpleData name="depth_cls">0.1-0.5 m</SimpleData>
		<SimpleData name="max_depth">0.43</SimpleData>
		<SimpleData name="length_m">19.9</SimpleData>
	</SchemaData></ExtendedData>
      <LineString><coordinates>79.0820531797013,14.2300630509194 79.0819829458106,14.2302294672366</coordinates></LineString>
  </Placemark>
  <Placemark id="damage_d3d_roads.517">
	<Style><LineStyle><color>ff0000ff</color></LineStyle><PolyStyle><fill>0</fill></PolyStyle></Style>
	<ExtendedData><SchemaData schemaUrl="#damage_d3d_roads">
		<SimpleData name="osm_id">1450641206</SimpleData>
		<SimpleData name="type">residential</SimpleData>
		<SimpleData name="depth_cls">0.5-1.5 m</SimpleData>
		<SimpleData name="max_depth">0.52</SimpleData>
		<SimpleData name="length_m">19.9</SimpleData>
	</SchemaData></ExtendedData>
      <LineString><coordinates>79.0819829458106,14.2302294672366 79.0819127118036,14.230395883518</coordinates></LineString>
  </Placemark>
  <Placemark id="damage_d3d_roads.518">
	<Style><LineStyle><color>ff0000ff</color></LineStyle><PolyStyle><fill>0</fill></PolyStyle></Style>
	<ExtendedData><SchemaData schemaUrl="#damage_d3d_roads">
		<SimpleData name="osm_id">1450641206</SimpleData>
		<SimpleData name="type">residential</SimpleData>
		<SimpleData name="depth_cls">0.5-1.5 m</SimpleData>
		<SimpleData name="max_depth">1.47</SimpleData>
		<SimpleData name="length_m">119.5</SimpleData>
	</SchemaData></ExtendedData>
      <LineString><coordinates>79.0817020090849,14.2308951321476 79.0816317746127,14.231061548286 79.0815615400242,14.2312279643886 79.0814961172403,14.2313962317604 79.0814309803278,14.2315646091269 79.0813658433045,14.2317329864612 79.0813071838635,14.2319027364646</coordinates></LineString>
  </Placemark>
  <Placemark id="damage_d3d_roads.519">
	<Style><LineStyle><color>ff0000ff</color></LineStyle><PolyStyle><fill>0</fill></PolyStyle></Style>
	<ExtendedData><SchemaData schemaUrl="#damage_d3d_roads">
		<SimpleData name="osm_id">1450641206</SimpleData>
		<SimpleData name="type">residential</SimpleData>
		<SimpleData name="depth_cls">&gt;1.5 m</SimpleData>
		<SimpleData name="max_depth">1.79</SimpleData>
		<SimpleData name="length_m">39.8</SimpleData>
	</SchemaData></ExtendedData>
      <LineString><coordinates>79.0813071838635,14.2319027364646 79.0812948297054,14.2320822991134 79.0813658364457,14.2322442552149</coordinates></LineString>
  </Placemark>
  <Placemark id="damage_d3d_roads.520">
	<Style><LineStyle><color>ff0000ff</color></LineStyle><PolyStyle><fill>0</fill></PolyStyle></Style>
	<ExtendedData><SchemaData schemaUrl="#damage_d3d_roads">
		<SimpleData name="osm_id">1450641206</SimpleData>
		<SimpleData name="type">residential</SimpleData>
		<SimpleData name="depth_cls">0.5-1.5 m</SimpleData>
		<SimpleData name="max_depth">1.14</SimpleData>
		<SimpleData name="length_m">39.8</SimpleData>
	</SchemaData></ExtendedData>
      <LineString><coordinates>79.0813658364457,14.2322442552149 79.0814471935017,14.2324040687541 79.0814374344165,14.2325837833883</coordinates></LineString>
  </Placemark>
  <Placemark id="damage_d3d_roads.521">
	<Style><LineStyle><color>ff0000ff</color></LineStyle><PolyStyle><fill>0</fill></PolyStyle></Style>
	<ExtendedData><SchemaData schemaUrl="#damage_d3d_roads">
		<SimpleData name="osm_id">1450641206</SimpleData>
		<SimpleData name="type">residential</SimpleData>
		<SimpleData name="depth_cls">&gt;1.5 m</SimpleData>
		<SimpleData name="max_depth">2</SimpleData>
		<SimpleData name="length_m">39.8</SimpleData>
	</SchemaData></ExtendedData>
      <LineString><coordinates>79.0814374344165,14.2325837833883 79.0814126856069,14.232761318985 79.0813683,14.232936</coordinates></LineString>
  </Placemark>
  <Placemark id="damage_d3d_roads.522">
	<Style><LineStyle><color>ff0000ff</color></LineStyle><PolyStyle><fill>0</fill></PolyStyle></Style>
	<ExtendedData><SchemaData schemaUrl="#damage_d3d_roads">
		<SimpleData name="osm_id">1163773006</SimpleData>
		<SimpleData name="type">residential</SimpleData>
		<SimpleData name="depth_cls">0.1-0.5 m</SimpleData>
		<SimpleData name="max_depth">0.21</SimpleData>
		<SimpleData name="length_m">14.1</SimpleData>
	</SchemaData></ExtendedData>
      <LineString><coordinates>79.078329,14.2355399 79.0783184,14.2356668</coordinates></LineString>
  </Placemark>
  <Placemark id="damage_d3d_roads.523">
	<Style><LineStyle><color>ff0000ff</color></LineStyle><PolyStyle><fill>0</fill></PolyStyle></Style>
	<ExtendedData><SchemaData schemaUrl="#damage_d3d_roads">
		<SimpleData name="osm_id">1163772970</SimpleData>
		<SimpleData name="type">residential</SimpleData>
		<SimpleData name="depth_cls">&gt;1.5 m</SimpleData>
		<SimpleData name="max_depth">1.67</SimpleData>
		<SimpleData name="length_m">39.7</SimpleData>
	</SchemaData></ExtendedData>
      <LineString><coordinates>79.0781112,14.2375451 79.0779272009692,14.2375460715893 79.0777432019556,14.2375470430364</coordinates></LineString>
  </Placemark>
  <Placemark id="damage_d3d_roads.524">
	<Style><LineStyle><color>ff0000ff</color></LineStyle><PolyStyle><fill>0</fill></PolyStyle></Style>
	<ExtendedData><SchemaData schemaUrl="#damage_d3d_roads">
		<SimpleData name="osm_id">1163772970</SimpleData>
		<SimpleData name="type">residential</SimpleData>
		<SimpleData name="depth_cls">0.1-0.5 m</SimpleData>
		<SimpleData name="max_depth">0.31</SimpleData>
		<SimpleData name="length_m">19.9</SimpleData>
	</SchemaData></ExtendedData>
      <LineString><coordinates>79.0777432019556,14.2375470430364 79.0775592029591,14.2375480143415</coordinates></LineString>
  </Placemark>
  <Placemark id="damage_d3d_roads.525">
	<Style><LineStyle><color>ff0000ff</color></LineStyle><PolyStyle><fill>0</fill></PolyStyle></Style>
	<ExtendedData><SchemaData schemaUrl="#damage_d3d_roads">
		<SimpleData name="osm_id">1163772974</SimpleData>
		<SimpleData name="type">residential</SimpleData>
		<SimpleData name="depth_cls">0.5-1.5 m</SimpleData>
		<SimpleData name="max_depth">1.4</SimpleData>
		<SimpleData name="length_m">18.4</SimpleData>
	</SchemaData></ExtendedData>
      <LineString><coordinates>79.0785594,14.2363572 79.0785943393108,14.2361946185695</coordinates></LineString>
  </Placemark>
  <Placemark id="damage_d3d_roads.526">
	<Style><LineStyle><color>ff0000ff</color></LineStyle><PolyStyle><fill>0</fill></PolyStyle></Style>
	<ExtendedData><SchemaData schemaUrl="#damage_d3d_roads">
		<SimpleData name="osm_id">1163772974</SimpleData>
		<SimpleData name="type">residential</SimpleData>
		<SimpleData name="depth_cls">&gt;1.5 m</SimpleData>
		<SimpleData name="max_depth">3.42</SimpleData>
		<SimpleData name="length_m">73.5</SimpleData>
	</SchemaData></ExtendedData>
      <LineString><coordinates>79.0785943393108,14.2361946185695 79.0786292785569,14.2360320371255 79.0786642177383,14.235869455668 79.0786991568548,14.235706874197 79.0786871368422,14.2355806229135</coordinates></LineString>
  </Placemark>
  <Placemark id="damage_d3d_roads.527">
	<Style><LineStyle><color>ff0000ff</color></LineStyle><PolyStyle><fill>0</fill></PolyStyle></Style>
	<ExtendedData><SchemaData schemaUrl="#damage_d3d_roads">
		<SimpleData name="osm_id">1163772974</SimpleData>
		<SimpleData name="type">residential</SimpleData>
		<SimpleData name="depth_cls">0.5-1.5 m</SimpleData>
		<SimpleData name="max_depth">1.13</SimpleData>
		<SimpleData name="length_m">36.8</SimpleData>
	</SchemaData></ExtendedData>
      <LineString><coordinates>79.0786871368422,14.2355806229135 79.0785174128505,14.235568965473 79.0783492316176,14.2355435557175</coordinates></LineString>
  </Placemark>
  <Placemark id="damage_d3d_roads.528">
	<Style><LineStyle><color>ff0000ff</color></LineStyle><PolyStyle><fill>0</fill></PolyStyle></Style>
	<ExtendedData><SchemaData schemaUrl="#damage_d3d_roads">
		<SimpleData name="osm_id">1163772974</SimpleData>
		<SimpleData name="type">residential</SimpleData>
		<SimpleData name="depth_cls">0.1-0.5 m</SimpleData>
		<SimpleData name="max_depth">0.1</SimpleData>
		<SimpleData name="length_m">18.4</SimpleData>
	</SchemaData></ExtendedData>
      <LineString><coordinates>79.0783492316176,14.2355435557175 79.0781818,14.2355132</coordinates></LineString>
  </Placemark>
  <Placemark id="damage_d3d_roads.529">
	<Style><LineStyle><color>ff0000ff</color></LineStyle><PolyStyle><fill>0</fill></PolyStyle></Style>
	<ExtendedData><SchemaData schemaUrl="#damage_d3d_roads">
		<SimpleData name="osm_id">1259303904</SimpleData>
		<SimpleData name="type">tertiary</SimpleData>
		<SimpleData name="depth_cls">0.5-1.5 m</SimpleData>
		<SimpleData name="max_depth">1.15</SimpleData>
		<SimpleData name="length_m">59.7</SimpleData>
	</SchemaData></ExtendedData>
      <LineString><coordinates>79.0479068941748,14.2309014438529 79.0479509744711,14.2310752002498 79.0479589003508,14.2312549152225 79.047966826224,14.231434630194</coordinates></LineString>
  </Placemark>
  <Placemark id="damage_d3d_roads.530">
	<Style><LineStyle><color>ff0000ff</color></LineStyle><PolyStyle><fill>0</fill></PolyStyle></Style>
	<ExtendedData><SchemaData schemaUrl="#damage_d3d_roads">
		<SimpleData name="osm_id">1259303904</SimpleData>
		<SimpleData name="type">tertiary</SimpleData>
		<SimpleData name="depth_cls">&gt;1.5 m</SimpleData>
		<SimpleData name="max_depth">2.75</SimpleData>
		<SimpleData name="length_m">119.4</SimpleData>
	</SchemaData></ExtendedData>
      <LineString><coordinates>79.047966826224,14.231434630194 79.0479747520907,14.2316143451643 79.0479826779509,14.2317940601334 79.0479906038046,14.2319737751013 79.0479985296517,14.232153490068 79.0480172394461,14.2323313178389 79.0480738535877,14.2325025123432</coordinates></LineString>
  </Placemark>
  <Placemark id="damage_d3d_roads.531">
	<Style><LineStyle><color>ff0000ff</color></LineStyle><PolyStyle><fill>0</fill></PolyStyle></Style>
	<ExtendedData><SchemaData schemaUrl="#damage_d3d_roads">
		<SimpleData name="osm_id">1259303904</SimpleData>
		<SimpleData name="type">tertiary</SimpleData>
		<SimpleData name="depth_cls">0.5-1.5 m</SimpleData>
		<SimpleData name="max_depth">0.85</SimpleData>
		<SimpleData name="length_m">39.8</SimpleData>
	</SchemaData></ExtendedData>
      <LineString><coordinates>79.0480738535877,14.2325025123432 79.0481304677992,14.2326737068427 79.0481131009886,14.2328502833196</coordinates></LineString>
  </Placemark>
  <Placemark id="damage_d3d_roads.532">
	<Style><LineStyle><color>ff0000ff</color></LineStyle><PolyStyle><fill>0</fill></PolyStyle></Style>
	<ExtendedData><SchemaData schemaUrl="#damage_d3d_roads">
		<SimpleData name="osm_id">1259303904</SimpleData>
		<SimpleData name="type">tertiary</SimpleData>
		<SimpleData name="depth_cls">0.1-0.5 m</SimpleData>
		<SimpleData name="max_depth">0.49</SimpleData>
		<SimpleData name="length_m">39.8</SimpleData>
	</SchemaData></ExtendedData>
      <LineString><coordinates>79.0481131009886,14.2328502833196 79.0480831462479,14.2330277755285 79.0480531914423,14.2332052677251</coordinates></LineString>
  </Placemark>
  <Placemark id="damage_d3d_roads.533">
	<Style><LineStyle><color>ff0000ff</color></LineStyle><PolyStyle><fill>0</fill></PolyStyle></Style>
	<ExtendedData><SchemaData schemaUrl="#damage_d3d_roads">
		<SimpleData name="osm_id">1259303904</SimpleData>
		<SimpleData name="type">tertiary</SimpleData>
		<SimpleData name="depth_cls">&gt;1.5 m</SimpleData>
		<SimpleData name="max_depth">4.37</SimpleData>
		<SimpleData name="length_m">99.5</SimpleData>
	</SchemaData></ExtendedData>
      <LineString><coordinates>79.0480531914423,14.2332052677251 79.0480232365717,14.2333827599096 79.0479932816362,14.2335602520818 79.0479633266357,14.2337377442418 79.0479333715703,14.2339152363896 79.0478854405733,14.2340886192295</coordinates></LineString>
  </Placemark>
  <Placemark id="damage_d3d_roads.534">
	<Style><LineStyle><color>ff0000ff</color></LineStyle><PolyStyle><fill>0</fill></PolyStyle></Style>
	<ExtendedData><SchemaData schemaUrl="#damage_d3d_roads">
		<SimpleData name="osm_id">1259303904</SimpleData>
		<SimpleData name="type">tertiary</SimpleData>
		<SimpleData name="depth_cls">0.5-1.5 m</SimpleData>
		<SimpleData name="max_depth">1.41</SimpleData>
		<SimpleData name="length_m">19.9</SimpleData>
	</SchemaData></ExtendedData>
      <LineString><coordinates>79.04752028865,14.2360552877109 79.0473724225303,14.2361627777674</coordinates></LineString>
  </Placemark>
  <Placemark id="damage_d3d_roads.535">
	<Style><LineStyle><color>ff0000ff</color></LineStyle><PolyStyle><fill>0</fill></PolyStyle></Style>
	<ExtendedData><SchemaData schemaUrl="#damage_d3d_roads">
		<SimpleData name="osm_id">1259303904</SimpleData>
		<SimpleData name="type">tertiary</SimpleData>
		<SimpleData name="depth_cls">0.1-0.5 m</SimpleData>
		<SimpleData name="max_depth">0.2</SimpleData>
		<SimpleData name="length_m">39.8</SimpleData>
	</SchemaData></ExtendedData>
      <LineString><coordinates>79.0458371027039,14.2399271886995 79.0457339446842,14.2400762941677 79.0456307865217,14.2402253995723</coordinates></LineString>
  </Placemark>
  <Placemark id="damage_d3d_roads.536">
	<Style><LineStyle><color>ff0000ff</color></LineStyle><PolyStyle><fill>0</fill></PolyStyle></Style>
	<ExtendedData><SchemaData schemaUrl="#damage_d3d_roads">
		<SimpleData name="osm_id">1259303904</SimpleData>
		<SimpleData name="type">tertiary</SimpleData>
		<SimpleData name="depth_cls">0.5-1.5 m</SimpleData>
		<SimpleData name="max_depth">1.07</SimpleData>
		<SimpleData name="length_m">19.9</SimpleData>
	</SchemaData></ExtendedData>
      <LineString><coordinates>79.0455477678698,14.2403842695318 79.0454881902248,14.2405545047738</coordinates></LineString>
  </Placemark>
  <Placemark id="damage_d3d_roads.537">
	<Style><LineStyle><color>ff0000ff</color></LineStyle><PolyStyle><fill>0</fill></PolyStyle></Style>
	<ExtendedData><SchemaData schemaUrl="#damage_d3d_roads">
		<SimpleData name="osm_id">1259303904</SimpleData>
		<SimpleData name="type">tertiary</SimpleData>
		<SimpleData name="depth_cls">0.1-0.5 m</SimpleData>
		<SimpleData name="max_depth">0.11</SimpleData>
		<SimpleData name="length_m">39.8</SimpleData>
	</SchemaData></ExtendedData>
      <LineString><coordinates>79.0454881902248,14.2405545047738 79.0454286124753,14.2407247399872 79.0453690346213,14.240894975172</coordinates></LineString>
  </Placemark>
  <Placemark id="damage_d3d_roads.538">
	<Style><LineStyle><color>ff0000ff</color></LineStyle><PolyStyle><fill>0</fill></PolyStyle></Style>
	<ExtendedData><SchemaData schemaUrl="#damage_d3d_roads">
		<SimpleData name="osm_id">1259303904</SimpleData>
		<SimpleData name="type">tertiary</SimpleData>
		<SimpleData name="depth_cls">0.5-1.5 m</SimpleData>
		<SimpleData name="max_depth">0.77</SimpleData>
		<SimpleData name="length_m">19.9</SimpleData>
	</SchemaData></ExtendedData>
      <LineString><coordinates>79.0452498785996,14.2412354454559 79.0451903004319,14.2414056805549</coordinates></LineString>
  </Placemark>
  <Placemark id="damage_d3d_roads.539">
	<Style><LineStyle><color>ff0000ff</color></LineStyle><PolyStyle><fill>0</fill></PolyStyle></Style>
	<ExtendedData><SchemaData schemaUrl="#damage_d3d_roads">
		<SimpleData name="osm_id">1450181314</SimpleData>
		<SimpleData name="type">unclassified</SimpleData>
		<SimpleData name="depth_cls">&gt;1.5 m</SimpleData>
		<SimpleData name="max_depth">2.56</SimpleData>
		<SimpleData name="length_m">39.7</SimpleData>
	</SchemaData></ExtendedData>
      <LineString><coordinates>79.0488381,14.2447719 79.0488729789071,14.2445956665618 79.0489078577424,14.2444194331092</coordinates></LineString>
  </Placemark>
  <Placemark id="damage_d3d_roads.540">
	<Style><LineStyle><color>ff0000ff</color></LineStyle><PolyStyle><fill>0</fill></PolyStyle></Style>
	<ExtendedData><SchemaData schemaUrl="#damage_d3d_roads">
		<SimpleData name="osm_id">1450181314</SimpleData>
		<SimpleData name="type">unclassified</SimpleData>
		<SimpleData name="depth_cls">0.5-1.5 m</SimpleData>
		<SimpleData name="max_depth">1.41</SimpleData>
		<SimpleData name="length_m">19.9</SimpleData>
	</SchemaData></ExtendedData>
      <LineString><coordinates>79.0489078577424,14.2444194331092 79.0489427365058,14.2442431996421</coordinates></LineString>
  </Placemark>
  <Placemark id="damage_d3d_roads.541">
	<Style><LineStyle><color>ff0000ff</color></LineStyle><PolyStyle><fill>0</fill></PolyStyle></Style>
	<ExtendedData><SchemaData schemaUrl="#damage_d3d_roads">
		<SimpleData name="osm_id">1259299277</SimpleData>
		<SimpleData name="type">tertiary</SimpleData>
		<SimpleData name="depth_cls">0.1-0.5 m</SimpleData>
		<SimpleData name="max_depth">0.46</SimpleData>
		<SimpleData name="length_m">20</SimpleData>
	</SchemaData></ExtendedData>
      <LineString><coordinates>79.0712160383134,14.247790657406 79.0711393767254,14.2476261147992</coordinates></LineString>
  </Placemark>
  <Placemark id="damage_d3d_roads.542">
	<Style><LineStyle><color>ff0000ff</color></LineStyle><PolyStyle><fill>0</fill></PolyStyle></Style>
	<ExtendedData><SchemaData schemaUrl="#damage_d3d_roads">
		<SimpleData name="osm_id">1259299277</SimpleData>
		<SimpleData name="type">tertiary</SimpleData>
		<SimpleData name="depth_cls">0.5-1.5 m</SimpleData>
		<SimpleData name="max_depth">1.17</SimpleData>
		<SimpleData name="length_m">40</SimpleData>
	</SchemaData></ExtendedData>
      <LineString><coordinates>79.0711393767254,14.2476261147992 79.0710627152361,14.2474615721796 79.0709860538455,14.2472970295473</coordinates></LineString>
  </Placemark>
  <Placemark id="damage_d3d_roads.543">
	<Style><LineStyle><color>ff0000ff</color></LineStyle><PolyStyle><fill>0</fill></PolyStyle></Style>
	<ExtendedData><SchemaData schemaUrl="#damage_d3d_roads">
		<SimpleData name="osm_id">1259299277</SimpleData>
		<SimpleData name="type">tertiary</SimpleData>
		<SimpleData name="depth_cls">0.1-0.5 m</SimpleData>
		<SimpleData name="max_depth">0.28</SimpleData>
		<SimpleData name="length_m">40</SimpleData>
	</SchemaData></ExtendedData>
      <LineString><coordinates>79.0709860538455,14.2472970295473 79.0709093925536,14.2471324869022 79.0708327313603,14.2469679442444</coordinates></LineString>
  </Placemark>
  <Placemark id="damage_d3d_roads.544">
	<Style><LineStyle><color>ff0000ff</color></LineStyle><PolyStyle><fill>0</fill></PolyStyle></Style>
	<ExtendedData><SchemaData schemaUrl="#damage_d3d_roads">
		<SimpleData name="osm_id">1259299277</SimpleData>
		<SimpleData name="type">tertiary</SimpleData>
		<SimpleData name="depth_cls">&gt;1.5 m</SimpleData>
		<SimpleData name="max_depth">6.04</SimpleData>
		<SimpleData name="length_m">920</SimpleData>
	</SchemaData></ExtendedData>
      <LineString><coordinates>79.0708327313603,14.2469679442444 79.0707560702657,14.2468034015738 79.0706794070692,14.246638859867 79.0706025915014,14.2464743858114 79.0705257760325,14.2463099117431 79.0704489606625,14.2461454376618 79.0703721453914,14.2459809635678 79.070299433464,14.2458153239532 79.070273704649,14.2456363390133 79.0702479758563,14.2454573540733 79.0702222470858,14.2452783691331 79.0701965183376,14.2450993841928 79.0701707896116,14.2449203992522 79.0701694461044,14.244744293671 79.0702382181028,14.2445764671865 79.0703069899856,14.2444086406672 79.0703757617528,14.2442408141129 79.0703333693058,14.2440735805446 79.0702627198576,14.243906497705 79.0701920705,14.2437394148555 79.0701567875168,14.2435636782494 79.0701382155081,14.2433838526527 79.0701196435101,14.2432040270558 79.0701010715228,14.2430242014585 79.0701595414701,14.2428900408837 79.070331733969,14.2428232869605 79.0703769490115,14.2426591036309 79.0704029160698,14.2424801514217 79.0704288830689,14.242301199202 79.0704548500087,14.2421222469718 79.0704808168892,14.241943294731 79.0705067837103,14.2417643424798 79.0705327504723,14.241585390218 79.0705587171749,14.2414064379457 79.0705846838182,14.2412274856629 79.0706106504022,14.2410485333696 79.070636616927,14.2408695810658 79.0706625833924,14.2406906287514 79.0706316580978,14.2405172136461 79.0705699515563,14.2403467944507 79.0705082450926,14.2401763752488 79.0704838547887,14.2399982307514 79.070469274475,14.2398180553613 79.0704546941657,14.2396378799707 79.0704401138606,14.2394577045795 79.0704255335599,14.2392775291879 79.0705849460427,14.2391954196403</coordinates></LineString>
  </Placemark>
  <Placemark id="damage_d3d_roads.545">
	<Style><LineStyle><color>ff0000ff</color></LineStyle><PolyStyle><fill>0</fill></PolyStyle></Style>
	<ExtendedData><SchemaData schemaUrl="#damage_d3d_roads">
		<SimpleData name="osm_id">1259299277</SimpleData>
		<SimpleData name="type">tertiary</SimpleData>
		<SimpleData name="depth_cls">0.1-0.5 m</SimpleData>
		<SimpleData name="max_depth">0.3</SimpleData>
		<SimpleData name="length_m">20</SimpleData>
	</SchemaData></ExtendedData>
      <LineString><coordinates>79.0705849460427,14.2391954196403 79.0707522624124,14.2391177648101</coordinates></LineString>
  </Placemark>
  <Placemark id="damage_d3d_roads.546">
	<Style><LineStyle><color>ff0000ff</color></LineStyle><PolyStyle><fill>0</fill></PolyStyle></Style>
	<ExtendedData><SchemaData schemaUrl="#damage_d3d_roads">
		<SimpleData name="osm_id">1259299277</SimpleData>
		<SimpleData name="type">tertiary</SimpleData>
		<SimpleData name="depth_cls">0.5-1.5 m</SimpleData>
		<SimpleData name="max_depth">0.79</SimpleData>
		<SimpleData name="length_m">40</SimpleData>
	</SchemaData></ExtendedData>
      <LineString><coordinates>79.072509496833,14.2358800772231 79.0725798932077,14.2357128934548 79.0726502894651,14.2355457096504</coordinates></LineString>
  </Placemark>
  <Placemark id="damage_d3d_roads.547">
	<Style><LineStyle><color>ff0000ff</color></LineStyle><PolyStyle><fill>0</fill></PolyStyle></Style>
	<ExtendedData><SchemaData schemaUrl="#damage_d3d_roads">
		<SimpleData name="osm_id">1259299277</SimpleData>
		<SimpleData name="type">tertiary</SimpleData>
		<SimpleData name="depth_cls">0.1-0.5 m</SimpleData>
		<SimpleData name="max_depth">0.28</SimpleData>
		<SimpleData name="length_m">40</SimpleData>
	</SchemaData></ExtendedData>
      <LineString><coordinates>79.0726502894651,14.2355457096504 79.0726901649013,14.2353710351594 79.072709265575,14.2351912619515</coordinates></LineString>
  </Placemark>
  <Placemark id="damage_d3d_roads.548">
	<Style><LineStyle><color>ff0000ff</color></LineStyle><PolyStyle><fill>0</fill></PolyStyle></Style>
	<ExtendedData><SchemaData schemaUrl="#damage_d3d_roads">
		<SimpleData name="osm_id">1259299277</SimpleData>
		<SimpleData name="type">tertiary</SimpleData>
		<SimpleData name="depth_cls">0.5-1.5 m</SimpleData>
		<SimpleData name="max_depth">0.73</SimpleData>
		<SimpleData name="length_m">100</SimpleData>
	</SchemaData></ExtendedData>
      <LineString><coordinates>79.0727856677807,14.2344721690407 79.0728047682098,14.2342923957933 79.0728966711607,14.2341629276623 79.0730641988961,14.2340857147096 79.0732317265296,14.2340085016243 79.0733992540613,14.2339312884067</coordinates></LineString>
  </Placemark>
  <Placemark id="damage_d3d_roads.549">
	<Style><LineStyle><color>ff0000ff</color></LineStyle><PolyStyle><fill>0</fill></PolyStyle></Style>
	<ExtendedData><SchemaData schemaUrl="#damage_d3d_roads">
		<SimpleData name="osm_id">1259299277</SimpleData>
		<SimpleData name="type">tertiary</SimpleData>
		<SimpleData name="depth_cls">0.1-0.5 m</SimpleData>
		<SimpleData name="max_depth">0.34</SimpleData>
		<SimpleData name="length_m">20</SimpleData>
	</SchemaData></ExtendedData>
      <LineString><coordinates>79.0733992540613,14.2339312884067 79.0735667814912,14.2338540750566</coordinates></LineString>
  </Placemark>
  <Placemark id="damage_d3d_roads.550">
	<Style><LineStyle><color>ff0000ff</color></LineStyle><PolyStyle><fill>0</fill></PolyStyle></Style>
	<ExtendedData><SchemaData schemaUrl="#damage_d3d_roads">
		<SimpleData name="osm_id">1259303898</SimpleData>
		<SimpleData name="type">tertiary</SimpleData>
		<SimpleData name="depth_cls">0.5-1.5 m</SimpleData>
		<SimpleData name="max_depth">0.82</SimpleData>
		<SimpleData name="length_m">39.9</SimpleData>
	</SchemaData></ExtendedData>
      <LineString><coordinates>79.0633486650952,14.2414648468714 79.0635220166335,14.2414024288204 79.063695368091,14.241340010631</coordinates></LineString>
  </Placemark>
  <Placemark id="damage_d3d_roads.551">
	<Style><LineStyle><color>ff0000ff</color></LineStyle><PolyStyle><fill>0</fill></PolyStyle></Style>
	<ExtendedData><SchemaData schemaUrl="#damage_d3d_roads">
		<SimpleData name="osm_id">1259303898</SimpleData>
		<SimpleData name="type">tertiary</SimpleData>
		<SimpleData name="depth_cls">0.1-0.5 m</SimpleData>
		<SimpleData name="max_depth">0.26</SimpleData>
		<SimpleData name="length_m">19.9</SimpleData>
	</SchemaData></ExtendedData>
      <LineString><coordinates>79.063695368091,14.241340010631 79.0638688954294,14.2412780965757</coordinates></LineString>
  </Placemark>
  <Placemark id="damage_d3d_roads.552">
	<Style><LineStyle><color>ff0000ff</color></LineStyle><PolyStyle><fill>0</fill></PolyStyle></Style>
	<ExtendedData><SchemaData schemaUrl="#damage_d3d_roads">
		<SimpleData name="osm_id">1259303898</SimpleData>
		<SimpleData name="type">tertiary</SimpleData>
		<SimpleData name="depth_cls">0.5-1.5 m</SimpleData>
		<SimpleData name="max_depth">1</SimpleData>
		<SimpleData name="length_m">39.9</SimpleData>
	</SchemaData></ExtendedData>
      <LineString><coordinates>79.0638688954294,14.2412780965757 79.0640452911274,14.2412244027538 79.0642216867576,14.2411707087907</coordinates></LineString>
  </Placemark>
  <Placemark id="damage_d3d_roads.553">
	<Style><LineStyle><color>ff0000ff</color></LineStyle><PolyStyle><fill>0</fill></PolyStyle></Style>
	<ExtendedData><SchemaData schemaUrl="#damage_d3d_roads">
		<SimpleData name="osm_id">1259303898</SimpleData>
		<SimpleData name="type">tertiary</SimpleData>
		<SimpleData name="depth_cls">&gt;1.5 m</SimpleData>
		<SimpleData name="max_depth">1.54</SimpleData>
		<SimpleData name="length_m">19.9</SimpleData>
	</SchemaData></ExtendedData>
      <LineString><coordinates>79.0642216867576,14.2411707087907 79.06439808232,14.2411170146864</coordinates></LineString>
  </Placemark>
  <Placemark id="damage_d3d_roads.554">
	<Style><LineStyle><color>ff0000ff</color></LineStyle><PolyStyle><fill>0</fill></PolyStyle></Style>
	<ExtendedData><SchemaData schemaUrl="#damage_d3d_roads">
		<SimpleData name="osm_id">1259303898</SimpleData>
		<SimpleData name="type">tertiary</SimpleData>
		<SimpleData name="depth_cls">0.5-1.5 m</SimpleData>
		<SimpleData name="max_depth">1.28</SimpleData>
		<SimpleData name="length_m">39.9</SimpleData>
	</SchemaData></ExtendedData>
      <LineString><coordinates>79.06439808232,14.2411170146864 79.0645744778145,14.2410633204408 79.0647508732413,14.241009626054</coordinates></LineString>
  </Placemark>
  <Placemark id="damage_d3d_roads.555">
	<Style><LineStyle><color>ff0000ff</color></LineStyle><PolyStyle><fill>0</fill></PolyStyle></Style>
	<ExtendedData><SchemaData schemaUrl="#damage_d3d_roads">
		<SimpleData name="osm_id">1259303898</SimpleData>
		<SimpleData name="type">tertiary</SimpleData>
		<SimpleData name="depth_cls">&gt;1.5 m</SimpleData>
		<SimpleData name="max_depth">4.62</SimpleData>
		<SimpleData name="length_m">339.1</SimpleData>
	</SchemaData></ExtendedData>
      <LineString><coordinates>79.0647508732413,14.241009626054 79.0649272686002,14.2409559315259 79.0651036638913,14.2409022368566 79.0652800591146,14.240848542046 79.0654422875033,14.2408911242357 79.0655960789419,14.2409910444246 79.0657498705233,14.2410909645308 79.0659036622475,14.241190884554 79.0660574541144,14.2412908044945 79.0662112461241,14.2413907243522 79.0663650382766,14.241490644127 79.0665254293724,14.2415781285957 79.0666978665508,14.2416429127444 79.0668703038416,14.2417076967807 79.0670427412451,14.2417724807043 79.0672151787611,14.2418372645154 79.0673876163897,14.241902048214 79.0675600541308,14.2419668318</coordinates></LineString>
  </Placemark>
  <Placemark id="damage_d3d_roads.556">
	<Style><LineStyle><color>ff0000ff</color></LineStyle><PolyStyle><fill>0</fill></PolyStyle></Style>
	<ExtendedData><SchemaData schemaUrl="#damage_d3d_roads">
		<SimpleData name="osm_id">1259303898</SimpleData>
		<SimpleData name="type">tertiary</SimpleData>
		<SimpleData name="depth_cls">0.5-1.5 m</SimpleData>
		<SimpleData name="max_depth">1.24</SimpleData>
		<SimpleData name="length_m">19.9</SimpleData>
	</SchemaData></ExtendedData>
      <LineString><coordinates>79.0675600541308,14.2419668318 79.0677324919845,14.2420316152734</coordinates></LineString>
  </Placemark>
  <Placemark id="damage_d3d_roads.557">
	<Style><LineStyle><color>ff0000ff</color></LineStyle><PolyStyle><fill>0</fill></PolyStyle></Style>
	<ExtendedData><SchemaData schemaUrl="#damage_d3d_roads">
		<SimpleData name="osm_id">1259303898</SimpleData>
		<SimpleData name="type">tertiary</SimpleData>
		<SimpleData name="depth_cls">&gt;1.5 m</SimpleData>
		<SimpleData name="max_depth">3.84</SimpleData>
		<SimpleData name="length_m">79.8</SimpleData>
	</SchemaData></ExtendedData>
      <LineString><coordinates>79.0677324919845,14.2420316152734 79.0679049299507,14.2420963986342 79.0680768127185,14.2421624906122 79.068245752059,14.2422355196827 79.0684146915211,14.2423085486469</coordinates></LineString>
  </Placemark>
  <Placemark id="damage_d3d_roads.558">
	<Style><LineStyle><color>ff0000ff</color></LineStyle><PolyStyle><fill>0</fill></PolyStyle></Style>
	<ExtendedData><SchemaData schemaUrl="#damage_d3d_roads">
		<SimpleData name="osm_id">1259303898</SimpleData>
		<SimpleData name="type">tertiary</SimpleData>
		<SimpleData name="depth_cls">0.5-1.5 m</SimpleData>
		<SimpleData name="max_depth">1.37</SimpleData>
		<SimpleData name="length_m">19.9</SimpleData>
	</SchemaData></ExtendedData>
      <LineString><coordinates>79.0684146915211,14.2423085486469 79.0685836311046,14.2423815775047</coordinates></LineString>
  </Placemark>
  <Placemark id="damage_d3d_roads.559">
	<Style><LineStyle><color>ff0000ff</color></LineStyle><PolyStyle><fill>0</fill></PolyStyle></Style>
	<ExtendedData><SchemaData schemaUrl="#damage_d3d_roads">
		<SimpleData name="osm_id">1259303898</SimpleData>
		<SimpleData name="type">tertiary</SimpleData>
		<SimpleData name="depth_cls">&gt;1.5 m</SimpleData>
		<SimpleData name="max_depth">3.16</SimpleData>
		<SimpleData name="length_m">179.5</SimpleData>
	</SchemaData></ExtendedData>
      <LineString><coordinates>79.0685836311046,14.2423815775047 79.0687525708097,14.2424546062562 79.0689215106363,14.2425276349013 79.0690632494202,14.2426403710948 79.069197070345,14.2427646657507 79.0693598966285,14.2428212860026 79.06954459516,14.2428268743886 79.0697277244869,14.2428457085696 79.0699088622062,14.2428813543501 79.07009,14.242917</coordinates></LineString>
  </Placemark>
  <Placemark id="damage_d3d_roads.560">
	<Style><LineStyle><color>ff0000ff</color></LineStyle><PolyStyle><fill>0</fill></PolyStyle></Style>
	<ExtendedData><SchemaData schemaUrl="#damage_d3d_roads">
		<SimpleData name="osm_id">567442398</SimpleData>
		<SimpleData name="type">secondary</SimpleData>
		<SimpleData name="depth_cls">&gt;1.5 m</SimpleData>
		<SimpleData name="max_depth">5.34</SimpleData>
		<SimpleData name="length_m">279.4</SimpleData>
	</SchemaData></ExtendedData>
      <LineString><coordinates>79.0417245,14.2491574 79.0418317312269,14.2490105154787 79.0419389623085,14.2488636308896 79.042046193245,14.2487167462329 79.0421561394391,14.2485717839031 79.0422660881932,14.2484268234187 79.0423567000253,14.2482700015027 79.0424301689779,14.2481045352355 79.0424954998671,14.2479358759559 79.0425633827693,14.2477681621999 79.0426214760483,14.2475970669502 79.0426656647603,14.2474222343556 79.042692691218,14.2472441513985 79.0427085150982,14.2470644983673 79.0427513857424,14.246891763988</coordinates></LineString>
  </Placemark>
  <Placemark id="damage_d3d_roads.561">
	<Style><LineStyle><color>ff0000ff</color></LineStyle><PolyStyle><fill>0</fill></PolyStyle></Style>
	<ExtendedData><SchemaData schemaUrl="#damage_d3d_roads">
		<SimpleData name="osm_id">567442398</SimpleData>
		<SimpleData name="type">secondary</SimpleData>
		<SimpleData name="depth_cls">&gt;1.5 m</SimpleData>
		<SimpleData name="max_depth">2.06</SimpleData>
		<SimpleData name="length_m">59.9</SimpleData>
	</SchemaData></ExtendedData>
      <LineString><coordinates>79.0475299624435,14.2457479394038 79.0476377283426,14.2456022900107 79.0477219391963,14.2454421612763 79.047797470439,14.2452775811419</coordinates></LineString>
  </Placemark>
  <Placemark id="damage_d3d_roads.562">
	<Style><LineStyle><color>ff0000ff</color></LineStyle><PolyStyle><fill>0</fill></PolyStyle></Style>
	<ExtendedData><SchemaData schemaUrl="#damage_d3d_roads">
		<SimpleData name="osm_id">567442398</SimpleData>
		<SimpleData name="type">secondary</SimpleData>
		<SimpleData name="depth_cls">0.5-1.5 m</SimpleData>
		<SimpleData name="max_depth">1.16</SimpleData>
		<SimpleData name="length_m">39.9</SimpleData>
	</SchemaData></ExtendedData>
      <LineString><coordinates>79.047797470439,14.2452775811419 79.0478743953862,14.2451136230976 79.0479780859816,14.2449658032333</coordinates></LineString>
  </Placemark>
  <Placemark id="damage_d3d_roads.563">
	<Style><LineStyle><color>ff0000ff</color></LineStyle><PolyStyle><fill>0</fill></PolyStyle></Style>
	<ExtendedData><SchemaData schemaUrl="#damage_d3d_roads">
		<SimpleData name="osm_id">567442398</SimpleData>
		<SimpleData name="type">secondary</SimpleData>
		<SimpleData name="depth_cls">&gt;1.5 m</SimpleData>
		<SimpleData name="max_depth">3.1</SimpleData>
		<SimpleData name="length_m">159.6</SimpleData>
	</SchemaData></ExtendedData>
      <LineString><coordinates>79.0483216397457,14.2448491535693 79.0485043837768,14.2448219033857 79.0486871205824,14.2447946073168 79.0488698300861,14.2447671377915 79.0490523930565,14.2447388117695 79.0492320522753,14.2446972835998 79.0494094413737,14.2446465484156 79.0495861480423,14.2445935654967 79.0497600118332,14.244532286447</coordinates></LineString>
  </Placemark>
  <Placemark id="damage_d3d_roads.564">
	<Style><LineStyle><color>ff0000ff</color></LineStyle><PolyStyle><fill>0</fill></PolyStyle></Style>
	<ExtendedData><SchemaData schemaUrl="#damage_d3d_roads">
		<SimpleData name="osm_id">567442398</SimpleData>
		<SimpleData name="type">secondary</SimpleData>
		<SimpleData name="depth_cls">0.5-1.5 m</SimpleData>
		<SimpleData name="max_depth">0.75</SimpleData>
		<SimpleData name="length_m">20</SimpleData>
	</SchemaData></ExtendedData>
      <LineString><coordinates>79.0497600118332,14.244532286447 79.0499390362059,14.2444887818661</coordinates></LineString>
  </Placemark>
  <Placemark id="damage_d3d_roads.565">
	<Style><LineStyle><color>ff0000ff</color></LineStyle><PolyStyle><fill>0</fill></PolyStyle></Style>
	<ExtendedData><SchemaData schemaUrl="#damage_d3d_roads">
		<SimpleData name="osm_id">567442398</SimpleData>
		<SimpleData name="type">secondary</SimpleData>
		<SimpleData name="depth_cls">0.1-0.5 m</SimpleData>
		<SimpleData name="max_depth">0.34</SimpleData>
		<SimpleData name="length_m">39.9</SimpleData>
	</SchemaData></ExtendedData>
      <LineString><coordinates>79.0569359134976,14.2475060817968 79.0571130219567,14.2474546971412 79.0572791989535,14.2473768738125</coordinates></LineString>
  </Placemark>
  <Placemark id="damage_d3d_roads.566">
	<Style><LineStyle><color>ff0000ff</color></LineStyle><PolyStyle><fill>0</fill></PolyStyle></Style>
	<ExtendedData><SchemaData schemaUrl="#damage_d3d_roads">
		<SimpleData name="osm_id">567442398</SimpleData>
		<SimpleData name="type">secondary</SimpleData>
		<SimpleData name="depth_cls">0.5-1.5 m</SimpleData>
		<SimpleData name="max_depth">0.75</SimpleData>
		<SimpleData name="length_m">20</SimpleData>
	</SchemaData></ExtendedData>
      <LineString><coordinates>79.0572791989535,14.2473768738125 79.0574270189748,14.2472693014533</coordinates></LineString>
  </Placemark>
  <Placemark id="damage_d3d_roads.567">
	<Style><LineStyle><color>ff0000ff</color></LineStyle><PolyStyle><fill>0</fill></PolyStyle></Style>
	<ExtendedData><SchemaData schemaUrl="#damage_d3d_roads">
		<SimpleData name="osm_id">567442398</SimpleData>
		<SimpleData name="type">secondary</SimpleData>
		<SimpleData name="depth_cls">0.1-0.5 m</SimpleData>
		<SimpleData name="max_depth">0.17</SimpleData>
		<SimpleData name="length_m">20</SimpleData>
	</SchemaData></ExtendedData>
      <LineString><coordinates>79.0574270189748,14.2472693014533 79.0575696827646,14.2471546455791</coordinates></LineString>
  </Placemark>
  <Placemark id="damage_d3d_roads.568">
	<Style><LineStyle><color>ff0000ff</color></LineStyle><PolyStyle><fill>0</fill></PolyStyle></Style>
	<ExtendedData><SchemaData schemaUrl="#damage_d3d_roads">
		<SimpleData name="osm_id">567442398</SimpleData>
		<SimpleData name="type">secondary</SimpleData>
		<SimpleData name="depth_cls">0.5-1.5 m</SimpleData>
		<SimpleData name="max_depth">0.63</SimpleData>
		<SimpleData name="length_m">20</SimpleData>
	</SchemaData></ExtendedData>
      <LineString><coordinates>79.0575696827646,14.2471546455791 79.0577178559939,14.2470471411874</coordinates></LineString>
  </Placemark>
  <Placemark id="damage_d3d_roads.569">
	<Style><LineStyle><color>ff0000ff</color></LineStyle><PolyStyle><fill>0</fill></PolyStyle></Style>
	<ExtendedData><SchemaData schemaUrl="#damage_d3d_roads">
		<SimpleData name="osm_id">567442398</SimpleData>
		<SimpleData name="type">secondary</SimpleData>
		<SimpleData name="depth_cls">0.5-1.5 m</SimpleData>
		<SimpleData name="max_depth">0.73</SimpleData>
		<SimpleData name="length_m">39.9</SimpleData>
	</SchemaData></ExtendedData>
      <LineString><coordinates>79.05830025751,14.2479872461433 79.0582646300146,14.2481641845974 79.0582093835698,14.2483362295765</coordinates></LineString>
  </Placemark>
  <Placemark id="damage_d3d_roads.570">
	<Style><LineStyle><color>ff0000ff</color></LineStyle><PolyStyle><fill>0</fill></PolyStyle></Style>
	<ExtendedData><SchemaData schemaUrl="#damage_d3d_roads">
		<SimpleData name="osm_id">567442398</SimpleData>
		<SimpleData name="type">secondary</SimpleData>
		<SimpleData name="depth_cls">&gt;1.5 m</SimpleData>
		<SimpleData name="max_depth">3.05</SimpleData>
		<SimpleData name="length_m">259.4</SimpleData>
	</SchemaData></ExtendedData>
      <LineString><coordinates>79.0582093835698,14.2483362295765 79.0581361553116,14.2485000623926 79.0580195831422,14.2486392940584 79.0578949926017,14.2487722563766 79.0578015855677,14.2489267878342 79.0578324672611,14.2490932262038 79.0580056625191,14.2491513942288 79.0581531065374,14.2492565875057 79.0582656355421,14.2493990953641 79.0583624596136,14.2495525580729 79.0584451730866,14.2497136428951 79.0584820042438,14.249889902853 79.0585214966188,14.250065884997 79.0585736320096,14.2502388499299</coordinates></LineString>
  </Placemark>
  <Placemark id="damage_d3d_roads.571">
	<Style><LineStyle><color>ff0000ff</color></LineStyle><PolyStyle><fill>0</fill></PolyStyle></Style>
	<ExtendedData><SchemaData schemaUrl="#damage_d3d_roads">
		<SimpleData name="osm_id">567442398</SimpleData>
		<SimpleData name="type">secondary</SimpleData>
		<SimpleData name="depth_cls">0.5-1.5 m</SimpleData>
		<SimpleData name="max_depth">0.81</SimpleData>
		<SimpleData name="length_m">20</SimpleData>
	</SchemaData></ExtendedData>
      <LineString><coordinates>79.0585736320096,14.2502388499299 79.0586406127131,14.2504060885488</coordinates></LineString>
  </Placemark>
  <Placemark id="damage_d3d_roads.572">
	<Style><LineStyle><color>ff0000ff</color></LineStyle><PolyStyle><fill>0</fill></PolyStyle></Style>
	<ExtendedData><SchemaData schemaUrl="#damage_d3d_roads">
		<SimpleData name="osm_id">567442398</SimpleData>
		<SimpleData name="type">secondary</SimpleData>
		<SimpleData name="depth_cls">&gt;1.5 m</SimpleData>
		<SimpleData name="max_depth">2.21</SimpleData>
		<SimpleData name="length_m">99.8</SimpleData>
	</SchemaData></ExtendedData>
      <LineString><coordinates>79.0586406127131,14.2504060885488 79.0588011741734,14.25044690819 79.0589709979835,14.2503778885766 79.0591380356713,14.2503006166116 79.0593025120939,14.2502190463064 79.0594429127369,14.2501027611877</coordinates></LineString>
  </Placemark>
  <Placemark id="damage_d3d_roads.573">
	<Style><LineStyle><color>ff0000ff</color></LineStyle><PolyStyle><fill>0</fill></PolyStyle></Style>
	<ExtendedData><SchemaData schemaUrl="#damage_d3d_roads">
		<SimpleData name="osm_id">567442398</SimpleData>
		<SimpleData name="type">secondary</SimpleData>
		<SimpleData name="depth_cls">0.5-1.5 m</SimpleData>
		<SimpleData name="max_depth">1.47</SimpleData>
		<SimpleData name="length_m">39.9</SimpleData>
	</SchemaData></ExtendedData>
      <LineString><coordinates>79.0594429127369,14.2501027611877 79.0596181695212,14.2500476779683 79.059799066128,14.2500104918167</coordinates></LineString>
  </Placemark>
  <Placemark id="damage_d3d_roads.574">
	<Style><LineStyle><color>ff0000ff</color></LineStyle><PolyStyle><fill>0</fill></PolyStyle></Style>
	<ExtendedData><SchemaData schemaUrl="#damage_d3d_roads">
		<SimpleData name="osm_id">567442398</SimpleData>
		<SimpleData name="type">secondary</SimpleData>
		<SimpleData name="depth_cls">&gt;1.5 m</SimpleData>
		<SimpleData name="max_depth">3.5</SimpleData>
		<SimpleData name="length_m">578.7</SimpleData>
	</SchemaData></ExtendedData>
      <LineString><coordinates>79.059799066128,14.2500104918167 79.0599779533182,14.2499657730908 79.0601546263311,14.2499126667797 79.060331299277,14.249859560327 79.0605073061859,14.2498044701575 79.0606819633246,14.2497453598089 79.0608566203873,14.2496862493206 79.0610326821549,14.2496314754149 79.0612104536097,14.2495819795731 79.06138910733,14.2495358820695 79.0615696053565,14.2494968883762 79.0617501033383,14.2494578945383 79.0619306012753,14.2494189005557 79.0621110991675,14.2493799064284 79.0622919621033,14.2493427593833 79.0624743869156,14.2493135149524 79.0626574897624,14.2492919226218 79.0628423537378,14.2492902052612 79.0630272160316,14.24928856636 79.0632118418806,14.2492978759203 79.0633964677636,14.2493071853396 79.0635810936808,14.2493164946178 79.0637651852518,14.2493329429054 79.0639492397007,14.2493498876081 79.0641332941957,14.2493668321721 79.064317348737,14.2493837765975 79.064501573151,14.2493988455297 79.064685823258,14.2494136310752 79.0648700734078,14.2494284164813 79.0650542360119,14.2494441785372</coordinates></LineString>
  </Placemark>
  <Placemark id="damage_d3d_roads.575">
	<Style><LineStyle><color>ff0000ff</color></LineStyle><PolyStyle><fill>0</fill></PolyStyle></Style>
	<ExtendedData><SchemaData schemaUrl="#damage_d3d_roads">
		<SimpleData name="osm_id">567442398</SimpleData>
		<SimpleData name="type">secondary</SimpleData>
		<SimpleData name="depth_cls">0.1-0.5 m</SimpleData>
		<SimpleData name="max_depth">0.16</SimpleData>
		<SimpleData name="length_m">20</SimpleData>
	</SchemaData></ExtendedData>
      <LineString><coordinates>79.0650542360119,14.2494441785372 79.065238320259,14.2494608147958</coordinates></LineString>
  </Placemark>
  <Placemark id="damage_d3d_roads.576">
	<Style><LineStyle><color>ff0000ff</color></LineStyle><PolyStyle><fill>0</fill></PolyStyle></Style>
	<ExtendedData><SchemaData schemaUrl="#damage_d3d_roads">
		<SimpleData name="osm_id">567442398</SimpleData>
		<SimpleData name="type">secondary</SimpleData>
		<SimpleData name="depth_cls">0.5-1.5 m</SimpleData>
		<SimpleData name="max_depth">0.84</SimpleData>
		<SimpleData name="length_m">39.9</SimpleData>
	</SchemaData></ExtendedData>
      <LineString><coordinates>79.065238320259,14.2494608147958 79.0654224045518,14.2494774509156 79.0656049009361,14.2495061322003</coordinates></LineString>
  </Placemark>
  <Placemark id="damage_d3d_roads.577">
	<Style><LineStyle><color>ff0000ff</color></LineStyle><PolyStyle><fill>0</fill></PolyStyle></Style>
	<ExtendedData><SchemaData schemaUrl="#damage_d3d_roads">
		<SimpleData name="osm_id">567442398</SimpleData>
		<SimpleData name="type">secondary</SimpleData>
		<SimpleData name="depth_cls">0.1-0.5 m</SimpleData>
		<SimpleData name="max_depth">0.49</SimpleData>
		<SimpleData name="length_m">20</SimpleData>
	</SchemaData></ExtendedData>
      <LineString><coordinates>79.0656049009361,14.2495061322003 79.0657880728144,14.2495153764762</coordinates></LineString>
  </Placemark>
  <Placemark id="damage_d3d_roads.578">
	<Style><LineStyle><color>ff0000ff</color></LineStyle><PolyStyle><fill>0</fill></PolyStyle></Style>
	<ExtendedData><SchemaData schemaUrl="#damage_d3d_roads">
		<SimpleData name="osm_id">567442398</SimpleData>
		<SimpleData name="type">secondary</SimpleData>
		<SimpleData name="depth_cls">0.5-1.5 m</SimpleData>
		<SimpleData name="max_depth">1.13</SimpleData>
		<SimpleData name="length_m">59.9</SimpleData>
	</SchemaData></ExtendedData>
      <LineString><coordinates>79.0663345521801,14.2494264316923 79.0665172906836,14.2493991107906 79.0667000291612,14.2493717897433 79.0668832149397,14.249347566834</coordinates></LineString>
  </Placemark>
  <Placemark id="damage_d3d_roads.579">
	<Style><LineStyle><color>ff0000ff</color></LineStyle><PolyStyle><fill>0</fill></PolyStyle></Style>
	<ExtendedData><SchemaData schemaUrl="#damage_d3d_roads">
		<SimpleData name="osm_id">567442398</SimpleData>
		<SimpleData name="type">secondary</SimpleData>
		<SimpleData name="depth_cls">0.1-0.5 m</SimpleData>
		<SimpleData name="max_depth">0.4</SimpleData>
		<SimpleData name="length_m">99.8</SimpleData>
	</SchemaData></ExtendedData>
      <LineString><coordinates>79.0668832149397,14.249347566834 79.0670665823268,14.2493246017772 79.0672499496953,14.2493016365746 79.0674328472799,14.2492753763934 79.0676156812894,14.2492486703358 79.067798515274,14.2492219641325</coordinates></LineString>
  </Placemark>
  <Placemark id="damage_d3d_roads.580">
	<Style><LineStyle><color>ff0000ff</color></LineStyle><PolyStyle><fill>0</fill></PolyStyle></Style>
	<ExtendedData><SchemaData schemaUrl="#damage_d3d_roads">
		<SimpleData name="osm_id">567442398</SimpleData>
		<SimpleData name="type">secondary</SimpleData>
		<SimpleData name="depth_cls">0.5-1.5 m</SimpleData>
		<SimpleData name="max_depth">1.27</SimpleData>
		<SimpleData name="length_m">99.8</SimpleData>
	</SchemaData></ExtendedData>
      <LineString><coordinates>79.0679824437772,14.2492051741171 79.068166790916,14.2491920023156 79.0683503291969,14.2491703748955 79.0685330272669,14.2491439706879 79.0687134606909,14.2491046916521 79.0688938940697,14.2490654124716</coordinates></LineString>
  </Placemark>
  <Placemark id="damage_d3d_roads.581">
	<Style><LineStyle><color>ff0000ff</color></LineStyle><PolyStyle><fill>0</fill></PolyStyle></Style>
	<ExtendedData><SchemaData schemaUrl="#damage_d3d_roads">
		<SimpleData name="osm_id">567442398</SimpleData>
		<SimpleData name="type">secondary</SimpleData>
		<SimpleData name="depth_cls">&gt;1.5 m</SimpleData>
		<SimpleData name="max_depth">2.68</SimpleData>
		<SimpleData name="length_m">39.9</SimpleData>
	</SchemaData></ExtendedData>
      <LineString><coordinates>79.0688938940697,14.2490654124716 79.0690743274032,14.2490261331466 79.0692560208749,14.2489930211077</coordinates></LineString>
  </Placemark>
  <Placemark id="damage_d3d_roads.582">
	<Style><LineStyle><color>ff0000ff</color></LineStyle><PolyStyle><fill>0</fill></PolyStyle></Style>
	<ExtendedData><SchemaData schemaUrl="#damage_d3d_roads">
		<SimpleData name="osm_id">567442398</SimpleData>
		<SimpleData name="type">secondary</SimpleData>
		<SimpleData name="depth_cls">0.5-1.5 m</SimpleData>
		<SimpleData name="max_depth">1.39</SimpleData>
		<SimpleData name="length_m">20</SimpleData>
	</SchemaData></ExtendedData>
      <LineString><coordinates>79.0692560208749,14.2489930211077 79.0694381070656,14.2489618310839</coordinates></LineString>
  </Placemark>
  <Placemark id="damage_d3d_roads.583">
	<Style><LineStyle><color>ff0000ff</color></LineStyle><PolyStyle><fill>0</fill></PolyStyle></Style>
	<ExtendedData><SchemaData schemaUrl="#damage_d3d_roads">
		<SimpleData name="osm_id">567442398</SimpleData>
		<SimpleData name="type">secondary</SimpleData>
		<SimpleData name="depth_cls">&gt;1.5 m</SimpleData>
		<SimpleData name="max_depth">3.42</SimpleData>
		<SimpleData name="length_m">239.4</SimpleData>
	</SchemaData></ExtendedData>
      <LineString><coordinates>79.0694381070656,14.2489618310839 79.069617158318,14.2489174381808 79.069794780686,14.2488675771898 79.0699706104632,14.2488118714352 79.0701464401694,14.2487561655397 79.0703222698045,14.2487004595034 79.0704984057571,14.2486456847619 79.0706746421431,14.2485912154126 79.0708495767843,14.2485329210843 79.0710184657811,14.2484616838508 79.0711331988503,14.2483255901717 79.071194720293,14.2481556769781 79.0712722354992,14.2479926237703</coordinates></LineString>
  </Placemark>
  <Placemark id="damage_d3d_roads.584">
	<Style><LineStyle><color>ff0000ff</color></LineStyle><PolyStyle><fill>0</fill></PolyStyle></Style>
	<ExtendedData><SchemaData schemaUrl="#damage_d3d_roads">
		<SimpleData name="osm_id">567442398</SimpleData>
		<SimpleData name="type">secondary</SimpleData>
		<SimpleData name="depth_cls">0.5-1.5 m</SimpleData>
		<SimpleData name="max_depth">1.17</SimpleData>
		<SimpleData name="length_m">99.8</SimpleData>
	</SchemaData></ExtendedData>
      <LineString><coordinates>79.0713588932793,14.2478333536635 79.0714346312024,14.2476688603683 79.0715353615569,14.2475178538587 79.0716591434889,14.2473858105256 79.0718157736441,14.2472909844127 79.0719869800513,14.2472229459178</coordinates></LineString>
  </Placemark>
  <Placemark id="damage_d3d_roads.585">
	<Style><LineStyle><color>ff0000ff</color></LineStyle><PolyStyle><fill>0</fill></PolyStyle></Style>
	<ExtendedData><SchemaData schemaUrl="#damage_d3d_roads">
		<SimpleData name="osm_id">567442398</SimpleData>
		<SimpleData name="type">secondary</SimpleData>
		<SimpleData name="depth_cls">0.5-1.5 m</SimpleData>
		<SimpleData name="max_depth">0.87</SimpleData>
		<SimpleData name="length_m">39.9</SimpleData>
	</SchemaData></ExtendedData>
      <LineString><coordinates>79.0721626095609,14.2471667942329 79.0723442132068,14.2471725984994 79.0724918977047,14.2472788322153</coordinates></LineString>
  </Placemark>
  <Placemark id="damage_d3d_roads.586">
	<Style><LineStyle><color>ff0000ff</color></LineStyle><PolyStyle><fill>0</fill></PolyStyle></Style>
	<ExtendedData><SchemaData schemaUrl="#damage_d3d_roads">
		<SimpleData name="osm_id">567442398</SimpleData>
		<SimpleData name="type">secondary</SimpleData>
		<SimpleData name="depth_cls">0.1-0.5 m</SimpleData>
		<SimpleData name="max_depth">0.13</SimpleData>
		<SimpleData name="length_m">20</SimpleData>
	</SchemaData></ExtendedData>
      <LineString><coordinates>79.0729571787063,14.2478146041862 79.0731327152351,14.2477660800922</coordinates></LineString>
  </Placemark>
  <Placemark id="damage_d3d_roads.587">
	<Style><LineStyle><color>ff0000ff</color></LineStyle><PolyStyle><fill>0</fill></PolyStyle></Style>
	<ExtendedData><SchemaData schemaUrl="#damage_d3d_roads">
		<SimpleData name="osm_id">567442398</SimpleData>
		<SimpleData name="type">secondary</SimpleData>
		<SimpleData name="depth_cls">0.1-0.5 m</SimpleData>
		<SimpleData name="max_depth">0.49</SimpleData>
		<SimpleData name="length_m">39.9</SimpleData>
	</SchemaData></ExtendedData>
      <LineString><coordinates>79.0732958516963,14.2476812491285 79.0734567029193,14.2475923767457 79.0736173012522,14.247503057203</coordinates></LineString>
  </Placemark>
  <Placemark id="damage_d3d_roads.588">
	<Style><LineStyle><color>ff0000ff</color></LineStyle><PolyStyle><fill>0</fill></PolyStyle></Style>
	<ExtendedData><SchemaData schemaUrl="#damage_d3d_roads">
		<SimpleData name="osm_id">567442398</SimpleData>
		<SimpleData name="type">secondary</SimpleData>
		<SimpleData name="depth_cls">&gt;1.5 m</SimpleData>
		<SimpleData name="max_depth">3.84</SimpleData>
		<SimpleData name="length_m">419</SimpleData>
	</SchemaData></ExtendedData>
      <LineString><coordinates>79.0739381770239,14.2473238710066 79.0740985479249,14.2472341637683 79.0742589935097,14.247144584743 79.0744200528565,14.2470560588336 79.0745811120874,14.246967532799 79.0747421712024,14.2468790066392 79.0749010345784,14.2467868558063 79.0750582384028,14.2466919654544 79.0752154421041,14.2465970749816 79.0753756860361,14.2465072034726 79.0755367456582,14.2464186785913 79.0756978051645,14.2463301535846 79.0758588645548,14.2462416284528 79.0760199238293,14.2461531031958 79.0761809829879,14.2460645778136 79.076340369341,14.2459732411217 79.0764990721595,14.2458807557346 79.0766577748576,14.245788270225 79.0768112795559,14.245687902785 79.0769633708984,14.2455853922827 79.0771202517513,14.2454906358818 79.0772018,14.2453365</coordinates></LineString>
  </Placemark>
  <Placemark id="damage_d3d_roads.589">
	<Style><LineStyle><color>ff0000ff</color></LineStyle><PolyStyle><fill>0</fill></PolyStyle></Style>
	<ExtendedData><SchemaData schemaUrl="#damage_d3d_roads">
		<SimpleData name="osm_id">1450181321</SimpleData>
		<SimpleData name="type">secondary</SimpleData>
		<SimpleData name="depth_cls">&gt;1.5 m</SimpleData>
		<SimpleData name="max_depth">6.74</SimpleData>
		<SimpleData name="length_m">25.5</SimpleData>
	</SchemaData></ExtendedData>
      <LineString><coordinates>79.0415876,14.249345 79.0416560500296,14.2492512000138 79.0417245,14.2491574</coordinates></LineString>
  </Placemark>
  <Placemark id="damage_d3d_roads.590">
	<Style><LineStyle><color>ff0000ff</color></LineStyle><PolyStyle><fill>0</fill></PolyStyle></Style>
	<ExtendedData><SchemaData schemaUrl="#damage_d3d_roads">
		<SimpleData name="osm_id">1450165389</SimpleData>
		<SimpleData name="type">unclassified</SimpleData>
		<SimpleData name="depth_cls">0.1-0.5 m</SimpleData>
		<SimpleData name="max_depth">0.37</SimpleData>
		<SimpleData name="length_m">19.9</SimpleData>
	</SchemaData></ExtendedData>
      <LineString><coordinates>78.9977937542991,14.2397961334984 78.9976224155453,14.23972929293</coordinates></LineString>
  </Placemark>
  <Placemark id="damage_d3d_roads.591">
	<Style><LineStyle><color>ff0000ff</color></LineStyle><PolyStyle><fill>0</fill></PolyStyle></Style>
	<ExtendedData><SchemaData schemaUrl="#damage_d3d_roads">
		<SimpleData name="osm_id">1450165389</SimpleData>
		<SimpleData name="type">unclassified</SimpleData>
		<SimpleData name="depth_cls">0.5-1.5 m</SimpleData>
		<SimpleData name="max_depth">1.35</SimpleData>
		<SimpleData name="length_m">39.8</SimpleData>
	</SchemaData></ExtendedData>
      <LineString><coordinates>78.9976224155453,14.23972929293 78.9974501102509,14.239664728732 78.9972778050691,14.239600164422</coordinates></LineString>
  </Placemark>
  <Placemark id="damage_d3d_roads.592">
	<Style><LineStyle><color>ff0000ff</color></LineStyle><PolyStyle><fill>0</fill></PolyStyle></Style>
	<ExtendedData><SchemaData schemaUrl="#damage_d3d_roads">
		<SimpleData name="osm_id">1450165389</SimpleData>
		<SimpleData name="type">unclassified</SimpleData>
		<SimpleData name="depth_cls">&gt;1.5 m</SimpleData>
		<SimpleData name="max_depth">1.73</SimpleData>
		<SimpleData name="length_m">19.9</SimpleData>
	</SchemaData></ExtendedData>
      <LineString><coordinates>78.9972778050691,14.239600164422 78.9971055,14.2395356</coordinates></LineString>
  </Placemark>
  <Placemark id="damage_d3d_roads.593">
	<Style><LineStyle><color>ff0000ff</color></LineStyle><PolyStyle><fill>0</fill></PolyStyle></Style>
	<ExtendedData><SchemaData schemaUrl="#damage_d3d_roads">
		<SimpleData name="osm_id">1259299262</SimpleData>
		<SimpleData name="type">residential</SimpleData>
		<SimpleData name="depth_cls">0.1-0.5 m</SimpleData>
		<SimpleData name="max_depth">0.42</SimpleData>
		<SimpleData name="length_m">38.7</SimpleData>
	</SchemaData></ExtendedData>
      <LineString><coordinates>79.1060859785967,14.2421861922352 79.1059239291967,14.2422611637725 79.1057618797008,14.2423361351859</coordinates></LineString>
  </Placemark>
  <Placemark id="damage_d3d_roads.594">
	<Style><LineStyle><color>ff0000ff</color></LineStyle><PolyStyle><fill>0</fill></PolyStyle></Style>
	<ExtendedData><SchemaData schemaUrl="#damage_d3d_roads">
		<SimpleData name="osm_id">567442396</SimpleData>
		<SimpleData name="type">tertiary</SimpleData>
		<SimpleData name="depth_cls">0.5-1.5 m</SimpleData>
		<SimpleData name="max_depth">0.83</SimpleData>
		<SimpleData name="length_m">39.7</SimpleData>
	</SchemaData></ExtendedData>
      <LineString><coordinates>79.1102590139813,14.2405364847774 79.1103126482916,14.2407081145753 79.1103641738896,14.2408803519138</coordinates></LineString>
  </Placemark>
  <Placemark id="damage_d3d_roads.595">
	<Style><LineStyle><color>ff0000ff</color></LineStyle><PolyStyle><fill>0</fill></PolyStyle></Style>
	<ExtendedData><SchemaData schemaUrl="#damage_d3d_roads">
		<SimpleData name="osm_id">567442396</SimpleData>
		<SimpleData name="type">tertiary</SimpleData>
		<SimpleData name="depth_cls">&gt;1.5 m</SimpleData>
		<SimpleData name="max_depth">3.23</SimpleData>
		<SimpleData name="length_m">218.4</SimpleData>
	</SchemaData></ExtendedData>
      <LineString><coordinates>79.1103641738896,14.2408803519138 79.1104147500566,14.2410528628002 79.1104653262849,14.241225373683 79.1105334088681,14.2413918513457 79.1105940231277,14.2415609164802 79.1106277157288,14.2417368901652 79.1106337000006,14.2419159154206 79.1106268463012,14.2420952040539 79.1106373029646,14.2422741857257 79.1106637694432,14.242451148107 79.1107562009181,14.2426050901205 79.1108881389436,14.2427281917571</coordinates></LineString>
  </Placemark>
  <Placemark id="damage_d3d_roads.596">
	<Style><LineStyle><color>ff0000ff</color></LineStyle><PolyStyle><fill>0</fill></PolyStyle></Style>
	<ExtendedData><SchemaData schemaUrl="#damage_d3d_roads">
		<SimpleData name="osm_id">567442396</SimpleData>
		<SimpleData name="type">tertiary</SimpleData>
		<SimpleData name="depth_cls">0.5-1.5 m</SimpleData>
		<SimpleData name="max_depth">1.2</SimpleData>
		<SimpleData name="length_m">59.6</SimpleData>
	</SchemaData></ExtendedData>
      <LineString><coordinates>79.1108881389436,14.2427281917571 79.1110442249661,14.2428208058152 79.1112248622327,14.2428200667169 79.1114071239408,14.242795966269</coordinates></LineString>
  </Placemark>
  <Placemark id="damage_d3d_roads.597">
	<Style><LineStyle><color>ff0000ff</color></LineStyle><PolyStyle><fill>0</fill></PolyStyle></Style>
	<ExtendedData><SchemaData schemaUrl="#damage_d3d_roads">
		<SimpleData name="osm_id">567442396</SimpleData>
		<SimpleData name="type">tertiary</SimpleData>
		<SimpleData name="depth_cls">&gt;1.5 m</SimpleData>
		<SimpleData name="max_depth">3.13</SimpleData>
		<SimpleData name="length_m">79.4</SimpleData>
	</SchemaData></ExtendedData>
      <LineString><coordinates>79.1114071239408,14.242795966269 79.1115902403376,14.2427788887644 79.111773356725,14.2427618111157 79.1119568935202,14.2427506973657 79.1121406704759,14.2427429303628</coordinates></LineString>
  </Placemark>
  <Placemark id="damage_d3d_roads.598">
	<Style><LineStyle><color>ff0000ff</color></LineStyle><PolyStyle><fill>0</fill></PolyStyle></Style>
	<ExtendedData><SchemaData schemaUrl="#damage_d3d_roads">
		<SimpleData name="osm_id">567442396</SimpleData>
		<SimpleData name="type">tertiary</SimpleData>
		<SimpleData name="depth_cls">&gt;1.5 m</SimpleData>
		<SimpleData name="max_depth">2.19</SimpleData>
		<SimpleData name="length_m">158.8</SimpleData>
	</SchemaData></ExtendedData>
      <LineString><coordinates>79.1128176648639,14.2428047559311 79.1128841346063,14.2429684418578 79.1128761593254,14.2431476993486 79.1128423003226,14.2433236477495 79.1128009486127,14.2434984707516 79.1127573498772,14.2436727845342 79.1127137510584,14.2438470982982 79.1126717441401,14.2440217618589 79.1126474000012,14.2441988350966</coordinates></LineString>
  </Placemark>
  <Placemark id="damage_d3d_roads.599">
	<Style><LineStyle><color>ff0000ff</color></LineStyle><PolyStyle><fill>0</fill></PolyStyle></Style>
	<ExtendedData><SchemaData schemaUrl="#damage_d3d_roads">
		<SimpleData name="osm_id">567442396</SimpleData>
		<SimpleData name="type">tertiary</SimpleData>
		<SimpleData name="depth_cls">0.5-1.5 m</SimpleData>
		<SimpleData name="max_depth">1.37</SimpleData>
		<SimpleData name="length_m">99.3</SimpleData>
	</SchemaData></ExtendedData>
      <LineString><coordinates>79.1126474000012,14.2441988350966 79.1126927301966,14.2443652001122 79.1128493947912,14.2444510085222 79.1130269180908,14.2444979150051 79.1132057703212,14.2445398750669 79.1133846110166,14.2445818819682</coordinates></LineString>
  </Placemark>
  <Placemark id="damage_d3d_roads.600">
	<Style><LineStyle><color>ff0000ff</color></LineStyle><PolyStyle><fill>0</fill></PolyStyle></Style>
	<ExtendedData><SchemaData schemaUrl="#damage_d3d_roads">
		<SimpleData name="osm_id">567442396</SimpleData>
		<SimpleData name="type">tertiary</SimpleData>
		<SimpleData name="depth_cls">&gt;1.5 m</SimpleData>
		<SimpleData name="max_depth">2.15</SimpleData>
		<SimpleData name="length_m">59.6</SimpleData>
	</SchemaData></ExtendedData>
      <LineString><coordinates>79.1133846110166,14.2445818819682 79.1135634019785,14.2446240901297 79.1137421930233,14.2446662981653 79.113920984151,14.2447085060749</coordinates></LineString>
  </Placemark>
  <Placemark id="damage_d3d_roads.601">
	<Style><LineStyle><color>ff0000ff</color></LineStyle><PolyStyle><fill>0</fill></PolyStyle></Style>
	<ExtendedData><SchemaData schemaUrl="#damage_d3d_roads">
		<SimpleData name="osm_id">567442396</SimpleData>
		<SimpleData name="type">tertiary</SimpleData>
		<SimpleData name="depth_cls">0.5-1.5 m</SimpleData>
		<SimpleData name="max_depth">1.14</SimpleData>
		<SimpleData name="length_m">19.9</SimpleData>
	</SchemaData></ExtendedData>
      <LineString><coordinates>79.113920984151,14.2447085060749 79.1141006576455,14.2447469819697</coordinates></LineString>
  </Placemark>
  <Placemark id="damage_d3d_roads.602">
	<Style><LineStyle><color>ff0000ff</color></LineStyle><PolyStyle><fill>0</fill></PolyStyle></Style>
	<ExtendedData><SchemaData schemaUrl="#damage_d3d_roads">
		<SimpleData name="osm_id">567442396</SimpleData>
		<SimpleData name="type">tertiary</SimpleData>
		<SimpleData name="depth_cls">0.5-1.5 m</SimpleData>
		<SimpleData name="max_depth">1.45</SimpleData>
		<SimpleData name="length_m">99.3</SimpleData>
	</SchemaData></ExtendedData>
      <LineString><coordinates>79.1143150628385,14.2449301536333 79.1142120590043,14.2450788137052 79.1141074594435,14.2452263003896 79.1139569295538,14.245325203272 79.1137795803248,14.2453705077504 79.113606224578,14.2454259280845</coordinates></LineString>
  </Placemark>
  <Placemark id="damage_d3d_roads.603">
	<Style><LineStyle><color>ff0000ff</color></LineStyle><PolyStyle><fill>0</fill></PolyStyle></Style>
	<ExtendedData><SchemaData schemaUrl="#damage_d3d_roads">
		<SimpleData name="osm_id">567442396</SimpleData>
		<SimpleData name="type">tertiary</SimpleData>
		<SimpleData name="depth_cls">&gt;1.5 m</SimpleData>
		<SimpleData name="max_depth">2.79</SimpleData>
		<SimpleData name="length_m">278</SimpleData>
	</SchemaData></ExtendedData>
      <LineString><coordinates>79.113606224578,14.2454259280845 79.1135077622162,14.2455704768853 79.1134970418383,14.2457493139788 79.1134961223173,14.2459287268309 79.1135024007499,14.2461079915214 79.1135140041146,14.2462869821812 79.1135674452041,14.2464575852168 79.1136332747515,14.2466250210749 79.1136765250803,14.246799130748 79.1136959192385,14.2469775570058 79.1137246587225,14.2471547258796 79.1137793234719,14.2473255063973 79.1139031535715,14.2474527019399 79.11408407557,14.2474764261768 79.1142625319756,14.2475120011205</coordinates></LineString>
  </Placemark>
  <Placemark id="damage_d3d_roads.604">
	<Style><LineStyle><color>ff0000ff</color></LineStyle><PolyStyle><fill>0</fill></PolyStyle></Style>
	<ExtendedData><SchemaData schemaUrl="#damage_d3d_roads">
		<SimpleData name="osm_id">567442396</SimpleData>
		<SimpleData name="type">tertiary</SimpleData>
		<SimpleData name="depth_cls">0.5-1.5 m</SimpleData>
		<SimpleData name="max_depth">1.14</SimpleData>
		<SimpleData name="length_m">39.7</SimpleData>
	</SchemaData></ExtendedData>
      <LineString><coordinates>79.1142625319756,14.2475120011205 79.114341826884,14.2476696551674 79.1143805826295,14.2478450121225</coordinates></LineString>
  </Placemark>
  <Placemark id="damage_d3d_roads.605">
	<Style><LineStyle><color>ff0000ff</color></LineStyle><PolyStyle><fill>0</fill></PolyStyle></Style>
	<ExtendedData><SchemaData schemaUrl="#damage_d3d_roads">
		<SimpleData name="osm_id">567442396</SimpleData>
		<SimpleData name="type">tertiary</SimpleData>
		<SimpleData name="depth_cls">&gt;1.5 m</SimpleData>
		<SimpleData name="max_depth">2.73</SimpleData>
		<SimpleData name="length_m">59.6</SimpleData>
	</SchemaData></ExtendedData>
      <LineString><coordinates>79.1143805826295,14.2478450121225 79.1144177675982,14.2480207344189 79.114450578626,14.2481972213987 79.1144782813406,14.2483746014477</coordinates></LineString>
  </Placemark>
  <Placemark id="damage_d3d_roads.606">
	<Style><LineStyle><color>ff0000ff</color></LineStyle><PolyStyle><fill>0</fill></PolyStyle></Style>
	<ExtendedData><SchemaData schemaUrl="#damage_d3d_roads">
		<SimpleData name="osm_id">567442396</SimpleData>
		<SimpleData name="type">tertiary</SimpleData>
		<SimpleData name="depth_cls">0.5-1.5 m</SimpleData>
		<SimpleData name="max_depth">1.3</SimpleData>
		<SimpleData name="length_m">39.7</SimpleData>
	</SchemaData></ExtendedData>
      <LineString><coordinates>79.1144782813406,14.2483746014477 79.1145269496685,14.2485470549349 79.1146653772275,14.2486506010109</coordinates></LineString>
  </Placemark>
  <Placemark id="damage_d3d_roads.607">
	<Style><LineStyle><color>ff0000ff</color></LineStyle><PolyStyle><fill>0</fill></PolyStyle></Style>
	<ExtendedData><SchemaData schemaUrl="#damage_d3d_roads">
		<SimpleData name="osm_id">1163772972</SimpleData>
		<SimpleData name="type">residential</SimpleData>
		<SimpleData name="depth_cls">&gt;1.5 m</SimpleData>
		<SimpleData name="max_depth">1.83</SimpleData>
		<SimpleData name="length_m">18.4</SimpleData>
	</SchemaData></ExtendedData>
      <LineString><coordinates>79.0784548,14.2368849 79.0784871617638,14.2367216374274</coordinates></LineString>
  </Placemark>
  <Placemark id="damage_d3d_roads.608">
	<Style><LineStyle><color>ff0000ff</color></LineStyle><PolyStyle><fill>0</fill></PolyStyle></Style>
	<ExtendedData><SchemaData schemaUrl="#damage_d3d_roads">
		<SimpleData name="osm_id">1163772972</SimpleData>
		<SimpleData name="type">residential</SimpleData>
		<SimpleData name="depth_cls">0.5-1.5 m</SimpleData>
		<SimpleData name="max_depth">1.4</SimpleData>
		<SimpleData name="length_m">73.6</SimpleData>
	</SchemaData></ExtendedData>
      <LineString><coordinates>79.0784871617638,14.2367216374274 79.0785195234661,14.2365583748424 79.0785518851069,14.236395112245 79.0784287264885,14.2363498909449 79.07828127555,14.2363201487504</coordinates></LineString>
  </Placemark>
  <Placemark id="damage_d3d_roads.609">
	<Style><LineStyle><color>ff0000ff</color></LineStyle><PolyStyle><fill>0</fill></PolyStyle></Style>
	<ExtendedData><SchemaData schemaUrl="#damage_d3d_roads">
		<SimpleData name="osm_id">1163772973</SimpleData>
		<SimpleData name="type">residential</SimpleData>
		<SimpleData name="depth_cls">&gt;1.5 m</SimpleData>
		<SimpleData name="max_depth">1.83</SimpleData>
		<SimpleData name="length_m">11.3</SimpleData>
	</SchemaData></ExtendedData>
      <LineString><coordinates>79.0783536500098,14.236912800023 79.0784548,14.2368849</coordinates></LineString>
  </Placemark>
  <Placemark id="damage_d3d_roads.610">
	<Style><LineStyle><color>ff0000ff</color></LineStyle><PolyStyle><fill>0</fill></PolyStyle></Style>
	<ExtendedData><SchemaData schemaUrl="#damage_d3d_roads">
		<SimpleData name="osm_id">1163772969</SimpleData>
		<SimpleData name="type">residential</SimpleData>
		<SimpleData name="depth_cls">&gt;1.5 m</SimpleData>
		<SimpleData name="max_depth">2.07</SimpleData>
		<SimpleData name="length_m">30.3</SimpleData>
	</SchemaData></ExtendedData>
      <LineString><coordinates>79.078248,14.2374883 79.0782491250184,14.2373514000025 79.0782502500245,14.2372145000033</coordinates></LineString>
  </Placemark>
  <Placemark id="damage_d3d_roads.611">
	<Style><LineStyle><color>ff0000ff</color></LineStyle><PolyStyle><fill>0</fill></PolyStyle></Style>
	<ExtendedData><SchemaData schemaUrl="#damage_d3d_roads">
		<SimpleData name="osm_id">1163772969</SimpleData>
		<SimpleData name="type">residential</SimpleData>
		<SimpleData name="depth_cls">0.5-1.5 m</SimpleData>
		<SimpleData name="max_depth">1.02</SimpleData>
		<SimpleData name="length_m">30.3</SimpleData>
	</SchemaData></ExtendedData>
      <LineString><coordinates>79.0782502500245,14.2372145000033 79.0782513750184,14.2370776000025 79.0782525,14.2369407</coordinates></LineString>
  </Placemark>
  <Placemark id="damage_d3d_roads.612">
	<Style><LineStyle><color>ff0000ff</color></LineStyle><PolyStyle><fill>0</fill></PolyStyle></Style>
	<ExtendedData><SchemaData schemaUrl="#damage_d3d_roads">
		<SimpleData name="osm_id">1163772968</SimpleData>
		<SimpleData name="type">residential</SimpleData>
		<SimpleData name="depth_cls">&gt;1.5 m</SimpleData>
		<SimpleData name="max_depth">4.85</SimpleData>
		<SimpleData name="length_m">49</SimpleData>
	</SchemaData></ExtendedData>
      <LineString><coordinates>79.0781112,14.2375451 79.078245767123,14.237489873794 79.0783549532186,14.2373910866484 79.078395,14.2372497</coordinates></LineString>
  </Placemark>
  <Placemark id="damage_d3d_roads.613">
	<Style><LineStyle><color>ff0000ff</color></LineStyle><PolyStyle><fill>0</fill></PolyStyle></Style>
	<ExtendedData><SchemaData schemaUrl="#damage_d3d_roads">
		<SimpleData name="osm_id">1163773008</SimpleData>
		<SimpleData name="type">residential</SimpleData>
		<SimpleData name="depth_cls">&gt;1.5 m</SimpleData>
		<SimpleData name="max_depth">1.67</SimpleData>
		<SimpleData name="length_m">42.7</SimpleData>
	</SchemaData></ExtendedData>
      <LineString><coordinates>79.0777194,14.237724 79.0778493769138,14.2377044578892 79.0779811237654,14.2377025653198 79.0781129,14.2377025</coordinates></LineString>
  </Placemark>
  <Placemark id="damage_d3d_roads.614">
	<Style><LineStyle><color>ff0000ff</color></LineStyle><PolyStyle><fill>0</fill></PolyStyle></Style>
	<ExtendedData><SchemaData schemaUrl="#damage_d3d_roads">
		<SimpleData name="osm_id">1163773012</SimpleData>
		<SimpleData name="type">residential</SimpleData>
		<SimpleData name="depth_cls">&gt;1.5 m</SimpleData>
		<SimpleData name="max_depth">5.03</SimpleData>
		<SimpleData name="length_m">28</SimpleData>
	</SchemaData></ExtendedData>
      <LineString><coordinates>79.0780877,14.2381848 79.0781927695518,14.2382590357525 79.0783177,14.2382708</coordinates></LineString>
  </Placemark>
  <Placemark id="damage_d3d_roads.615">
	<Style><LineStyle><color>ff0000ff</color></LineStyle><PolyStyle><fill>0</fill></PolyStyle></Style>
	<ExtendedData><SchemaData schemaUrl="#damage_d3d_roads">
		<SimpleData name="osm_id">1163772988</SimpleData>
		<SimpleData name="type">residential</SimpleData>
		<SimpleData name="depth_cls">&gt;1.5 m</SimpleData>
		<SimpleData name="max_depth">2.25</SimpleData>
		<SimpleData name="length_m">23.6</SimpleData>
	</SchemaData></ExtendedData>
      <LineString><coordinates>79.0778629,14.238282 79.0779720499973,14.2382807000251 79.0780812,14.2382794</coordinates></LineString>
  </Placemark>
  <Placemark id="damage_d3d_roads.616">
	<Style><LineStyle><color>ff0000ff</color></LineStyle><PolyStyle><fill>0</fill></PolyStyle></Style>
	<ExtendedData><SchemaData schemaUrl="#damage_d3d_roads">
		<SimpleData name="osm_id">1450641205</SimpleData>
		<SimpleData name="type">residential</SimpleData>
		<SimpleData name="depth_cls">0.5-1.5 m</SimpleData>
		<SimpleData name="max_depth">1.47</SimpleData>
		<SimpleData name="length_m">19.8</SimpleData>
	</SchemaData></ExtendedData>
      <LineString><coordinates>79.0835359,14.2454557 79.0835527128548,14.2452771419441</coordinates></LineString>
  </Placemark>
  <Placemark id="damage_d3d_roads.617">
	<Style><LineStyle><color>ff0000ff</color></LineStyle><PolyStyle><fill>0</fill></PolyStyle></Style>
	<ExtendedData><SchemaData schemaUrl="#damage_d3d_roads">
		<SimpleData name="osm_id">1450641205</SimpleData>
		<SimpleData name="type">residential</SimpleData>
		<SimpleData name="depth_cls">0.5-1.5 m</SimpleData>
		<SimpleData name="max_depth">1.23</SimpleData>
		<SimpleData name="length_m">79.4</SimpleData>
	</SchemaData></ExtendedData>
      <LineString><coordinates>79.0852296324032,14.2388876186714 79.0853140876585,14.2387283525459 79.0853985427845,14.2385690863736 79.0854829977811,14.2384098201546 79.0855576024406,14.2382463319764</coordinates></LineString>
  </Placemark>
  <Placemark id="damage_d3d_roads.618">
	<Style><LineStyle><color>ff0000ff</color></LineStyle><PolyStyle><fill>0</fill></PolyStyle></Style>
	<ExtendedData><SchemaData schemaUrl="#damage_d3d_roads">
		<SimpleData name="osm_id">1450641205</SimpleData>
		<SimpleData name="type">residential</SimpleData>
		<SimpleData name="depth_cls">0.1-0.5 m</SimpleData>
		<SimpleData name="max_depth">0.23</SimpleData>
		<SimpleData name="length_m">19.8</SimpleData>
	</SchemaData></ExtendedData>
      <LineString><coordinates>79.0870586735875,14.2360276833585 79.0870866847281,14.2358504672708</coordinates></LineString>
  </Placemark>
  <Placemark id="damage_d3d_roads.619">
	<Style><LineStyle><color>ff0000ff</color></LineStyle><PolyStyle><fill>0</fill></PolyStyle></Style>
	<ExtendedData><SchemaData schemaUrl="#damage_d3d_roads">
		<SimpleData name="osm_id">1450641205</SimpleData>
		<SimpleData name="type">residential</SimpleData>
		<SimpleData name="depth_cls">0.5-1.5 m</SimpleData>
		<SimpleData name="max_depth">1.47</SimpleData>
		<SimpleData name="length_m">39.7</SimpleData>
	</SchemaData></ExtendedData>
      <LineString><coordinates>79.0870866847281,14.2358504672708 79.0871146958072,14.2356732511719 79.0871436458606,14.2354961788269</coordinates></LineString>
  </Placemark>
  <Placemark id="damage_d3d_roads.620">
	<Style><LineStyle><color>ff0000ff</color></LineStyle><PolyStyle><fill>0</fill></PolyStyle></Style>
	<ExtendedData><SchemaData schemaUrl="#damage_d3d_roads">
		<SimpleData name="osm_id">1163772987</SimpleData>
		<SimpleData name="type">residential</SimpleData>
		<SimpleData name="depth_cls">&gt;1.5 m</SimpleData>
		<SimpleData name="max_depth">2.09</SimpleData>
		<SimpleData name="length_m">31.9</SimpleData>
	</SchemaData></ExtendedData>
      <LineString><coordinates>79.0777571,14.2386447 79.0779035000071,14.2386246500466 79.0780499,14.2386046</coordinates></LineString>
  </Placemark>
  <Placemark id="damage_d3d_roads.621">
	<Style><LineStyle><color>ff0000ff</color></LineStyle><PolyStyle><fill>0</fill></PolyStyle></Style>
	<ExtendedData><SchemaData schemaUrl="#damage_d3d_roads">
		<SimpleData name="osm_id">1163772984</SimpleData>
		<SimpleData name="type">residential</SimpleData>
		<SimpleData name="depth_cls">&gt;1.5 m</SimpleData>
		<SimpleData name="max_depth">2.29</SimpleData>
		<SimpleData name="length_m">13</SimpleData>
	</SchemaData></ExtendedData>
      <LineString><coordinates>79.077469445855,14.239606898511 79.0775788,14.2396282</coordinates></LineString>
  </Placemark>
  <Placemark id="damage_d3d_roads.622">
	<Style><LineStyle><color>ff0000ff</color></LineStyle><PolyStyle><fill>0</fill></PolyStyle></Style>
	<ExtendedData><SchemaData schemaUrl="#damage_d3d_roads">
		<SimpleData name="osm_id">1163772982</SimpleData>
		<SimpleData name="type">residential</SimpleData>
		<SimpleData name="depth_cls">0.5-1.5 m</SimpleData>
		<SimpleData name="max_depth">1.1</SimpleData>
		<SimpleData name="length_m">17.3</SimpleData>
	</SchemaData></ExtendedData>
      <LineString><coordinates>79.0772342667678,14.2404262504592 79.0772961643544,14.2402820021021</coordinates></LineString>
  </Placemark>
  <Placemark id="damage_d3d_roads.623">
	<Style><LineStyle><color>ff0000ff</color></LineStyle><PolyStyle><fill>0</fill></PolyStyle></Style>
	<ExtendedData><SchemaData schemaUrl="#damage_d3d_roads">
		<SimpleData name="osm_id">565031796</SimpleData>
		<SimpleData name="type">secondary</SimpleData>
		<SimpleData name="depth_cls">0.5-1.5 m</SimpleData>
		<SimpleData name="max_depth">1.22</SimpleData>
		<SimpleData name="length_m">99.3</SimpleData>
	</SchemaData></ExtendedData>
      <LineString><coordinates>79.1451045051062,14.2246959105788 79.1450862987645,14.2248745525072 79.1450656409606,14.2250529516078 79.1450449831067,14.2252313507002 79.1450243252027,14.2254097497844 79.1450036672486,14.2255881488603</coordinates></LineString>
  </Placemark>
  <Placemark id="damage_d3d_roads.624">
	<Style><LineStyle><color>ff0000ff</color></LineStyle><PolyStyle><fill>0</fill></PolyStyle></Style>
	<ExtendedData><SchemaData schemaUrl="#damage_d3d_roads">
		<SimpleData name="osm_id">565031796</SimpleData>
		<SimpleData name="type">secondary</SimpleData>
		<SimpleData name="depth_cls">0.1-0.5 m</SimpleData>
		<SimpleData name="max_depth">0.28</SimpleData>
		<SimpleData name="length_m">59.6</SimpleData>
	</SchemaData></ExtendedData>
      <LineString><coordinates>79.1448780792993,14.2280921633055 79.1448844210352,14.2282715902237 79.1448907627629,14.2284510171405 79.1448891118334,14.2286305396946</coordinates></LineString>
  </Placemark>
  <Placemark id="damage_d3d_roads.625">
	<Style><LineStyle><color>ff0000ff</color></LineStyle><PolyStyle><fill>0</fill></PolyStyle></Style>
	<ExtendedData><SchemaData schemaUrl="#damage_d3d_roads">
		<SimpleData name="osm_id">565031796</SimpleData>
		<SimpleData name="type">secondary</SimpleData>
		<SimpleData name="depth_cls">0.1-0.5 m</SimpleData>
		<SimpleData name="max_depth">0.43</SimpleData>
		<SimpleData name="length_m">79.5</SimpleData>
	</SchemaData></ExtendedData>
      <LineString><coordinates>79.1450054668101,14.2304210963564 79.1450204190149,14.2306000364378 79.1450353760538,14.2307789761347 79.1450533046834,14.2309575192988 79.1450881651017,14.2311338030648</coordinates></LineString>
  </Placemark>
  <Placemark id="damage_d3d_roads.626">
	<Style><LineStyle><color>ff0000ff</color></LineStyle><PolyStyle><fill>0</fill></PolyStyle></Style>
	<ExtendedData><SchemaData schemaUrl="#damage_d3d_roads">
		<SimpleData name="osm_id">1450623089</SimpleData>
		<SimpleData name="type">residential</SimpleData>
		<SimpleData name="depth_cls">0.5-1.5 m</SimpleData>
		<SimpleData name="max_depth">0.74</SimpleData>
		<SimpleData name="length_m">39.3</SimpleData>
	</SchemaData></ExtendedData>
      <LineString><coordinates>79.1433589240311,14.2298624058369 79.1435260355283,14.2299251497132 79.1436864333354,14.2300087648995</coordinates></LineString>
  </Placemark>
  <Placemark id="damage_d3d_roads.627">
	<Style><LineStyle><color>ff0000ff</color></LineStyle><PolyStyle><fill>0</fill></PolyStyle></Style>
	<ExtendedData><SchemaData schemaUrl="#damage_d3d_roads">
		<SimpleData name="osm_id">1450623089</SimpleData>
		<SimpleData name="type">residential</SimpleData>
		<SimpleData name="depth_cls">0.1-0.5 m</SimpleData>
		<SimpleData name="max_depth">0.45</SimpleData>
		<SimpleData name="length_m">39.3</SimpleData>
	</SchemaData></ExtendedData>
      <LineString><coordinates>79.1438468312704,14.2300923799919 79.1440072293334,14.2301759949903 79.1441676275242,14.2302596098947</coordinates></LineString>
  </Placemark>
  <Placemark id="damage_d3d_roads.628">
	<Style><LineStyle><color>ff0000ff</color></LineStyle><PolyStyle><fill>0</fill></PolyStyle></Style>
	<ExtendedData><SchemaData schemaUrl="#damage_d3d_roads">
		<SimpleData name="osm_id">1450623089</SimpleData>
		<SimpleData name="type">residential</SimpleData>
		<SimpleData name="depth_cls">0.5-1.5 m</SimpleData>
		<SimpleData name="max_depth">0.59</SimpleData>
		<SimpleData name="length_m">19.6</SimpleData>
	</SchemaData></ExtendedData>
      <LineString><coordinates>79.1445022872826,14.2303958907774 79.1446741580867,14.230453893965</coordinates></LineString>
  </Placemark>
  <Placemark id="damage_d3d_roads.629">
	<Style><LineStyle><color>ff0000ff</color></LineStyle><PolyStyle><fill>0</fill></PolyStyle></Style>
	<ExtendedData><SchemaData schemaUrl="#damage_d3d_roads">
		<SimpleData name="osm_id">1450623097</SimpleData>
		<SimpleData name="type">secondary</SimpleData>
		<SimpleData name="depth_cls">&gt;1.5 m</SimpleData>
		<SimpleData name="max_depth">2.23</SimpleData>
		<SimpleData name="length_m">50</SimpleData>
	</SchemaData></ExtendedData>
      <LineString><coordinates>79.1582821,14.2337135 79.1584363999967,14.2337066667675 79.1585906999967,14.2336998334342 79.158745,14.233693</coordinates></LineString>
  </Placemark>
  <Placemark id="damage_d3d_roads.630">
	<Style><LineStyle><color>ff0000ff</color></LineStyle><PolyStyle><fill>0</fill></PolyStyle></Style>
	<ExtendedData><SchemaData schemaUrl="#damage_d3d_roads">
		<SimpleData name="osm_id">1450623096</SimpleData>
		<SimpleData name="type">secondary</SimpleData>
		<SimpleData name="depth_cls">&gt;1.5 m</SimpleData>
		<SimpleData name="max_depth">2.23</SimpleData>
		<SimpleData name="length_m">19.7</SimpleData>
	</SchemaData></ExtendedData>
      <LineString><coordinates>79.158745,14.233693 79.1589274367387,14.2336849155765</coordinates></LineString>
  </Placemark>
  <Placemark id="damage_d3d_roads.631">
	<Style><LineStyle><color>ff0000ff</color></LineStyle><PolyStyle><fill>0</fill></PolyStyle></Style>
	<ExtendedData><SchemaData schemaUrl="#damage_d3d_roads">
		<SimpleData name="osm_id">1450623096</SimpleData>
		<SimpleData name="type">secondary</SimpleData>
		<SimpleData name="depth_cls">0.5-1.5 m</SimpleData>
		<SimpleData name="max_depth">1.03</SimpleData>
		<SimpleData name="length_m">138</SimpleData>
	</SchemaData></ExtendedData>
      <LineString><coordinates>79.1589274367387,14.2336849155765 79.1591089800299,14.2336672170984 79.1592899332464,14.2336431692039 79.1594708864415,14.2336191211676 79.1596518396154,14.2335950729894 79.159832792768,14.2335710246693 79.1600137458993,14.2335469762074 79.1601946990093,14.2335229276037</coordinates></LineString>
  </Placemark>
  <Placemark id="damage_d3d_roads.632">
	<Style><LineStyle><color>ff0000ff</color></LineStyle><PolyStyle><fill>0</fill></PolyStyle></Style>
	<ExtendedData><SchemaData schemaUrl="#damage_d3d_roads">
		<SimpleData name="osm_id">1450623096</SimpleData>
		<SimpleData name="type">secondary</SimpleData>
		<SimpleData name="depth_cls">0.1-0.5 m</SimpleData>
		<SimpleData name="max_depth">0.41</SimpleData>
		<SimpleData name="length_m">98.6</SimpleData>
	</SchemaData></ExtendedData>
      <LineString><coordinates>79.1613088343958,14.234512823447 79.1614539380155,14.2346139438225 79.1616364337252,14.2346072184988 79.1618188673308,14.234599763156 79.1620000022067,14.2345770461224 79.1621811370634,14.2345543289469</coordinates></LineString>
  </Placemark>
  <Placemark id="damage_d3d_roads.633">
	<Style><LineStyle><color>ff0000ff</color></LineStyle><PolyStyle><fill>0</fill></PolyStyle></Style>
	<ExtendedData><SchemaData schemaUrl="#damage_d3d_roads">
		<SimpleData name="osm_id">1450623096</SimpleData>
		<SimpleData name="type">secondary</SimpleData>
		<SimpleData name="depth_cls">0.5-1.5 m</SimpleData>
		<SimpleData name="max_depth">0.52</SimpleData>
		<SimpleData name="length_m">39.4</SimpleData>
	</SchemaData></ExtendedData>
      <LineString><coordinates>79.1621811370634,14.2345543289469 79.1623622719009,14.2345316116295 79.1625437729995,14.2345123387707</coordinates></LineString>
  </Placemark>
  <Placemark id="damage_d3d_roads.634">
	<Style><LineStyle><color>ff0000ff</color></LineStyle><PolyStyle><fill>0</fill></PolyStyle></Style>
	<ExtendedData><SchemaData schemaUrl="#damage_d3d_roads">
		<SimpleData name="osm_id">1450623096</SimpleData>
		<SimpleData name="type">secondary</SimpleData>
		<SimpleData name="depth_cls">0.1-0.5 m</SimpleData>
		<SimpleData name="max_depth">0.46</SimpleData>
		<SimpleData name="length_m">59.1</SimpleData>
	</SchemaData></ExtendedData>
      <LineString><coordinates>79.1625437729995,14.2345123387707 79.1627258317624,14.2344983102878 79.1629078905201,14.2344842816634 79.1630901929819,14.2344745255527</coordinates></LineString>
  </Placemark>
  <Placemark id="damage_d3d_roads.635">
	<Style><LineStyle><color>ff0000ff</color></LineStyle><PolyStyle><fill>0</fill></PolyStyle></Style>
	<ExtendedData><SchemaData schemaUrl="#damage_d3d_roads">
		<SimpleData name="osm_id">1450623096</SimpleData>
		<SimpleData name="type">secondary</SimpleData>
		<SimpleData name="depth_cls">0.5-1.5 m</SimpleData>
		<SimpleData name="max_depth">0.89</SimpleData>
		<SimpleData name="length_m">177.4</SimpleData>
	</SchemaData></ExtendedData>
      <LineString><coordinates>79.1630901929819,14.2344745255527 79.1632727235069,14.2344687675687 79.1634552540403,14.234463009444 79.1636376969815,14.2344636149872 79.1638200032407,14.2344741516845 79.1640023095343,14.2344846882445 79.1641846158624,14.2344952246673 79.1643669222249,14.2345057609528 79.1645492828641,14.234515193349 79.1647317865581,14.2345217152636</coordinates></LineString>
  </Placemark>
  <Placemark id="damage_d3d_roads.636">
	<Style><LineStyle><color>ff0000ff</color></LineStyle><PolyStyle><fill>0</fill></PolyStyle></Style>
	<ExtendedData><SchemaData schemaUrl="#damage_d3d_roads">
		<SimpleData name="osm_id">1450623096</SimpleData>
		<SimpleData name="type">secondary</SimpleData>
		<SimpleData name="depth_cls">0.1-0.5 m</SimpleData>
		<SimpleData name="max_depth">0.25</SimpleData>
		<SimpleData name="length_m">19.7</SimpleData>
	</SchemaData></ExtendedData>
      <LineString><coordinates>79.1647317865581,14.2345217152636 79.1649142902803,14.23452823704</coordinates></LineString>
  </Placemark>
  <Placemark id="damage_d3d_roads.637">
	<Style><LineStyle><color>ff0000ff</color></LineStyle><PolyStyle><fill>0</fill></PolyStyle></Style>
	<ExtendedData><SchemaData schemaUrl="#damage_d3d_roads">
		<SimpleData name="osm_id">1450623096</SimpleData>
		<SimpleData name="type">secondary</SimpleData>
		<SimpleData name="depth_cls">0.1-0.5 m</SimpleData>
		<SimpleData name="max_depth">0.29</SimpleData>
		<SimpleData name="length_m">39.4</SimpleData>
	</SchemaData></ExtendedData>
      <LineString><coordinates>79.1658267204537,14.2345630563005 79.1660091880028,14.2345704821618 79.1661916555815,14.234577907885</coordinates></LineString>
  </Placemark>
  <Placemark id="damage_d3d_roads.638">
	<Style><LineStyle><color>ff0000ff</color></LineStyle><PolyStyle><fill>0</fill></PolyStyle></Style>
	<ExtendedData><SchemaData schemaUrl="#damage_d3d_roads">
		<SimpleData name="osm_id">1450511084</SimpleData>
		<SimpleData name="type">residential</SimpleData>
		<SimpleData name="depth_cls">0.1-0.5 m</SimpleData>
		<SimpleData name="max_depth">0.17</SimpleData>
		<SimpleData name="length_m">19.5</SimpleData>
	</SchemaData></ExtendedData>
      <LineString><coordinates>79.1613131,14.2345271 79.1611600553259,14.2346203131534</coordinates></LineString>
  </Placemark>
  <Placemark id="damage_d3d_roads.639">
	<Style><LineStyle><color>ff0000ff</color></LineStyle><PolyStyle><fill>0</fill></PolyStyle></Style>
	<ExtendedData><SchemaData schemaUrl="#damage_d3d_roads">
		<SimpleData name="osm_id">1450511084</SimpleData>
		<SimpleData name="type">residential</SimpleData>
		<SimpleData name="depth_cls">0.1-0.5 m</SimpleData>
		<SimpleData name="max_depth">0.34</SimpleData>
		<SimpleData name="length_m">38.9</SimpleData>
	</SchemaData></ExtendedData>
      <LineString><coordinates>79.1610320960232,14.2347294558674 79.1610066441316,14.2349036923757 79.1609739611029,14.2350757563916</coordinates></LineString>
  </Placemark>
  <Placemark id="damage_d3d_roads.640">
	<Style><LineStyle><color>ff0000ff</color></LineStyle><PolyStyle><fill>0</fill></PolyStyle></Style>
	<ExtendedData><SchemaData schemaUrl="#damage_d3d_roads">
		<SimpleData name="osm_id">1450511084</SimpleData>
		<SimpleData name="type">residential</SimpleData>
		<SimpleData name="depth_cls">0.5-1.5 m</SimpleData>
		<SimpleData name="max_depth">0.82</SimpleData>
		<SimpleData name="length_m">409</SimpleData>
	</SchemaData></ExtendedData>
      <LineString><coordinates>79.1609739611029,14.2350757563916 79.1608945022431,14.2352337672291 79.1608611638998,14.2354040245021 79.1608475495413,14.2355795191145 79.1608479642754,14.2357550890192 79.160859597977,14.235930719137 79.1608712316794,14.236106349254 79.1609098749142,14.2362769038465 79.1608854187436,14.2364512759774 79.1608599593405,14.236625495829 79.160828938748,14.2367988715607 79.160797918092,14.2369722472803 79.1607668973723,14.2371456229878 79.1607805466585,14.2373202185727 79.16080157409,14.237495015645 79.160822601537,14.237669812717 79.1608436289996,14.2378446097885 79.1606807663668,14.2379194126884 79.1606062497695,14.2380577975077 79.1606241973001,14.2382329209501 79.1606421448416,14.2384080443921 79.1606483938945,14.2385831154165</coordinates></LineString>
  </Placemark>
  <Placemark id="damage_d3d_roads.641">
	<Style><LineStyle><color>ff0000ff</color></LineStyle><PolyStyle><fill>0</fill></PolyStyle></Style>
	<ExtendedData><SchemaData schemaUrl="#damage_d3d_roads">
		<SimpleData name="osm_id">1450511084</SimpleData>
		<SimpleData name="type">residential</SimpleData>
		<SimpleData name="depth_cls">0.1-0.5 m</SimpleData>
		<SimpleData name="max_depth">0.48</SimpleData>
		<SimpleData name="length_m">77.9</SimpleData>
	</SchemaData></ExtendedData>
      <LineString><coordinates>79.1606483938945,14.2385831154165 79.1606287976633,14.2387580706314 79.1605608633989,14.2389070731524 79.1604279430423,14.2390243534229 79.1603533213371,14.2391797400971</coordinates></LineString>
  </Placemark>
  <Placemark id="damage_d3d_roads.642">
	<Style><LineStyle><color>ff0000ff</color></LineStyle><PolyStyle><fill>0</fill></PolyStyle></Style>
	<ExtendedData><SchemaData schemaUrl="#damage_d3d_roads">
		<SimpleData name="osm_id">1450511084</SimpleData>
		<SimpleData name="type">residential</SimpleData>
		<SimpleData name="depth_cls">0.1-0.5 m</SimpleData>
		<SimpleData name="max_depth">0.28</SimpleData>
		<SimpleData name="length_m">38.9</SimpleData>
	</SchemaData></ExtendedData>
      <LineString><coordinates>79.1603065339982,14.2397033642133 79.1603119170036,14.2398792821074 79.1603173,14.2400552</coordinates></LineString>
  </Placemark>
  <Placemark id="damage_d3d_roads.643">
	<Style><LineStyle><color>ff0000ff</color></LineStyle><PolyStyle><fill>0</fill></PolyStyle></Style>
	<ExtendedData><SchemaData schemaUrl="#damage_d3d_roads">
		<SimpleData name="osm_id">1450511083</SimpleData>
		<SimpleData name="type">residential</SimpleData>
		<SimpleData name="depth_cls">0.5-1.5 m</SimpleData>
		<SimpleData name="max_depth">0.89</SimpleData>
		<SimpleData name="length_m">19.5</SimpleData>
	</SchemaData></ExtendedData>
      <LineString><coordinates>79.1661204265684,14.2365221469083 79.1660600638355,14.2366884313552</coordinates></LineString>
  </Placemark>
  <Placemark id="damage_d3d_roads.644">
	<Style><LineStyle><color>ff0000ff</color></LineStyle><PolyStyle><fill>0</fill></PolyStyle></Style>
	<ExtendedData><SchemaData schemaUrl="#damage_d3d_roads">
		<SimpleData name="osm_id">1450511083</SimpleData>
		<SimpleData name="type">residential</SimpleData>
		<SimpleData name="depth_cls">0.1-0.5 m</SimpleData>
		<SimpleData name="max_depth">0.26</SimpleData>
		<SimpleData name="length_m">39</SimpleData>
	</SchemaData></ExtendedData>
      <LineString><coordinates>79.1659221692369,14.2377275647517 79.1658822095486,14.2378996055601 79.1658422497842,14.2380716463522</coordinates></LineString>
  </Placemark>
  <Placemark id="damage_d3d_roads.645">
	<Style><LineStyle><color>ff0000ff</color></LineStyle><PolyStyle><fill>0</fill></PolyStyle></Style>
	<ExtendedData><SchemaData schemaUrl="#damage_d3d_roads">
		<SimpleData name="osm_id">1450511083</SimpleData>
		<SimpleData name="type">residential</SimpleData>
		<SimpleData name="depth_cls">0.1-0.5 m</SimpleData>
		<SimpleData name="max_depth">0.13</SimpleData>
		<SimpleData name="length_m">19.5</SimpleData>
	</SchemaData></ExtendedData>
      <LineString><coordinates>79.1657623300269,14.2384157278875 79.165722370034,14.2385877686307</coordinates></LineString>
  </Placemark>
  <Placemark id="damage_d3d_roads.646">
	<Style><LineStyle><color>ff0000ff</color></LineStyle><PolyStyle><fill>0</fill></PolyStyle></Style>
	<ExtendedData><SchemaData schemaUrl="#damage_d3d_roads">
		<SimpleData name="osm_id">1450465884</SimpleData>
		<SimpleData name="type">unclassified</SimpleData>
		<SimpleData name="depth_cls">&gt;1.5 m</SimpleData>
		<SimpleData name="max_depth">4.81</SimpleData>
		<SimpleData name="length_m">2387.6</SimpleData>
	</SchemaData></ExtendedData>
      <LineString><coordinates>79.1570599,14.2646932 79.1572442698644,14.264692793189 79.1574286397462,14.2646923862352 79.1576130096453,14.2646919791385 79.1577973795618,14.2646915718991 79.1579817494957,14.2646911645169 79.158166119447,14.2646907569919 79.1583504894156,14.2646903493241 79.1585348594016,14.2646899415135 79.158719229405,14.2646895335601 79.1589035994257,14.2646891254639 79.1590879694638,14.264688717225 79.1592723395192,14.2646883088432 79.1594565520722,14.2646932980446 79.1596405998797,14.264703933477 79.1598246477223,14.2647145687693 79.1600086956002,14.2647252039215 79.1601927435132,14.2647358389335 79.1603767914613,14.2647464738053 79.1605608394447,14.264757108537 79.1607448982013,14.2647675629196 79.1609289703302,14.2647777933251 79.1611130424937,14.2647880235903 79.1612971146917,14.2647982537152 79.1614811869242,14.2648084836998 79.1616652591913,14.2648187135442 79.1618468787894,14.2647946600898 79.1620277107681,14.2647595978078 79.1622091282283,14.2647481792543 79.1623914849192,14.2647746863964 79.16257384167,14.2648011934039 79.1627561984806,14.2648277002768 79.1629385553512,14.2648542070152 79.1631209122816,14.2648807136191 79.1633032692719,14.2649072200883 79.163485626322,14.2649337264231 79.1636679834321,14.2649602326232 79.163850340602,14.2649867386888 79.1640326978317,14.2650132446198 79.1642150551213,14.2650397504163 79.1643975710291,14.2650651935302 79.1645801099308,14.2650904828093 79.1647626488905,14.2651157719534 79.1649451879082,14.2651410609623 79.1651253512645,14.265173086146 79.1652852176729,14.2652626631375 79.1654450842167,14.2653522400363 79.1656049508959,14.2654418168422 79.1657648177107,14.2655313935553 79.1659235202915,14.2656227578884 79.1660746006353,14.2657258251417 79.1662256811226,14.2658288923147 79.1663767617536,14.2659319594075 79.1665278425283,14.26603502642 79.1666789234465,14.2661380933523 79.1668300045084,14.2662411602044 79.1669984601508,14.2663104666595 79.1671734730325,14.2663670318202 79.1673484414587,14.2664237267285 79.1675231138076,14.266481284759 79.1676977862595,14.2665388426718 79.167863075053,14.2666166613051 79.1680228278081,14.2667064331933 79.1681825806988,14.2667962049889 79.1683423337251,14.2668859766918 79.1685095380176,14.2669585806506 79.1686868254802,14.2670079527795 79.1688641130353,14.2670573247855 79.1690414006829,14.2671066966686 79.169218688423,14.2671560684288 79.1693959762556,14.2672054400659 79.1695720732581,14.2672583439165 79.1697448074209,14.2673212223068 79.1699175416931,14.2673841005831 79.1700902760748,14.2674469787451 79.1702630105659,14.2675098567931 79.1704357451664,14.2675727347268 79.1706084798763,14.2676356125464 79.1707806564851,14.2676996675698 79.170941653629,14.2677873012756 79.1711026509068,14.2678749348867 79.1712636483186,14.2679625684033 79.1714246458644,14.2680502018253 79.1715852966676,14.2681383780735 79.171729440176,14.2682481553193 79.1718402144778,14.2683898831429 79.1720211736548,14.2684243349673 79.1722021329035,14.2684587866606 79.1723830922238,14.2684932382229 79.1725639924837,14.2685279813701 79.1727447806077,14.268563277945 79.1729255688045,14.2685985743893 79.1731063570741,14.2686338707029 79.1732871454166,14.2686691668859 79.173467933832,14.2687044629382 79.1736487223202,14.2687397588599 79.1738295108812,14.2687750546509 79.1740102995151,14.2688103503113 79.1741910882219,14.2688456458411 79.174373407056,14.2688723808392 79.1745557776741,14.2688988263152 79.1747381483519,14.2689252716567 79.1749124648861,14.2689813316925 79.1750843002206,14.269046515227 79.1752613745088,14.2690933495895 79.1754430232145,14.2691241621811 79.1756246719865,14.2691549746399 79.1758063208246,14.2691857869659 79.175982596766,14.2692358798356 79.1761552479344,14.269298980311 79.1763278992125,14.2693620806723 79.1765005506002,14.2694251809196 79.1766732020976,14.2694882810528 79.1768458537046,14.269551381072 79.1770185054213,14.2696144809771 79.1771993370734,14.2696436764082 79.1773827239159,14.2696622809855 79.1775661108061,14.2696808854252 79.1777494977438,14.2696994897272 79.1779327751804,14.2696939213487 79.1781159863749,14.2696737368978</coordinates></LineString>
  </Placemark>
  <Placemark id="damage_d3d_roads.647">
	<Style><LineStyle><color>ff0000ff</color></LineStyle><PolyStyle><fill>0</fill></PolyStyle></Style>
	<ExtendedData><SchemaData schemaUrl="#damage_d3d_roads">
		<SimpleData name="osm_id">1450465884</SimpleData>
		<SimpleData name="type">unclassified</SimpleData>
		<SimpleData name="depth_cls">&gt;1.5 m</SimpleData>
		<SimpleData name="max_depth">5.03</SimpleData>
		<SimpleData name="length_m">577</SimpleData>
	</SchemaData></ExtendedData>
      <LineString><coordinates>79.1797363189588,14.2697616618475 79.1799161102931,14.2697218084643 79.1800933753471,14.2697439894714 79.180269359594,14.2697976238376 79.1804453439389,14.2698512580834 79.1806213283818,14.2699048922087 79.1807973129227,14.2699585262137 79.1809732975616,14.2700121600983 79.1811406899961,14.2700861710959 79.1813044490648,14.2701687990635 79.1814682082634,14.2702514269322 79.1816319675917,14.2703340547018 79.1817959882511,14.2704160901957 79.1819701121758,14.2704752204434 79.1821442362055,14.2705343505744 79.18231836034,14.2705934805885 79.1824924845795,14.2706526104857 79.1826666089237,14.2707117402661 79.1828407333729,14.2707708699297 79.1830146306051,14.2708306309203 79.1831884382461,14.2708906409506 79.1833622459931,14.2709506508647 79.1835360538459,14.2710106606625 79.1837098618048,14.2710706703441 79.1838854834358,14.271124000061 79.1840669666135,14.2711557403136 79.1842484498588,14.2711874804338 79.1844299331717,14.2712192204216 79.1846114165521,14.271250960277 79.1847929,14.2712827</coordinates></LineString>
  </Placemark>
  <Placemark id="damage_d3d_roads.648">
	<Style><LineStyle><color>ff0000ff</color></LineStyle><PolyStyle><fill>0</fill></PolyStyle></Style>
	<ExtendedData><SchemaData schemaUrl="#damage_d3d_roads">
		<SimpleData name="osm_id">1259304005</SimpleData>
		<SimpleData name="type">residential</SimpleData>
		<SimpleData name="depth_cls">&gt;1.5 m</SimpleData>
		<SimpleData name="max_depth">3.06</SimpleData>
		<SimpleData name="length_m">139.3</SimpleData>
	</SchemaData></ExtendedData>
      <LineString><coordinates>79.1595894,14.2698992 79.1595581579467,14.2697220020764 79.1595269159253,14.2695448041522 79.1594956739358,14.2693676062272 79.1594644319782,14.2691904083014 79.1594331900524,14.269013210375 79.1594019481586,14.2688360124478 79.1593707062967,14.2686588145199</coordinates></LineString>
  </Placemark>
  <Placemark id="damage_d3d_roads.649">
	<Style><LineStyle><color>ff0000ff</color></LineStyle><PolyStyle><fill>0</fill></PolyStyle></Style>
	<ExtendedData><SchemaData schemaUrl="#damage_d3d_roads">
		<SimpleData name="osm_id">1259304005</SimpleData>
		<SimpleData name="type">residential</SimpleData>
		<SimpleData name="depth_cls">0.5-1.5 m</SimpleData>
		<SimpleData name="max_depth">1.37</SimpleData>
		<SimpleData name="length_m">59.7</SimpleData>
	</SchemaData></ExtendedData>
      <LineString><coordinates>79.1593707062967,14.2686588145199 79.1593394644668,14.2684816165913 79.1593082226686,14.268304418662 79.15918031431,14.2682185581479</coordinates></LineString>
  </Placemark>
  <Placemark id="damage_d3d_roads.650">
	<Style><LineStyle><color>ff0000ff</color></LineStyle><PolyStyle><fill>0</fill></PolyStyle></Style>
	<ExtendedData><SchemaData schemaUrl="#damage_d3d_roads">
		<SimpleData name="osm_id">1259304005</SimpleData>
		<SimpleData name="type">residential</SimpleData>
		<SimpleData name="depth_cls">0.1-0.5 m</SimpleData>
		<SimpleData name="max_depth">0.43</SimpleData>
		<SimpleData name="length_m">39.8</SimpleData>
	</SchemaData></ExtendedData>
      <LineString><coordinates>79.15918031431,14.2682185581479 79.1589997071639,14.2681824911218 79.1588191000918,14.2681464239654</coordinates></LineString>
  </Placemark>
  <Placemark id="damage_d3d_roads.651">
	<Style><LineStyle><color>ff0000ff</color></LineStyle><PolyStyle><fill>0</fill></PolyStyle></Style>
	<ExtendedData><SchemaData schemaUrl="#damage_d3d_roads">
		<SimpleData name="osm_id">1259304005</SimpleData>
		<SimpleData name="type">residential</SimpleData>
		<SimpleData name="depth_cls">&gt;1.5 m</SimpleData>
		<SimpleData name="max_depth">1.55</SimpleData>
		<SimpleData name="length_m">19.9</SimpleData>
	</SchemaData></ExtendedData>
      <LineString><coordinates>79.1588191000918,14.2681464239654 79.1586384930938,14.2681103566789</coordinates></LineString>
  </Placemark>
  <Placemark id="damage_d3d_roads.652">
	<Style><LineStyle><color>ff0000ff</color></LineStyle><PolyStyle><fill>0</fill></PolyStyle></Style>
	<ExtendedData><SchemaData schemaUrl="#damage_d3d_roads">
		<SimpleData name="osm_id">1259304005</SimpleData>
		<SimpleData name="type">residential</SimpleData>
		<SimpleData name="depth_cls">0.5-1.5 m</SimpleData>
		<SimpleData name="max_depth">1.43</SimpleData>
		<SimpleData name="length_m">59.7</SimpleData>
	</SchemaData></ExtendedData>
      <LineString><coordinates>79.157741371363,14.268569579857 79.1577535169546,14.2687489876048 79.1577656625476,14.2689283953517 79.1577523473425,14.2691072917895</coordinates></LineString>
  </Placemark>
  <Placemark id="damage_d3d_roads.653">
	<Style><LineStyle><color>ff0000ff</color></LineStyle><PolyStyle><fill>0</fill></PolyStyle></Style>
	<ExtendedData><SchemaData schemaUrl="#damage_d3d_roads">
		<SimpleData name="osm_id">1259304005</SimpleData>
		<SimpleData name="type">residential</SimpleData>
		<SimpleData name="depth_cls">&gt;1.5 m</SimpleData>
		<SimpleData name="max_depth">3.44</SimpleData>
		<SimpleData name="length_m">119.4</SimpleData>
	</SchemaData></ExtendedData>
      <LineString><coordinates>79.1577523473425,14.2691072917895 79.1577326395739,14.2692860598443 79.1577129317566,14.2694648278913 79.1576932238905,14.2696435959303 79.1576735159758,14.2698223639615 79.1576538080122,14.2700011319847 79.1576341,14.2701799</coordinates></LineString>
  </Placemark>
  <Placemark id="damage_d3d_roads.654">
	<Style><LineStyle><color>ff0000ff</color></LineStyle><PolyStyle><fill>0</fill></PolyStyle></Style>
	<ExtendedData><SchemaData schemaUrl="#damage_d3d_roads">
		<SimpleData name="osm_id">1450511086</SimpleData>
		<SimpleData name="type">unclassified</SimpleData>
		<SimpleData name="depth_cls">0.1-0.5 m</SimpleData>
		<SimpleData name="max_depth">0.32</SimpleData>
		<SimpleData name="length_m">58.8</SimpleData>
	</SchemaData></ExtendedData>
      <LineString><coordinates>79.1668694386934,14.2728179931985 79.166841643167,14.2726428314688 79.1668121464775,14.2724679397285 79.166816548132,14.272294131651</coordinates></LineString>
  </Placemark>
  <Placemark id="damage_d3d_roads.655">
	<Style><LineStyle><color>ff0000ff</color></LineStyle><PolyStyle><fill>0</fill></PolyStyle></Style>
	<ExtendedData><SchemaData schemaUrl="#damage_d3d_roads">
		<SimpleData name="osm_id">1450511086</SimpleData>
		<SimpleData name="type">unclassified</SimpleData>
		<SimpleData name="depth_cls">0.1-0.5 m</SimpleData>
		<SimpleData name="max_depth">0.44</SimpleData>
		<SimpleData name="length_m">39.2</SimpleData>
	</SchemaData></ExtendedData>
      <LineString><coordinates>79.1669129703208,14.2719549536735 79.167010390124,14.2718053226433 79.1670865895873,14.2716507749429</coordinates></LineString>
  </Placemark>
  <Placemark id="damage_d3d_roads.656">
	<Style><LineStyle><color>ff0000ff</color></LineStyle><PolyStyle><fill>0</fill></PolyStyle></Style>
	<ExtendedData><SchemaData schemaUrl="#damage_d3d_roads">
		<SimpleData name="osm_id">1450511086</SimpleData>
		<SimpleData name="type">unclassified</SimpleData>
		<SimpleData name="depth_cls">&gt;1.5 m</SimpleData>
		<SimpleData name="max_depth">3.01</SimpleData>
		<SimpleData name="length_m">666.8</SimpleData>
	</SchemaData></ExtendedData>
      <LineString><coordinates>79.1670865895873,14.2716507749429 79.1670685827326,14.2714744001063 79.1670201493955,14.2713039138253 79.1669677366048,14.2711341977109 79.1669153238782,14.270964481592 79.166797698271,14.2708519933054 79.166630158628,14.2707833072535 79.1664626190989,14.2707146210956 79.1662950796836,14.2706459348315 79.1661275403821,14.2705772484613 79.1659600011944,14.2705085619849 79.1657924621206,14.2704398754025 79.1656251341029,14.2703707020094 79.1654578749054,14.2703013699864 79.1652906158224,14.2702320378578 79.1651233568539,14.2701627056236 79.164956098,14.2700933732837 79.1647888392606,14.2700240408382 79.1646215806357,14.2699547082871 79.1644543221253,14.2698853756304 79.1642870637295,14.2698160428681 79.1641198054482,14.2697467100002 79.1639525472814,14.2696773770266 79.1637852892291,14.2696080439475 79.1636180312913,14.2695387107627 79.1634465089222,14.269497457752 79.1632658250975,14.2695165292256 79.1630986156119,14.2695174349821 79.1630606502876,14.2693440989529 79.163001116227,14.2691836916973 79.1628596936935,14.269072370118 79.1626987877153,14.2689946067078 79.1625648247846,14.2688880097486 79.1625251556642,14.2687160508397 79.1624905764202,14.2685420422073</coordinates></LineString>
  </Placemark>
  <Placemark id="damage_d3d_roads.657">
	<Style><LineStyle><color>ff0000ff</color></LineStyle><PolyStyle><fill>0</fill></PolyStyle></Style>
	<ExtendedData><SchemaData schemaUrl="#damage_d3d_roads">
		<SimpleData name="osm_id">1450511086</SimpleData>
		<SimpleData name="type">unclassified</SimpleData>
		<SimpleData name="depth_cls">0.1-0.5 m</SimpleData>
		<SimpleData name="max_depth">0.39</SimpleData>
		<SimpleData name="length_m">58.8</SimpleData>
	</SchemaData></ExtendedData>
      <LineString><coordinates>79.1623905437536,14.2683968753081 79.1622795080689,14.2682565568544 79.1621859552313,14.2681058628607 79.1621092,14.2679452</coordinates></LineString>
  </Placemark>
  <Placemark id="damage_d3d_roads.658">
	<Style><LineStyle><color>ff0000ff</color></LineStyle><PolyStyle><fill>0</fill></PolyStyle></Style>
	<ExtendedData><SchemaData schemaUrl="#damage_d3d_roads">
		<SimpleData name="osm_id">1185682236</SimpleData>
		<SimpleData name="type">secondary</SimpleData>
		<SimpleData name="depth_cls">0.5-1.5 m</SimpleData>
		<SimpleData name="max_depth">0.8</SimpleData>
		<SimpleData name="length_m">59.9</SimpleData>
	</SchemaData></ExtendedData>
      <LineString><coordinates>79.1524254341759,14.234185205048 79.1526009855499,14.2341305799544 79.1527831439317,14.2341260403567 79.1529630518642,14.2341674470417</coordinates></LineString>
  </Placemark>
  <Placemark id="damage_d3d_roads.659">
	<Style><LineStyle><color>ff0000ff</color></LineStyle><PolyStyle><fill>0</fill></PolyStyle></Style>
	<ExtendedData><SchemaData schemaUrl="#damage_d3d_roads">
		<SimpleData name="osm_id">1185682236</SimpleData>
		<SimpleData name="type">secondary</SimpleData>
		<SimpleData name="depth_cls">0.1-0.5 m</SimpleData>
		<SimpleData name="max_depth">0.39</SimpleData>
		<SimpleData name="length_m">20</SimpleData>
	</SchemaData></ExtendedData>
      <LineString><coordinates>79.1529630518642,14.2341674470417 79.1531461036171,14.2341940777051</coordinates></LineString>
  </Placemark>
  <Placemark id="damage_d3d_roads.660">
	<Style><LineStyle><color>ff0000ff</color></LineStyle><PolyStyle><fill>0</fill></PolyStyle></Style>
	<ExtendedData><SchemaData schemaUrl="#damage_d3d_roads">
		<SimpleData name="osm_id">1185682236</SimpleData>
		<SimpleData name="type">secondary</SimpleData>
		<SimpleData name="depth_cls">0.5-1.5 m</SimpleData>
		<SimpleData name="max_depth">1.48</SimpleData>
		<SimpleData name="length_m">499.4</SimpleData>
	</SchemaData></ExtendedData>
      <LineString><coordinates>79.1531461036171,14.2341940777051 79.1533294676703,14.2342007721516 79.1535132680424,14.2341796084743 79.153697068398,14.2341584446512 79.153880868737,14.2341372806824 79.1540646690595,14.2341161165679 79.1542484517058,14.234094807385 79.1544322168929,14.2340733549179 79.1546159820629,14.2340519023051 79.1548004989735,14.2340382329396 79.1549851382093,14.2340258299666 79.155169777443,14.2340134268484 79.1553528625653,14.2339885961186 79.1555351442487,14.2339573407502 79.1557160516958,14.2339466108384 79.1558938620593,14.2339898875017 79.1560783259269,14.2339752094355 79.1562619526784,14.2339530956749 79.1564452860066,14.233928375644 79.1566286193123,14.2339036554674 79.1568119525956,14.2338789351452 79.1569952858566,14.2338542146772 79.1571786190951,14.2338294940635 79.1573619523112,14.2338047733041 79.1575452855048,14.233780052399 79.1577289828807,14.2337582705003</coordinates></LineString>
  </Placemark>
  <Placemark id="damage_d3d_roads.661">
	<Style><LineStyle><color>ff0000ff</color></LineStyle><PolyStyle><fill>0</fill></PolyStyle></Style>
	<ExtendedData><SchemaData schemaUrl="#damage_d3d_roads">
		<SimpleData name="osm_id">1185682236</SimpleData>
		<SimpleData name="type">secondary</SimpleData>
		<SimpleData name="depth_cls">&gt;1.5 m</SimpleData>
		<SimpleData name="max_depth">1.71</SimpleData>
		<SimpleData name="length_m">40</SimpleData>
	</SchemaData></ExtendedData>
      <LineString><coordinates>79.1577289828807,14.2337582705003 79.157913074635,14.2337396712324 79.1580972145224,14.2337217024708</coordinates></LineString>
  </Placemark>
  <Placemark id="damage_d3d_roads.662">
	<Style><LineStyle><color>ff0000ff</color></LineStyle><PolyStyle><fill>0</fill></PolyStyle></Style>
	<ExtendedData><SchemaData schemaUrl="#damage_d3d_roads">
		<SimpleData name="osm_id">1185682236</SimpleData>
		<SimpleData name="type">secondary</SimpleData>
		<SimpleData name="depth_cls">0.5-1.5 m</SimpleData>
		<SimpleData name="max_depth">1.38</SimpleData>
		<SimpleData name="length_m">20</SimpleData>
	</SchemaData></ExtendedData>
      <LineString><coordinates>79.1580972145224,14.2337217024708 79.1582821,14.2337135</coordinates></LineString>
  </Placemark>
  <Placemark id="damage_d3d_roads.663">
	<Style><LineStyle><color>ff0000ff</color></LineStyle><PolyStyle><fill>0</fill></PolyStyle></Style>
	<ExtendedData><SchemaData schemaUrl="#damage_d3d_roads">
		<SimpleData name="osm_id">1234958671</SimpleData>
		<SimpleData name="type">unclassified</SimpleData>
		<SimpleData name="depth_cls">0.5-1.5 m</SimpleData>
		<SimpleData name="max_depth">1.35</SimpleData>
		<SimpleData name="length_m">19.8</SimpleData>
	</SchemaData></ExtendedData>
      <LineString><coordinates>79.1564195596468,14.2468580779453 79.1563709971878,14.2466855012201</coordinates></LineString>
  </Placemark>
  <Placemark id="damage_d3d_roads.664">
	<Style><LineStyle><color>ff0000ff</color></LineStyle><PolyStyle><fill>0</fill></PolyStyle></Style>
	<ExtendedData><SchemaData schemaUrl="#damage_d3d_roads">
		<SimpleData name="osm_id">1234958671</SimpleData>
		<SimpleData name="type">unclassified</SimpleData>
		<SimpleData name="depth_cls">&gt;1.5 m</SimpleData>
		<SimpleData name="max_depth">1.88</SimpleData>
		<SimpleData name="length_m">79.2</SimpleData>
	</SchemaData></ExtendedData>
      <LineString><coordinates>79.1563709971878,14.2466855012201 79.1563198997664,14.2465137510662 79.1562522960494,14.2463473830094 79.1561846924185,14.246181014943 79.1561170888737,14.2460146468673</coordinates></LineString>
  </Placemark>
  <Placemark id="damage_d3d_roads.665">
	<Style><LineStyle><color>ff0000ff</color></LineStyle><PolyStyle><fill>0</fill></PolyStyle></Style>
	<ExtendedData><SchemaData schemaUrl="#damage_d3d_roads">
		<SimpleData name="osm_id">1234958671</SimpleData>
		<SimpleData name="type">unclassified</SimpleData>
		<SimpleData name="depth_cls">0.5-1.5 m</SimpleData>
		<SimpleData name="max_depth">1.22</SimpleData>
		<SimpleData name="length_m">19.8</SimpleData>
	</SchemaData></ExtendedData>
      <LineString><coordinates>79.1561170888737,14.2460146468673 79.1560864761969,14.2458395433481</coordinates></LineString>
  </Placemark>
  <Placemark id="damage_d3d_roads.666">
	<Style><LineStyle><color>ff0000ff</color></LineStyle><PolyStyle><fill>0</fill></PolyStyle></Style>
	<ExtendedData><SchemaData schemaUrl="#damage_d3d_roads">
		<SimpleData name="osm_id">1234958671</SimpleData>
		<SimpleData name="type">unclassified</SimpleData>
		<SimpleData name="depth_cls">&gt;1.5 m</SimpleData>
		<SimpleData name="max_depth">1.78</SimpleData>
		<SimpleData name="length_m">79.2</SimpleData>
	</SchemaData></ExtendedData>
      <LineString><coordinates>79.1560864761969,14.2458395433481 79.1560685741401,14.2456614381981 79.1559906045591,14.2455028359665 79.1558954956307,14.2453497986063 79.1558003868223,14.2451967612217</coordinates></LineString>
  </Placemark>
  <Placemark id="damage_d3d_roads.667">
	<Style><LineStyle><color>ff0000ff</color></LineStyle><PolyStyle><fill>0</fill></PolyStyle></Style>
	<ExtendedData><SchemaData schemaUrl="#damage_d3d_roads">
		<SimpleData name="osm_id">1234958671</SimpleData>
		<SimpleData name="type">unclassified</SimpleData>
		<SimpleData name="depth_cls">0.1-0.5 m</SimpleData>
		<SimpleData name="max_depth">0.22</SimpleData>
		<SimpleData name="length_m">79.2</SimpleData>
	</SchemaData></ExtendedData>
      <LineString><coordinates>79.1520249029341,14.2401754984673 79.1518414952445,14.2401801709561 79.1516580875652,14.2401848433029 79.1514746798962,14.2401895155078 79.1513470453615,14.2402754258856</coordinates></LineString>
  </Placemark>
  <Placemark id="damage_d3d_roads.668">
	<Style><LineStyle><color>ff0000ff</color></LineStyle><PolyStyle><fill>0</fill></PolyStyle></Style>
	<ExtendedData><SchemaData schemaUrl="#damage_d3d_roads">
		<SimpleData name="osm_id">1234958671</SimpleData>
		<SimpleData name="type">unclassified</SimpleData>
		<SimpleData name="depth_cls">0.1-0.5 m</SimpleData>
		<SimpleData name="max_depth">0.21</SimpleData>
		<SimpleData name="length_m">59.4</SimpleData>
	</SchemaData></ExtendedData>
      <LineString><coordinates>79.1511985048413,14.2406027061442 79.1510990635151,14.2407394192258 79.1509251716457,14.2407964875524 79.1507512797031,14.2408535557415</coordinates></LineString>
  </Placemark>
  <Placemark id="damage_d3d_roads.669">
	<Style><LineStyle><color>ff0000ff</color></LineStyle><PolyStyle><fill>0</fill></PolyStyle></Style>
	<ExtendedData><SchemaData schemaUrl="#damage_d3d_roads">
		<SimpleData name="osm_id">1234958671</SimpleData>
		<SimpleData name="type">unclassified</SimpleData>
		<SimpleData name="depth_cls">0.1-0.5 m</SimpleData>
		<SimpleData name="max_depth">0.31</SimpleData>
		<SimpleData name="length_m">79.2</SimpleData>
	</SchemaData></ExtendedData>
      <LineString><coordinates>79.1505773876874,14.2409106237929 79.1504034955985,14.2409676917068 79.1502296034364,14.2410247594831 79.1500557112012,14.2410818271218 79.1498818188928,14.2411388946229</coordinates></LineString>
  </Placemark>
  <Placemark id="damage_d3d_roads.670">
	<Style><LineStyle><color>ff0000ff</color></LineStyle><PolyStyle><fill>0</fill></PolyStyle></Style>
	<ExtendedData><SchemaData schemaUrl="#damage_d3d_roads">
		<SimpleData name="osm_id">22831899</SimpleData>
		<SimpleData name="type">trunk</SimpleData>
		<SimpleData name="depth_cls">0.1-0.5 m</SimpleData>
		<SimpleData name="max_depth">0.26</SimpleData>
		<SimpleData name="length_m">20</SimpleData>
	</SchemaData></ExtendedData>
      <LineString><coordinates>79.1469572568044,14.2110000938067 79.1468104428198,14.2111099551617</coordinates></LineString>
  </Placemark>
  <Placemark id="damage_d3d_roads.671">
	<Style><LineStyle><color>ff0000ff</color></LineStyle><PolyStyle><fill>0</fill></PolyStyle></Style>
	<ExtendedData><SchemaData schemaUrl="#damage_d3d_roads">
		<SimpleData name="osm_id">22831899</SimpleData>
		<SimpleData name="type">trunk</SimpleData>
		<SimpleData name="depth_cls">0.1-0.5 m</SimpleData>
		<SimpleData name="max_depth">0.43</SimpleData>
		<SimpleData name="length_m">39.9</SimpleData>
	</SchemaData></ExtendedData>
      <LineString><coordinates>79.1466636286981,14.2112198164083 79.1465168144393,14.2113296775466 79.1463700000434,14.2114395385765</coordinates></LineString>
  </Placemark>
  <Placemark id="damage_d3d_roads.672">
	<Style><LineStyle><color>ff0000ff</color></LineStyle><PolyStyle><fill>0</fill></PolyStyle></Style>
	<ExtendedData><SchemaData schemaUrl="#damage_d3d_roads">
		<SimpleData name="osm_id">22831899</SimpleData>
		<SimpleData name="type">trunk</SimpleData>
		<SimpleData name="depth_cls">0.5-1.5 m</SimpleData>
		<SimpleData name="max_depth">0.72</SimpleData>
		<SimpleData name="length_m">20</SimpleData>
	</SchemaData></ExtendedData>
      <LineString><coordinates>79.1450486643115,14.2124282829688 79.1449018485447,14.2125381429149</coordinates></LineString>
  </Placemark>
  <Placemark id="damage_d3d_roads.673">
	<Style><LineStyle><color>ff0000ff</color></LineStyle><PolyStyle><fill>0</fill></PolyStyle></Style>
	<ExtendedData><SchemaData schemaUrl="#damage_d3d_roads">
		<SimpleData name="osm_id">22831899</SimpleData>
		<SimpleData name="type">trunk</SimpleData>
		<SimpleData name="depth_cls">0.1-0.5 m</SimpleData>
		<SimpleData name="max_depth">0.47</SimpleData>
		<SimpleData name="length_m">20</SimpleData>
	</SchemaData></ExtendedData>
      <LineString><coordinates>79.1447550326408,14.2126480027527 79.1446082165998,14.212757862482</coordinates></LineString>
  </Placemark>
  <Placemark id="damage_d3d_roads.674">
	<Style><LineStyle><color>ff0000ff</color></LineStyle><PolyStyle><fill>0</fill></PolyStyle></Style>
	<ExtendedData><SchemaData schemaUrl="#damage_d3d_roads">
		<SimpleData name="osm_id">22831899</SimpleData>
		<SimpleData name="type">trunk</SimpleData>
		<SimpleData name="depth_cls">0.1-0.5 m</SimpleData>
		<SimpleData name="max_depth">0.47</SimpleData>
		<SimpleData name="length_m">39.9</SimpleData>
	</SchemaData></ExtendedData>
      <LineString><coordinates>79.1444614004217,14.2128677221029 79.1443145841066,14.2129775816154 79.1441677676543,14.2130874410195</coordinates></LineString>
  </Placemark>
  <Placemark id="damage_d3d_roads.675">
	<Style><LineStyle><color>ff0000ff</color></LineStyle><PolyStyle><fill>0</fill></PolyStyle></Style>
	<ExtendedData><SchemaData schemaUrl="#damage_d3d_roads">
		<SimpleData name="osm_id">22831899</SimpleData>
		<SimpleData name="type">trunk</SimpleData>
		<SimpleData name="depth_cls">0.1-0.5 m</SimpleData>
		<SimpleData name="max_depth">0.14</SimpleData>
		<SimpleData name="length_m">20</SimpleData>
	</SchemaData></ExtendedData>
      <LineString><coordinates>79.1435805004741,14.2135268775519 79.1434336833363,14.213636736414</coordinates></LineString>
  </Placemark>
  <Placemark id="damage_d3d_roads.676">
	<Style><LineStyle><color>ff0000ff</color></LineStyle><PolyStyle><fill>0</fill></PolyStyle></Style>
	<ExtendedData><SchemaData schemaUrl="#damage_d3d_roads">
		<SimpleData name="osm_id">22831899</SimpleData>
		<SimpleData name="type">trunk</SimpleData>
		<SimpleData name="depth_cls">0.1-0.5 m</SimpleData>
		<SimpleData name="max_depth">0.13</SimpleData>
		<SimpleData name="length_m">20</SimpleData>
	</SchemaData></ExtendedData>
      <LineString><coordinates>79.1432868660614,14.2137465951677 79.1431400486493,14.2138564538129</coordinates></LineString>
  </Placemark>
  <Placemark id="damage_d3d_roads.677">
	<Style><LineStyle><color>ff0000ff</color></LineStyle><PolyStyle><fill>0</fill></PolyStyle></Style>
	<ExtendedData><SchemaData schemaUrl="#damage_d3d_roads">
		<SimpleData name="osm_id">22831899</SimpleData>
		<SimpleData name="type">trunk</SimpleData>
		<SimpleData name="depth_cls">0.1-0.5 m</SimpleData>
		<SimpleData name="max_depth">0.35</SimpleData>
		<SimpleData name="length_m">20</SimpleData>
	</SchemaData></ExtendedData>
      <LineString><coordinates>79.1208665845054,14.2370634898783 79.1207879805403,14.2372268990254</coordinates></LineString>
  </Placemark>
  <Placemark id="damage_d3d_roads.678">
	<Style><LineStyle><color>ff0000ff</color></LineStyle><PolyStyle><fill>0</fill></PolyStyle></Style>
	<ExtendedData><SchemaData schemaUrl="#damage_d3d_roads">
		<SimpleData name="osm_id">22831899</SimpleData>
		<SimpleData name="type">trunk</SimpleData>
		<SimpleData name="depth_cls">0.5-1.5 m</SimpleData>
		<SimpleData name="max_depth">0.74</SimpleData>
		<SimpleData name="length_m">99.9</SimpleData>
	</SchemaData></ExtendedData>
      <LineString><coordinates>79.1207879805403,14.2372268990254 79.1207092301154,14.2373902408888 79.1206301106357,14.237553413185 79.1205509910306,14.2377165854389 79.1204718712999,14.2378797576505 79.1203927514437,14.2380429298198</coordinates></LineString>
  </Placemark>
  <Placemark id="damage_d3d_roads.679">
	<Style><LineStyle><color>ff0000ff</color></LineStyle><PolyStyle><fill>0</fill></PolyStyle></Style>
	<ExtendedData><SchemaData schemaUrl="#damage_d3d_roads">
		<SimpleData name="osm_id">22831899</SimpleData>
		<SimpleData name="type">trunk</SimpleData>
		<SimpleData name="depth_cls">&gt;1.5 m</SimpleData>
		<SimpleData name="max_depth">1.71</SimpleData>
		<SimpleData name="length_m">20</SimpleData>
	</SchemaData></ExtendedData>
      <LineString><coordinates>79.120313631462,14.2382061019467 79.1202345113548,14.2383692740313</coordinates></LineString>
  </Placemark>
  <Placemark id="damage_d3d_roads.680">
	<Style><LineStyle><color>ff0000ff</color></LineStyle><PolyStyle><fill>0</fill></PolyStyle></Style>
	<ExtendedData><SchemaData schemaUrl="#damage_d3d_roads">
		<SimpleData name="osm_id">22831899</SimpleData>
		<SimpleData name="type">trunk</SimpleData>
		<SimpleData name="depth_cls">&gt;1.5 m</SimpleData>
		<SimpleData name="max_depth">2.85</SimpleData>
		<SimpleData name="length_m">79.9</SimpleData>
	</SchemaData></ExtendedData>
      <LineString><coordinates>79.1197588549683,14.2393478743682 79.1196794923832,14.2395109344877 79.1196001296723,14.2396739945648 79.1195479151608,14.2398467598537 79.119510898772,14.2400233998549</coordinates></LineString>
  </Placemark>
  <Placemark id="damage_d3d_roads.681">
	<Style><LineStyle><color>ff0000ff</color></LineStyle><PolyStyle><fill>0</fill></PolyStyle></Style>
	<ExtendedData><SchemaData schemaUrl="#damage_d3d_roads">
		<SimpleData name="osm_id">22831899</SimpleData>
		<SimpleData name="type">trunk</SimpleData>
		<SimpleData name="depth_cls">0.1-0.5 m</SimpleData>
		<SimpleData name="max_depth">0.24</SimpleData>
		<SimpleData name="length_m">20</SimpleData>
	</SchemaData></ExtendedData>
      <LineString><coordinates>79.119510898772,14.2400233998549 79.119481175167,14.2402015585726</coordinates></LineString>
  </Placemark>
  <Placemark id="damage_d3d_roads.682">
	<Style><LineStyle><color>ff0000ff</color></LineStyle><PolyStyle><fill>0</fill></PolyStyle></Style>
	<ExtendedData><SchemaData schemaUrl="#damage_d3d_roads">
		<SimpleData name="osm_id">22831899</SimpleData>
		<SimpleData name="type">trunk</SimpleData>
		<SimpleData name="depth_cls">&gt;1.5 m</SimpleData>
		<SimpleData name="max_depth">2.67</SimpleData>
		<SimpleData name="length_m">79.9</SimpleData>
	</SchemaData></ExtendedData>
      <LineString><coordinates>79.1194397500943,14.2407410499957 79.1194299040559,14.2409212966756 79.1194240564714,14.2411017018646 79.1194188738797,14.2412821334134 79.1194136912613,14.2414625649585</coordinates></LineString>
  </Placemark>
  <Placemark id="damage_d3d_roads.683">
	<Style><LineStyle><color>ff0000ff</color></LineStyle><PolyStyle><fill>0</fill></PolyStyle></Style>
	<ExtendedData><SchemaData schemaUrl="#damage_d3d_roads">
		<SimpleData name="osm_id">22831899</SimpleData>
		<SimpleData name="type">trunk</SimpleData>
		<SimpleData name="depth_cls">0.5-1.5 m</SimpleData>
		<SimpleData name="max_depth">0.81</SimpleData>
		<SimpleData name="length_m">20</SimpleData>
	</SchemaData></ExtendedData>
      <LineString><coordinates>79.1194136912613,14.2414625649585 79.119408508616,14.2416429965</coordinates></LineString>
  </Placemark>
  <Placemark id="damage_d3d_roads.684">
	<Style><LineStyle><color>ff0000ff</color></LineStyle><PolyStyle><fill>0</fill></PolyStyle></Style>
	<ExtendedData><SchemaData schemaUrl="#damage_d3d_roads">
		<SimpleData name="osm_id">22831899</SimpleData>
		<SimpleData name="type">trunk</SimpleData>
		<SimpleData name="depth_cls">0.1-0.5 m</SimpleData>
		<SimpleData name="max_depth">0.2</SimpleData>
		<SimpleData name="length_m">39.9</SimpleData>
	</SchemaData></ExtendedData>
      <LineString><coordinates>79.1193831625966,14.2427256202946 79.1193860613306,14.2429061004713 79.1193889600506,14.2430865806459</coordinates></LineString>
  </Placemark>
  <Placemark id="damage_d3d_roads.685">
	<Style><LineStyle><color>ff0000ff</color></LineStyle><PolyStyle><fill>0</fill></PolyStyle></Style>
	<ExtendedData><SchemaData schemaUrl="#damage_d3d_roads">
		<SimpleData name="osm_id">22831899</SimpleData>
		<SimpleData name="type">trunk</SimpleData>
		<SimpleData name="depth_cls">0.5-1.5 m</SimpleData>
		<SimpleData name="max_depth">1.26</SimpleData>
		<SimpleData name="length_m">59.9</SimpleData>
	</SchemaData></ExtendedData>
      <LineString><coordinates>79.1193889600506,14.2430865806459 79.1193918587568,14.2432670608185 79.119394757449,14.2434475409891 79.1193976561272,14.2436280211576</coordinates></LineString>
  </Placemark>
  <Placemark id="damage_d3d_roads.686">
	<Style><LineStyle><color>ff0000ff</color></LineStyle><PolyStyle><fill>0</fill></PolyStyle></Style>
	<ExtendedData><SchemaData schemaUrl="#damage_d3d_roads">
		<SimpleData name="osm_id">22831899</SimpleData>
		<SimpleData name="type">trunk</SimpleData>
		<SimpleData name="depth_cls">&gt;1.5 m</SimpleData>
		<SimpleData name="max_depth">2.48</SimpleData>
		<SimpleData name="length_m">119.8</SimpleData>
	</SchemaData></ExtendedData>
      <LineString><coordinates>79.1193976561272,14.2436280211576 79.1194005547916,14.243808501324 79.119403453442,14.2439889814884 79.1194063520784,14.2441694616508 79.1194022376508,14.2443495467625 79.1193780573418,14.2445285015482 79.1193493657191,14.2447066897978</coordinates></LineString>
  </Placemark>
  <Placemark id="damage_d3d_roads.687">
	<Style><LineStyle><color>ff0000ff</color></LineStyle><PolyStyle><fill>0</fill></PolyStyle></Style>
	<ExtendedData><SchemaData schemaUrl="#damage_d3d_roads">
		<SimpleData name="osm_id">22831899</SimpleData>
		<SimpleData name="type">trunk</SimpleData>
		<SimpleData name="depth_cls">0.5-1.5 m</SimpleData>
		<SimpleData name="max_depth">1.24</SimpleData>
		<SimpleData name="length_m">39.9</SimpleData>
	</SchemaData></ExtendedData>
      <LineString><coordinates>79.1193493657191,14.2447066897978 79.119310083028,14.2448830784729 79.1192708002589,14.2450594671315</coordinates></LineString>
  </Placemark>
  <Placemark id="damage_d3d_roads.688">
	<Style><LineStyle><color>ff0000ff</color></LineStyle><PolyStyle><fill>0</fill></PolyStyle></Style>
	<ExtendedData><SchemaData schemaUrl="#damage_d3d_roads">
		<SimpleData name="osm_id">22831899</SimpleData>
		<SimpleData name="type">trunk</SimpleData>
		<SimpleData name="depth_cls">&gt;1.5 m</SimpleData>
		<SimpleData name="max_depth">3.4</SimpleData>
		<SimpleData name="length_m">339.5</SimpleData>
	</SchemaData></ExtendedData>
      <LineString><coordinates>79.1192708002589,14.2450594671315 79.1192086915598,14.2452287840091 79.1191364218693,14.245394952872 79.1190605383037,14.2455595450579 79.1189817143159,14.2457228543848 79.1188925905991,14.245880882002 79.1187993486585,14.2460367977989 79.1187061065806,14.2461927135415 79.1185850326074,14.24632915174 79.1184634705318,14.2464652483724 79.118341535179,14.2466010252682 79.1182188553762,14.2467361644472 79.1180961754251,14.2468713035436 79.1179734953256,14.2470064425575 79.1178521569897,14.2471427043349 79.1177338801381,14.2472815278563 79.1176138841269,14.2474189364249 79.1174947915743,14.2475567494786</coordinates></LineString>
  </Placemark>
  <Placemark id="damage_d3d_roads.689">
	<Style><LineStyle><color>ff0000ff</color></LineStyle><PolyStyle><fill>0</fill></PolyStyle></Style>
	<ExtendedData><SchemaData schemaUrl="#damage_d3d_roads">
		<SimpleData name="osm_id">22831899</SimpleData>
		<SimpleData name="type">trunk</SimpleData>
		<SimpleData name="depth_cls">0.5-1.5 m</SimpleData>
		<SimpleData name="max_depth">1.41</SimpleData>
		<SimpleData name="length_m">20</SimpleData>
	</SchemaData></ExtendedData>
      <LineString><coordinates>79.1174947915743,14.2475567494786 79.1174325924013,14.2477267507392</coordinates></LineString>
  </Placemark>
  <Placemark id="damage_d3d_roads.690">
	<Style><LineStyle><color>ff0000ff</color></LineStyle><PolyStyle><fill>0</fill></PolyStyle></Style>
	<ExtendedData><SchemaData schemaUrl="#damage_d3d_roads">
		<SimpleData name="osm_id">22831899</SimpleData>
		<SimpleData name="type">trunk</SimpleData>
		<SimpleData name="depth_cls">&gt;1.5 m</SimpleData>
		<SimpleData name="max_depth">1.7</SimpleData>
		<SimpleData name="length_m">59.9</SimpleData>
	</SchemaData></ExtendedData>
      <LineString><coordinates>79.1174325924013,14.2477267507392 79.1173704058904,14.2478967563829 79.1173089953366,14.2480670302008 79.1172475846761,14.2482373039893</coordinates></LineString>
  </Placemark>
  <Placemark id="damage_d3d_roads.691">
	<Style><LineStyle><color>ff0000ff</color></LineStyle><PolyStyle><fill>0</fill></PolyStyle></Style>
	<ExtendedData><SchemaData schemaUrl="#damage_d3d_roads">
		<SimpleData name="osm_id">22831899</SimpleData>
		<SimpleData name="type">trunk</SimpleData>
		<SimpleData name="depth_cls">0.5-1.5 m</SimpleData>
		<SimpleData name="max_depth">0.92</SimpleData>
		<SimpleData name="length_m">39.9</SimpleData>
	</SchemaData></ExtendedData>
      <LineString><coordinates>79.1172475846761,14.2482373039893 79.1171861739089,14.2484075777483 79.1171284064506,14.2485790225383</coordinates></LineString>
  </Placemark>
  <Placemark id="damage_d3d_roads.692">
	<Style><LineStyle><color>ff0000ff</color></LineStyle><PolyStyle><fill>0</fill></PolyStyle></Style>
	<ExtendedData><SchemaData schemaUrl="#damage_d3d_roads">
		<SimpleData name="osm_id">22831899</SimpleData>
		<SimpleData name="type">trunk</SimpleData>
		<SimpleData name="depth_cls">&gt;1.5 m</SimpleData>
		<SimpleData name="max_depth">2.38</SimpleData>
		<SimpleData name="length_m">99.9</SimpleData>
	</SchemaData></ExtendedData>
      <LineString><coordinates>79.1171284064506,14.2485790225383 79.1170740013214,14.2487515480487 79.1170195960941,14.2489240735342 79.1169651907687,14.2490965989946 79.1169107853451,14.2492691244302 79.1168563798235,14.2494416498407</coordinates></LineString>
  </Placemark>
  <Placemark id="damage_d3d_roads.693">
	<Style><LineStyle><color>ff0000ff</color></LineStyle><PolyStyle><fill>0</fill></PolyStyle></Style>
	<ExtendedData><SchemaData schemaUrl="#damage_d3d_roads">
		<SimpleData name="osm_id">22831899</SimpleData>
		<SimpleData name="type">trunk</SimpleData>
		<SimpleData name="depth_cls">0.5-1.5 m</SimpleData>
		<SimpleData name="max_depth">1.17</SimpleData>
		<SimpleData name="length_m">119.8</SimpleData>
	</SchemaData></ExtendedData>
      <LineString><coordinates>79.1168563798235,14.2494416498407 79.1168019742036,14.2496141752264 79.1167475684857,14.249786700587 79.1166931626696,14.2499592259227 79.1166382789052,14.2501316069612 79.1165832394656,14.2503039410029 79.1165281999271,14.2504762750192</coordinates></LineString>
  </Placemark>
  <Placemark id="damage_d3d_roads.694">
	<Style><LineStyle><color>ff0000ff</color></LineStyle><PolyStyle><fill>0</fill></PolyStyle></Style>
	<ExtendedData><SchemaData schemaUrl="#damage_d3d_roads">
		<SimpleData name="osm_id">22831899</SimpleData>
		<SimpleData name="type">trunk</SimpleData>
		<SimpleData name="depth_cls">&gt;1.5 m</SimpleData>
		<SimpleData name="max_depth">1.94</SimpleData>
		<SimpleData name="length_m">59.9</SimpleData>
	</SchemaData></ExtendedData>
      <LineString><coordinates>79.1165281999271,14.2504762750192 79.1164731602896,14.2506486090101 79.1164181205532,14.2508209429757 79.1163630807179,14.250993276916</coordinates></LineString>
  </Placemark>
  <Placemark id="damage_d3d_roads.695">
	<Style><LineStyle><color>ff0000ff</color></LineStyle><PolyStyle><fill>0</fill></PolyStyle></Style>
	<ExtendedData><SchemaData schemaUrl="#damage_d3d_roads">
		<SimpleData name="osm_id">22831899</SimpleData>
		<SimpleData name="type">trunk</SimpleData>
		<SimpleData name="depth_cls">0.5-1.5 m</SimpleData>
		<SimpleData name="max_depth">0.95</SimpleData>
		<SimpleData name="length_m">20</SimpleData>
	</SchemaData></ExtendedData>
      <LineString><coordinates>79.1163630807179,14.250993276916 79.1163080407836,14.2511656108309</coordinates></LineString>
  </Placemark>
  <Placemark id="damage_d3d_roads.696">
	<Style><LineStyle><color>ff0000ff</color></LineStyle><PolyStyle><fill>0</fill></PolyStyle></Style>
	<ExtendedData><SchemaData schemaUrl="#damage_d3d_roads">
		<SimpleData name="osm_id">22831899</SimpleData>
		<SimpleData name="type">trunk</SimpleData>
		<SimpleData name="depth_cls">0.1-0.5 m</SimpleData>
		<SimpleData name="max_depth">0.44</SimpleData>
		<SimpleData name="length_m">20</SimpleData>
	</SchemaData></ExtendedData>
      <LineString><coordinates>79.1163080407836,14.2511656108309 79.1162530007503,14.2513379447205</coordinates></LineString>
  </Placemark>
  <Placemark id="damage_d3d_roads.697">
	<Style><LineStyle><color>ff0000ff</color></LineStyle><PolyStyle><fill>0</fill></PolyStyle></Style>
	<ExtendedData><SchemaData schemaUrl="#damage_d3d_roads">
		<SimpleData name="osm_id">22831899</SimpleData>
		<SimpleData name="type">trunk</SimpleData>
		<SimpleData name="depth_cls">0.5-1.5 m</SimpleData>
		<SimpleData name="max_depth">1</SimpleData>
		<SimpleData name="length_m">59.9</SimpleData>
	</SchemaData></ExtendedData>
      <LineString><coordinates>79.1162530007503,14.2513379447205 79.1161979068081,14.2515102621394 79.1161422788634,14.2516824163624 79.116086650819,14.2518545705598</coordinates></LineString>
  </Placemark>
  <Placemark id="damage_d3d_roads.698">
	<Style><LineStyle><color>ff0000ff</color></LineStyle><PolyStyle><fill>0</fill></PolyStyle></Style>
	<ExtendedData><SchemaData schemaUrl="#damage_d3d_roads">
		<SimpleData name="osm_id">22831899</SimpleData>
		<SimpleData name="type">trunk</SimpleData>
		<SimpleData name="depth_cls">0.1-0.5 m</SimpleData>
		<SimpleData name="max_depth">0.2</SimpleData>
		<SimpleData name="length_m">39.9</SimpleData>
	</SchemaData></ExtendedData>
      <LineString><coordinates>79.116086650819,14.2518545705598 79.1160310226749,14.2520267247314 79.1159754011967,14.2521988809569</coordinates></LineString>
  </Placemark>
  <Placemark id="damage_d3d_roads.699">
	<Style><LineStyle><color>ff0000ff</color></LineStyle><PolyStyle><fill>0</fill></PolyStyle></Style>
	<ExtendedData><SchemaData schemaUrl="#damage_d3d_roads">
		<SimpleData name="osm_id">1450623120</SimpleData>
		<SimpleData name="type">residential</SimpleData>
		<SimpleData name="depth_cls">&gt;1.5 m</SimpleData>
		<SimpleData name="max_depth">2.45</SimpleData>
		<SimpleData name="length_m">40</SimpleData>
	</SchemaData></ExtendedData>
      <LineString><coordinates>79.1331297039719,14.2646558754928 79.1330889359346,14.2644797169969 79.1330481679439,14.2643035584993</coordinates></LineString>
  </Placemark>
  <Placemark id="damage_d3d_roads.700">
	<Style><LineStyle><color>ff0000ff</color></LineStyle><PolyStyle><fill>0</fill></PolyStyle></Style>
	<ExtendedData><SchemaData schemaUrl="#damage_d3d_roads">
		<SimpleData name="osm_id">631885053</SimpleData>
		<SimpleData name="type">unclassified</SimpleData>
		<SimpleData name="depth_cls">&gt;1.5 m</SimpleData>
		<SimpleData name="max_depth">2.98</SimpleData>
		<SimpleData name="length_m">110.9</SimpleData>
	</SchemaData></ExtendedData>
      <LineString><coordinates>79.1216750362991,14.266456499251 79.121708331046,14.2662925813373 79.1217380950562,14.2661280771278 79.1217626064379,14.2659626933358 79.1217829291261,14.2657968648665 79.1217954280632,14.26563021462 79.1218525202995,14.2654875163548</coordinates></LineString>
  </Placemark>
  <Placemark id="damage_d3d_roads.701">
	<Style><LineStyle><color>ff0000ff</color></LineStyle><PolyStyle><fill>0</fill></PolyStyle></Style>
	<ExtendedData><SchemaData schemaUrl="#damage_d3d_roads">
		<SimpleData name="osm_id">631885053</SimpleData>
		<SimpleData name="type">unclassified</SimpleData>
		<SimpleData name="depth_cls">0.5-1.5 m</SimpleData>
		<SimpleData name="max_depth">1.02</SimpleData>
		<SimpleData name="length_m">18.5</SimpleData>
	</SchemaData></ExtendedData>
      <LineString><coordinates>79.1218525202995,14.2654875163548 79.1220191762795,14.2654509083987</coordinates></LineString>
  </Placemark>
  <Placemark id="damage_d3d_roads.702">
	<Style><LineStyle><color>ff0000ff</color></LineStyle><PolyStyle><fill>0</fill></PolyStyle></Style>
	<ExtendedData><SchemaData schemaUrl="#damage_d3d_roads">
		<SimpleData name="osm_id">631885053</SimpleData>
		<SimpleData name="type">unclassified</SimpleData>
		<SimpleData name="depth_cls">0.1-0.5 m</SimpleData>
		<SimpleData name="max_depth">0.17</SimpleData>
		<SimpleData name="length_m">18.5</SimpleData>
	</SchemaData></ExtendedData>
      <LineString><coordinates>79.1220191762795,14.2654509083987 79.12219,14.2654385</coordinates></LineString>
  </Placemark>
  <Placemark id="damage_d3d_roads.703">
	<Style><LineStyle><color>ff0000ff</color></LineStyle><PolyStyle><fill>0</fill></PolyStyle></Style>
	<ExtendedData><SchemaData schemaUrl="#damage_d3d_roads">
		<SimpleData name="osm_id">1450623123</SimpleData>
		<SimpleData name="type">residential</SimpleData>
		<SimpleData name="depth_cls">&gt;1.5 m</SimpleData>
		<SimpleData name="max_depth">5.9</SimpleData>
		<SimpleData name="length_m">674.8</SimpleData>
	</SchemaData></ExtendedData>
      <LineString><coordinates>79.1208305,14.2730344 79.1210062914938,14.2730838503413 79.1211899350208,14.2730739693537 79.12137357855,14.2730640882224 79.1215551761556,14.2730387224545 79.1217353891048,14.2730028770757 79.1219167593072,14.2730011172328 79.1220993369715,14.2730005510535 79.1222821664297,14.2729810214339 79.1224625165906,14.2729487936871 79.1226402443129,14.2729029751589 79.1228221878511,14.2728767307614 79.1230041313647,14.2728504862197 79.123187116298,14.2728372698986 79.123371032047,14.2728356977703 79.1235549478118,14.2728341254996 79.123738866452,14.2728331169119 79.1239227892007,14.272832914849 79.1240992621386,14.2728815033739 79.1242751445243,14.2729339600613 79.1244510270066,14.2729864166284 79.1246226684192,14.2730480960173 79.1247798132355,14.2731413002166 79.1249621055783,14.2731564046815 79.1251456736331,14.2731675471798 79.1253292417242,14.2731786895388 79.1255128098514,14.2731898317584 79.1256963780148,14.2732009738387 79.1258799462144,14.2732121157796 79.1260635144502,14.2732232575811 79.1262470873683,14.2732343032639 79.1264309154849,14.2732400776591 79.126614743629,14.2732458519136 79.1267985718007,14.2732516260272 79.1269824,14.2732574</coordinates></LineString>
  </Placemark>
  <Placemark id="damage_d3d_roads.704">
	<Style><LineStyle><color>ff0000ff</color></LineStyle><PolyStyle><fill>0</fill></PolyStyle></Style>
	<ExtendedData><SchemaData schemaUrl="#damage_d3d_roads">
		<SimpleData name="osm_id">1450623121</SimpleData>
		<SimpleData name="type">unclassified</SimpleData>
		<SimpleData name="depth_cls">0.5-1.5 m</SimpleData>
		<SimpleData name="max_depth">0.6</SimpleData>
		<SimpleData name="length_m">39.6</SimpleData>
	</SchemaData></ExtendedData>
      <LineString><coordinates>79.1213304,14.2679704 79.1212991661688,14.2681465749113 79.1212813709674,14.268323029206</coordinates></LineString>
  </Placemark>
  <Placemark id="damage_d3d_roads.705">
	<Style><LineStyle><color>ff0000ff</color></LineStyle><PolyStyle><fill>0</fill></PolyStyle></Style>
	<ExtendedData><SchemaData schemaUrl="#damage_d3d_roads">
		<SimpleData name="osm_id">1450623121</SimpleData>
		<SimpleData name="type">unclassified</SimpleData>
		<SimpleData name="depth_cls">&gt;1.5 m</SimpleData>
		<SimpleData name="max_depth">5.78</SimpleData>
		<SimpleData name="length_m">1404.6</SimpleData>
	</SchemaData></ExtendedData>
      <LineString><coordinates>79.1213937732669,14.268637927745 79.1215308678591,14.2687416726123 79.1214670829551,14.268909290164 79.1214034367128,14.26907695308 79.1213506875309,14.2692481807053 79.1212979382541,14.2694194083068 79.1212885917139,14.2695977678858 79.1212809007994,14.2697763995196 79.1212732098546,14.2699550311491 79.1212655188796,14.2701336627743 79.1212578278743,14.2703122943953 79.1212532659237,14.2704910253337 79.1212490310387,14.270669766651 79.1212346017063,14.2708465499925 79.1211690308322,14.2710135109253 79.1211034598479,14.271180471826 79.1210996000117,14.2713585645668 79.1210996000065,14.2715373535689 79.1210686312734,14.2717120367958 79.1209927866348,14.2718682074061 79.1208398206041,14.2719563226976 79.1207831408769,14.2720910610358 79.1207836418017,14.2722698493295 79.1207877107303,14.2724485090909 79.1208007351942,14.2726268462478 79.1208137596606,14.272805183404 79.1208267841295,14.2729835205595 79.1208337058739,14.273162056302 79.120832799637,14.2733408430683 79.1208318933805,14.2735196298319 79.1208309871043,14.2736984165928 79.1208630696428,14.2738741306361 79.1208986599446,14.2740495179542 79.1209342502848,14.2742249052713 79.1209663221042,14.2744009196926 79.12099663773,14.2745772471215 79.1210269533859,14.2747535745498 79.1210561043931,14.2749300696267 79.1210793145408,14.2751074198602 79.1211025247073,14.2752847700934 79.1211257348925,14.2754621203264 79.1211327066441,14.2756405358906 79.1211340614743,14.2758193199529 79.1211608292576,14.2759959934659 79.1211904913895,14.2761724266049 79.1212201535503,14.2763488597434 79.1212498157402,14.2765252928813 79.1212794779591,14.2767017260188 79.1213052543287,14.276878737233 79.12133087795,14.2770557711736 79.1213565015939,14.2772328051139 79.1213821252605,14.2774098390538 79.1214046482494,14.2775872581981 79.1214253520441,14.2777649033455 79.1214460558536,14.2779425484925 79.1214667596778,14.2781201936392 79.1214874635168,14.2782978387855 79.1215314897845,14.2784713467358 79.1215762558289,14.2786447234628 79.1216210219258,14.2788181001875 79.1216657880753,14.2789914769097 79.1217105542774,14.2791648536296 79.1217553205321,14.279338230347 79.1217866864568,14.2795143787562 79.1218179378517,14.2796905508604 79.1218491892781,14.2798667229639 79.1218330687721,14.2800425624224 79.1217992192408,14.2802182773767 79.1218108558972,14.2803954093276 79.1218331372475,14.2805728728853 79.1218554186151,14.2807503364428 79.1218777,14.2809278</coordinates></LineString>
  </Placemark>
  <Placemark id="damage_d3d_roads.706">
	<Style><LineStyle><color>ff0000ff</color></LineStyle><PolyStyle><fill>0</fill></PolyStyle></Style>
	<ExtendedData><SchemaData schemaUrl="#damage_d3d_roads">
		<SimpleData name="osm_id">1450623116</SimpleData>
		<SimpleData name="type">residential</SimpleData>
		<SimpleData name="depth_cls">0.1-0.5 m</SimpleData>
		<SimpleData name="max_depth">0.5</SimpleData>
		<SimpleData name="length_m">18.9</SimpleData>
	</SchemaData></ExtendedData>
      <LineString><coordinates>79.1284783,14.2754383 79.1285940091568,14.2755664824037</coordinates></LineString>
  </Placemark>
  <Placemark id="damage_d3d_roads.707">
	<Style><LineStyle><color>ff0000ff</color></LineStyle><PolyStyle><fill>0</fill></PolyStyle></Style>
	<ExtendedData><SchemaData schemaUrl="#damage_d3d_roads">
		<SimpleData name="osm_id">1450623116</SimpleData>
		<SimpleData name="type">residential</SimpleData>
		<SimpleData name="depth_cls">0.5-1.5 m</SimpleData>
		<SimpleData name="max_depth">1.04</SimpleData>
		<SimpleData name="length_m">18.9</SimpleData>
	</SchemaData></ExtendedData>
      <LineString><coordinates>79.1290634129828,14.2755586779901 79.1292258754014,14.2754949521158</coordinates></LineString>
  </Placemark>
  <Placemark id="damage_d3d_roads.708">
	<Style><LineStyle><color>ff0000ff</color></LineStyle><PolyStyle><fill>0</fill></PolyStyle></Style>
	<ExtendedData><SchemaData schemaUrl="#damage_d3d_roads">
		<SimpleData name="osm_id">1217956149</SimpleData>
		<SimpleData name="type">secondary</SimpleData>
		<SimpleData name="depth_cls">&gt;1.5 m</SimpleData>
		<SimpleData name="max_depth">3</SimpleData>
		<SimpleData name="length_m">20</SimpleData>
	</SchemaData></ExtendedData>
      <LineString><coordinates>79.1288903,14.2673388 79.1287650478723,14.2674719928751</coordinates></LineString>
  </Placemark>
  <Placemark id="damage_d3d_roads.709">
	<Style><LineStyle><color>ff0000ff</color></LineStyle><PolyStyle><fill>0</fill></PolyStyle></Style>
	<ExtendedData><SchemaData schemaUrl="#damage_d3d_roads">
		<SimpleData name="osm_id">1217956149</SimpleData>
		<SimpleData name="type">secondary</SimpleData>
		<SimpleData name="depth_cls">&gt;1.5 m</SimpleData>
		<SimpleData name="max_depth">4.57</SimpleData>
		<SimpleData name="length_m">40</SimpleData>
	</SchemaData></ExtendedData>
      <LineString><coordinates>79.1280254562994,14.2681857628289 79.1278519451648,14.2682492152048 79.1276965817159,14.2683451478277</coordinates></LineString>
  </Placemark>
  <Placemark id="damage_d3d_roads.710">
	<Style><LineStyle><color>ff0000ff</color></LineStyle><PolyStyle><fill>0</fill></PolyStyle></Style>
	<ExtendedData><SchemaData schemaUrl="#damage_d3d_roads">
		<SimpleData name="osm_id">1217956149</SimpleData>
		<SimpleData name="type">secondary</SimpleData>
		<SimpleData name="depth_cls">&gt;1.5 m</SimpleData>
		<SimpleData name="max_depth">3.22</SimpleData>
		<SimpleData name="length_m">80</SimpleData>
	</SchemaData></ExtendedData>
      <LineString><coordinates>79.1269675166904,14.2699492926119 79.1269150554244,14.2701225051585 79.1268592482431,14.2702948429075 79.1268034409616,14.2704671806306 79.1267476335801,14.270639518328</coordinates></LineString>
  </Placemark>
  <Placemark id="damage_d3d_roads.711">
	<Style><LineStyle><color>ff0000ff</color></LineStyle><PolyStyle><fill>0</fill></PolyStyle></Style>
	<ExtendedData><SchemaData schemaUrl="#damage_d3d_roads">
		<SimpleData name="osm_id">1217956149</SimpleData>
		<SimpleData name="type">secondary</SimpleData>
		<SimpleData name="depth_cls">0.5-1.5 m</SimpleData>
		<SimpleData name="max_depth">0.64</SimpleData>
		<SimpleData name="length_m">40</SimpleData>
	</SchemaData></ExtendedData>
      <LineString><coordinates>79.1266918260984,14.2708118559995 79.1266374331118,14.2709846181431 79.12658424981,14.2711577432989</coordinates></LineString>
  </Placemark>
  <Placemark id="damage_d3d_roads.712">
	<Style><LineStyle><color>ff0000ff</color></LineStyle><PolyStyle><fill>0</fill></PolyStyle></Style>
	<ExtendedData><SchemaData schemaUrl="#damage_d3d_roads">
		<SimpleData name="osm_id">1217956149</SimpleData>
		<SimpleData name="type">secondary</SimpleData>
		<SimpleData name="depth_cls">0.1-0.5 m</SimpleData>
		<SimpleData name="max_depth">0.38</SimpleData>
		<SimpleData name="length_m">40</SimpleData>
	</SchemaData></ExtendedData>
      <LineString><coordinates>79.1268730177895,14.2727249522913 79.1269094217696,14.2729021587778 79.1269458257896,14.2730793652631</coordinates></LineString>
  </Placemark>
  <Placemark id="damage_d3d_roads.713">
	<Style><LineStyle><color>ff0000ff</color></LineStyle><PolyStyle><fill>0</fill></PolyStyle></Style>
	<ExtendedData><SchemaData schemaUrl="#damage_d3d_roads">
		<SimpleData name="osm_id">1217956149</SimpleData>
		<SimpleData name="type">secondary</SimpleData>
		<SimpleData name="depth_cls">0.1-0.5 m</SimpleData>
		<SimpleData name="max_depth">0.23</SimpleData>
		<SimpleData name="length_m">40</SimpleData>
	</SchemaData></ExtendedData>
      <LineString><coordinates>79.1286059969233,14.2741565886946 79.1286623637943,14.2743287535373 79.1287187307361,14.2745009183749</coordinates></LineString>
  </Placemark>
  <Placemark id="damage_d3d_roads.714">
	<Style><LineStyle><color>ff0000ff</color></LineStyle><PolyStyle><fill>0</fill></PolyStyle></Style>
	<ExtendedData><SchemaData schemaUrl="#damage_d3d_roads">
		<SimpleData name="osm_id">1217956149</SimpleData>
		<SimpleData name="type">secondary</SimpleData>
		<SimpleData name="depth_cls">&gt;1.5 m</SimpleData>
		<SimpleData name="max_depth">2.28</SimpleData>
		<SimpleData name="length_m">100</SimpleData>
	</SchemaData></ExtendedData>
      <LineString><coordinates>79.1287187307361,14.2745009183749 79.1287750977484,14.2746730832071 79.1288124754412,14.2748470725843 79.1287916416494,14.2750266550649 79.1286822259503,14.2751720237651 79.1285713332512,14.2753168219765</coordinates></LineString>
  </Placemark>
  <Placemark id="damage_d3d_roads.715">
	<Style><LineStyle><color>ff0000ff</color></LineStyle><PolyStyle><fill>0</fill></PolyStyle></Style>
	<ExtendedData><SchemaData schemaUrl="#damage_d3d_roads">
		<SimpleData name="osm_id">1217956149</SimpleData>
		<SimpleData name="type">secondary</SimpleData>
		<SimpleData name="depth_cls">0.1-0.5 m</SimpleData>
		<SimpleData name="max_depth">0.5</SimpleData>
		<SimpleData name="length_m">40</SimpleData>
	</SchemaData></ExtendedData>
      <LineString><coordinates>79.1285713332512,14.2753168219765 79.1284514077585,14.2754509236856 79.1282844297309,14.2755293059691</coordinates></LineString>
  </Placemark>
  <Placemark id="damage_d3d_roads.716">
	<Style><LineStyle><color>ff0000ff</color></LineStyle><PolyStyle><fill>0</fill></PolyStyle></Style>
	<ExtendedData><SchemaData schemaUrl="#damage_d3d_roads">
		<SimpleData name="osm_id">1217956149</SimpleData>
		<SimpleData name="type">secondary</SimpleData>
		<SimpleData name="depth_cls">0.1-0.5 m</SimpleData>
		<SimpleData name="max_depth">0.32</SimpleData>
		<SimpleData name="length_m">40</SimpleData>
	</SchemaData></ExtendedData>
      <LineString><coordinates>79.1239479973924,14.2806923938137 79.1237654302956,14.2806691371707 79.1235871064023,14.2806199565896</coordinates></LineString>
  </Placemark>
  <Placemark id="damage_d3d_roads.717">
	<Style><LineStyle><color>ff0000ff</color></LineStyle><PolyStyle><fill>0</fill></PolyStyle></Style>
	<ExtendedData><SchemaData schemaUrl="#damage_d3d_roads">
		<SimpleData name="osm_id">1217956149</SimpleData>
		<SimpleData name="type">secondary</SimpleData>
		<SimpleData name="depth_cls">&gt;1.5 m</SimpleData>
		<SimpleData name="max_depth">5.04</SimpleData>
		<SimpleData name="length_m">520</SimpleData>
	</SchemaData></ExtendedData>
      <LineString><coordinates>79.1235871064023,14.2806199565896 79.1234082537101,14.2806082996158 79.123228611143,14.2806526816473 79.1230489685219,14.2806970635344 79.1228693258466,14.2807414452771 79.1226896831172,14.2807858268754 79.1225082325281,14.2808218198347 79.1223254688144,14.2808517197142 79.1221427050699,14.2808816194473 79.1219599412947,14.280911519034 79.1217784022939,14.2809477999537 79.1215969149687,14.2809843539328 79.1214228039083,14.2810423187295 79.1212555018137,14.2811200478097 79.1211011634082,14.2812194817712 79.1209620914313,14.2813358969303 79.1208515622552,14.2814809604335 79.120733261183,14.2816189667476 79.1205927667886,14.2817368205077 79.1204522890525,14.2818546932113 79.1203118212483,14.2819725772338 79.1201713533005,14.2820904611543 79.1200241364531,14.2821997868111 79.1198712461914,14.2823019180146 79.1197183557984,14.2824040491022 79.1195654652741,14.2825061800737 79.1194192979279,14.2826147863619</coordinates></LineString>
  </Placemark>
  <Placemark id="damage_d3d_roads.718">
	<Style><LineStyle><color>ff0000ff</color></LineStyle><PolyStyle><fill>0</fill></PolyStyle></Style>
	<ExtendedData><SchemaData schemaUrl="#damage_d3d_roads">
		<SimpleData name="osm_id">1217956149</SimpleData>
		<SimpleData name="type">secondary</SimpleData>
		<SimpleData name="depth_cls">0.1-0.5 m</SimpleData>
		<SimpleData name="max_depth">0.22</SimpleData>
		<SimpleData name="length_m">40</SimpleData>
	</SchemaData></ExtendedData>
      <LineString><coordinates>79.1188267631282,14.2835300931657 79.1187691132496,14.2837018530791 79.1187114624408,14.2838736127012</coordinates></LineString>
  </Placemark>
  <Placemark id="damage_d3d_roads.719">
	<Style><LineStyle><color>ff0000ff</color></LineStyle><PolyStyle><fill>0</fill></PolyStyle></Style>
	<ExtendedData><SchemaData schemaUrl="#damage_d3d_roads">
		<SimpleData name="osm_id">1217956149</SimpleData>
		<SimpleData name="type">secondary</SimpleData>
		<SimpleData name="depth_cls">0.5-1.5 m</SimpleData>
		<SimpleData name="max_depth">1.13</SimpleData>
		<SimpleData name="length_m">20</SimpleData>
	</SchemaData></ExtendedData>
      <LineString><coordinates>79.1187114624408,14.2838736127012 79.1186357932583,14.2840377846434</coordinates></LineString>
  </Placemark>
  <Placemark id="damage_d3d_roads.720">
	<Style><LineStyle><color>ff0000ff</color></LineStyle><PolyStyle><fill>0</fill></PolyStyle></Style>
	<ExtendedData><SchemaData schemaUrl="#damage_d3d_roads">
		<SimpleData name="osm_id">1217956149</SimpleData>
		<SimpleData name="type">secondary</SimpleData>
		<SimpleData name="depth_cls">&gt;1.5 m</SimpleData>
		<SimpleData name="max_depth">1.81</SimpleData>
		<SimpleData name="length_m">20</SimpleData>
	</SchemaData></ExtendedData>
      <LineString><coordinates>79.1186357932583,14.2840377846434 79.1185471234799,14.2841964819282</coordinates></LineString>
  </Placemark>
  <Placemark id="damage_d3d_roads.721">
	<Style><LineStyle><color>ff0000ff</color></LineStyle><PolyStyle><fill>0</fill></PolyStyle></Style>
	<ExtendedData><SchemaData schemaUrl="#damage_d3d_roads">
		<SimpleData name="osm_id">1217956149</SimpleData>
		<SimpleData name="type">secondary</SimpleData>
		<SimpleData name="depth_cls">0.5-1.5 m</SimpleData>
		<SimpleData name="max_depth">1.17</SimpleData>
		<SimpleData name="length_m">40</SimpleData>
	</SchemaData></ExtendedData>
      <LineString><coordinates>79.1185471234799,14.2841964819282 79.1184584535669,14.2843551791628 79.1183721532925,14.2845150834592</coordinates></LineString>
  </Placemark>
  <Placemark id="damage_d3d_roads.722">
	<Style><LineStyle><color>ff0000ff</color></LineStyle><PolyStyle><fill>0</fill></PolyStyle></Style>
	<ExtendedData><SchemaData schemaUrl="#damage_d3d_roads">
		<SimpleData name="osm_id">1217956149</SimpleData>
		<SimpleData name="type">secondary</SimpleData>
		<SimpleData name="depth_cls">&gt;1.5 m</SimpleData>
		<SimpleData name="max_depth">3.07</SimpleData>
		<SimpleData name="length_m">80</SimpleData>
	</SchemaData></ExtendedData>
      <LineString><coordinates>79.1160351296201,14.2849188162117 79.1158498692389,14.2849234064071 79.1156653468769,14.2849185113135 79.1154829177918,14.2848867131524 79.1153004887755,14.2848549148576</coordinates></LineString>
  </Placemark>
  <Placemark id="damage_d3d_roads.723">
	<Style><LineStyle><color>ff0000ff</color></LineStyle><PolyStyle><fill>0</fill></PolyStyle></Style>
	<ExtendedData><SchemaData schemaUrl="#damage_d3d_roads">
		<SimpleData name="osm_id">1217956149</SimpleData>
		<SimpleData name="type">secondary</SimpleData>
		<SimpleData name="depth_cls">0.5-1.5 m</SimpleData>
		<SimpleData name="max_depth">0.96</SimpleData>
		<SimpleData name="length_m">40</SimpleData>
	</SchemaData></ExtendedData>
      <LineString><coordinates>79.1153004887755,14.2848549148576 79.1151222514814,14.2848082951755 79.1149489,14.2847444</coordinates></LineString>
  </Placemark>
  <Placemark id="damage_d3d_roads.724">
	<Style><LineStyle><color>ff0000ff</color></LineStyle><PolyStyle><fill>0</fill></PolyStyle></Style>
	<ExtendedData><SchemaData schemaUrl="#damage_d3d_roads">
		<SimpleData name="osm_id">1450623104</SimpleData>
		<SimpleData name="type">residential</SimpleData>
		<SimpleData name="depth_cls">0.5-1.5 m</SimpleData>
		<SimpleData name="max_depth">0.79</SimpleData>
		<SimpleData name="length_m">40</SimpleData>
	</SchemaData></ExtendedData>
      <LineString><coordinates>79.1379815273086,14.2530226041574 79.1379983792191,14.2532024438063 79.1380347791991,14.253375016912</coordinates></LineString>
  </Placemark>
  <Placemark id="damage_d3d_roads.725">
	<Style><LineStyle><color>ff0000ff</color></LineStyle><PolyStyle><fill>0</fill></PolyStyle></Style>
	<ExtendedData><SchemaData schemaUrl="#damage_d3d_roads">
		<SimpleData name="osm_id">1450623104</SimpleData>
		<SimpleData name="type">residential</SimpleData>
		<SimpleData name="depth_cls">&gt;1.5 m</SimpleData>
		<SimpleData name="max_depth">2.57</SimpleData>
		<SimpleData name="length_m">279.8</SimpleData>
	</SchemaData></ExtendedData>
      <LineString><coordinates>79.1380347791991,14.253375016912 79.1381449219172,14.2535201778582 79.1382732911315,14.2536483097753 79.1384172505488,14.2537618757491 79.1385218315465,14.2538975702917 79.1385503582686,14.2540760032646 79.138578885018,14.2542544362372 79.1386074117949,14.2544328692092 79.1386359385992,14.2546113021807 79.1386644654308,14.2547897351518 79.1386929922899,14.2549681681224 79.1387215191763,14.2551466010925 79.1387500460901,14.2553250340622 79.1387785730314,14.2555034670313 79.1388071,14.2556819</coordinates></LineString>
  </Placemark>
  <Placemark id="damage_d3d_roads.726">
	<Style><LineStyle><color>ff0000ff</color></LineStyle><PolyStyle><fill>0</fill></PolyStyle></Style>
	<ExtendedData><SchemaData schemaUrl="#damage_d3d_roads">
		<SimpleData name="osm_id">1450623110</SimpleData>
		<SimpleData name="type">unclassified</SimpleData>
		<SimpleData name="depth_cls">&gt;1.5 m</SimpleData>
		<SimpleData name="max_depth">3.43</SimpleData>
		<SimpleData name="length_m">435.7</SimpleData>
	</SchemaData></ExtendedData>
      <LineString><coordinates>79.1543082,14.2694592 79.154306931954,14.2692802205337 79.1543056638921,14.269101241065 79.1543043958143,14.268922261594 79.1543031277206,14.2687432821208 79.1542904038265,14.2685649793212 79.1542581733435,14.2683889859832 79.1541962053173,14.2682296700063 79.1540419728967,14.2681326714969 79.1538918868202,14.2680302114503 79.1537517527223,14.2679146426016 79.1536116187703,14.2677990736867 79.1534468770851,14.2677217125767 79.1532792913078,14.267648767483 79.1531142864141,14.2675704582576 79.1529573278522,14.2674793490386 79.1528482297537,14.2673429803154 79.1527776484357,14.2671777636238 79.1527070672082,14.2670125469215 79.1526145456815,14.2668598747476 79.1525012027493,14.2667191073677 79.1523796093857,14.2665870551089 79.1522267091919,14.2664880726567</coordinates></LineString>
  </Placemark>
  <Placemark id="damage_d3d_roads.727">
	<Style><LineStyle><color>ff0000ff</color></LineStyle><PolyStyle><fill>0</fill></PolyStyle></Style>
	<ExtendedData><SchemaData schemaUrl="#damage_d3d_roads">
		<SimpleData name="osm_id">1450623110</SimpleData>
		<SimpleData name="type">unclassified</SimpleData>
		<SimpleData name="depth_cls">0.5-1.5 m</SimpleData>
		<SimpleData name="max_depth">1.41</SimpleData>
		<SimpleData name="length_m">19.8</SimpleData>
	</SchemaData></ExtendedData>
      <LineString><coordinates>79.1522267091919,14.2664880726567 79.1520738091388,14.2663890901218</coordinates></LineString>
  </Placemark>
  <Placemark id="damage_d3d_roads.728">
	<Style><LineStyle><color>ff0000ff</color></LineStyle><PolyStyle><fill>0</fill></PolyStyle></Style>
	<ExtendedData><SchemaData schemaUrl="#damage_d3d_roads">
		<SimpleData name="osm_id">1450623110</SimpleData>
		<SimpleData name="type">unclassified</SimpleData>
		<SimpleData name="depth_cls">&gt;1.5 m</SimpleData>
		<SimpleData name="max_depth">3.08</SimpleData>
		<SimpleData name="length_m">178.2</SimpleData>
	</SchemaData></ExtendedData>
      <LineString><coordinates>79.1520738091388,14.2663890901218 79.1519277784682,14.2662808076627 79.1518337738708,14.2661337883257 79.1517665967746,14.2659672273695 79.151699419764,14.265800666404 79.1516045129694,14.2656494731084 79.1514921850532,14.2655079345013 79.1513798572728,14.2653663958567 79.1512669699385,14.265225352228 79.1511334772054,14.2651025344484</coordinates></LineString>
  </Placemark>
  <Placemark id="damage_d3d_roads.729">
	<Style><LineStyle><color>ff0000ff</color></LineStyle><PolyStyle><fill>0</fill></PolyStyle></Style>
	<ExtendedData><SchemaData schemaUrl="#damage_d3d_roads">
		<SimpleData name="osm_id">1450623110</SimpleData>
		<SimpleData name="type">unclassified</SimpleData>
		<SimpleData name="depth_cls">0.5-1.5 m</SimpleData>
		<SimpleData name="max_depth">1.24</SimpleData>
		<SimpleData name="length_m">19.8</SimpleData>
	</SchemaData></ExtendedData>
      <LineString><coordinates>79.1511334772054,14.2651025344484 79.150999984618,14.2649797166102</coordinates></LineString>
  </Placemark>
  <Placemark id="damage_d3d_roads.730">
	<Style><LineStyle><color>ff0000ff</color></LineStyle><PolyStyle><fill>0</fill></PolyStyle></Style>
	<ExtendedData><SchemaData schemaUrl="#damage_d3d_roads">
		<SimpleData name="osm_id">1450623110</SimpleData>
		<SimpleData name="type">unclassified</SimpleData>
		<SimpleData name="depth_cls">&gt;1.5 m</SimpleData>
		<SimpleData name="max_depth">2.67</SimpleData>
		<SimpleData name="length_m">19.8</SimpleData>
	</SchemaData></ExtendedData>
      <LineString><coordinates>79.150999984618,14.2649797166102 79.1508664921764,14.2648568987135</coordinates></LineString>
  </Placemark>
  <Placemark id="damage_d3d_roads.731">
	<Style><LineStyle><color>ff0000ff</color></LineStyle><PolyStyle><fill>0</fill></PolyStyle></Style>
	<ExtendedData><SchemaData schemaUrl="#damage_d3d_roads">
		<SimpleData name="osm_id">1450623110</SimpleData>
		<SimpleData name="type">unclassified</SimpleData>
		<SimpleData name="depth_cls">0.5-1.5 m</SimpleData>
		<SimpleData name="max_depth">0.98</SimpleData>
		<SimpleData name="length_m">39.6</SimpleData>
	</SchemaData></ExtendedData>
      <LineString><coordinates>79.1508664921764,14.2648568987135 79.1507070787142,14.2647776162346 79.1505315419276,14.2647254134937</coordinates></LineString>
  </Placemark>
  <Placemark id="damage_d3d_roads.732">
	<Style><LineStyle><color>ff0000ff</color></LineStyle><PolyStyle><fill>0</fill></PolyStyle></Style>
	<ExtendedData><SchemaData schemaUrl="#damage_d3d_roads">
		<SimpleData name="osm_id">1450623110</SimpleData>
		<SimpleData name="type">unclassified</SimpleData>
		<SimpleData name="depth_cls">0.5-1.5 m</SimpleData>
		<SimpleData name="max_depth">1.14</SimpleData>
		<SimpleData name="length_m">39.6</SimpleData>
	</SchemaData></ExtendedData>
      <LineString><coordinates>79.1498048852073,14.2647608725103 79.1496234076234,14.2647342714912 79.1494427935139,14.2647603822542</coordinates></LineString>
  </Placemark>
  <Placemark id="damage_d3d_roads.733">
	<Style><LineStyle><color>ff0000ff</color></LineStyle><PolyStyle><fill>0</fill></PolyStyle></Style>
	<ExtendedData><SchemaData schemaUrl="#damage_d3d_roads">
		<SimpleData name="osm_id">1450623110</SimpleData>
		<SimpleData name="type">unclassified</SimpleData>
		<SimpleData name="depth_cls">&gt;1.5 m</SimpleData>
		<SimpleData name="max_depth">2.05</SimpleData>
		<SimpleData name="length_m">79.2</SimpleData>
	</SchemaData></ExtendedData>
      <LineString><coordinates>79.1494427935139,14.2647603822542 79.1492599175785,14.2647582698159 79.1490766615401,14.2647488060089 79.148904492161,14.264796622216 79.1487372,14.2648702</coordinates></LineString>
  </Placemark>
  <Placemark id="damage_d3d_roads.734">
	<Style><LineStyle><color>ff0000ff</color></LineStyle><PolyStyle><fill>0</fill></PolyStyle></Style>
	<ExtendedData><SchemaData schemaUrl="#damage_d3d_roads">
		<SimpleData name="osm_id">1450623113</SimpleData>
		<SimpleData name="type">unclassified</SimpleData>
		<SimpleData name="depth_cls">&gt;1.5 m</SimpleData>
		<SimpleData name="max_depth">4.89</SimpleData>
		<SimpleData name="length_m">239.9</SimpleData>
	</SchemaData></ExtendedData>
      <LineString><coordinates>79.1205401,14.281781 79.1205459082628,14.2819615635527 79.1205638385388,14.2821399932855 79.1206231271746,14.2823111427819 79.1206784407701,14.2824833034957 79.1207124308555,14.2826608886753 79.1207277006597,14.2828380461666 79.1206852206226,14.2830138842846 79.1206419689293,14.2831895185017 79.1205876109853,14.2833622179738 79.120533252943,14.2835349174209 79.1204818479946,14.2837084655056 79.120431492485,14.283882315173</coordinates></LineString>
  </Placemark>
  <Placemark id="damage_d3d_roads.735">
	<Style><LineStyle><color>ff0000ff</color></LineStyle><PolyStyle><fill>0</fill></PolyStyle></Style>
	<ExtendedData><SchemaData schemaUrl="#damage_d3d_roads">
		<SimpleData name="osm_id">1450623113</SimpleData>
		<SimpleData name="type">unclassified</SimpleData>
		<SimpleData name="depth_cls">0.5-1.5 m</SimpleData>
		<SimpleData name="max_depth">1.14</SimpleData>
		<SimpleData name="length_m">60</SimpleData>
	</SchemaData></ExtendedData>
      <LineString><coordinates>79.120431492485,14.283882315173 79.1204334943436,14.2840578028241 79.1204723205725,14.2842344425215 79.120511146845,14.2844110822175</coordinates></LineString>
  </Placemark>
  <Placemark id="damage_d3d_roads.736">
	<Style><LineStyle><color>ff0000ff</color></LineStyle><PolyStyle><fill>0</fill></PolyStyle></Style>
	<ExtendedData><SchemaData schemaUrl="#damage_d3d_roads">
		<SimpleData name="osm_id">1450465873</SimpleData>
		<SimpleData name="type">residential</SimpleData>
		<SimpleData name="depth_cls">0.5-1.5 m</SimpleData>
		<SimpleData name="max_depth">1.23</SimpleData>
		<SimpleData name="length_m">59.4</SimpleData>
	</SchemaData></ExtendedData>
      <LineString><coordinates>79.1612993,14.2705147 79.1612441017307,14.2706852786483 79.1612591629639,14.2708626432574 79.1612789833257,14.2710404675222</coordinates></LineString>
  </Placemark>
  <Placemark id="damage_d3d_roads.737">
	<Style><LineStyle><color>ff0000ff</color></LineStyle><PolyStyle><fill>0</fill></PolyStyle></Style>
	<ExtendedData><SchemaData schemaUrl="#damage_d3d_roads">
		<SimpleData name="osm_id">565017234</SimpleData>
		<SimpleData name="type">secondary</SimpleData>
		<SimpleData name="depth_cls">0.5-1.5 m</SimpleData>
		<SimpleData name="max_depth">1.41</SimpleData>
		<SimpleData name="length_m">120</SimpleData>
	</SchemaData></ExtendedData>
      <LineString><coordinates>79.1906224416156,14.3089953989791 79.1904403598179,14.3090292490164 79.1902582779822,14.3090630989077 79.1900761961085,14.3090969486528 79.1898941141969,14.3091307982518 79.1897120322474,14.3091646477047 79.1895272905588,14.3091729065748</coordinates></LineString>
  </Placemark>
  <Placemark id="damage_d3d_roads.738">
	<Style><LineStyle><color>ff0000ff</color></LineStyle><PolyStyle><fill>0</fill></PolyStyle></Style>
	<ExtendedData><SchemaData schemaUrl="#damage_d3d_roads">
		<SimpleData name="osm_id">565017234</SimpleData>
		<SimpleData name="type">secondary</SimpleData>
		<SimpleData name="depth_cls">&gt;1.5 m</SimpleData>
		<SimpleData name="max_depth">1.86</SimpleData>
		<SimpleData name="length_m">40</SimpleData>
	</SchemaData></ExtendedData>
      <LineString><coordinates>79.1895272905588,14.3091729065748 79.1893501053177,14.3091274290224 79.189175512574,14.3090667195938</coordinates></LineString>
  </Placemark>
  <Placemark id="damage_d3d_roads.739">
	<Style><LineStyle><color>ff0000ff</color></LineStyle><PolyStyle><fill>0</fill></PolyStyle></Style>
	<ExtendedData><SchemaData schemaUrl="#damage_d3d_roads">
		<SimpleData name="osm_id">565017234</SimpleData>
		<SimpleData name="type">secondary</SimpleData>
		<SimpleData name="depth_cls">0.5-1.5 m</SimpleData>
		<SimpleData name="max_depth">0.71</SimpleData>
		<SimpleData name="length_m">40</SimpleData>
	</SchemaData></ExtendedData>
      <LineString><coordinates>79.189175512574,14.3090667195938 79.1890009199379,14.3090060100476 79.1888250344554,14.3089489688563</coordinates></LineString>
  </Placemark>
  <Placemark id="damage_d3d_roads.740">
	<Style><LineStyle><color>ff0000ff</color></LineStyle><PolyStyle><fill>0</fill></PolyStyle></Style>
	<ExtendedData><SchemaData schemaUrl="#damage_d3d_roads">
		<SimpleData name="osm_id">565017234</SimpleData>
		<SimpleData name="type">secondary</SimpleData>
		<SimpleData name="depth_cls">0.5-1.5 m</SimpleData>
		<SimpleData name="max_depth">1.04</SimpleData>
		<SimpleData name="length_m">140</SimpleData>
	</SchemaData></ExtendedData>
      <LineString><coordinates>79.1841001979083,14.3060616127224 79.1839164594923,14.3060377688408 79.1837327211325,14.3060139248217 79.1835489828288,14.305990080665 79.1833652445813,14.3059662363707 79.1831834221745,14.3059313156167 79.1830044533025,14.3058844279188 79.1828294828095,14.3058260560032</coordinates></LineString>
  </Placemark>
  <Placemark id="damage_d3d_roads.741">
	<Style><LineStyle><color>ff0000ff</color></LineStyle><PolyStyle><fill>0</fill></PolyStyle></Style>
	<ExtendedData><SchemaData schemaUrl="#damage_d3d_roads">
		<SimpleData name="osm_id">565017234</SimpleData>
		<SimpleData name="type">secondary</SimpleData>
		<SimpleData name="depth_cls">0.1-0.5 m</SimpleData>
		<SimpleData name="max_depth">0.3</SimpleData>
		<SimpleData name="length_m">20</SimpleData>
	</SchemaData></ExtendedData>
      <LineString><coordinates>79.1825860011884,14.2986750954048 79.1824808552941,14.2985262454206</coordinates></LineString>
  </Placemark>
  <Placemark id="damage_d3d_roads.742">
	<Style><LineStyle><color>ff0000ff</color></LineStyle><PolyStyle><fill>0</fill></PolyStyle></Style>
	<ExtendedData><SchemaData schemaUrl="#damage_d3d_roads">
		<SimpleData name="osm_id">565017234</SimpleData>
		<SimpleData name="type">secondary</SimpleData>
		<SimpleData name="depth_cls">0.1-0.5 m</SimpleData>
		<SimpleData name="max_depth">0.37</SimpleData>
		<SimpleData name="length_m">60</SimpleData>
	</SchemaData></ExtendedData>
      <LineString><coordinates>79.1628095523365,14.2709860051171 79.1626330408358,14.2709309216699 79.1624565294359,14.2708758381018 79.1622800181366,14.2708207544129</coordinates></LineString>
  </Placemark>
  <Placemark id="damage_d3d_roads.743">
	<Style><LineStyle><color>ff0000ff</color></LineStyle><PolyStyle><fill>0</fill></PolyStyle></Style>
	<ExtendedData><SchemaData schemaUrl="#damage_d3d_roads">
		<SimpleData name="osm_id">565017234</SimpleData>
		<SimpleData name="type">secondary</SimpleData>
		<SimpleData name="depth_cls">&gt;1.5 m</SimpleData>
		<SimpleData name="max_depth">3.06</SimpleData>
		<SimpleData name="length_m">340</SimpleData>
	</SchemaData></ExtendedData>
      <LineString><coordinates>79.1622800181366,14.2708207544129 79.162103506938,14.2707656706033 79.16192699584,14.2707105866728 79.1617504848428,14.2706555026215 79.1615739739461,14.2706004184494 79.1613974631502,14.2705453341565 79.1612209500358,14.2704902571174 79.1610452896673,14.27043345648 79.1608910971814,14.2703331842143 79.160736904839,14.2702329118643 79.1605790394551,14.2701389091214 79.1604121731951,14.2700602699378 79.1602453070622,14.2699816306506 79.1600721170085,14.2699267234035 79.1598871065096,14.2699161746499 79.159702096046,14.2699056257545 79.1595237501052,14.2699290591215 79.1593557901617,14.2700054511432</coordinates></LineString>
  </Placemark>
  <Placemark id="damage_d3d_roads.744">
	<Style><LineStyle><color>ff0000ff</color></LineStyle><PolyStyle><fill>0</fill></PolyStyle></Style>
	<ExtendedData><SchemaData schemaUrl="#damage_d3d_roads">
		<SimpleData name="osm_id">565017234</SimpleData>
		<SimpleData name="type">secondary</SimpleData>
		<SimpleData name="depth_cls">0.5-1.5 m</SimpleData>
		<SimpleData name="max_depth">1.28</SimpleData>
		<SimpleData name="length_m">20</SimpleData>
	</SchemaData></ExtendedData>
      <LineString><coordinates>79.1593557901617,14.2700054511432 79.1591878301166,14.2700818430324</coordinates></LineString>
  </Placemark>
  <Placemark id="damage_d3d_roads.745">
	<Style><LineStyle><color>ff0000ff</color></LineStyle><PolyStyle><fill>0</fill></PolyStyle></Style>
	<ExtendedData><SchemaData schemaUrl="#damage_d3d_roads">
		<SimpleData name="osm_id">565017234</SimpleData>
		<SimpleData name="type">secondary</SimpleData>
		<SimpleData name="depth_cls">&gt;1.5 m</SimpleData>
		<SimpleData name="max_depth">3.49</SimpleData>
		<SimpleData name="length_m">460</SimpleData>
	</SchemaData></ExtendedData>
      <LineString><coordinates>79.1591878301166,14.2700818430324 79.1590178480562,14.2701532973672 79.1588421396895,14.2702107683903 79.1586664312482,14.2702682392728 79.1584840699856,14.2702667472502 79.1582997522257,14.2702479145033 79.1581154345143,14.2702290816174 79.1579311168514,14.2702102485924 79.157746799237,14.2701914154284 79.1575633822021,14.2701666534842 79.1573813823152,14.2701325620446 79.1571993825,14.2700984704723 79.1570173827565,14.2700643787673 79.1568353830848,14.2700302869298 79.1566547440189,14.2699903263878 79.1564754094398,14.2699447392649 79.1562960749488,14.2698991520155 79.156116740546,14.2698535646396 79.1559374062312,14.2698079771371 79.1557580720046,14.269762389508 79.1555776307844,14.2697215925421 79.1553955830573,14.2696877477796 79.1552135354016,14.2696539028844 79.1550314878173,14.2696200578565</coordinates></LineString>
  </Placemark>
  <Placemark id="damage_d3d_roads.746">
	<Style><LineStyle><color>ff0000ff</color></LineStyle><PolyStyle><fill>0</fill></PolyStyle></Style>
	<ExtendedData><SchemaData schemaUrl="#damage_d3d_roads">
		<SimpleData name="osm_id">565017234</SimpleData>
		<SimpleData name="type">secondary</SimpleData>
		<SimpleData name="depth_cls">0.5-1.5 m</SimpleData>
		<SimpleData name="max_depth">1.3</SimpleData>
		<SimpleData name="length_m">40</SimpleData>
	</SchemaData></ExtendedData>
      <LineString><coordinates>79.1550314878173,14.2696200578565 79.1548494403044,14.2695862126958 79.1546673928629,14.2695523674024</coordinates></LineString>
  </Placemark>
  <Placemark id="damage_d3d_roads.747">
	<Style><LineStyle><color>ff0000ff</color></LineStyle><PolyStyle><fill>0</fill></PolyStyle></Style>
	<ExtendedData><SchemaData schemaUrl="#damage_d3d_roads">
		<SimpleData name="osm_id">565017234</SimpleData>
		<SimpleData name="type">secondary</SimpleData>
		<SimpleData name="depth_cls">&gt;1.5 m</SimpleData>
		<SimpleData name="max_depth">1.51</SimpleData>
		<SimpleData name="length_m">20</SimpleData>
	</SchemaData></ExtendedData>
      <LineString><coordinates>79.1546673928629,14.2695523674024 79.1544882374921,14.2695061953409</coordinates></LineString>
  </Placemark>
  <Placemark id="damage_d3d_roads.748">
	<Style><LineStyle><color>ff0000ff</color></LineStyle><PolyStyle><fill>0</fill></PolyStyle></Style>
	<ExtendedData><SchemaData schemaUrl="#damage_d3d_roads">
		<SimpleData name="osm_id">565017234</SimpleData>
		<SimpleData name="type">secondary</SimpleData>
		<SimpleData name="depth_cls">0.1-0.5 m</SimpleData>
		<SimpleData name="max_depth">0.3</SimpleData>
		<SimpleData name="length_m">40</SimpleData>
	</SchemaData></ExtendedData>
      <LineString><coordinates>79.1544882374921,14.2695061953409 79.154309213279,14.2694594644975 79.154129666454,14.2694686909885</coordinates></LineString>
  </Placemark>
  <Placemark id="damage_d3d_roads.749">
	<Style><LineStyle><color>ff0000ff</color></LineStyle><PolyStyle><fill>0</fill></PolyStyle></Style>
	<ExtendedData><SchemaData schemaUrl="#damage_d3d_roads">
		<SimpleData name="osm_id">565017234</SimpleData>
		<SimpleData name="type">secondary</SimpleData>
		<SimpleData name="depth_cls">0.5-1.5 m</SimpleData>
		<SimpleData name="max_depth">1.23</SimpleData>
		<SimpleData name="length_m">80</SimpleData>
	</SchemaData></ExtendedData>
      <LineString><coordinates>79.154129666454,14.2694686909885 79.1539498049119,14.2695122562056 79.1537699433168,14.2695558212784 79.1535900816687,14.2695993862068 79.1534102199675,14.2696429509909</coordinates></LineString>
  </Placemark>
  <Placemark id="damage_d3d_roads.750">
	<Style><LineStyle><color>ff0000ff</color></LineStyle><PolyStyle><fill>0</fill></PolyStyle></Style>
	<ExtendedData><SchemaData schemaUrl="#damage_d3d_roads">
		<SimpleData name="osm_id">565017234</SimpleData>
		<SimpleData name="type">secondary</SimpleData>
		<SimpleData name="depth_cls">0.1-0.5 m</SimpleData>
		<SimpleData name="max_depth">0.22</SimpleData>
		<SimpleData name="length_m">40</SimpleData>
	</SchemaData></ExtendedData>
      <LineString><coordinates>79.1534102199675,14.2696429509909 79.1532267597081,14.2696449417255 79.1530419550714,14.2696314002687</coordinates></LineString>
  </Placemark>
  <Placemark id="damage_d3d_roads.751">
	<Style><LineStyle><color>ff0000ff</color></LineStyle><PolyStyle><fill>0</fill></PolyStyle></Style>
	<ExtendedData><SchemaData schemaUrl="#damage_d3d_roads">
		<SimpleData name="osm_id">565017234</SimpleData>
		<SimpleData name="type">secondary</SimpleData>
		<SimpleData name="depth_cls">0.1-0.5 m</SimpleData>
		<SimpleData name="max_depth">0.49</SimpleData>
		<SimpleData name="length_m">60</SimpleData>
	</SchemaData></ExtendedData>
      <LineString><coordinates>79.1396386302959,14.2678305229647 79.1394535331788,14.2678216084184 79.1392684360945,14.26781269373 79.1390833390432,14.2678037788994</coordinates></LineString>
  </Placemark>
  <Placemark id="damage_d3d_roads.752">
	<Style><LineStyle><color>ff0000ff</color></LineStyle><PolyStyle><fill>0</fill></PolyStyle></Style>
	<ExtendedData><SchemaData schemaUrl="#damage_d3d_roads">
		<SimpleData name="osm_id">565017234</SimpleData>
		<SimpleData name="type">secondary</SimpleData>
		<SimpleData name="depth_cls">&gt;1.5 m</SimpleData>
		<SimpleData name="max_depth">5.33</SimpleData>
		<SimpleData name="length_m">400</SimpleData>
	</SchemaData></ExtendedData>
      <LineString><coordinates>79.1288983239499,14.2673341681517 79.12872853991,14.2672718789666 79.1285528362768,14.2672144099995 79.1283771327475,14.2671569409134 79.1282014293222,14.2670994717082 79.1280257260008,14.267042002384 79.127847701742,14.2670457873202 79.1276681284586,14.2670904516774 79.1274885551206,14.2671351158903 79.127308981728,14.267179779959 79.1271294082809,14.2672244438834 79.1269498347793,14.2672691076637 79.1267702612231,14.2673137712997 79.1265906876123,14.2673584347915 79.126411113947,14.2674030981391 79.1262315402271,14.2674477613424 79.126052642792,14.2674948602554 79.1258744989316,14.2675446732624 79.1256963550085,14.2675944861264 79.1255182110228,14.2676442988473 79.1253400669745,14.2676941114252</coordinates></LineString>
  </Placemark>
  <Placemark id="damage_d3d_roads.753">
	<Style><LineStyle><color>ff0000ff</color></LineStyle><PolyStyle><fill>0</fill></PolyStyle></Style>
	<ExtendedData><SchemaData schemaUrl="#damage_d3d_roads">
		<SimpleData name="osm_id">565017234</SimpleData>
		<SimpleData name="type">secondary</SimpleData>
		<SimpleData name="depth_cls">0.1-0.5 m</SimpleData>
		<SimpleData name="max_depth">0.11</SimpleData>
		<SimpleData name="length_m">40</SimpleData>
	</SchemaData></ExtendedData>
      <LineString><coordinates>79.1253400669745,14.2676941114252 79.1251619228635,14.26774392386 79.1249837786899,14.2677937361517</coordinates></LineString>
  </Placemark>
  <Placemark id="damage_d3d_roads.754">
	<Style><LineStyle><color>ff0000ff</color></LineStyle><PolyStyle><fill>0</fill></PolyStyle></Style>
	<ExtendedData><SchemaData schemaUrl="#damage_d3d_roads">
		<SimpleData name="osm_id">565017234</SimpleData>
		<SimpleData name="type">secondary</SimpleData>
		<SimpleData name="depth_cls">0.5-1.5 m</SimpleData>
		<SimpleData name="max_depth">1.32</SimpleData>
		<SimpleData name="length_m">60</SimpleData>
	</SchemaData></ExtendedData>
      <LineString><coordinates>79.1248056344537,14.2678435483004 79.1246227091328,14.2678306695404 79.1244389692391,14.2678071090009 79.1242552294016,14.2677835483243</coordinates></LineString>
  </Placemark>
  <Placemark id="damage_d3d_roads.755">
	<Style><LineStyle><color>ff0000ff</color></LineStyle><PolyStyle><fill>0</fill></PolyStyle></Style>
	<ExtendedData><SchemaData schemaUrl="#damage_d3d_roads">
		<SimpleData name="osm_id">565017234</SimpleData>
		<SimpleData name="type">secondary</SimpleData>
		<SimpleData name="depth_cls">0.1-0.5 m</SimpleData>
		<SimpleData name="max_depth">0.42</SimpleData>
		<SimpleData name="length_m">100</SimpleData>
	</SchemaData></ExtendedData>
      <LineString><coordinates>79.1169517622713,14.2668008991245 79.1167666676669,14.2667919963964 79.1165815730955,14.2667830935262 79.1163972275878,14.2667938397225 79.1162143046634,14.2668212161249 79.1160346740027,14.2668656551683</coordinates></LineString>
  </Placemark>
  <Placemark id="damage_d3d_roads.756">
	<Style><LineStyle><color>ff0000ff</color></LineStyle><PolyStyle><fill>0</fill></PolyStyle></Style>
	<ExtendedData><SchemaData schemaUrl="#damage_d3d_roads">
		<SimpleData name="osm_id">1259299249</SimpleData>
		<SimpleData name="type">residential</SimpleData>
		<SimpleData name="depth_cls">0.5-1.5 m</SimpleData>
		<SimpleData name="max_depth">0.78</SimpleData>
		<SimpleData name="length_m">18.9</SimpleData>
	</SchemaData></ExtendedData>
      <LineString><coordinates>79.1119563296756,14.2443010327575 79.1120888545046,14.2442385704447</coordinates></LineString>
  </Placemark>
  <Placemark id="damage_d3d_roads.757">
	<Style><LineStyle><color>ff0000ff</color></LineStyle><PolyStyle><fill>0</fill></PolyStyle></Style>
	<ExtendedData><SchemaData schemaUrl="#damage_d3d_roads">
		<SimpleData name="osm_id">1259299249</SimpleData>
		<SimpleData name="type">residential</SimpleData>
		<SimpleData name="depth_cls">0.1-0.5 m</SimpleData>
		<SimpleData name="max_depth">0.14</SimpleData>
		<SimpleData name="length_m">37.8</SimpleData>
	</SchemaData></ExtendedData>
      <LineString><coordinates>79.1121559095147,14.2439029104373 79.1121894369222,14.243735080414 79.1122229642645,14.2435672503777</coordinates></LineString>
  </Placemark>
  <Placemark id="damage_d3d_roads.758">
	<Style><LineStyle><color>ff0000ff</color></LineStyle><PolyStyle><fill>0</fill></PolyStyle></Style>
	<ExtendedData><SchemaData schemaUrl="#damage_d3d_roads">
		<SimpleData name="osm_id">1259299249</SimpleData>
		<SimpleData name="type">residential</SimpleData>
		<SimpleData name="depth_cls">0.5-1.5 m</SimpleData>
		<SimpleData name="max_depth">1.3</SimpleData>
		<SimpleData name="length_m">94.6</SimpleData>
	</SchemaData></ExtendedData>
      <LineString><coordinates>79.1122229642645,14.2435672503777 79.1122564915418,14.2433994203283 79.112290018754,14.2432315902658 79.1123235459011,14.2430637601902 79.1123570729831,14.2428959301016 79.1123906,14.2427281</coordinates></LineString>
  </Placemark>
  <Placemark id="damage_d3d_roads.759">
	<Style><LineStyle><color>ff0000ff</color></LineStyle><PolyStyle><fill>0</fill></PolyStyle></Style>
	<ExtendedData><SchemaData schemaUrl="#damage_d3d_roads">
		<SimpleData name="osm_id">1259299259</SimpleData>
		<SimpleData name="type">residential</SimpleData>
		<SimpleData name="depth_cls">0.5-1.5 m</SimpleData>
		<SimpleData name="max_depth">1.33</SimpleData>
		<SimpleData name="length_m">58.1</SimpleData>
	</SchemaData></ExtendedData>
      <LineString><coordinates>79.1008178692431,14.2428092256694 79.1008375923502,14.242983300892 79.1008573154704,14.2431573761144 79.1009347128606,14.2433133427569</coordinates></LineString>
  </Placemark>
  <Placemark id="damage_d3d_roads.760">
	<Style><LineStyle><color>ff0000ff</color></LineStyle><PolyStyle><fill>0</fill></PolyStyle></Style>
	<ExtendedData><SchemaData schemaUrl="#damage_d3d_roads">
		<SimpleData name="osm_id">1259299259</SimpleData>
		<SimpleData name="type">residential</SimpleData>
		<SimpleData name="depth_cls">&gt;1.5 m</SimpleData>
		<SimpleData name="max_depth">1.87</SimpleData>
		<SimpleData name="length_m">58.1</SimpleData>
	</SchemaData></ExtendedData>
      <LineString><coordinates>79.1009347128606,14.2433133427569 79.1010343721909,14.2434529927385 79.101201455008,14.2435171211669 79.1013685379323,14.2435812494896</coordinates></LineString>
  </Placemark>
  <Placemark id="damage_d3d_roads.761">
	<Style><LineStyle><color>ff0000ff</color></LineStyle><PolyStyle><fill>0</fill></PolyStyle></Style>
	<ExtendedData><SchemaData schemaUrl="#damage_d3d_roads">
		<SimpleData name="osm_id">1259299259</SimpleData>
		<SimpleData name="type">residential</SimpleData>
		<SimpleData name="depth_cls">0.5-1.5 m</SimpleData>
		<SimpleData name="max_depth">1.47</SimpleData>
		<SimpleData name="length_m">174.4</SimpleData>
	</SchemaData></ExtendedData>
      <LineString><coordinates>79.1013685379323,14.2435812494896 79.1015356209641,14.2436453777067 79.1017027041032,14.2437095058181 79.1018697873496,14.2437736338238 79.1019995012926,14.2438935802353 79.1021669075482,14.2439404614107 79.1023441350362,14.2439685588992 79.1025213625848,14.2439966562613 79.1026799330016,14.2440786420502 79.1028383402793,14.2441610993109</coordinates></LineString>
  </Placemark>
  <Placemark id="damage_d3d_roads.762">
	<Style><LineStyle><color>ff0000ff</color></LineStyle><PolyStyle><fill>0</fill></PolyStyle></Style>
	<ExtendedData><SchemaData schemaUrl="#damage_d3d_roads">
		<SimpleData name="osm_id">1259299259</SimpleData>
		<SimpleData name="type">residential</SimpleData>
		<SimpleData name="depth_cls">0.1-0.5 m</SimpleData>
		<SimpleData name="max_depth">0.12</SimpleData>
		<SimpleData name="length_m">38.8</SimpleData>
	</SchemaData></ExtendedData>
      <LineString><coordinates>79.1028383402793,14.2441610993109 79.1029967476819,14.2442435564802 79.1030202337678,14.2444094567732</coordinates></LineString>
  </Placemark>
  <Placemark id="damage_d3d_roads.763">
	<Style><LineStyle><color>ff0000ff</color></LineStyle><PolyStyle><fill>0</fill></PolyStyle></Style>
	<ExtendedData><SchemaData schemaUrl="#damage_d3d_roads">
		<SimpleData name="osm_id">1259299259</SimpleData>
		<SimpleData name="type">residential</SimpleData>
		<SimpleData name="depth_cls">0.1-0.5 m</SimpleData>
		<SimpleData name="max_depth">0.3</SimpleData>
		<SimpleData name="length_m">19.4</SimpleData>
	</SchemaData></ExtendedData>
      <LineString><coordinates>79.1030380380653,14.2447592964464 79.1030469402084,14.2449342162814</coordinates></LineString>
  </Placemark>
  <Placemark id="damage_d3d_roads.764">
	<Style><LineStyle><color>ff0000ff</color></LineStyle><PolyStyle><fill>0</fill></PolyStyle></Style>
	<ExtendedData><SchemaData schemaUrl="#damage_d3d_roads">
		<SimpleData name="osm_id">567442397</SimpleData>
		<SimpleData name="type">secondary</SimpleData>
		<SimpleData name="depth_cls">0.1-0.5 m</SimpleData>
		<SimpleData name="max_depth">0.5</SimpleData>
		<SimpleData name="length_m">20</SimpleData>
	</SchemaData></ExtendedData>
      <LineString><coordinates>79.107022,14.2467041 79.1069497251123,14.24653833047</coordinates></LineString>
  </Placemark>
  <Placemark id="damage_d3d_roads.765">
	<Style><LineStyle><color>ff0000ff</color></LineStyle><PolyStyle><fill>0</fill></PolyStyle></Style>
	<ExtendedData><SchemaData schemaUrl="#damage_d3d_roads">
		<SimpleData name="osm_id">567442397</SimpleData>
		<SimpleData name="type">secondary</SimpleData>
		<SimpleData name="depth_cls">0.5-1.5 m</SimpleData>
		<SimpleData name="max_depth">0.52</SimpleData>
		<SimpleData name="length_m">20</SimpleData>
	</SchemaData></ExtendedData>
      <LineString><coordinates>79.1067544956556,14.2460340445736 79.106639800352,14.2458921981696</coordinates></LineString>
  </Placemark>
  <Placemark id="damage_d3d_roads.766">
	<Style><LineStyle><color>ff0000ff</color></LineStyle><PolyStyle><fill>0</fill></PolyStyle></Style>
	<ExtendedData><SchemaData schemaUrl="#damage_d3d_roads">
		<SimpleData name="osm_id">567442397</SimpleData>
		<SimpleData name="type">secondary</SimpleData>
		<SimpleData name="depth_cls">0.1-0.5 m</SimpleData>
		<SimpleData name="max_depth">0.39</SimpleData>
		<SimpleData name="length_m">20</SimpleData>
	</SchemaData></ExtendedData>
      <LineString><coordinates>79.1063902318189,14.2456261557429 79.106236777811,14.2455253116729</coordinates></LineString>
  </Placemark>
  <Placemark id="damage_d3d_roads.767">
	<Style><LineStyle><color>ff0000ff</color></LineStyle><PolyStyle><fill>0</fill></PolyStyle></Style>
	<ExtendedData><SchemaData schemaUrl="#damage_d3d_roads">
		<SimpleData name="osm_id">567442397</SimpleData>
		<SimpleData name="type">secondary</SimpleData>
		<SimpleData name="depth_cls">&gt;1.5 m</SimpleData>
		<SimpleData name="max_depth">1.52</SimpleData>
		<SimpleData name="length_m">20</SimpleData>
	</SchemaData></ExtendedData>
      <LineString><coordinates>79.106236777811,14.2455253116729 79.1060841479462,14.2454229946408</coordinates></LineString>
  </Placemark>
  <Placemark id="damage_d3d_roads.768">
	<Style><LineStyle><color>ff0000ff</color></LineStyle><PolyStyle><fill>0</fill></PolyStyle></Style>
	<ExtendedData><SchemaData schemaUrl="#damage_d3d_roads">
		<SimpleData name="osm_id">567442397</SimpleData>
		<SimpleData name="type">secondary</SimpleData>
		<SimpleData name="depth_cls">0.5-1.5 m</SimpleData>
		<SimpleData name="max_depth">1.41</SimpleData>
		<SimpleData name="length_m">60</SimpleData>
	</SchemaData></ExtendedData>
      <LineString><coordinates>79.1059334080302,14.2453180108286 79.1058078455893,14.2451854092605 79.1056815324776,14.245053861471 79.1055223675743,14.2449633979832</coordinates></LineString>
  </Placemark>
  <Placemark id="damage_d3d_roads.769">
	<Style><LineStyle><color>ff0000ff</color></LineStyle><PolyStyle><fill>0</fill></PolyStyle></Style>
	<ExtendedData><SchemaData schemaUrl="#damage_d3d_roads">
		<SimpleData name="osm_id">567442397</SimpleData>
		<SimpleData name="type">secondary</SimpleData>
		<SimpleData name="depth_cls">0.5-1.5 m</SimpleData>
		<SimpleData name="max_depth">1.31</SimpleData>
		<SimpleData name="length_m">259.9</SimpleData>
	</SchemaData></ExtendedData>
      <LineString><coordinates>79.1053451137437,14.2449110020617 79.105169270615,14.24485430693 79.1050506917772,14.2447232267819 79.1050438623293,14.2445439023989 79.105072517021,14.244365638343 79.1051136103126,14.2441895748819 79.1051598862481,14.2440146406533 79.1051990978933,14.2438382670044 79.1052276495475,14.2436597691164 79.1052534032819,14.2434808603634 79.1052791569577,14.2433019516001 79.1053052833897,14.243123094603 79.1053317476001,14.2429442845143 79.1053582117509,14.242765474415</coordinates></LineString>
  </Placemark>
  <Placemark id="damage_d3d_roads.770">
	<Style><LineStyle><color>ff0000ff</color></LineStyle><PolyStyle><fill>0</fill></PolyStyle></Style>
	<ExtendedData><SchemaData schemaUrl="#damage_d3d_roads">
		<SimpleData name="osm_id">567442397</SimpleData>
		<SimpleData name="type">secondary</SimpleData>
		<SimpleData name="depth_cls">0.1-0.5 m</SimpleData>
		<SimpleData name="max_depth">0.41</SimpleData>
		<SimpleData name="length_m">40</SimpleData>
	</SchemaData></ExtendedData>
      <LineString><coordinates>79.0872087977946,14.2472019211379 79.0870340002379,14.2472616121582 79.0868579768514,14.2473152866694</coordinates></LineString>
  </Placemark>
  <Placemark id="damage_d3d_roads.771">
	<Style><LineStyle><color>ff0000ff</color></LineStyle><PolyStyle><fill>0</fill></PolyStyle></Style>
	<ExtendedData><SchemaData schemaUrl="#damage_d3d_roads">
		<SimpleData name="osm_id">567442397</SimpleData>
		<SimpleData name="type">secondary</SimpleData>
		<SimpleData name="depth_cls">&gt;1.5 m</SimpleData>
		<SimpleData name="max_depth">4.44</SimpleData>
		<SimpleData name="length_m">100</SimpleData>
	</SchemaData></ExtendedData>
      <LineString><coordinates>79.0863745648134,14.2471365418432 79.0863564089895,14.2469573185966 79.0863055686875,14.2467846944343 79.0862146767947,14.2466277090662 79.0860903145253,14.2464940744374 79.0859509258313,14.2463758402759</coordinates></LineString>
  </Placemark>
  <Placemark id="damage_d3d_roads.772">
	<Style><LineStyle><color>ff0000ff</color></LineStyle><PolyStyle><fill>0</fill></PolyStyle></Style>
	<ExtendedData><SchemaData schemaUrl="#damage_d3d_roads">
		<SimpleData name="osm_id">567442397</SimpleData>
		<SimpleData name="type">secondary</SimpleData>
		<SimpleData name="depth_cls">&gt;1.5 m</SimpleData>
		<SimpleData name="max_depth">2.83</SimpleData>
		<SimpleData name="length_m">20</SimpleData>
	</SchemaData></ExtendedData>
      <LineString><coordinates>79.0840886195335,14.2456118124662 79.083911758774,14.2455582234213</coordinates></LineString>
  </Placemark>
  <Placemark id="damage_d3d_roads.773">
	<Style><LineStyle><color>ff0000ff</color></LineStyle><PolyStyle><fill>0</fill></PolyStyle></Style>
	<ExtendedData><SchemaData schemaUrl="#damage_d3d_roads">
		<SimpleData name="osm_id">567442397</SimpleData>
		<SimpleData name="type">secondary</SimpleData>
		<SimpleData name="depth_cls">0.5-1.5 m</SimpleData>
		<SimpleData name="max_depth">1.47</SimpleData>
		<SimpleData name="length_m">20</SimpleData>
	</SchemaData></ExtendedData>
      <LineString><coordinates>79.0835553174384,14.2454600149877 79.083373307066,14.2454577730544</coordinates></LineString>
  </Placemark>
  <Placemark id="damage_d3d_roads.774">
	<Style><LineStyle><color>ff0000ff</color></LineStyle><PolyStyle><fill>0</fill></PolyStyle></Style>
	<ExtendedData><SchemaData schemaUrl="#damage_d3d_roads">
		<SimpleData name="osm_id">567442397</SimpleData>
		<SimpleData name="type">secondary</SimpleData>
		<SimpleData name="depth_cls">0.1-0.5 m</SimpleData>
		<SimpleData name="max_depth">0.15</SimpleData>
		<SimpleData name="length_m">40</SimpleData>
	</SchemaData></ExtendedData>
      <LineString><coordinates>79.083373307066,14.2454577730544 79.0831994548652,14.2455107213207 79.0830144033944,14.2455106244816</coordinates></LineString>
  </Placemark>
  <Placemark id="damage_d3d_roads.775">
	<Style><LineStyle><color>ff0000ff</color></LineStyle><PolyStyle><fill>0</fill></PolyStyle></Style>
	<ExtendedData><SchemaData schemaUrl="#damage_d3d_roads">
		<SimpleData name="osm_id">567442397</SimpleData>
		<SimpleData name="type">secondary</SimpleData>
		<SimpleData name="depth_cls">&gt;1.5 m</SimpleData>
		<SimpleData name="max_depth">5.09</SimpleData>
		<SimpleData name="length_m">579.7</SimpleData>
	</SchemaData></ExtendedData>
      <LineString><coordinates>79.0824611468769,14.2454607704366 79.0822765758655,14.2454456581787 79.0820920441734,14.2454301244567 79.0819077056333,14.2454125190846 79.0817226952596,14.2454044413882 79.0815377181861,14.2453953468943 79.0813528164137,14.2453847608947 79.0811677004587,14.2453798470795 79.080982501347,14.2453771357088 79.0807977070367,14.2453848250531 79.0806132516596,14.2454012232409 79.0804285305441,14.2454138984087 79.0802435250664,14.2454225895101 79.0800583438087,14.2454250667202 79.0798731285113,14.2454263399685 79.0796879747529,14.2454308750868 79.079503586006,14.2454459059967 79.0793197610766,14.2454680044589 79.0791367664172,14.2454959242895 79.0789531153436,14.245518694501 79.0787686826229,14.2455353325147 79.0785842498939,14.2455519703824 79.0783998171565,14.245568608104 79.0782148551474,14.2455771280785 79.0780297474226,14.2455834128804 79.07784464382,14.245589811685 79.0776595508564,14.2455869058351 79.0774764774758,14.2455623987664 79.0773149804439,14.2454768225146 79.0772018,14.2453365</coordinates></LineString>
  </Placemark>
  <Placemark id="damage_d3d_roads.776">
	<Style><LineStyle><color>ff0000ff</color></LineStyle><PolyStyle><fill>0</fill></PolyStyle></Style>
	<ExtendedData><SchemaData schemaUrl="#damage_d3d_roads">
		<SimpleData name="osm_id">1259299247</SimpleData>
		<SimpleData name="type">residential</SimpleData>
		<SimpleData name="depth_cls">0.5-1.5 m</SimpleData>
		<SimpleData name="max_depth">1.33</SimpleData>
		<SimpleData name="length_m">36.9</SimpleData>
	</SchemaData></ExtendedData>
      <LineString><coordinates>79.1149285,14.243627 79.1149478488518,14.2437924923845 79.1149671977165,14.2439579847688</coordinates></LineString>
  </Placemark>
  <Placemark id="damage_d3d_roads.777">
	<Style><LineStyle><color>ff0000ff</color></LineStyle><PolyStyle><fill>0</fill></PolyStyle></Style>
	<ExtendedData><SchemaData schemaUrl="#damage_d3d_roads">
		<SimpleData name="osm_id">1259299247</SimpleData>
		<SimpleData name="type">residential</SimpleData>
		<SimpleData name="depth_cls">0.1-0.5 m</SimpleData>
		<SimpleData name="max_depth">0.31</SimpleData>
		<SimpleData name="length_m">18.4</SimpleData>
	</SchemaData></ExtendedData>
      <LineString><coordinates>79.1149671977165,14.2439579847688 79.1149865465939,14.2441234771528</coordinates></LineString>
  </Placemark>
  <Placemark id="damage_d3d_roads.778">
	<Style><LineStyle><color>ff0000ff</color></LineStyle><PolyStyle><fill>0</fill></PolyStyle></Style>
	<ExtendedData><SchemaData schemaUrl="#damage_d3d_roads">
		<SimpleData name="osm_id">1259299247</SimpleData>
		<SimpleData name="type">residential</SimpleData>
		<SimpleData name="depth_cls">0.1-0.5 m</SimpleData>
		<SimpleData name="max_depth">0.16</SimpleData>
		<SimpleData name="length_m">18.4</SimpleData>
	</SchemaData></ExtendedData>
      <LineString><coordinates>79.1150038040846,14.2446135734669 79.1149323672612,14.2447648638249</coordinates></LineString>
  </Placemark>
  <Placemark id="damage_d3d_roads.779">
	<Style><LineStyle><color>ff0000ff</color></LineStyle><PolyStyle><fill>0</fill></PolyStyle></Style>
	<ExtendedData><SchemaData schemaUrl="#damage_d3d_roads">
		<SimpleData name="osm_id">1259299247</SimpleData>
		<SimpleData name="type">residential</SimpleData>
		<SimpleData name="depth_cls">0.5-1.5 m</SimpleData>
		<SimpleData name="max_depth">0.69</SimpleData>
		<SimpleData name="length_m">36.9</SimpleData>
	</SchemaData></ExtendedData>
      <LineString><coordinates>79.1149323672612,14.2447648638249 79.1148548814014,14.2449061686711 79.114684554234,14.2448942125669</coordinates></LineString>
  </Placemark>
  <Placemark id="damage_d3d_roads.780">
	<Style><LineStyle><color>ff0000ff</color></LineStyle><PolyStyle><fill>0</fill></PolyStyle></Style>
	<ExtendedData><SchemaData schemaUrl="#damage_d3d_roads">
		<SimpleData name="osm_id">1259299247</SimpleData>
		<SimpleData name="type">residential</SimpleData>
		<SimpleData name="depth_cls">0.1-0.5 m</SimpleData>
		<SimpleData name="max_depth">0.44</SimpleData>
		<SimpleData name="length_m">18.4</SimpleData>
	</SchemaData></ExtendedData>
      <LineString><coordinates>79.114684554234,14.2448942125669 79.1145142271002,14.2448822563432</coordinates></LineString>
  </Placemark>
  <Placemark id="damage_d3d_roads.781">
	<Style><LineStyle><color>ff0000ff</color></LineStyle><PolyStyle><fill>0</fill></PolyStyle></Style>
	<ExtendedData><SchemaData schemaUrl="#damage_d3d_roads">
		<SimpleData name="osm_id">1259299260</SimpleData>
		<SimpleData name="type">tertiary</SimpleData>
		<SimpleData name="depth_cls">0.5-1.5 m</SimpleData>
		<SimpleData name="max_depth">1.03</SimpleData>
		<SimpleData name="length_m">56.1</SimpleData>
	</SchemaData></ExtendedData>
      <LineString><coordinates>79.1035933202408,14.2453910234863 79.1036442217383,14.2452299075851 79.1037207229646,14.2450781112828 79.1037972240784,14.2449263149415</coordinates></LineString>
  </Placemark>
  <Placemark id="damage_d3d_roads.782">
	<Style><LineStyle><color>ff0000ff</color></LineStyle><PolyStyle><fill>0</fill></PolyStyle></Style>
	<ExtendedData><SchemaData schemaUrl="#damage_d3d_roads">
		<SimpleData name="osm_id">1259299260</SimpleData>
		<SimpleData name="type">tertiary</SimpleData>
		<SimpleData name="depth_cls">&gt;1.5 m</SimpleData>
		<SimpleData name="max_depth">2.22</SimpleData>
		<SimpleData name="length_m">37.4</SimpleData>
	</SchemaData></ExtendedData>
      <LineString><coordinates>79.1039305131422,14.2449381188004 79.1040873181452,14.2448978695488 79.1042445262639,14.2448264753219</coordinates></LineString>
  </Placemark>
  <Placemark id="damage_d3d_roads.783">
	<Style><LineStyle><color>ff0000ff</color></LineStyle><PolyStyle><fill>0</fill></PolyStyle></Style>
	<ExtendedData><SchemaData schemaUrl="#damage_d3d_roads">
		<SimpleData name="osm_id">1259299260</SimpleData>
		<SimpleData name="type">tertiary</SimpleData>
		<SimpleData name="depth_cls">0.1-0.5 m</SimpleData>
		<SimpleData name="max_depth">0.4</SimpleData>
		<SimpleData name="length_m">18.7</SimpleData>
	</SchemaData></ExtendedData>
      <LineString><coordinates>79.1042445262639,14.2448264753219 79.1044101964161,14.244776826604</coordinates></LineString>
  </Placemark>
  <Placemark id="damage_d3d_roads.784">
	<Style><LineStyle><color>ff0000ff</color></LineStyle><PolyStyle><fill>0</fill></PolyStyle></Style>
	<ExtendedData><SchemaData schemaUrl="#damage_d3d_roads">
		<SimpleData name="osm_id">1259299260</SimpleData>
		<SimpleData name="type">tertiary</SimpleData>
		<SimpleData name="depth_cls">0.5-1.5 m</SimpleData>
		<SimpleData name="max_depth">1.31</SimpleData>
		<SimpleData name="length_m">37.4</SimpleData>
	</SchemaData></ExtendedData>
      <LineString><coordinates>79.1047518296359,14.2448197602977 79.1049236732569,14.244820300799 79.105096,14.2448014</coordinates></LineString>
  </Placemark>
  <Placemark id="damage_d3d_roads.785">
	<Style><LineStyle><color>ff0000ff</color></LineStyle><PolyStyle><fill>0</fill></PolyStyle></Style>
	<ExtendedData><SchemaData schemaUrl="#damage_d3d_roads">
		<SimpleData name="osm_id">1259299255</SimpleData>
		<SimpleData name="type">tertiary</SimpleData>
		<SimpleData name="depth_cls">0.5-1.5 m</SimpleData>
		<SimpleData name="max_depth">1.33</SimpleData>
		<SimpleData name="length_m">19.3</SimpleData>
	</SchemaData></ExtendedData>
      <LineString><coordinates>79.1113526,14.2468094 79.1113662259519,14.2469837559829</coordinates></LineString>
  </Placemark>
  <Placemark id="damage_d3d_roads.786">
	<Style><LineStyle><color>ff0000ff</color></LineStyle><PolyStyle><fill>0</fill></PolyStyle></Style>
	<ExtendedData><SchemaData schemaUrl="#damage_d3d_roads">
		<SimpleData name="osm_id">1259299255</SimpleData>
		<SimpleData name="type">tertiary</SimpleData>
		<SimpleData name="depth_cls">&gt;1.5 m</SimpleData>
		<SimpleData name="max_depth">2.34</SimpleData>
		<SimpleData name="length_m">77.4</SimpleData>
	</SchemaData></ExtendedData>
      <LineString><coordinates>79.1113662259519,14.2469837559829 79.1113798519075,14.2471581119653 79.1113934778668,14.247332467947 79.1115378194733,14.2473896476627 79.111714794205,14.2474175742906</coordinates></LineString>
  </Placemark>
  <Placemark id="damage_d3d_roads.787">
	<Style><LineStyle><color>ff0000ff</color></LineStyle><PolyStyle><fill>0</fill></PolyStyle></Style>
	<ExtendedData><SchemaData schemaUrl="#damage_d3d_roads">
		<SimpleData name="osm_id">1259299255</SimpleData>
		<SimpleData name="type">tertiary</SimpleData>
		<SimpleData name="depth_cls">0.5-1.5 m</SimpleData>
		<SimpleData name="max_depth">0.97</SimpleData>
		<SimpleData name="length_m">58</SimpleData>
	</SchemaData></ExtendedData>
      <LineString><coordinates>79.111714794205,14.2474175742906 79.111891768997,14.2474455007925 79.1119746542033,14.2475877813976 79.1119127417527,14.2477518848715</coordinates></LineString>
  </Placemark>
  <Placemark id="damage_d3d_roads.788">
	<Style><LineStyle><color>ff0000ff</color></LineStyle><PolyStyle><fill>0</fill></PolyStyle></Style>
	<ExtendedData><SchemaData schemaUrl="#damage_d3d_roads">
		<SimpleData name="osm_id">1259299255</SimpleData>
		<SimpleData name="type">tertiary</SimpleData>
		<SimpleData name="depth_cls">0.5-1.5 m</SimpleData>
		<SimpleData name="max_depth">1.25</SimpleData>
		<SimpleData name="length_m">19.3</SimpleData>
	</SchemaData></ExtendedData>
      <LineString><coordinates>79.1116650909216,14.2484082984747 79.1116031779566,14.2485724018024</coordinates></LineString>
  </Placemark>
  <Placemark id="damage_d3d_roads.789">
	<Style><LineStyle><color>ff0000ff</color></LineStyle><PolyStyle><fill>0</fill></PolyStyle></Style>
	<ExtendedData><SchemaData schemaUrl="#damage_d3d_roads">
		<SimpleData name="osm_id">1259299255</SimpleData>
		<SimpleData name="type">tertiary</SimpleData>
		<SimpleData name="depth_cls">&gt;1.5 m</SimpleData>
		<SimpleData name="max_depth">1.54</SimpleData>
		<SimpleData name="length_m">19.3</SimpleData>
	</SchemaData></ExtendedData>
      <LineString><coordinates>79.1114174384441,14.2490647116098 79.1113555250674,14.2492288148204</coordinates></LineString>
  </Placemark>
  <Placemark id="damage_d3d_roads.790">
	<Style><LineStyle><color>ff0000ff</color></LineStyle><PolyStyle><fill>0</fill></PolyStyle></Style>
	<ExtendedData><SchemaData schemaUrl="#damage_d3d_roads">
		<SimpleData name="osm_id">1259299255</SimpleData>
		<SimpleData name="type">tertiary</SimpleData>
		<SimpleData name="depth_cls">0.5-1.5 m</SimpleData>
		<SimpleData name="max_depth">0.68</SimpleData>
		<SimpleData name="length_m">19.3</SimpleData>
	</SchemaData></ExtendedData>
      <LineString><coordinates>79.1113555250674,14.2492288148204 79.1113019456951,14.2493956560206</coordinates></LineString>
  </Placemark>
  <Placemark id="damage_d3d_roads.791">
	<Style><LineStyle><color>ff0000ff</color></LineStyle><PolyStyle><fill>0</fill></PolyStyle></Style>
	<ExtendedData><SchemaData schemaUrl="#damage_d3d_roads">
		<SimpleData name="osm_id">1259299255</SimpleData>
		<SimpleData name="type">tertiary</SimpleData>
		<SimpleData name="depth_cls">0.5-1.5 m</SimpleData>
		<SimpleData name="max_depth">0.97</SimpleData>
		<SimpleData name="length_m">19.3</SimpleData>
	</SchemaData></ExtendedData>
      <LineString><coordinates>79.1111444585038,14.2498972476946 79.1110756029018,14.2500566326063</coordinates></LineString>
  </Placemark>
  <Placemark id="damage_d3d_roads.792">
	<Style><LineStyle><color>ff0000ff</color></LineStyle><PolyStyle><fill>0</fill></PolyStyle></Style>
	<ExtendedData><SchemaData schemaUrl="#damage_d3d_roads">
		<SimpleData name="osm_id">565013436</SimpleData>
		<SimpleData name="type">tertiary</SimpleData>
		<SimpleData name="depth_cls">0.5-1.5 m</SimpleData>
		<SimpleData name="max_depth">0.75</SimpleData>
		<SimpleData name="length_m">39.3</SimpleData>
	</SchemaData></ExtendedData>
      <LineString><coordinates>79.1131174,14.2513936 79.1131464120302,14.2512183721364 79.1131754239985,14.2510431442614</coordinates></LineString>
  </Placemark>
  <Placemark id="damage_d3d_roads.793">
	<Style><LineStyle><color>ff0000ff</color></LineStyle><PolyStyle><fill>0</fill></PolyStyle></Style>
	<ExtendedData><SchemaData schemaUrl="#damage_d3d_roads">
		<SimpleData name="osm_id">565013436</SimpleData>
		<SimpleData name="type">tertiary</SimpleData>
		<SimpleData name="depth_cls">&gt;1.5 m</SimpleData>
		<SimpleData name="max_depth">1.76</SimpleData>
		<SimpleData name="length_m">19.6</SimpleData>
	</SchemaData></ExtendedData>
      <LineString><coordinates>79.1132184708639,14.2508719526829 79.1132915693777,14.2507094036454</coordinates></LineString>
  </Placemark>
  <Placemark id="damage_d3d_roads.794">
	<Style><LineStyle><color>ff0000ff</color></LineStyle><PolyStyle><fill>0</fill></PolyStyle></Style>
	<ExtendedData><SchemaData schemaUrl="#damage_d3d_roads">
		<SimpleData name="osm_id">565013436</SimpleData>
		<SimpleData name="type">tertiary</SimpleData>
		<SimpleData name="depth_cls">0.5-1.5 m</SimpleData>
		<SimpleData name="max_depth">1.3</SimpleData>
		<SimpleData name="length_m">117.8</SimpleData>
	</SchemaData></ExtendedData>
      <LineString><coordinates>79.1132915693777,14.2507094036454 79.1133820199388,14.2505554079042 79.1134736262844,14.250402042816 79.1135665727381,14.2502494423553 79.113659519058,14.2500968418412 79.1137565630155,14.2499468256182 79.1138610979638,14.2498015337709</coordinates></LineString>
  </Placemark>
  <Placemark id="damage_d3d_roads.795">
	<Style><LineStyle><color>ff0000ff</color></LineStyle><PolyStyle><fill>0</fill></PolyStyle></Style>
	<ExtendedData><SchemaData schemaUrl="#damage_d3d_roads">
		<SimpleData name="osm_id">565013436</SimpleData>
		<SimpleData name="type">tertiary</SimpleData>
		<SimpleData name="depth_cls">0.1-0.5 m</SimpleData>
		<SimpleData name="max_depth">0.38</SimpleData>
		<SimpleData name="length_m">19.6</SimpleData>
	</SchemaData></ExtendedData>
      <LineString><coordinates>79.1138610979638,14.2498015337709 79.113965632772,14.2496562418596</coordinates></LineString>
  </Placemark>
  <Placemark id="damage_d3d_roads.796">
	<Style><LineStyle><color>ff0000ff</color></LineStyle><PolyStyle><fill>0</fill></PolyStyle></Style>
	<ExtendedData><SchemaData schemaUrl="#damage_d3d_roads">
		<SimpleData name="osm_id">565013436</SimpleData>
		<SimpleData name="type">tertiary</SimpleData>
		<SimpleData name="depth_cls">0.5-1.5 m</SimpleData>
		<SimpleData name="max_depth">1.16</SimpleData>
		<SimpleData name="length_m">39.3</SimpleData>
	</SchemaData></ExtendedData>
      <LineString><coordinates>79.113965632772,14.2496562418596 79.1140745369347,14.2495142473018 79.1141924790853,14.2493790732522</coordinates></LineString>
  </Placemark>
  <Placemark id="damage_d3d_roads.797">
	<Style><LineStyle><color>ff0000ff</color></LineStyle><PolyStyle><fill>0</fill></PolyStyle></Style>
	<ExtendedData><SchemaData schemaUrl="#damage_d3d_roads">
		<SimpleData name="osm_id">565013436</SimpleData>
		<SimpleData name="type">tertiary</SimpleData>
		<SimpleData name="depth_cls">0.5-1.5 m</SimpleData>
		<SimpleData name="max_depth">1.24</SimpleData>
		<SimpleData name="length_m">39.3</SimpleData>
	</SchemaData></ExtendedData>
      <LineString><coordinates>79.1151897901831,14.2483487521812 79.1153261468023,14.2482312066859 79.1154625032824,14.2481136610942</coordinates></LineString>
  </Placemark>
  <Placemark id="damage_d3d_roads.798">
	<Style><LineStyle><color>ff0000ff</color></LineStyle><PolyStyle><fill>0</fill></PolyStyle></Style>
	<ExtendedData><SchemaData schemaUrl="#damage_d3d_roads">
		<SimpleData name="osm_id">565013436</SimpleData>
		<SimpleData name="type">tertiary</SimpleData>
		<SimpleData name="depth_cls">&gt;1.5 m</SimpleData>
		<SimpleData name="max_depth">3</SimpleData>
		<SimpleData name="length_m">78.6</SimpleData>
	</SchemaData></ExtendedData>
      <LineString><coordinates>79.1154625032824,14.2481136610942 79.1155988596234,14.247996115406 79.1157378126336,14.2478818015108 79.115887422675,14.2477807510123 79.1160370325893,14.2476797004028</coordinates></LineString>
  </Placemark>
  <Placemark id="damage_d3d_roads.799">
	<Style><LineStyle><color>ff0000ff</color></LineStyle><PolyStyle><fill>0</fill></PolyStyle></Style>
	<ExtendedData><SchemaData schemaUrl="#damage_d3d_roads">
		<SimpleData name="osm_id">565013436</SimpleData>
		<SimpleData name="type">tertiary</SimpleData>
		<SimpleData name="depth_cls">0.1-0.5 m</SimpleData>
		<SimpleData name="max_depth">0.15</SimpleData>
		<SimpleData name="length_m">39.3</SimpleData>
	</SchemaData></ExtendedData>
      <LineString><coordinates>79.1160370325893,14.2476797004028 79.1161866423767,14.2475786496822 79.1163362520371,14.2474775988505</coordinates></LineString>
  </Placemark>
  <Placemark id="damage_d3d_roads.800">
	<Style><LineStyle><color>ff0000ff</color></LineStyle><PolyStyle><fill>0</fill></PolyStyle></Style>
	<ExtendedData><SchemaData schemaUrl="#damage_d3d_roads">
		<SimpleData name="osm_id">565013436</SimpleData>
		<SimpleData name="type">tertiary</SimpleData>
		<SimpleData name="depth_cls">0.1-0.5 m</SimpleData>
		<SimpleData name="max_depth">0.25</SimpleData>
		<SimpleData name="length_m">39.3</SimpleData>
	</SchemaData></ExtendedData>
      <LineString><coordinates>79.1166727628159,14.2473445767335 79.1168428410004,14.2472814422792 79.1170173645974,14.2472314780956</coordinates></LineString>
  </Placemark>
  <Placemark id="damage_d3d_roads.801">
	<Style><LineStyle><color>ff0000ff</color></LineStyle><PolyStyle><fill>0</fill></PolyStyle></Style>
	<ExtendedData><SchemaData schemaUrl="#damage_d3d_roads">
		<SimpleData name="osm_id">565013436</SimpleData>
		<SimpleData name="type">tertiary</SimpleData>
		<SimpleData name="depth_cls">&gt;1.5 m</SimpleData>
		<SimpleData name="max_depth">2.76</SimpleData>
		<SimpleData name="length_m">98.2</SimpleData>
	</SchemaData></ExtendedData>
      <LineString><coordinates>79.1170173645974,14.2472314780956 79.117192631261,14.2471837153923 79.1173678978662,14.2471359525508 79.1175431644129,14.2470881895713 79.1177184309011,14.2470404264536 79.1178882,14.2471004</coordinates></LineString>
  </Placemark>
  <Placemark id="damage_d3d_roads.802">
	<Style><LineStyle><color>ff0000ff</color></LineStyle><PolyStyle><fill>0</fill></PolyStyle></Style>
	<ExtendedData><SchemaData schemaUrl="#damage_d3d_roads">
		<SimpleData name="osm_id">565013431</SimpleData>
		<SimpleData name="type">secondary</SimpleData>
		<SimpleData name="depth_cls">&gt;1.5 m</SimpleData>
		<SimpleData name="max_depth">1.51</SimpleData>
		<SimpleData name="length_m">20</SimpleData>
	</SchemaData></ExtendedData>
      <LineString><coordinates>79.1075114138061,14.2468328436584 79.1076770685055,14.2469132609557</coordinates></LineString>
  </Placemark>
  <Placemark id="damage_d3d_roads.803">
	<Style><LineStyle><color>ff0000ff</color></LineStyle><PolyStyle><fill>0</fill></PolyStyle></Style>
	<ExtendedData><SchemaData schemaUrl="#damage_d3d_roads">
		<SimpleData name="osm_id">565013431</SimpleData>
		<SimpleData name="type">secondary</SimpleData>
		<SimpleData name="depth_cls">0.5-1.5 m</SimpleData>
		<SimpleData name="max_depth">0.55</SimpleData>
		<SimpleData name="length_m">20</SimpleData>
	</SchemaData></ExtendedData>
      <LineString><coordinates>79.1076770685055,14.2469132609557 79.1078191982294,14.247027022129</coordinates></LineString>
  </Placemark>
  <Placemark id="damage_d3d_roads.804">
	<Style><LineStyle><color>ff0000ff</color></LineStyle><PolyStyle><fill>0</fill></PolyStyle></Style>
	<ExtendedData><SchemaData schemaUrl="#damage_d3d_roads">
		<SimpleData name="osm_id">565013431</SimpleData>
		<SimpleData name="type">secondary</SimpleData>
		<SimpleData name="depth_cls">&gt;1.5 m</SimpleData>
		<SimpleData name="max_depth">1.51</SimpleData>
		<SimpleData name="length_m">20</SimpleData>
	</SchemaData></ExtendedData>
      <LineString><coordinates>79.1078191982294,14.247027022129 79.1078910806731,14.2471882825142</coordinates></LineString>
  </Placemark>
  <Placemark id="damage_d3d_roads.805">
	<Style><LineStyle><color>ff0000ff</color></LineStyle><PolyStyle><fill>0</fill></PolyStyle></Style>
	<ExtendedData><SchemaData schemaUrl="#damage_d3d_roads">
		<SimpleData name="osm_id">565013431</SimpleData>
		<SimpleData name="type">secondary</SimpleData>
		<SimpleData name="depth_cls">0.5-1.5 m</SimpleData>
		<SimpleData name="max_depth">1.43</SimpleData>
		<SimpleData name="length_m">99.9</SimpleData>
	</SchemaData></ExtendedData>
      <LineString><coordinates>79.1078910806731,14.2471882825142 79.1078837168844,14.2473687676579 79.1078697169598,14.247548870252 79.1078524140629,14.2477287196404 79.1078359887349,14.2479085716656 79.10784278338,14.2480886750269</coordinates></LineString>
  </Placemark>
  <Placemark id="damage_d3d_roads.806">
	<Style><LineStyle><color>ff0000ff</color></LineStyle><PolyStyle><fill>0</fill></PolyStyle></Style>
	<ExtendedData><SchemaData schemaUrl="#damage_d3d_roads">
		<SimpleData name="osm_id">565013431</SimpleData>
		<SimpleData name="type">secondary</SimpleData>
		<SimpleData name="depth_cls">&gt;1.5 m</SimpleData>
		<SimpleData name="max_depth">1.76</SimpleData>
		<SimpleData name="length_m">20</SimpleData>
	</SchemaData></ExtendedData>
      <LineString><coordinates>79.10784278338,14.2480886750269 79.1078911512319,14.2482625149939</coordinates></LineString>
  </Placemark>
  <Placemark id="damage_d3d_roads.807">
	<Style><LineStyle><color>ff0000ff</color></LineStyle><PolyStyle><fill>0</fill></PolyStyle></Style>
	<ExtendedData><SchemaData schemaUrl="#damage_d3d_roads">
		<SimpleData name="osm_id">565013431</SimpleData>
		<SimpleData name="type">secondary</SimpleData>
		<SimpleData name="depth_cls">0.5-1.5 m</SimpleData>
		<SimpleData name="max_depth">1.23</SimpleData>
		<SimpleData name="length_m">40</SimpleData>
	</SchemaData></ExtendedData>
      <LineString><coordinates>79.1078911512319,14.2482625149939 79.1079816062865,14.2484190850341 79.1080751536317,14.2485747525023</coordinates></LineString>
  </Placemark>
  <Placemark id="damage_d3d_roads.808">
	<Style><LineStyle><color>ff0000ff</color></LineStyle><PolyStyle><fill>0</fill></PolyStyle></Style>
	<ExtendedData><SchemaData schemaUrl="#damage_d3d_roads">
		<SimpleData name="osm_id">565013431</SimpleData>
		<SimpleData name="type">secondary</SimpleData>
		<SimpleData name="depth_cls">&gt;1.5 m</SimpleData>
		<SimpleData name="max_depth">3.43</SimpleData>
		<SimpleData name="length_m">359.8</SimpleData>
	</SchemaData></ExtendedData>
      <LineString><coordinates>79.1080751536317,14.2485747525023 79.1081043429773,14.2487518633854 79.1081027992598,14.2489324814087 79.1080996225434,14.2491130964735 79.1080947301788,14.2492936765379 79.1080898377877,14.2494742565987 79.1080879961684,14.2496548569075 79.1080903682052,14.2498354851848 79.1080927402272,14.2500161134599 79.1080889851462,14.2501966521916 79.1080860092002,14.2503771849267 79.1081731348422,14.2505280377882 79.1083412204795,14.2506038931025 79.1085093062413,14.2506797483118 79.1086773921277,14.250755603416 79.1088539533747,14.2508083204985 79.1090332673284,14.2508535226509 79.1092126475001,14.2508982961234 79.1093976588527,14.2509065772678</coordinates></LineString>
  </Placemark>
  <Placemark id="damage_d3d_roads.809">
	<Style><LineStyle><color>ff0000ff</color></LineStyle><PolyStyle><fill>0</fill></PolyStyle></Style>
	<ExtendedData><SchemaData schemaUrl="#damage_d3d_roads">
		<SimpleData name="osm_id">565013431</SimpleData>
		<SimpleData name="type">secondary</SimpleData>
		<SimpleData name="depth_cls">0.5-1.5 m</SimpleData>
		<SimpleData name="max_depth">0.7</SimpleData>
		<SimpleData name="length_m">40</SimpleData>
	</SchemaData></ExtendedData>
      <LineString><coordinates>79.1093976588527,14.2509065772678 79.1095823974451,14.2509128705922 79.1097586622588,14.2508574204344</coordinates></LineString>
  </Placemark>
  <Placemark id="damage_d3d_roads.810">
	<Style><LineStyle><color>ff0000ff</color></LineStyle><PolyStyle><fill>0</fill></PolyStyle></Style>
	<ExtendedData><SchemaData schemaUrl="#damage_d3d_roads">
		<SimpleData name="osm_id">565013431</SimpleData>
		<SimpleData name="type">secondary</SimpleData>
		<SimpleData name="depth_cls">0.5-1.5 m</SimpleData>
		<SimpleData name="max_depth">0.65</SimpleData>
		<SimpleData name="length_m">20</SimpleData>
	</SchemaData></ExtendedData>
      <LineString><coordinates>79.1099702308267,14.2506077378952 79.1099822622825,14.2504274761999</coordinates></LineString>
  </Placemark>
  <Placemark id="damage_d3d_roads.811">
	<Style><LineStyle><color>ff0000ff</color></LineStyle><PolyStyle><fill>0</fill></PolyStyle></Style>
	<ExtendedData><SchemaData schemaUrl="#damage_d3d_roads">
		<SimpleData name="osm_id">565013431</SimpleData>
		<SimpleData name="type">secondary</SimpleData>
		<SimpleData name="depth_cls">0.1-0.5 m</SimpleData>
		<SimpleData name="max_depth">0.13</SimpleData>
		<SimpleData name="length_m">20</SimpleData>
	</SchemaData></ExtendedData>
      <LineString><coordinates>79.1099822622825,14.2504274761999 79.1100233042972,14.2502531141036</coordinates></LineString>
  </Placemark>
  <Placemark id="damage_d3d_roads.812">
	<Style><LineStyle><color>ff0000ff</color></LineStyle><PolyStyle><fill>0</fill></PolyStyle></Style>
	<ExtendedData><SchemaData schemaUrl="#damage_d3d_roads">
		<SimpleData name="osm_id">565013431</SimpleData>
		<SimpleData name="type">secondary</SimpleData>
		<SimpleData name="depth_cls">0.5-1.5 m</SimpleData>
		<SimpleData name="max_depth">0.78</SimpleData>
		<SimpleData name="length_m">60</SimpleData>
	</SchemaData></ExtendedData>
      <LineString><coordinates>79.1100233042972,14.2502531141036 79.1101347158185,14.2501134421778 79.1103093482813,14.2500543425686 79.110491653899,14.2500225012422</coordinates></LineString>
  </Placemark>
  <Placemark id="damage_d3d_roads.813">
	<Style><LineStyle><color>ff0000ff</color></LineStyle><PolyStyle><fill>0</fill></PolyStyle></Style>
	<ExtendedData><SchemaData schemaUrl="#damage_d3d_roads">
		<SimpleData name="osm_id">565013431</SimpleData>
		<SimpleData name="type">secondary</SimpleData>
		<SimpleData name="depth_cls">0.1-0.5 m</SimpleData>
		<SimpleData name="max_depth">0.1</SimpleData>
		<SimpleData name="length_m">40</SimpleData>
	</SchemaData></ExtendedData>
      <LineString><coordinates>79.1113563671178,14.2505245844235 79.1115385762324,14.2504976797923 79.1117206556471,14.2505223723916</coordinates></LineString>
  </Placemark>
  <Placemark id="damage_d3d_roads.814">
	<Style><LineStyle><color>ff0000ff</color></LineStyle><PolyStyle><fill>0</fill></PolyStyle></Style>
	<ExtendedData><SchemaData schemaUrl="#damage_d3d_roads">
		<SimpleData name="osm_id">565013431</SimpleData>
		<SimpleData name="type">secondary</SimpleData>
		<SimpleData name="depth_cls">&gt;1.5 m</SimpleData>
		<SimpleData name="max_depth">1.53</SimpleData>
		<SimpleData name="length_m">20</SimpleData>
	</SchemaData></ExtendedData>
      <LineString><coordinates>79.1123319199302,14.2508836150099 79.1124619407911,14.2510122594162</coordinates></LineString>
  </Placemark>
  <Placemark id="damage_d3d_roads.815">
	<Style><LineStyle><color>ff0000ff</color></LineStyle><PolyStyle><fill>0</fill></PolyStyle></Style>
	<ExtendedData><SchemaData schemaUrl="#damage_d3d_roads">
		<SimpleData name="osm_id">565013431</SimpleData>
		<SimpleData name="type">secondary</SimpleData>
		<SimpleData name="depth_cls">0.5-1.5 m</SimpleData>
		<SimpleData name="max_depth">1</SimpleData>
		<SimpleData name="length_m">20</SimpleData>
	</SchemaData></ExtendedData>
      <LineString><coordinates>79.1124619407911,14.2510122594162 79.1126095678733,14.2511212991429</coordinates></LineString>
  </Placemark>
  <Placemark id="damage_d3d_roads.816">
	<Style><LineStyle><color>ff0000ff</color></LineStyle><PolyStyle><fill>0</fill></PolyStyle></Style>
	<ExtendedData><SchemaData schemaUrl="#damage_d3d_roads">
		<SimpleData name="osm_id">565013431</SimpleData>
		<SimpleData name="type">secondary</SimpleData>
		<SimpleData name="depth_cls">0.1-0.5 m</SimpleData>
		<SimpleData name="max_depth">0.36</SimpleData>
		<SimpleData name="length_m">80</SimpleData>
	</SchemaData></ExtendedData>
      <LineString><coordinates>79.1127586235652,14.2512283543565 79.1129173694144,14.2513214045035 79.1130847582984,14.2513898179283 79.113098190039,14.2515409961537 79.113149481952,14.2516768398856</coordinates></LineString>
  </Placemark>
  <Placemark id="damage_d3d_roads.817">
	<Style><LineStyle><color>ff0000ff</color></LineStyle><PolyStyle><fill>0</fill></PolyStyle></Style>
	<ExtendedData><SchemaData schemaUrl="#damage_d3d_roads">
		<SimpleData name="osm_id">565013431</SimpleData>
		<SimpleData name="type">secondary</SimpleData>
		<SimpleData name="depth_cls">0.5-1.5 m</SimpleData>
		<SimpleData name="max_depth">1.46</SimpleData>
		<SimpleData name="length_m">99.9</SimpleData>
	</SchemaData></ExtendedData>
      <LineString><coordinates>79.1147150133714,14.2516942524699 79.1147381305045,14.2518561043717 79.1149215695713,14.2518810074347 79.1151050086963,14.2519059103615 79.1152874059933,14.2519367073666 79.1154688043818,14.2519731557214</coordinates></LineString>
  </Placemark>
  <Placemark id="damage_d3d_roads.818">
	<Style><LineStyle><color>ff0000ff</color></LineStyle><PolyStyle><fill>0</fill></PolyStyle></Style>
	<ExtendedData><SchemaData schemaUrl="#damage_d3d_roads">
		<SimpleData name="osm_id">565013431</SimpleData>
		<SimpleData name="type">secondary</SimpleData>
		<SimpleData name="depth_cls">0.1-0.5 m</SimpleData>
		<SimpleData name="max_depth">0.2</SimpleData>
		<SimpleData name="length_m">60</SimpleData>
	</SchemaData></ExtendedData>
      <LineString><coordinates>79.1154688043818,14.2519731557214 79.1156502028458,14.2520096039453 79.1158316013852,14.2520460520381 79.116013,14.2520825</coordinates></LineString>
  </Placemark>
  <Placemark id="damage_d3d_roads.819">
	<Style><LineStyle><color>ff0000ff</color></LineStyle><PolyStyle><fill>0</fill></PolyStyle></Style>
	<ExtendedData><SchemaData schemaUrl="#damage_d3d_roads">
		<SimpleData name="osm_id">565013855</SimpleData>
		<SimpleData name="type">unclassified</SimpleData>
		<SimpleData name="depth_cls">0.5-1.5 m</SimpleData>
		<SimpleData name="max_depth">0.78</SimpleData>
		<SimpleData name="length_m">12.1</SimpleData>
	</SchemaData></ExtendedData>
      <LineString><coordinates>79.1102891,14.2499494 79.1102844,14.2500587</coordinates></LineString>
  </Placemark>
  <Placemark id="damage_d3d_roads.820">
	<Style><LineStyle><color>ff0000ff</color></LineStyle><PolyStyle><fill>0</fill></PolyStyle></Style>
	<ExtendedData><SchemaData schemaUrl="#damage_d3d_roads">
		<SimpleData name="osm_id">1163773014</SimpleData>
		<SimpleData name="type">residential</SimpleData>
		<SimpleData name="depth_cls">0.5-1.5 m</SimpleData>
		<SimpleData name="max_depth">0.63</SimpleData>
		<SimpleData name="length_m">15.7</SimpleData>
	</SchemaData></ExtendedData>
      <LineString><coordinates>79.0761793,14.242603 79.0762343,14.2424716</coordinates></LineString>
  </Placemark>
  <Placemark id="damage_d3d_roads.821">
	<Style><LineStyle><color>ff0000ff</color></LineStyle><PolyStyle><fill>0</fill></PolyStyle></Style>
	<ExtendedData><SchemaData schemaUrl="#damage_d3d_roads">
		<SimpleData name="osm_id">1163773013</SimpleData>
		<SimpleData name="type">residential</SimpleData>
		<SimpleData name="depth_cls">0.5-1.5 m</SimpleData>
		<SimpleData name="max_depth">0.63</SimpleData>
		<SimpleData name="length_m">37.1</SimpleData>
	</SchemaData></ExtendedData>
      <LineString><coordinates>79.0761239,14.2425487 79.0762421448855,14.2426702433713 79.0763579,14.2427941</coordinates></LineString>
  </Placemark>
  <Placemark id="damage_d3d_roads.822">
	<Style><LineStyle><color>ff0000ff</color></LineStyle><PolyStyle><fill>0</fill></PolyStyle></Style>
	<ExtendedData><SchemaData schemaUrl="#damage_d3d_roads">
		<SimpleData name="osm_id">1259303934</SimpleData>
		<SimpleData name="type">residential</SimpleData>
		<SimpleData name="depth_cls">0.5-1.5 m</SimpleData>
		<SimpleData name="max_depth">1.37</SimpleData>
		<SimpleData name="length_m">19.9</SimpleData>
	</SchemaData></ExtendedData>
      <LineString><coordinates>79.1001954359697,14.2605054375937 79.1000159656028,14.2604726174186</coordinates></LineString>
  </Placemark>
  <Placemark id="damage_d3d_roads.823">
	<Style><LineStyle><color>ff0000ff</color></LineStyle><PolyStyle><fill>0</fill></PolyStyle></Style>
	<ExtendedData><SchemaData schemaUrl="#damage_d3d_roads">
		<SimpleData name="osm_id">1259303934</SimpleData>
		<SimpleData name="type">residential</SimpleData>
		<SimpleData name="depth_cls">&gt;1.5 m</SimpleData>
		<SimpleData name="max_depth">3.01</SimpleData>
		<SimpleData name="length_m">159.1</SimpleData>
	</SchemaData></ExtendedData>
      <LineString><coordinates>79.1000159656028,14.2604726174186 79.0998429354672,14.2604109506866 79.09966990544,14.2603492838403 79.0994968755211,14.2602876168798 79.0993238457106,14.2602259498049 79.0991508160085,14.2601642826158 79.0989777864148,14.2601026153123 79.0988047569294,14.2600409478946 79.0986256642912,14.2600603620859</coordinates></LineString>
  </Placemark>
  <Placemark id="damage_d3d_roads.824">
	<Style><LineStyle><color>ff0000ff</color></LineStyle><PolyStyle><fill>0</fill></PolyStyle></Style>
	<ExtendedData><SchemaData schemaUrl="#damage_d3d_roads">
		<SimpleData name="osm_id">1259303934</SimpleData>
		<SimpleData name="type">residential</SimpleData>
		<SimpleData name="depth_cls">0.5-1.5 m</SimpleData>
		<SimpleData name="max_depth">1.2</SimpleData>
		<SimpleData name="length_m">59.6</SimpleData>
	</SchemaData></ExtendedData>
      <LineString><coordinates>79.0986256642912,14.2600603620859 79.0984452918171,14.2600968905277 79.0982649193019,14.2601334188256 79.0981075438145,14.2601931720866</coordinates></LineString>
  </Placemark>
  <Placemark id="damage_d3d_roads.825">
	<Style><LineStyle><color>ff0000ff</color></LineStyle><PolyStyle><fill>0</fill></PolyStyle></Style>
	<ExtendedData><SchemaData schemaUrl="#damage_d3d_roads">
		<SimpleData name="osm_id">1259303934</SimpleData>
		<SimpleData name="type">residential</SimpleData>
		<SimpleData name="depth_cls">0.1-0.5 m</SimpleData>
		<SimpleData name="max_depth">0.45</SimpleData>
		<SimpleData name="length_m">19.9</SimpleData>
	</SchemaData></ExtendedData>
      <LineString><coordinates>79.0980638300313,14.2603677141123 79.0980201161641,14.2605422561191</coordinates></LineString>
  </Placemark>
  <Placemark id="damage_d3d_roads.826">
	<Style><LineStyle><color>ff0000ff</color></LineStyle><PolyStyle><fill>0</fill></PolyStyle></Style>
	<ExtendedData><SchemaData schemaUrl="#damage_d3d_roads">
		<SimpleData name="osm_id">1259303934</SimpleData>
		<SimpleData name="type">residential</SimpleData>
		<SimpleData name="depth_cls">0.5-1.5 m</SimpleData>
		<SimpleData name="max_depth">0.82</SimpleData>
		<SimpleData name="length_m">59.6</SimpleData>
	</SchemaData></ExtendedData>
      <LineString><coordinates>79.0980201161641,14.2605422561191 79.0979764022132,14.2607167981072 79.0978850376338,14.2608260287208 79.0977016358473,14.2608091101012</coordinates></LineString>
  </Placemark>
  <Placemark id="damage_d3d_roads.827">
	<Style><LineStyle><color>ff0000ff</color></LineStyle><PolyStyle><fill>0</fill></PolyStyle></Style>
	<ExtendedData><SchemaData schemaUrl="#damage_d3d_roads">
		<SimpleData name="osm_id">1259303934</SimpleData>
		<SimpleData name="type">residential</SimpleData>
		<SimpleData name="depth_cls">0.1-0.5 m</SimpleData>
		<SimpleData name="max_depth">0.34</SimpleData>
		<SimpleData name="length_m">19.9</SimpleData>
	</SchemaData></ExtendedData>
      <LineString><coordinates>79.0977016358473,14.2608091101012 79.0975182341064,14.2607921913439</coordinates></LineString>
  </Placemark>
  <Placemark id="damage_d3d_roads.828">
	<Style><LineStyle><color>ff0000ff</color></LineStyle><PolyStyle><fill>0</fill></PolyStyle></Style>
	<ExtendedData><SchemaData schemaUrl="#damage_d3d_roads">
		<SimpleData name="osm_id">1259303934</SimpleData>
		<SimpleData name="type">residential</SimpleData>
		<SimpleData name="depth_cls">0.5-1.5 m</SimpleData>
		<SimpleData name="max_depth">0.82</SimpleData>
		<SimpleData name="length_m">39.8</SimpleData>
	</SchemaData></ExtendedData>
      <LineString><coordinates>79.0969452743031,14.2602763468866 79.0968833867583,14.2601071155227 79.0968456077417,14.2599339572061</coordinates></LineString>
  </Placemark>
  <Placemark id="damage_d3d_roads.829">
	<Style><LineStyle><color>ff0000ff</color></LineStyle><PolyStyle><fill>0</fill></PolyStyle></Style>
	<ExtendedData><SchemaData schemaUrl="#damage_d3d_roads">
		<SimpleData name="osm_id">1259303934</SimpleData>
		<SimpleData name="type">residential</SimpleData>
		<SimpleData name="depth_cls">0.1-0.5 m</SimpleData>
		<SimpleData name="max_depth">0.18</SimpleData>
		<SimpleData name="length_m">19.9</SimpleData>
	</SchemaData></ExtendedData>
      <LineString><coordinates>79.0959064563926,14.2583803295231 79.095768788059,14.2582609411671</coordinates></LineString>
  </Placemark>
  <Placemark id="damage_d3d_roads.830">
	<Style><LineStyle><color>ff0000ff</color></LineStyle><PolyStyle><fill>0</fill></PolyStyle></Style>
	<ExtendedData><SchemaData schemaUrl="#damage_d3d_roads">
		<SimpleData name="osm_id">1259303934</SimpleData>
		<SimpleData name="type">residential</SimpleData>
		<SimpleData name="depth_cls">&gt;1.5 m</SimpleData>
		<SimpleData name="max_depth">2.48</SimpleData>
		<SimpleData name="length_m">39.8</SimpleData>
	</SchemaData></ExtendedData>
      <LineString><coordinates>79.0954934518335,14.2580221642674 79.0953557839416,14.2579027757235 79.0952181161969,14.2577833871171</coordinates></LineString>
  </Placemark>
  <Placemark id="damage_d3d_roads.831">
	<Style><LineStyle><color>ff0000ff</color></LineStyle><PolyStyle><fill>0</fill></PolyStyle></Style>
	<ExtendedData><SchemaData schemaUrl="#damage_d3d_roads">
		<SimpleData name="osm_id">1259303934</SimpleData>
		<SimpleData name="type">residential</SimpleData>
		<SimpleData name="depth_cls">0.5-1.5 m</SimpleData>
		<SimpleData name="max_depth">1.33</SimpleData>
		<SimpleData name="length_m">59.6</SimpleData>
	</SchemaData></ExtendedData>
      <LineString><coordinates>79.0952181161969,14.2577833871171 79.0950586249353,14.2576941677421 79.0948971415546,14.2576077023877 79.0947356583072,14.2575212369387</coordinates></LineString>
  </Placemark>
  <Placemark id="damage_d3d_roads.832">
	<Style><LineStyle><color>ff0000ff</color></LineStyle><PolyStyle><fill>0</fill></PolyStyle></Style>
	<ExtendedData><SchemaData schemaUrl="#damage_d3d_roads">
		<SimpleData name="osm_id">1259303934</SimpleData>
		<SimpleData name="type">residential</SimpleData>
		<SimpleData name="depth_cls">0.1-0.5 m</SimpleData>
		<SimpleData name="max_depth">0.24</SimpleData>
		<SimpleData name="length_m">39.8</SimpleData>
	</SchemaData></ExtendedData>
      <LineString><coordinates>79.0947356583072,14.2575212369387 79.094574175193,14.257434771395 79.0944126922119,14.2573483057565</coordinates></LineString>
  </Placemark>
  <Placemark id="damage_d3d_roads.833">
	<Style><LineStyle><color>ff0000ff</color></LineStyle><PolyStyle><fill>0</fill></PolyStyle></Style>
	<ExtendedData><SchemaData schemaUrl="#damage_d3d_roads">
		<SimpleData name="osm_id">1259303934</SimpleData>
		<SimpleData name="type">residential</SimpleData>
		<SimpleData name="depth_cls">&gt;1.5 m</SimpleData>
		<SimpleData name="max_depth">1.9</SimpleData>
		<SimpleData name="length_m">19.9</SimpleData>
	</SchemaData></ExtendedData>
      <LineString><coordinates>79.0944126922119,14.2573483057565 79.0942512093641,14.2572618400234</coordinates></LineString>
  </Placemark>
  <Placemark id="damage_d3d_roads.834">
	<Style><LineStyle><color>ff0000ff</color></LineStyle><PolyStyle><fill>0</fill></PolyStyle></Style>
	<ExtendedData><SchemaData schemaUrl="#damage_d3d_roads">
		<SimpleData name="osm_id">1259303934</SimpleData>
		<SimpleData name="type">residential</SimpleData>
		<SimpleData name="depth_cls">0.5-1.5 m</SimpleData>
		<SimpleData name="max_depth">1.49</SimpleData>
		<SimpleData name="length_m">39.8</SimpleData>
	</SchemaData></ExtendedData>
      <LineString><coordinates>79.0942512093641,14.2572618400234 79.0940897266495,14.2571753741956 79.093928244068,14.257088908273</coordinates></LineString>
  </Placemark>
  <Placemark id="damage_d3d_roads.835">
	<Style><LineStyle><color>ff0000ff</color></LineStyle><PolyStyle><fill>0</fill></PolyStyle></Style>
	<ExtendedData><SchemaData schemaUrl="#damage_d3d_roads">
		<SimpleData name="osm_id">1259303934</SimpleData>
		<SimpleData name="type">residential</SimpleData>
		<SimpleData name="depth_cls">&gt;1.5 m</SimpleData>
		<SimpleData name="max_depth">3.13</SimpleData>
		<SimpleData name="length_m">318.1</SimpleData>
	</SchemaData></ExtendedData>
      <LineString><coordinates>79.093928244068,14.257088908273 79.0937667616198,14.2570024422558 79.0936052793048,14.2569159761439 79.0934437971229,14.2568295099372 79.0932823150743,14.2567430436359 79.0931208331589,14.25665657724 79.0929530635755,14.2565825367424 79.0927844739335,14.2565101169837 79.0926158844118,14.2564376971188 79.0924472950103,14.2563652771476 79.0922787057292,14.2562928570701 79.0921101165684,14.2562204368864 79.0919415275279,14.2561480165964 79.0917729386077,14.2560755962001 79.0916043498078,14.2560031756975 79.0914357611282,14.2559307550887 79.091267172569,14.2558583343736</coordinates></LineString>
  </Placemark>
  <Placemark id="damage_d3d_roads.836">
	<Style><LineStyle><color>ff0000ff</color></LineStyle><PolyStyle><fill>0</fill></PolyStyle></Style>
	<ExtendedData><SchemaData schemaUrl="#damage_d3d_roads">
		<SimpleData name="osm_id">1259303934</SimpleData>
		<SimpleData name="type">residential</SimpleData>
		<SimpleData name="depth_cls">0.5-1.5 m</SimpleData>
		<SimpleData name="max_depth">1.48</SimpleData>
		<SimpleData name="length_m">59.6</SimpleData>
	</SchemaData></ExtendedData>
      <LineString><coordinates>79.091267172569,14.2558583343736 79.09109858413,14.2557859135523 79.0909299958114,14.2557134926247 79.0907611209646,14.2556424000086</coordinates></LineString>
  </Placemark>
  <Placemark id="damage_d3d_roads.837">
	<Style><LineStyle><color>ff0000ff</color></LineStyle><PolyStyle><fill>0</fill></PolyStyle></Style>
	<ExtendedData><SchemaData schemaUrl="#damage_d3d_roads">
		<SimpleData name="osm_id">1259303934</SimpleData>
		<SimpleData name="type">residential</SimpleData>
		<SimpleData name="depth_cls">&gt;1.5 m</SimpleData>
		<SimpleData name="max_depth">1.83</SimpleData>
		<SimpleData name="length_m">19.9</SimpleData>
	</SchemaData></ExtendedData>
      <LineString><coordinates>79.0907611209646,14.2556424000086 79.0905769055757,14.2556424004031</coordinates></LineString>
  </Placemark>
  <Placemark id="damage_d3d_roads.838">
	<Style><LineStyle><color>ff0000ff</color></LineStyle><PolyStyle><fill>0</fill></PolyStyle></Style>
	<ExtendedData><SchemaData schemaUrl="#damage_d3d_roads">
		<SimpleData name="osm_id">1259303934</SimpleData>
		<SimpleData name="type">residential</SimpleData>
		<SimpleData name="depth_cls">0.5-1.5 m</SimpleData>
		<SimpleData name="max_depth">1.32</SimpleData>
		<SimpleData name="length_m">39.8</SimpleData>
	</SchemaData></ExtendedData>
      <LineString><coordinates>79.0905769055757,14.2556424004031 79.0903926902055,14.2556424006551 79.0902084748539,14.2556424007648</coordinates></LineString>
  </Placemark>
  <Placemark id="damage_d3d_roads.839">
	<Style><LineStyle><color>ff0000ff</color></LineStyle><PolyStyle><fill>0</fill></PolyStyle></Style>
	<ExtendedData><SchemaData schemaUrl="#damage_d3d_roads">
		<SimpleData name="osm_id">1259303934</SimpleData>
		<SimpleData name="type">residential</SimpleData>
		<SimpleData name="depth_cls">&gt;1.5 m</SimpleData>
		<SimpleData name="max_depth">1.61</SimpleData>
		<SimpleData name="length_m">59.6</SimpleData>
	</SchemaData></ExtendedData>
      <LineString><coordinates>79.0902084748539,14.2556424007648 79.090024259521,14.2556424007321 79.0898400442068,14.255642400557 79.0896558289113,14.2556424002394</coordinates></LineString>
  </Placemark>
  <Placemark id="damage_d3d_roads.840">
	<Style><LineStyle><color>ff0000ff</color></LineStyle><PolyStyle><fill>0</fill></PolyStyle></Style>
	<ExtendedData><SchemaData schemaUrl="#damage_d3d_roads">
		<SimpleData name="osm_id">1259303934</SimpleData>
		<SimpleData name="type">residential</SimpleData>
		<SimpleData name="depth_cls">0.5-1.5 m</SimpleData>
		<SimpleData name="max_depth">1.16</SimpleData>
		<SimpleData name="length_m">19.9</SimpleData>
	</SchemaData></ExtendedData>
      <LineString><coordinates>79.0896558289113,14.2556424002394 79.0894716546688,14.2556398811764</coordinates></LineString>
  </Placemark>
  <Placemark id="damage_d3d_roads.841">
	<Style><LineStyle><color>ff0000ff</color></LineStyle><PolyStyle><fill>0</fill></PolyStyle></Style>
	<ExtendedData><SchemaData schemaUrl="#damage_d3d_roads">
		<SimpleData name="osm_id">1259303934</SimpleData>
		<SimpleData name="type">residential</SimpleData>
		<SimpleData name="depth_cls">&gt;1.5 m</SimpleData>
		<SimpleData name="max_depth">2.53</SimpleData>
		<SimpleData name="length_m">99.4</SimpleData>
	</SchemaData></ExtendedData>
      <LineString><coordinates>79.0894716546688,14.2556398811764 79.0892875324114,14.2556341727892 79.089103410182,14.255628464261 79.0889192879805,14.2556227555916 79.0887351658069,14.2556170467811 79.0885510436612,14.2556113378295</coordinates></LineString>
  </Placemark>
  <Placemark id="damage_d3d_roads.842">
	<Style><LineStyle><color>ff0000ff</color></LineStyle><PolyStyle><fill>0</fill></PolyStyle></Style>
	<ExtendedData><SchemaData schemaUrl="#damage_d3d_roads">
		<SimpleData name="osm_id">1259303934</SimpleData>
		<SimpleData name="type">residential</SimpleData>
		<SimpleData name="depth_cls">0.5-1.5 m</SimpleData>
		<SimpleData name="max_depth">1.3</SimpleData>
		<SimpleData name="length_m">59.6</SimpleData>
	</SchemaData></ExtendedData>
      <LineString><coordinates>79.0885510436612,14.2556113378295 79.0883669215434,14.2556056287369 79.0881827994535,14.2555999195031 79.0879988692695,14.2555921060439</coordinates></LineString>
  </Placemark>
  <Placemark id="damage_d3d_roads.843">
	<Style><LineStyle><color>ff0000ff</color></LineStyle><PolyStyle><fill>0</fill></PolyStyle></Style>
	<ExtendedData><SchemaData schemaUrl="#damage_d3d_roads">
		<SimpleData name="osm_id">1259303934</SimpleData>
		<SimpleData name="type">residential</SimpleData>
		<SimpleData name="depth_cls">&gt;1.5 m</SimpleData>
		<SimpleData name="max_depth">1.6</SimpleData>
		<SimpleData name="length_m">59.6</SimpleData>
	</SchemaData></ExtendedData>
      <LineString><coordinates>79.0879988692695,14.2555921060439 79.0878166044619,14.2555660308542 79.0876343397142,14.2555399555302 79.0874514714933,14.255519122402</coordinates></LineString>
  </Placemark>
  <Placemark id="damage_d3d_roads.844">
	<Style><LineStyle><color>ff0000ff</color></LineStyle><PolyStyle><fill>0</fill></PolyStyle></Style>
	<ExtendedData><SchemaData schemaUrl="#damage_d3d_roads">
		<SimpleData name="osm_id">1259303934</SimpleData>
		<SimpleData name="type">residential</SimpleData>
		<SimpleData name="depth_cls">0.5-1.5 m</SimpleData>
		<SimpleData name="max_depth">0.67</SimpleData>
		<SimpleData name="length_m">19.9</SimpleData>
	</SchemaData></ExtendedData>
      <LineString><coordinates>79.0874514714933,14.255519122402 79.0872678166115,14.2555051225329</coordinates></LineString>
  </Placemark>
  <Placemark id="damage_d3d_roads.845">
	<Style><LineStyle><color>ff0000ff</color></LineStyle><PolyStyle><fill>0</fill></PolyStyle></Style>
	<ExtendedData><SchemaData schemaUrl="#damage_d3d_roads">
		<SimpleData name="osm_id">1259303934</SimpleData>
		<SimpleData name="type">residential</SimpleData>
		<SimpleData name="depth_cls">&gt;1.5 m</SimpleData>
		<SimpleData name="max_depth">3.59</SimpleData>
		<SimpleData name="length_m">99.4</SimpleData>
	</SchemaData></ExtendedData>
      <LineString><coordinates>79.0841449081208,14.2552795477748 79.083960875135,14.2552715754224 79.0837768421808,14.2552636029296 79.0835975205698,14.2552292050771 79.0834215314317,14.255176116106 79.0832455423914,14.2551230270151</coordinates></LineString>
  </Placemark>
  <Placemark id="damage_d3d_roads.846">
	<Style><LineStyle><color>ff0000ff</color></LineStyle><PolyStyle><fill>0</fill></PolyStyle></Style>
	<ExtendedData><SchemaData schemaUrl="#damage_d3d_roads">
		<SimpleData name="osm_id">1259303934</SimpleData>
		<SimpleData name="type">residential</SimpleData>
		<SimpleData name="depth_cls">0.5-1.5 m</SimpleData>
		<SimpleData name="max_depth">0.71</SimpleData>
		<SimpleData name="length_m">19.9</SimpleData>
	</SchemaData></ExtendedData>
      <LineString><coordinates>79.0832455423914,14.2551230270151 79.083069553449,14.2550699378042</coordinates></LineString>
  </Placemark>
  <Placemark id="damage_d3d_roads.847">
	<Style><LineStyle><color>ff0000ff</color></LineStyle><PolyStyle><fill>0</fill></PolyStyle></Style>
	<ExtendedData><SchemaData schemaUrl="#damage_d3d_roads">
		<SimpleData name="osm_id">1259303934</SimpleData>
		<SimpleData name="type">residential</SimpleData>
		<SimpleData name="depth_cls">0.1-0.5 m</SimpleData>
		<SimpleData name="max_depth">0.31</SimpleData>
		<SimpleData name="length_m">19.9</SimpleData>
	</SchemaData></ExtendedData>
      <LineString><coordinates>79.083069553449,14.2550699378042 79.0828935646046,14.2550168484735</coordinates></LineString>
  </Placemark>
  <Placemark id="damage_d3d_roads.848">
	<Style><LineStyle><color>ff0000ff</color></LineStyle><PolyStyle><fill>0</fill></PolyStyle></Style>
	<ExtendedData><SchemaData schemaUrl="#damage_d3d_roads">
		<SimpleData name="osm_id">1259303934</SimpleData>
		<SimpleData name="type">residential</SimpleData>
		<SimpleData name="depth_cls">0.5-1.5 m</SimpleData>
		<SimpleData name="max_depth">1.1</SimpleData>
		<SimpleData name="length_m">19.9</SimpleData>
	</SchemaData></ExtendedData>
      <LineString><coordinates>79.0828935646046,14.2550168484735 79.082717575858,14.254963759023</coordinates></LineString>
  </Placemark>
  <Placemark id="damage_d3d_roads.849">
	<Style><LineStyle><color>ff0000ff</color></LineStyle><PolyStyle><fill>0</fill></PolyStyle></Style>
	<ExtendedData><SchemaData schemaUrl="#damage_d3d_roads">
		<SimpleData name="osm_id">1259303934</SimpleData>
		<SimpleData name="type">residential</SimpleData>
		<SimpleData name="depth_cls">&gt;1.5 m</SimpleData>
		<SimpleData name="max_depth">1.9</SimpleData>
		<SimpleData name="length_m">19.9</SimpleData>
	</SchemaData></ExtendedData>
      <LineString><coordinates>79.082717575858,14.254963759023 79.0825415872093,14.2549106694525</coordinates></LineString>
  </Placemark>
  <Placemark id="damage_d3d_roads.850">
	<Style><LineStyle><color>ff0000ff</color></LineStyle><PolyStyle><fill>0</fill></PolyStyle></Style>
	<ExtendedData><SchemaData schemaUrl="#damage_d3d_roads">
		<SimpleData name="osm_id">1259303934</SimpleData>
		<SimpleData name="type">residential</SimpleData>
		<SimpleData name="depth_cls">0.5-1.5 m</SimpleData>
		<SimpleData name="max_depth">0.79</SimpleData>
		<SimpleData name="length_m">39.8</SimpleData>
	</SchemaData></ExtendedData>
      <LineString><coordinates>79.0825415872093,14.2549106694525 79.0823655986585,14.2548575797622 79.0821896102056,14.254804489952</coordinates></LineString>
  </Placemark>
  <Placemark id="damage_d3d_roads.851">
	<Style><LineStyle><color>ff0000ff</color></LineStyle><PolyStyle><fill>0</fill></PolyStyle></Style>
	<ExtendedData><SchemaData schemaUrl="#damage_d3d_roads">
		<SimpleData name="osm_id">1259303934</SimpleData>
		<SimpleData name="type">residential</SimpleData>
		<SimpleData name="depth_cls">0.5-1.5 m</SimpleData>
		<SimpleData name="max_depth">1.02</SimpleData>
		<SimpleData name="length_m">19.9</SimpleData>
	</SchemaData></ExtendedData>
      <LineString><coordinates>79.081834541054,14.2547088323206 79.0816564422914,14.254662923422</coordinates></LineString>
  </Placemark>
  <Placemark id="damage_d3d_roads.852">
	<Style><LineStyle><color>ff0000ff</color></LineStyle><PolyStyle><fill>0</fill></PolyStyle></Style>
	<ExtendedData><SchemaData schemaUrl="#damage_d3d_roads">
		<SimpleData name="osm_id">1259303934</SimpleData>
		<SimpleData name="type">residential</SimpleData>
		<SimpleData name="depth_cls">&gt;1.5 m</SimpleData>
		<SimpleData name="max_depth">4.42</SimpleData>
		<SimpleData name="length_m">437.4</SimpleData>
	</SchemaData></ExtendedData>
      <LineString><coordinates>79.0816564422914,14.254662923422 79.0814783436172,14.2546170143993 79.0813002450315,14.2545711052524 79.0811221465342,14.2545251959812 79.0809440481253,14.2544792865858 79.0807687697002,14.2544241302604 79.0805938980663,14.2543676402279 79.0804190265345,14.2543111500778 79.080244155105,14.25425465981 79.0800692837776,14.2541981694246 79.0798944125525,14.2541416789216 79.0797136408694,14.2541324088721 79.0795299775816,14.2541462795132 79.0793463142899,14.2541601500098 79.0791626509943,14.2541740203622 79.0789789876948,14.2541878905701 79.0787953243914,14.2542017606336 79.078611661084,14.2542156305528 79.0784279977727,14.2542295003276 79.0782443344576,14.2542433699581 79.0780606711385,14.2542572394441 79.0778773596938,14.2542741150229 79.0776952172721,14.2543009780327</coordinates></LineString>
  </Placemark>
  <Placemark id="damage_d3d_roads.853">
	<Style><LineStyle><color>ff0000ff</color></LineStyle><PolyStyle><fill>0</fill></PolyStyle></Style>
	<ExtendedData><SchemaData schemaUrl="#damage_d3d_roads">
		<SimpleData name="osm_id">1259303934</SimpleData>
		<SimpleData name="type">residential</SimpleData>
		<SimpleData name="depth_cls">0.5-1.5 m</SimpleData>
		<SimpleData name="max_depth">0.99</SimpleData>
		<SimpleData name="length_m">59.6</SimpleData>
	</SchemaData></ExtendedData>
      <LineString><coordinates>79.0776952172721,14.2543009780327 79.0775130748252,14.254327840898 79.0773309323531,14.2543547036185 79.0771487898559,14.2543815661943</coordinates></LineString>
  </Placemark>
  <Placemark id="damage_d3d_roads.854">
	<Style><LineStyle><color>ff0000ff</color></LineStyle><PolyStyle><fill>0</fill></PolyStyle></Style>
	<ExtendedData><SchemaData schemaUrl="#damage_d3d_roads">
		<SimpleData name="osm_id">1259303934</SimpleData>
		<SimpleData name="type">residential</SimpleData>
		<SimpleData name="depth_cls">&gt;1.5 m</SimpleData>
		<SimpleData name="max_depth">2.6</SimpleData>
		<SimpleData name="length_m">79.5</SimpleData>
	</SchemaData></ExtendedData>
      <LineString><coordinates>79.0771487898559,14.2543815661943 79.0769666473334,14.2544084286255 79.0767845047856,14.2544352909119 79.0766023622127,14.2544621530537 79.0764202196146,14.2544890150508</coordinates></LineString>
  </Placemark>
  <Placemark id="damage_d3d_roads.855">
	<Style><LineStyle><color>ff0000ff</color></LineStyle><PolyStyle><fill>0</fill></PolyStyle></Style>
	<ExtendedData><SchemaData schemaUrl="#damage_d3d_roads">
		<SimpleData name="osm_id">1259303934</SimpleData>
		<SimpleData name="type">residential</SimpleData>
		<SimpleData name="depth_cls">0.5-1.5 m</SimpleData>
		<SimpleData name="max_depth">1.35</SimpleData>
		<SimpleData name="length_m">39.8</SimpleData>
	</SchemaData></ExtendedData>
      <LineString><coordinates>79.0764202196146,14.2544890150508 79.0762380769913,14.2545158769032 79.0760559343428,14.2545427386109</coordinates></LineString>
  </Placemark>
  <Placemark id="damage_d3d_roads.856">
	<Style><LineStyle><color>ff0000ff</color></LineStyle><PolyStyle><fill>0</fill></PolyStyle></Style>
	<ExtendedData><SchemaData schemaUrl="#damage_d3d_roads">
		<SimpleData name="osm_id">1259303934</SimpleData>
		<SimpleData name="type">residential</SimpleData>
		<SimpleData name="depth_cls">&gt;1.5 m</SimpleData>
		<SimpleData name="max_depth">2.12</SimpleData>
		<SimpleData name="length_m">59.6</SimpleData>
	</SchemaData></ExtendedData>
      <LineString><coordinates>79.0760559343428,14.2545427386109 79.0758737916691,14.254569600174 79.0756916489702,14.2545964615923 79.0755095062461,14.254623322866</coordinates></LineString>
  </Placemark>
  <Placemark id="damage_d3d_roads.857">
	<Style><LineStyle><color>ff0000ff</color></LineStyle><PolyStyle><fill>0</fill></PolyStyle></Style>
	<ExtendedData><SchemaData schemaUrl="#damage_d3d_roads">
		<SimpleData name="osm_id">1259303934</SimpleData>
		<SimpleData name="type">residential</SimpleData>
		<SimpleData name="depth_cls">0.5-1.5 m</SimpleData>
		<SimpleData name="max_depth">1.18</SimpleData>
		<SimpleData name="length_m">79.5</SimpleData>
	</SchemaData></ExtendedData>
      <LineString><coordinates>79.0753273634968,14.2546501839949 79.0751622818407,14.2547164452848 79.0750155409315,14.254825062135 79.0748687998868,14.2549336788763 79.0747220587065,14.2550422955086</coordinates></LineString>
  </Placemark>
  <Placemark id="damage_d3d_roads.858">
	<Style><LineStyle><color>ff0000ff</color></LineStyle><PolyStyle><fill>0</fill></PolyStyle></Style>
	<ExtendedData><SchemaData schemaUrl="#damage_d3d_roads">
		<SimpleData name="osm_id">1259303934</SimpleData>
		<SimpleData name="type">residential</SimpleData>
		<SimpleData name="depth_cls">&gt;1.5 m</SimpleData>
		<SimpleData name="max_depth">2.46</SimpleData>
		<SimpleData name="length_m">39.8</SimpleData>
	</SchemaData></ExtendedData>
      <LineString><coordinates>79.0747220587065,14.2550422955086 79.0746020602532,14.2551546068116 79.0747121,14.2552987</coordinates></LineString>
  </Placemark>
  <Placemark id="damage_d3d_roads.859">
	<Style><LineStyle><color>ff0000ff</color></LineStyle><PolyStyle><fill>0</fill></PolyStyle></Style>
	<ExtendedData><SchemaData schemaUrl="#damage_d3d_roads">
		<SimpleData name="osm_id">1217956148</SimpleData>
		<SimpleData name="type">residential</SimpleData>
		<SimpleData name="depth_cls">0.5-1.5 m</SimpleData>
		<SimpleData name="max_depth">1.26</SimpleData>
		<SimpleData name="length_m">18.9</SimpleData>
	</SchemaData></ExtendedData>
      <LineString><coordinates>79.0764583,14.2573592 79.0764904503019,14.2575266865015</coordinates></LineString>
  </Placemark>
  <Placemark id="damage_d3d_roads.860">
	<Style><LineStyle><color>ff0000ff</color></LineStyle><PolyStyle><fill>0</fill></PolyStyle></Style>
	<ExtendedData><SchemaData schemaUrl="#damage_d3d_roads">
		<SimpleData name="osm_id">1217956148</SimpleData>
		<SimpleData name="type">residential</SimpleData>
		<SimpleData name="depth_cls">0.1-0.5 m</SimpleData>
		<SimpleData name="max_depth">0.33</SimpleData>
		<SimpleData name="length_m">56.6</SimpleData>
	</SchemaData></ExtendedData>
      <LineString><coordinates>79.0765983934127,14.2583707999046 79.0766000728613,14.2585405687974 79.0765816907314,14.25871001959 79.0765805760974,14.25887908167</coordinates></LineString>
  </Placemark>
  <Placemark id="damage_d3d_roads.861">
	<Style><LineStyle><color>ff0000ff</color></LineStyle><PolyStyle><fill>0</fill></PolyStyle></Style>
	<ExtendedData><SchemaData schemaUrl="#damage_d3d_roads">
		<SimpleData name="osm_id">1217956147</SimpleData>
		<SimpleData name="type">residential</SimpleData>
		<SimpleData name="depth_cls">0.1-0.5 m</SimpleData>
		<SimpleData name="max_depth">0.25</SimpleData>
		<SimpleData name="length_m">39.4</SimpleData>
	</SchemaData></ExtendedData>
      <LineString><coordinates>79.0760713226563,14.2579707760897 79.0760771301898,14.2581485347833 79.0760829377141,14.2583262934755</coordinates></LineString>
  </Placemark>
  <Placemark id="damage_d3d_roads.862">
	<Style><LineStyle><color>ff0000ff</color></LineStyle><PolyStyle><fill>0</fill></PolyStyle></Style>
	<ExtendedData><SchemaData schemaUrl="#damage_d3d_roads">
		<SimpleData name="osm_id">1217956147</SimpleData>
		<SimpleData name="type">residential</SimpleData>
		<SimpleData name="depth_cls">0.5-1.5 m</SimpleData>
		<SimpleData name="max_depth">1.38</SimpleData>
		<SimpleData name="length_m">59</SimpleData>
	</SchemaData></ExtendedData>
      <LineString><coordinates>79.0760829377141,14.2583262934755 79.0760887452291,14.2585040521661 79.0760945527347,14.2586818108552 79.0761041863024,14.258859147589</coordinates></LineString>
  </Placemark>
  <Placemark id="damage_d3d_roads.863">
	<Style><LineStyle><color>ff0000ff</color></LineStyle><PolyStyle><fill>0</fill></PolyStyle></Style>
	<ExtendedData><SchemaData schemaUrl="#damage_d3d_roads">
		<SimpleData name="osm_id">1217956147</SimpleData>
		<SimpleData name="type">residential</SimpleData>
		<SimpleData name="depth_cls">0.1-0.5 m</SimpleData>
		<SimpleData name="max_depth">0.1</SimpleData>
		<SimpleData name="length_m">39.4</SimpleData>
	</SchemaData></ExtendedData>
      <LineString><coordinates>79.0764160004924,14.2591654758163 79.0765970685247,14.2591865113019 79.0767117896482,14.2592778194558</coordinates></LineString>
  </Placemark>
  <Placemark id="damage_d3d_roads.864">
	<Style><LineStyle><color>ff0000ff</color></LineStyle><PolyStyle><fill>0</fill></PolyStyle></Style>
	<ExtendedData><SchemaData schemaUrl="#damage_d3d_roads">
		<SimpleData name="osm_id">1217956147</SimpleData>
		<SimpleData name="type">residential</SimpleData>
		<SimpleData name="depth_cls">0.5-1.5 m</SimpleData>
		<SimpleData name="max_depth">0.98</SimpleData>
		<SimpleData name="length_m">39.4</SimpleData>
	</SchemaData></ExtendedData>
      <LineString><coordinates>79.0767117896482,14.2592778194558 79.0767481828159,14.2594520903471 79.0766977525065,14.259619908649</coordinates></LineString>
  </Placemark>
  <Placemark id="damage_d3d_roads.865">
	<Style><LineStyle><color>ff0000ff</color></LineStyle><PolyStyle><fill>0</fill></PolyStyle></Style>
	<ExtendedData><SchemaData schemaUrl="#damage_d3d_roads">
		<SimpleData name="osm_id">1217956147</SimpleData>
		<SimpleData name="type">residential</SimpleData>
		<SimpleData name="depth_cls">0.1-0.5 m</SimpleData>
		<SimpleData name="max_depth">0.41</SimpleData>
		<SimpleData name="length_m">19.7</SimpleData>
	</SchemaData></ExtendedData>
      <LineString><coordinates>79.0766977525065,14.259619908649 79.0765369151323,14.2596917993077</coordinates></LineString>
  </Placemark>
  <Placemark id="damage_d3d_roads.866">
	<Style><LineStyle><color>ff0000ff</color></LineStyle><PolyStyle><fill>0</fill></PolyStyle></Style>
	<ExtendedData><SchemaData schemaUrl="#damage_d3d_roads">
		<SimpleData name="osm_id">1217956147</SimpleData>
		<SimpleData name="type">residential</SimpleData>
		<SimpleData name="depth_cls">0.5-1.5 m</SimpleData>
		<SimpleData name="max_depth">1.43</SimpleData>
		<SimpleData name="length_m">118.1</SimpleData>
	</SchemaData></ExtendedData>
      <LineString><coordinates>79.0761923552727,14.259737670396 79.0760174016412,14.2596875367692 79.0758538887074,14.2596091424928 79.0757058267824,14.2595085559359 79.0755731556127,14.2593865458146 79.0754120624927,14.2593071304999 79.0752499104309,14.2592266977792</coordinates></LineString>
  </Placemark>
  <Placemark id="damage_d3d_roads.867">
	<Style><LineStyle><color>ff0000ff</color></LineStyle><PolyStyle><fill>0</fill></PolyStyle></Style>
	<ExtendedData><SchemaData schemaUrl="#damage_d3d_roads">
		<SimpleData name="osm_id">1217956147</SimpleData>
		<SimpleData name="type">residential</SimpleData>
		<SimpleData name="depth_cls">&gt;1.5 m</SimpleData>
		<SimpleData name="max_depth">1.8</SimpleData>
		<SimpleData name="length_m">19.7</SimpleData>
	</SchemaData></ExtendedData>
      <LineString><coordinates>79.0752499104309,14.2592266977792 79.0750914812754,14.2591403816475</coordinates></LineString>
  </Placemark>
  <Placemark id="damage_d3d_roads.868">
	<Style><LineStyle><color>ff0000ff</color></LineStyle><PolyStyle><fill>0</fill></PolyStyle></Style>
	<ExtendedData><SchemaData schemaUrl="#damage_d3d_roads">
		<SimpleData name="osm_id">1217956147</SimpleData>
		<SimpleData name="type">residential</SimpleData>
		<SimpleData name="depth_cls">0.5-1.5 m</SimpleData>
		<SimpleData name="max_depth">1.5</SimpleData>
		<SimpleData name="length_m">19.7</SimpleData>
	</SchemaData></ExtendedData>
      <LineString><coordinates>79.0750914812754,14.2591403816475 79.074911,14.259115</coordinates></LineString>
  </Placemark>
  <Placemark id="damage_d3d_roads.869">
	<Style><LineStyle><color>ff0000ff</color></LineStyle><PolyStyle><fill>0</fill></PolyStyle></Style>
	<ExtendedData><SchemaData schemaUrl="#damage_d3d_roads">
		<SimpleData name="osm_id">1259303922</SimpleData>
		<SimpleData name="type">tertiary</SimpleData>
		<SimpleData name="depth_cls">0.5-1.5 m</SimpleData>
		<SimpleData name="max_depth">1.07</SimpleData>
		<SimpleData name="length_m">58.7</SimpleData>
	</SchemaData></ExtendedData>
      <LineString><coordinates>79.0763159601526,14.259949400021 79.0763173202892,14.2601261000397 79.0763186804097,14.2603028000563 79.0763200405141,14.2604795000706</coordinates></LineString>
  </Placemark>
  <Placemark id="damage_d3d_roads.870">
	<Style><LineStyle><color>ff0000ff</color></LineStyle><PolyStyle><fill>0</fill></PolyStyle></Style>
	<ExtendedData><SchemaData schemaUrl="#damage_d3d_roads">
		<SimpleData name="osm_id">1259303922</SimpleData>
		<SimpleData name="type">tertiary</SimpleData>
		<SimpleData name="depth_cls">0.1-0.5 m</SimpleData>
		<SimpleData name="max_depth">0.22</SimpleData>
		<SimpleData name="length_m">39.1</SimpleData>
	</SchemaData></ExtendedData>
      <LineString><coordinates>79.0763268407952,14.2613630001092 79.0763282008032,14.2615397001103 79.0763295607952,14.2617164001092</coordinates></LineString>
  </Placemark>
  <Placemark id="damage_d3d_roads.871">
	<Style><LineStyle><color>ff0000ff</color></LineStyle><PolyStyle><fill>0</fill></PolyStyle></Style>
	<ExtendedData><SchemaData schemaUrl="#damage_d3d_roads">
		<SimpleData name="osm_id">1259303922</SimpleData>
		<SimpleData name="type">tertiary</SimpleData>
		<SimpleData name="depth_cls">0.5-1.5 m</SimpleData>
		<SimpleData name="max_depth">0.62</SimpleData>
		<SimpleData name="length_m">58.7</SimpleData>
	</SchemaData></ExtendedData>
      <LineString><coordinates>79.0763295607952,14.2617164001092 79.0763309207711,14.2618931001059 79.0763322807309,14.2620698001004 79.0763336406747,14.2622465000927</coordinates></LineString>
  </Placemark>
  <Placemark id="damage_d3d_roads.872">
	<Style><LineStyle><color>ff0000ff</color></LineStyle><PolyStyle><fill>0</fill></PolyStyle></Style>
	<ExtendedData><SchemaData schemaUrl="#damage_d3d_roads">
		<SimpleData name="osm_id">1259303922</SimpleData>
		<SimpleData name="type">tertiary</SimpleData>
		<SimpleData name="depth_cls">0.1-0.5 m</SimpleData>
		<SimpleData name="max_depth">0.14</SimpleData>
		<SimpleData name="length_m">19.6</SimpleData>
	</SchemaData></ExtendedData>
      <LineString><coordinates>79.0763336406747,14.2622465000927 79.0763350006024,14.2624232000828</coordinates></LineString>
  </Placemark>
  <Placemark id="damage_d3d_roads.873">
	<Style><LineStyle><color>ff0000ff</color></LineStyle><PolyStyle><fill>0</fill></PolyStyle></Style>
	<ExtendedData><SchemaData schemaUrl="#damage_d3d_roads">
		<SimpleData name="osm_id">1259303922</SimpleData>
		<SimpleData name="type">tertiary</SimpleData>
		<SimpleData name="depth_cls">0.1-0.5 m</SimpleData>
		<SimpleData name="max_depth">0.19</SimpleData>
		<SimpleData name="length_m">58.7</SimpleData>
	</SchemaData></ExtendedData>
      <LineString><coordinates>79.0763377204096,14.2627766000563 79.0763390802892,14.2629533000397 79.0763404401526,14.263130000021 79.0763418,14.2633067</coordinates></LineString>
  </Placemark>
  <Placemark id="damage_d3d_roads.874">
	<Style><LineStyle><color>ff0000ff</color></LineStyle><PolyStyle><fill>0</fill></PolyStyle></Style>
	<ExtendedData><SchemaData schemaUrl="#damage_d3d_roads">
		<SimpleData name="osm_id">1217956145</SimpleData>
		<SimpleData name="type">tertiary</SimpleData>
		<SimpleData name="depth_cls">&gt;1.5 m</SimpleData>
		<SimpleData name="max_depth">2.46</SimpleData>
		<SimpleData name="length_m">19.7</SimpleData>
	</SchemaData></ExtendedData>
      <LineString><coordinates>79.0468194,14.2556644 79.0466377830119,14.2556835665225</coordinates></LineString>
  </Placemark>
  <Placemark id="damage_d3d_roads.875">
	<Style><LineStyle><color>ff0000ff</color></LineStyle><PolyStyle><fill>0</fill></PolyStyle></Style>
	<ExtendedData><SchemaData schemaUrl="#damage_d3d_roads">
		<SimpleData name="osm_id">1217956145</SimpleData>
		<SimpleData name="type">tertiary</SimpleData>
		<SimpleData name="depth_cls">&gt;1.5 m</SimpleData>
		<SimpleData name="max_depth">4.67</SimpleData>
		<SimpleData name="length_m">473.2</SimpleData>
	</SchemaData></ExtendedData>
      <LineString><coordinates>79.0460929319735,14.2557410652358 79.0459121361293,14.2557655135174 79.0457328572705,14.2557997198539 79.045555567717,14.2558397200828 79.0453913234297,14.2559177152237 79.0452270790411,14.2559957102365 79.045062834551,14.2560737051211 79.0448985899594,14.2561516998777 79.0447343452664,14.2562296945061 79.0445564449795,14.2562651213087 79.0443759121989,14.2562923419054 79.0442108146227,14.2562945977578 79.0442511071819,14.2561208134289 79.0442810053679,14.2559466307771 79.0442548162393,14.255770298872 79.0442286271335,14.2555939669668 79.0442024380504,14.2554176350614 79.0441762489901,14.255241303156 79.0441371684615,14.2550672584383 79.0441448718963,14.2549134618423 79.0443032966479,14.254824752739 79.0444617212849,14.2547360435139 79.0446201458075,14.254647334167 79.0447390632688,14.2545123824782 79.0448571,14.2543764</coordinates></LineString>
  </Placemark>
  <Placemark id="damage_d3d_roads.876">
	<Style><LineStyle><color>ff0000ff</color></LineStyle><PolyStyle><fill>0</fill></PolyStyle></Style>
	<ExtendedData><SchemaData schemaUrl="#damage_d3d_roads">
		<SimpleData name="osm_id">1450181320</SimpleData>
		<SimpleData name="type">secondary</SimpleData>
		<SimpleData name="depth_cls">0.5-1.5 m</SimpleData>
		<SimpleData name="max_depth">1.28</SimpleData>
		<SimpleData name="length_m">20</SimpleData>
	</SchemaData></ExtendedData>
      <LineString><coordinates>79.0186381921113,14.2626888528761 79.0188174971532,14.2626437385497</coordinates></LineString>
  </Placemark>
  <Placemark id="damage_d3d_roads.877">
	<Style><LineStyle><color>ff0000ff</color></LineStyle><PolyStyle><fill>0</fill></PolyStyle></Style>
	<ExtendedData><SchemaData schemaUrl="#damage_d3d_roads">
		<SimpleData name="osm_id">1450181320</SimpleData>
		<SimpleData name="type">secondary</SimpleData>
		<SimpleData name="depth_cls">&gt;1.5 m</SimpleData>
		<SimpleData name="max_depth">10.09</SimpleData>
		<SimpleData name="length_m">139.9</SimpleData>
	</SchemaData></ExtendedData>
      <LineString><coordinates>79.0188174971532,14.2626437385497 79.0189941296457,14.2625896228444 79.0191488928971,14.2624969153549 79.0191850804563,14.2623259359025 79.019172932371,14.2621464160922 79.019296588665,14.2620369781997 79.0194768664601,14.2619955501182 79.0196540989377,14.261943394293</coordinates></LineString>
  </Placemark>
  <Placemark id="damage_d3d_roads.878">
	<Style><LineStyle><color>ff0000ff</color></LineStyle><PolyStyle><fill>0</fill></PolyStyle></Style>
	<ExtendedData><SchemaData schemaUrl="#damage_d3d_roads">
		<SimpleData name="osm_id">1450181320</SimpleData>
		<SimpleData name="type">secondary</SimpleData>
		<SimpleData name="depth_cls">&gt;1.5 m</SimpleData>
		<SimpleData name="max_depth">3.66</SimpleData>
		<SimpleData name="length_m">80</SimpleData>
	</SchemaData></ExtendedData>
      <LineString><coordinates>79.0238419030571,14.2581012937506 79.0237987209867,14.257927314629 79.0236859028908,14.2577866126639 79.0235307209937,14.2576890572103 79.0233651216206,14.2576082595569</coordinates></LineString>
  </Placemark>
  <Placemark id="damage_d3d_roads.879">
	<Style><LineStyle><color>ff0000ff</color></LineStyle><PolyStyle><fill>0</fill></PolyStyle></Style>
	<ExtendedData><SchemaData schemaUrl="#damage_d3d_roads">
		<SimpleData name="osm_id">1450181320</SimpleData>
		<SimpleData name="type">secondary</SimpleData>
		<SimpleData name="depth_cls">0.1-0.5 m</SimpleData>
		<SimpleData name="max_depth">0.14</SimpleData>
		<SimpleData name="length_m">40</SimpleData>
	</SchemaData></ExtendedData>
      <LineString><coordinates>79.0236139423556,14.2568918374164 79.0237572766935,14.2567774902056 79.0239198806356,14.2566928717665</coordinates></LineString>
  </Placemark>
  <Placemark id="damage_d3d_roads.880">
	<Style><LineStyle><color>ff0000ff</color></LineStyle><PolyStyle><fill>0</fill></PolyStyle></Style>
	<ExtendedData><SchemaData schemaUrl="#damage_d3d_roads">
		<SimpleData name="osm_id">1450181320</SimpleData>
		<SimpleData name="type">secondary</SimpleData>
		<SimpleData name="depth_cls">0.5-1.5 m</SimpleData>
		<SimpleData name="max_depth">1.26</SimpleData>
		<SimpleData name="length_m">20</SimpleData>
	</SchemaData></ExtendedData>
      <LineString><coordinates>79.0239198806356,14.2566928717665 79.0241032424868,14.2566754153275</coordinates></LineString>
  </Placemark>
  <Placemark id="damage_d3d_roads.881">
	<Style><LineStyle><color>ff0000ff</color></LineStyle><PolyStyle><fill>0</fill></PolyStyle></Style>
	<ExtendedData><SchemaData schemaUrl="#damage_d3d_roads">
		<SimpleData name="osm_id">1450181320</SimpleData>
		<SimpleData name="type">secondary</SimpleData>
		<SimpleData name="depth_cls">&gt;1.5 m</SimpleData>
		<SimpleData name="max_depth">4.02</SimpleData>
		<SimpleData name="length_m">139.9</SimpleData>
	</SchemaData></ExtendedData>
      <LineString><coordinates>79.0241032424868,14.2566754153275 79.0242880741453,14.2566870983658 79.0244711264586,14.2567146514715 79.0246529229709,14.2567490673137 79.0248343777384,14.2567852257676 79.0250096485275,14.256843635731 79.0251849194224,14.2569020455769 79.0253603446668,14.2569600118012</coordinates></LineString>
  </Placemark>
  <Placemark id="damage_d3d_roads.882">
	<Style><LineStyle><color>ff0000ff</color></LineStyle><PolyStyle><fill>0</fill></PolyStyle></Style>
	<ExtendedData><SchemaData schemaUrl="#damage_d3d_roads">
		<SimpleData name="osm_id">1450181320</SimpleData>
		<SimpleData name="type">secondary</SimpleData>
		<SimpleData name="depth_cls">0.5-1.5 m</SimpleData>
		<SimpleData name="max_depth">1.09</SimpleData>
		<SimpleData name="length_m">20</SimpleData>
	</SchemaData></ExtendedData>
      <LineString><coordinates>79.0263123041366,14.2574785095227 79.0264482282034,14.2576011933801</coordinates></LineString>
  </Placemark>
  <Placemark id="damage_d3d_roads.883">
	<Style><LineStyle><color>ff0000ff</color></LineStyle><PolyStyle><fill>0</fill></PolyStyle></Style>
	<ExtendedData><SchemaData schemaUrl="#damage_d3d_roads">
		<SimpleData name="osm_id">1450181320</SimpleData>
		<SimpleData name="type">secondary</SimpleData>
		<SimpleData name="depth_cls">0.1-0.5 m</SimpleData>
		<SimpleData name="max_depth">0.4</SimpleData>
		<SimpleData name="length_m">20</SimpleData>
	</SchemaData></ExtendedData>
      <LineString><coordinates>79.0267693005668,14.2577736954713 79.0269456071742,14.2578288960979</coordinates></LineString>
  </Placemark>
  <Placemark id="damage_d3d_roads.884">
	<Style><LineStyle><color>ff0000ff</color></LineStyle><PolyStyle><fill>0</fill></PolyStyle></Style>
	<ExtendedData><SchemaData schemaUrl="#damage_d3d_roads">
		<SimpleData name="osm_id">1450181320</SimpleData>
		<SimpleData name="type">secondary</SimpleData>
		<SimpleData name="depth_cls">0.5-1.5 m</SimpleData>
		<SimpleData name="max_depth">1.31</SimpleData>
		<SimpleData name="length_m">20</SimpleData>
	</SchemaData></ExtendedData>
      <LineString><coordinates>79.0336496524799,14.2577724000127 79.0338240007883,14.2577246138719</coordinates></LineString>
  </Placemark>
  <Placemark id="damage_d3d_roads.885">
	<Style><LineStyle><color>ff0000ff</color></LineStyle><PolyStyle><fill>0</fill></PolyStyle></Style>
	<ExtendedData><SchemaData schemaUrl="#damage_d3d_roads">
		<SimpleData name="osm_id">1450181320</SimpleData>
		<SimpleData name="type">secondary</SimpleData>
		<SimpleData name="depth_cls">&gt;1.5 m</SimpleData>
		<SimpleData name="max_depth">4.08</SimpleData>
		<SimpleData name="length_m">40</SimpleData>
	</SchemaData></ExtendedData>
      <LineString><coordinates>79.0338240007883,14.2577246138719 79.0339573013632,14.2576002715828 79.0340781343973,14.2574633552048</coordinates></LineString>
  </Placemark>
  <Placemark id="damage_d3d_roads.886">
	<Style><LineStyle><color>ff0000ff</color></LineStyle><PolyStyle><fill>0</fill></PolyStyle></Style>
	<ExtendedData><SchemaData schemaUrl="#damage_d3d_roads">
		<SimpleData name="osm_id">1450181320</SimpleData>
		<SimpleData name="type">secondary</SimpleData>
		<SimpleData name="depth_cls">&gt;1.5 m</SimpleData>
		<SimpleData name="max_depth">6.16</SimpleData>
		<SimpleData name="length_m">419.8</SimpleData>
	</SchemaData></ExtendedData>
      <LineString><coordinates>79.0343751037774,14.257249574852 79.0345144807,14.2571305964733 79.0346486207015,14.2570061096555 79.0347427378231,14.2568519510424 79.0347760295618,14.2566762257283 79.0347819742873,14.256495703412 79.034788988442,14.2563151831266 79.034803790913,14.2561356053918 79.0349620686507,14.2560515051131 79.035119408385,14.2559630635537 79.0352265774144,14.2558166254139 79.0353301034229,14.2556669001035 79.03543788963,14.2555199872406 79.0355456756912,14.2553730743094 79.0356531225029,14.2552259288401 79.0357583454092,14.255077258823 79.0358635681706,14.2549285887399 79.0359687907871,14.254779918591 79.0360740132588,14.2546312483761 79.0361792937364,14.2544826191005 79.0362910559567,14.2543385604653 79.0364028180297,14.2541945017578</coordinates></LineString>
  </Placemark>
  <Placemark id="damage_d3d_roads.887">
	<Style><LineStyle><color>ff0000ff</color></LineStyle><PolyStyle><fill>0</fill></PolyStyle></Style>
	<ExtendedData><SchemaData schemaUrl="#damage_d3d_roads">
		<SimpleData name="osm_id">1450181320</SimpleData>
		<SimpleData name="type">secondary</SimpleData>
		<SimpleData name="depth_cls">&gt;1.5 m</SimpleData>
		<SimpleData name="max_depth">7.16</SimpleData>
		<SimpleData name="length_m">739.7</SimpleData>
	</SchemaData></ExtendedData>
      <LineString><coordinates>79.0366475795141,14.253923747701 79.0367734913065,14.2537912576426 79.036899476505,14.2536588341339 79.0370256677754,14.2535265973627 79.0371518588972,14.2533943605044 79.0372805970544,14.2532644845266 79.0374095744591,14.2531348303531 79.0375377965186,14.253004497681 79.0376596906412,14.252868480546 79.0377815846149,14.2527324633285 79.0379036918593,14.2525966287936 79.038026203774,14.2524611408491 79.0381487155398,14.2523256528213 79.0382712271567,14.2521901647104 79.0383936892772,14.2520546341663 79.038515877966,14.2519188690083 79.0386465487641,14.251791567694 79.0387965326006,14.2516860175457 79.0389648921877,14.2516125916703 79.0391302240231,14.2515323658899 79.0392874805459,14.2514371521154 79.0394377573964,14.2513317684953 79.0395810308522,14.2512172812195 79.0397243041672,14.2511027938381 79.0398620540734,14.2509821636971 79.0399971248035,14.2508585539973 79.0401321953876,14.2507349442008 79.0402677119381,14.2506118000413 79.0404033203999,14.2504887518905 79.0405389287159,14.2503657036426 79.0406736260171,14.250241713893 79.0408074158642,14.250116786324 79.0409404841716,14.249991147915 79.0410699076332,14.2498619185129 79.0411993309468,14.2497326890204 79.0413287541125,14.2496034594374 79.0414581771302,14.2494742297639 79.0415876,14.249345</coordinates></LineString>
  </Placemark>
  <Placemark id="damage_d3d_roads.888">
	<Style><LineStyle><color>ff0000ff</color></LineStyle><PolyStyle><fill>0</fill></PolyStyle></Style>
	<ExtendedData><SchemaData schemaUrl="#damage_d3d_roads">
		<SimpleData name="osm_id">1450181312</SimpleData>
		<SimpleData name="type">residential</SimpleData>
		<SimpleData name="depth_cls">&gt;1.5 m</SimpleData>
		<SimpleData name="max_depth">1.79</SimpleData>
		<SimpleData name="length_m">38.5</SimpleData>
	</SchemaData></ExtendedData>
      <LineString><coordinates>79.0441806147284,14.2566542982759 79.0441942073834,14.2564809491409 79.0442078,14.2563076</coordinates></LineString>
  </Placemark>
  <Placemark id="damage_d3d_roads.889">
	<Style><LineStyle><color>ff0000ff</color></LineStyle><PolyStyle><fill>0</fill></PolyStyle></Style>
	<ExtendedData><SchemaData schemaUrl="#damage_d3d_roads">
		<SimpleData name="osm_id">1450623127</SimpleData>
		<SimpleData name="type">residential</SimpleData>
		<SimpleData name="depth_cls">0.1-0.5 m</SimpleData>
		<SimpleData name="max_depth">0.39</SimpleData>
		<SimpleData name="length_m">19.8</SimpleData>
	</SchemaData></ExtendedData>
      <LineString><coordinates>79.0762927,14.2573893 79.0762503909692,14.2572147597082</coordinates></LineString>
  </Placemark>
  <Placemark id="damage_d3d_roads.890">
	<Style><LineStyle><color>ff0000ff</color></LineStyle><PolyStyle><fill>0</fill></PolyStyle></Style>
	<ExtendedData><SchemaData schemaUrl="#damage_d3d_roads">
		<SimpleData name="osm_id">1450623127</SimpleData>
		<SimpleData name="type">residential</SimpleData>
		<SimpleData name="depth_cls">0.5-1.5 m</SimpleData>
		<SimpleData name="max_depth">1.48</SimpleData>
		<SimpleData name="length_m">119.1</SimpleData>
	</SchemaData></ExtendedData>
      <LineString><coordinates>79.0762503909692,14.2572147597082 79.0762080819868,14.2570402194146 79.0761657730528,14.2568656791194 79.0761234641672,14.2566911388224 79.0760480601992,14.2565401759033 79.0758904567806,14.2564477729051 79.0757328534993,14.2563553698181</coordinates></LineString>
  </Placemark>
  <Placemark id="damage_d3d_roads.891">
	<Style><LineStyle><color>ff0000ff</color></LineStyle><PolyStyle><fill>0</fill></PolyStyle></Style>
	<ExtendedData><SchemaData schemaUrl="#damage_d3d_roads">
		<SimpleData name="osm_id">1450623127</SimpleData>
		<SimpleData name="type">residential</SimpleData>
		<SimpleData name="depth_cls">&gt;1.5 m</SimpleData>
		<SimpleData name="max_depth">1.58</SimpleData>
		<SimpleData name="length_m">19.8</SimpleData>
	</SchemaData></ExtendedData>
      <LineString><coordinates>79.0757328534993,14.2563553698181 79.075579139955,14.2562571673178</coordinates></LineString>
  </Placemark>
  <Placemark id="damage_d3d_roads.892">
	<Style><LineStyle><color>ff0000ff</color></LineStyle><PolyStyle><fill>0</fill></PolyStyle></Style>
	<ExtendedData><SchemaData schemaUrl="#damage_d3d_roads">
		<SimpleData name="osm_id">1450623127</SimpleData>
		<SimpleData name="type">residential</SimpleData>
		<SimpleData name="depth_cls">0.5-1.5 m</SimpleData>
		<SimpleData name="max_depth">1.29</SimpleData>
		<SimpleData name="length_m">19.8</SimpleData>
	</SchemaData></ExtendedData>
      <LineString><coordinates>79.075579139955,14.2562571673178 79.0754291948636,14.2561533462521</coordinates></LineString>
  </Placemark>
  <Placemark id="damage_d3d_roads.893">
	<Style><LineStyle><color>ff0000ff</color></LineStyle><PolyStyle><fill>0</fill></PolyStyle></Style>
	<ExtendedData><SchemaData schemaUrl="#damage_d3d_roads">
		<SimpleData name="osm_id">1450623127</SimpleData>
		<SimpleData name="type">residential</SimpleData>
		<SimpleData name="depth_cls">&gt;1.5 m</SimpleData>
		<SimpleData name="max_depth">3.03</SimpleData>
		<SimpleData name="length_m">238.2</SimpleData>
	</SchemaData></ExtendedData>
      <LineString><coordinates>79.0754291948636,14.2561533462521 79.0752792499157,14.2560495251084 79.0751293051112,14.2559457038868 79.0750755813828,14.2557752131309 79.0750244306728,14.2556029396238 79.0749086276813,14.2554703093591 79.074771625381,14.2553506780243 79.0746139146695,14.2553321132276 79.0744402935602,14.2553911977061 79.0742712145458,14.2554568822982 79.0741493818366,14.2555912207986 79.0740275489807,14.2557255592172 79.0739190868441,14.2558695260695</coordinates></LineString>
  </Placemark>
  <Placemark id="damage_d3d_roads.894">
	<Style><LineStyle><color>ff0000ff</color></LineStyle><PolyStyle><fill>0</fill></PolyStyle></Style>
	<ExtendedData><SchemaData schemaUrl="#damage_d3d_roads">
		<SimpleData name="osm_id">1450623127</SimpleData>
		<SimpleData name="type">residential</SimpleData>
		<SimpleData name="depth_cls">0.5-1.5 m</SimpleData>
		<SimpleData name="max_depth">1.17</SimpleData>
		<SimpleData name="length_m">39.7</SimpleData>
	</SchemaData></ExtendedData>
      <LineString><coordinates>79.0739190868441,14.2558695260695 79.0738233245781,14.2560226382838 79.0737275621742,14.2561757504415</coordinates></LineString>
  </Placemark>
  <Placemark id="damage_d3d_roads.895">
	<Style><LineStyle><color>ff0000ff</color></LineStyle><PolyStyle><fill>0</fill></PolyStyle></Style>
	<ExtendedData><SchemaData schemaUrl="#damage_d3d_roads">
		<SimpleData name="osm_id">1450623127</SimpleData>
		<SimpleData name="type">residential</SimpleData>
		<SimpleData name="depth_cls">&gt;1.5 m</SimpleData>
		<SimpleData name="max_depth">2.57</SimpleData>
		<SimpleData name="length_m">138.9</SimpleData>
	</SchemaData></ExtendedData>
      <LineString><coordinates>79.0736317996323,14.2563288625426 79.0735360369524,14.2564819745871 79.0734402741346,14.256635086575 79.0733638561112,14.2567981479313 79.0732884083304,14.2569617083223 79.0732129604283,14.2571252686736 79.0731375124049,14.2572888289852 79.0730620642601,14.2574523892571</coordinates></LineString>
  </Placemark>
  <Placemark id="damage_d3d_roads.896">
	<Style><LineStyle><color>ff0000ff</color></LineStyle><PolyStyle><fill>0</fill></PolyStyle></Style>
	<ExtendedData><SchemaData schemaUrl="#damage_d3d_roads">
		<SimpleData name="osm_id">1450623127</SimpleData>
		<SimpleData name="type">residential</SimpleData>
		<SimpleData name="depth_cls">0.1-0.5 m</SimpleData>
		<SimpleData name="max_depth">0.33</SimpleData>
		<SimpleData name="length_m">39.7</SimpleData>
	</SchemaData></ExtendedData>
      <LineString><coordinates>79.0730620642601,14.2574523892571 79.0729866159941,14.2576159494892 79.0729317358069,14.2577855271055</coordinates></LineString>
  </Placemark>
  <Placemark id="damage_d3d_roads.897">
	<Style><LineStyle><color>ff0000ff</color></LineStyle><PolyStyle><fill>0</fill></PolyStyle></Style>
	<ExtendedData><SchemaData schemaUrl="#damage_d3d_roads">
		<SimpleData name="osm_id">1450623127</SimpleData>
		<SimpleData name="type">residential</SimpleData>
		<SimpleData name="depth_cls">&gt;1.5 m</SimpleData>
		<SimpleData name="max_depth">2.74</SimpleData>
		<SimpleData name="length_m">198.5</SimpleData>
	</SchemaData></ExtendedData>
      <LineString><coordinates>79.0729317358069,14.2577855271055 79.0729024285173,14.2579625863214 79.0728731211642,14.2581396455254 79.0728438137475,14.2583167047176 79.0728145062671,14.2584937638979 79.0728027596844,14.2586688588986 79.0728724026971,14.2588348505844 79.0729420457985,14.2590008422604 79.0730116889884,14.2591668339268 79.0731139861147,14.2593149264343 79.0732231572763,14.2594592509904</coordinates></LineString>
  </Placemark>
  <Placemark id="damage_d3d_roads.898">
	<Style><LineStyle><color>ff0000ff</color></LineStyle><PolyStyle><fill>0</fill></PolyStyle></Style>
	<ExtendedData><SchemaData schemaUrl="#damage_d3d_roads">
		<SimpleData name="osm_id">1450623127</SimpleData>
		<SimpleData name="type">residential</SimpleData>
		<SimpleData name="depth_cls">0.5-1.5 m</SimpleData>
		<SimpleData name="max_depth">0.71</SimpleData>
		<SimpleData name="length_m">19.8</SimpleData>
	</SchemaData></ExtendedData>
      <LineString><coordinates>79.0732231572763,14.2594592509904 79.0733323285714,14.2596035755123</coordinates></LineString>
  </Placemark>
  <Placemark id="damage_d3d_roads.899">
	<Style><LineStyle><color>ff0000ff</color></LineStyle><PolyStyle><fill>0</fill></PolyStyle></Style>
	<ExtendedData><SchemaData schemaUrl="#damage_d3d_roads">
		<SimpleData name="osm_id">1217956144</SimpleData>
		<SimpleData name="type">secondary</SimpleData>
		<SimpleData name="depth_cls">&gt;1.5 m</SimpleData>
		<SimpleData name="max_depth">2.14</SimpleData>
		<SimpleData name="length_m">39.9</SimpleData>
	</SchemaData></ExtendedData>
      <LineString><coordinates>79.0418442,14.2540709 79.0420288561561,14.2540590640938 79.0422135123121,14.2540472280421</coordinates></LineString>
  </Placemark>
  <Placemark id="damage_d3d_roads.900">
	<Style><LineStyle><color>ff0000ff</color></LineStyle><PolyStyle><fill>0</fill></PolyStyle></Style>
	<ExtendedData><SchemaData schemaUrl="#damage_d3d_roads">
		<SimpleData name="osm_id">1217956144</SimpleData>
		<SimpleData name="type">secondary</SimpleData>
		<SimpleData name="depth_cls">0.5-1.5 m</SimpleData>
		<SimpleData name="max_depth">0.76</SimpleData>
		<SimpleData name="length_m">39.9</SimpleData>
	</SchemaData></ExtendedData>
      <LineString><coordinates>79.0422135123121,14.2540472280421 79.0423981685445,14.2540353929814 79.0425828253436,14.2540235661924</coordinates></LineString>
  </Placemark>
  <Placemark id="damage_d3d_roads.901">
	<Style><LineStyle><color>ff0000ff</color></LineStyle><PolyStyle><fill>0</fill></PolyStyle></Style>
	<ExtendedData><SchemaData schemaUrl="#damage_d3d_roads">
		<SimpleData name="osm_id">1217956144</SimpleData>
		<SimpleData name="type">secondary</SimpleData>
		<SimpleData name="depth_cls">&gt;1.5 m</SimpleData>
		<SimpleData name="max_depth">4.84</SimpleData>
		<SimpleData name="length_m">719</SimpleData>
	</SchemaData></ExtendedData>
      <LineString><coordinates>79.0425828253436,14.2540235661924 79.0427674821427,14.2540117392578 79.0429521598275,14.2540003856551 79.0431371757669,14.2539966999043 79.0433221917197,14.253993014009 79.0435072076856,14.2539893279694 79.0436921734048,14.25398392522 79.0438771035496,14.253977307011 79.0440620337029,14.253970688657 79.0442404931768,14.2540083766295 79.0444161733535,14.2540650956564 79.0445728448126,14.2541561156534 79.0447177334987,14.254268397632 79.0448626228578,14.2543806788952 79.0450075256187,14.2544929438156 79.0451524285274,14.2546052086652 79.045297331584,14.254717473444 79.0454422347885,14.2548297381521 79.0455871381409,14.2549420027893 79.0457434806726,14.2550383745758 79.0459009661803,14.2551331584806 79.0460584518283,14.2552279422974 79.0462159376167,14.2553227260263 79.0463749575455,14.2554149426725 79.0465371324091,14.2555018799894 79.0466971081205,14.2555925430181 79.0468615885672,14.2556672104679 79.0470462147336,14.2556795095869 79.047230840939,14.2556918085654 79.0474154671836,14.2557041074034 79.0476000934674,14.2557164061009 79.0477847197902,14.2557287046578 79.0479693452687,14.2557409907114 79.0481504377053,14.2557038325857 79.0483315301001,14.2556666743147 79.0485126224531,14.2556295158984 79.0486937147644,14.2555923573369</coordinates></LineString>
  </Placemark>
  <Placemark id="damage_d3d_roads.902">
	<Style><LineStyle><color>ff0000ff</color></LineStyle><PolyStyle><fill>0</fill></PolyStyle></Style>
	<ExtendedData><SchemaData schemaUrl="#damage_d3d_roads">
		<SimpleData name="osm_id">1217956144</SimpleData>
		<SimpleData name="type">secondary</SimpleData>
		<SimpleData name="depth_cls">0.5-1.5 m</SimpleData>
		<SimpleData name="max_depth">1.4</SimpleData>
		<SimpleData name="length_m">20</SimpleData>
	</SchemaData></ExtendedData>
      <LineString><coordinates>79.0486937147644,14.2555923573369 79.048874807034,14.25555519863</coordinates></LineString>
  </Placemark>
  <Placemark id="damage_d3d_roads.903">
	<Style><LineStyle><color>ff0000ff</color></LineStyle><PolyStyle><fill>0</fill></PolyStyle></Style>
	<ExtendedData><SchemaData schemaUrl="#damage_d3d_roads">
		<SimpleData name="osm_id">1217956144</SimpleData>
		<SimpleData name="type">secondary</SimpleData>
		<SimpleData name="depth_cls">&gt;1.5 m</SimpleData>
		<SimpleData name="max_depth">1.82</SimpleData>
		<SimpleData name="length_m">79.9</SimpleData>
	</SchemaData></ExtendedData>
      <LineString><coordinates>79.049372407268,14.2556535706423 79.0495224013534,14.2557592849438 79.0496573953027,14.2558822589731 79.049788886082,14.2560092639744 79.0499203770088,14.2561362689206</coordinates></LineString>
  </Placemark>
  <Placemark id="damage_d3d_roads.904">
	<Style><LineStyle><color>ff0000ff</color></LineStyle><PolyStyle><fill>0</fill></PolyStyle></Style>
	<ExtendedData><SchemaData schemaUrl="#damage_d3d_roads">
		<SimpleData name="osm_id">1217956144</SimpleData>
		<SimpleData name="type">secondary</SimpleData>
		<SimpleData name="depth_cls">0.1-0.5 m</SimpleData>
		<SimpleData name="max_depth">0.14</SimpleData>
		<SimpleData name="length_m">20</SimpleData>
	</SchemaData></ExtendedData>
      <LineString><coordinates>79.0499203770088,14.2561362689206 79.0500518680832,14.2562632738117</coordinates></LineString>
  </Placemark>
  <Placemark id="damage_d3d_roads.905">
	<Style><LineStyle><color>ff0000ff</color></LineStyle><PolyStyle><fill>0</fill></PolyStyle></Style>
	<ExtendedData><SchemaData schemaUrl="#damage_d3d_roads">
		<SimpleData name="osm_id">1217956144</SimpleData>
		<SimpleData name="type">secondary</SimpleData>
		<SimpleData name="depth_cls">&gt;1.5 m</SimpleData>
		<SimpleData name="max_depth">5.1</SimpleData>
		<SimpleData name="length_m">59.9</SimpleData>
	</SchemaData></ExtendedData>
      <LineString><coordinates>79.0500518680832,14.2562632738117 79.0501833593051,14.2563902786477 79.0503148506745,14.2565172834287 79.0504463421915,14.2566442881546</coordinates></LineString>
  </Placemark>
  <Placemark id="damage_d3d_roads.906">
	<Style><LineStyle><color>ff0000ff</color></LineStyle><PolyStyle><fill>0</fill></PolyStyle></Style>
	<ExtendedData><SchemaData schemaUrl="#damage_d3d_roads">
		<SimpleData name="osm_id">1217956144</SimpleData>
		<SimpleData name="type">secondary</SimpleData>
		<SimpleData name="depth_cls">0.5-1.5 m</SimpleData>
		<SimpleData name="max_depth">0.88</SimpleData>
		<SimpleData name="length_m">20</SimpleData>
	</SchemaData></ExtendedData>
      <LineString><coordinates>79.0504463421915,14.2566442881546 79.050555840697,14.256787680455</coordinates></LineString>
  </Placemark>
  <Placemark id="damage_d3d_roads.907">
	<Style><LineStyle><color>ff0000ff</color></LineStyle><PolyStyle><fill>0</fill></PolyStyle></Style>
	<ExtendedData><SchemaData schemaUrl="#damage_d3d_roads">
		<SimpleData name="osm_id">1217956144</SimpleData>
		<SimpleData name="type">secondary</SimpleData>
		<SimpleData name="depth_cls">&gt;1.5 m</SimpleData>
		<SimpleData name="max_depth">3.84</SimpleData>
		<SimpleData name="length_m">20</SimpleData>
	</SchemaData></ExtendedData>
      <LineString><coordinates>79.050555840697,14.256787680455 79.0506469052245,14.2569448084173</coordinates></LineString>
  </Placemark>
  <Placemark id="damage_d3d_roads.908">
	<Style><LineStyle><color>ff0000ff</color></LineStyle><PolyStyle><fill>0</fill></PolyStyle></Style>
	<ExtendedData><SchemaData schemaUrl="#damage_d3d_roads">
		<SimpleData name="osm_id">1217956144</SimpleData>
		<SimpleData name="type">secondary</SimpleData>
		<SimpleData name="depth_cls">&gt;1.5 m</SimpleData>
		<SimpleData name="max_depth">3.33</SimpleData>
		<SimpleData name="length_m">20</SimpleData>
	</SchemaData></ExtendedData>
      <LineString><coordinates>79.0511512709659,14.2576973180426 79.0512690142801,14.2578363385301</coordinates></LineString>
  </Placemark>
  <Placemark id="damage_d3d_roads.909">
	<Style><LineStyle><color>ff0000ff</color></LineStyle><PolyStyle><fill>0</fill></PolyStyle></Style>
	<ExtendedData><SchemaData schemaUrl="#damage_d3d_roads">
		<SimpleData name="osm_id">1217956144</SimpleData>
		<SimpleData name="type">secondary</SimpleData>
		<SimpleData name="depth_cls">0.1-0.5 m</SimpleData>
		<SimpleData name="max_depth">0.36</SimpleData>
		<SimpleData name="length_m">20</SimpleData>
	</SchemaData></ExtendedData>
      <LineString><coordinates>79.051730533492,14.2582655538525 79.0519150697271,14.2582791100904</coordinates></LineString>
  </Placemark>
  <Placemark id="damage_d3d_roads.910">
	<Style><LineStyle><color>ff0000ff</color></LineStyle><PolyStyle><fill>0</fill></PolyStyle></Style>
	<ExtendedData><SchemaData schemaUrl="#damage_d3d_roads">
		<SimpleData name="osm_id">1217956144</SimpleData>
		<SimpleData name="type">secondary</SimpleData>
		<SimpleData name="depth_cls">0.5-1.5 m</SimpleData>
		<SimpleData name="max_depth">1.21</SimpleData>
		<SimpleData name="length_m">59.9</SimpleData>
	</SchemaData></ExtendedData>
      <LineString><coordinates>79.0519150697271,14.2582791100904 79.0520425711972,14.2584070833857 79.0521674779686,14.2585402621276 79.052295657374,14.2586670137322</coordinates></LineString>
  </Placemark>
  <Placemark id="damage_d3d_roads.911">
	<Style><LineStyle><color>ff0000ff</color></LineStyle><PolyStyle><fill>0</fill></PolyStyle></Style>
	<ExtendedData><SchemaData schemaUrl="#damage_d3d_roads">
		<SimpleData name="osm_id">1217956144</SimpleData>
		<SimpleData name="type">secondary</SimpleData>
		<SimpleData name="depth_cls">&gt;1.5 m</SimpleData>
		<SimpleData name="max_depth">7.16</SimpleData>
		<SimpleData name="length_m">199.7</SimpleData>
	</SchemaData></ExtendedData>
      <LineString><coordinates>79.0528484890174,14.2587167444405 79.053031748928,14.2587409980213 79.0532142914083,14.2587706654429 79.0533968339545,14.2588003327306 79.0535793765667,14.2588299998845 79.0537619192448,14.2588596669046 79.0539444619889,14.2588893337907 79.0541286738568,14.2589065496057 79.0543129008839,14.258923652544 79.054461749413,14.2590075453598 79.0545056212166,14.2591807700632</coordinates></LineString>
  </Placemark>
  <Placemark id="damage_d3d_roads.912">
	<Style><LineStyle><color>ff0000ff</color></LineStyle><PolyStyle><fill>0</fill></PolyStyle></Style>
	<ExtendedData><SchemaData schemaUrl="#damage_d3d_roads">
		<SimpleData name="osm_id">1217956144</SimpleData>
		<SimpleData name="type">secondary</SimpleData>
		<SimpleData name="depth_cls">&gt;1.5 m</SimpleData>
		<SimpleData name="max_depth">5.46</SimpleData>
		<SimpleData name="length_m">339.5</SimpleData>
	</SchemaData></ExtendedData>
      <LineString><coordinates>79.0575387613627,14.2598210674753 79.0577236940297,14.2598143521642 79.057880758976,14.2598924094997 79.0580272121035,14.2600027505992 79.0581736701253,14.2601130856321 79.0583201282947,14.2602234205922 79.0584665866115,14.2603337554793 79.058621970398,14.2604291584839 79.0587925713404,14.2604991037362 79.0589631724015,14.2605690488793 79.059140371354,14.2606204937118 79.0593029296683,14.2606990343334 79.0594479808251,14.2608111240785 79.0595856644534,14.2609313523336 79.0597176722891,14.2610578503627 79.05986915376,14.261141138608 79.0600539687637,14.2611504631071 79.0602383908761,14.2611355428518</coordinates></LineString>
  </Placemark>
  <Placemark id="damage_d3d_roads.913">
	<Style><LineStyle><color>ff0000ff</color></LineStyle><PolyStyle><fill>0</fill></PolyStyle></Style>
	<ExtendedData><SchemaData schemaUrl="#damage_d3d_roads">
		<SimpleData name="osm_id">1217956144</SimpleData>
		<SimpleData name="type">secondary</SimpleData>
		<SimpleData name="depth_cls">0.5-1.5 m</SimpleData>
		<SimpleData name="max_depth">1.47</SimpleData>
		<SimpleData name="length_m">39.9</SimpleData>
	</SchemaData></ExtendedData>
      <LineString><coordinates>79.0602383908761,14.2611355428518 79.0604228114222,14.2611205261436 79.0606072319627,14.2611055092896</coordinates></LineString>
  </Placemark>
  <Placemark id="damage_d3d_roads.914">
	<Style><LineStyle><color>ff0000ff</color></LineStyle><PolyStyle><fill>0</fill></PolyStyle></Style>
	<ExtendedData><SchemaData schemaUrl="#damage_d3d_roads">
		<SimpleData name="osm_id">1217956144</SimpleData>
		<SimpleData name="type">secondary</SimpleData>
		<SimpleData name="depth_cls">&gt;1.5 m</SimpleData>
		<SimpleData name="max_depth">5.86</SimpleData>
		<SimpleData name="length_m">259.6</SimpleData>
	</SchemaData></ExtendedData>
      <LineString><coordinates>79.0606072319627,14.2611055092896 79.0607916524976,14.2610904922897 79.0609760730269,14.2610754751439 79.0611604935507,14.2610604578522 79.061345067923,14.261055361969 79.0615298697609,14.2610649329942 79.0617146716333,14.261074503878 79.0618364548354,14.261185918401 79.0618600089947,14.2613649451649 79.0618835631727,14.2615439719286 79.061873734302,14.2617205719891 79.0618232294599,14.2618942151939 79.0617727245241,14.2620678583759 79.0617222194946,14.262241501535</coordinates></LineString>
  </Placemark>
  <Placemark id="damage_d3d_roads.915">
	<Style><LineStyle><color>ff0000ff</color></LineStyle><PolyStyle><fill>0</fill></PolyStyle></Style>
	<ExtendedData><SchemaData schemaUrl="#damage_d3d_roads">
		<SimpleData name="osm_id">1217956144</SimpleData>
		<SimpleData name="type">secondary</SimpleData>
		<SimpleData name="depth_cls">0.5-1.5 m</SimpleData>
		<SimpleData name="max_depth">1.23</SimpleData>
		<SimpleData name="length_m">39.9</SimpleData>
	</SchemaData></ExtendedData>
      <LineString><coordinates>79.0617222194946,14.262241501535 79.0617329429212,14.2624216291748 79.0618139393277,14.2625702320043</coordinates></LineString>
  </Placemark>
  <Placemark id="damage_d3d_roads.916">
	<Style><LineStyle><color>ff0000ff</color></LineStyle><PolyStyle><fill>0</fill></PolyStyle></Style>
	<ExtendedData><SchemaData schemaUrl="#damage_d3d_roads">
		<SimpleData name="osm_id">1217956144</SimpleData>
		<SimpleData name="type">secondary</SimpleData>
		<SimpleData name="depth_cls">0.1-0.5 m</SimpleData>
		<SimpleData name="max_depth">0.29</SimpleData>
		<SimpleData name="length_m">20</SimpleData>
	</SchemaData></ExtendedData>
      <LineString><coordinates>79.0618139393277,14.2625702320043 79.0619846179978,14.2626400012153</coordinates></LineString>
  </Placemark>
  <Placemark id="damage_d3d_roads.917">
	<Style><LineStyle><color>ff0000ff</color></LineStyle><PolyStyle><fill>0</fill></PolyStyle></Style>
	<ExtendedData><SchemaData schemaUrl="#damage_d3d_roads">
		<SimpleData name="osm_id">1217956144</SimpleData>
		<SimpleData name="type">secondary</SimpleData>
		<SimpleData name="depth_cls">0.5-1.5 m</SimpleData>
		<SimpleData name="max_depth">0.61</SimpleData>
		<SimpleData name="length_m">79.9</SimpleData>
	</SchemaData></ExtendedData>
      <LineString><coordinates>79.0619846179978,14.2626400012153 79.0621633608254,14.2626794626584 79.0623472870619,14.2626994430315 79.0625312133496,14.2627194232666 79.0627151396884,14.2627394033638</coordinates></LineString>
  </Placemark>
  <Placemark id="damage_d3d_roads.918">
	<Style><LineStyle><color>ff0000ff</color></LineStyle><PolyStyle><fill>0</fill></PolyStyle></Style>
	<ExtendedData><SchemaData schemaUrl="#damage_d3d_roads">
		<SimpleData name="osm_id">1217956144</SimpleData>
		<SimpleData name="type">secondary</SimpleData>
		<SimpleData name="depth_cls">&gt;1.5 m</SimpleData>
		<SimpleData name="max_depth">1.64</SimpleData>
		<SimpleData name="length_m">39.9</SimpleData>
	</SchemaData></ExtendedData>
      <LineString><coordinates>79.0627151396884,14.2627394033638 79.0628990660782,14.262759383323 79.0630829925191,14.2627793631442</coordinates></LineString>
  </Placemark>
  <Placemark id="damage_d3d_roads.919">
	<Style><LineStyle><color>ff0000ff</color></LineStyle><PolyStyle><fill>0</fill></PolyStyle></Style>
	<ExtendedData><SchemaData schemaUrl="#damage_d3d_roads">
		<SimpleData name="osm_id">1217956144</SimpleData>
		<SimpleData name="type">secondary</SimpleData>
		<SimpleData name="depth_cls">0.5-1.5 m</SimpleData>
		<SimpleData name="max_depth">1.4</SimpleData>
		<SimpleData name="length_m">119.8</SimpleData>
	</SchemaData></ExtendedData>
      <LineString><coordinates>79.0641883541537,14.2628563460863 79.0643729226191,14.2628431469207 79.0645574910819,14.2628299476093 79.0647420595421,14.2628167481521 79.0649266279997,14.2628035485493 79.0651111963423,14.2627903473067 79.0652957645813,14.2627771445754</coordinates></LineString>
  </Placemark>
  <Placemark id="damage_d3d_roads.920">
	<Style><LineStyle><color>ff0000ff</color></LineStyle><PolyStyle><fill>0</fill></PolyStyle></Style>
	<ExtendedData><SchemaData schemaUrl="#damage_d3d_roads">
		<SimpleData name="osm_id">1217956144</SimpleData>
		<SimpleData name="type">secondary</SimpleData>
		<SimpleData name="depth_cls">&gt;1.5 m</SimpleData>
		<SimpleData name="max_depth">4.09</SimpleData>
		<SimpleData name="length_m">179.8</SimpleData>
	</SchemaData></ExtendedData>
      <LineString><coordinates>79.0652957645813,14.2627771445754 79.0654803328177,14.2627639416983 79.0656624509601,14.2627669848987 79.0658353043202,14.2628314619318 79.0660133042921,14.2628807747832 79.0661966293944,14.2628723053612 79.0663407884323,14.2627607416953 79.066481625935,14.2626436618013 79.0666272696193,14.262535739995 79.066805386923,14.2624867516796</coordinates></LineString>
  </Placemark>
  <Placemark id="damage_d3d_roads.921">
	<Style><LineStyle><color>ff0000ff</color></LineStyle><PolyStyle><fill>0</fill></PolyStyle></Style>
	<ExtendedData><SchemaData schemaUrl="#damage_d3d_roads">
		<SimpleData name="osm_id">1217956144</SimpleData>
		<SimpleData name="type">secondary</SimpleData>
		<SimpleData name="depth_cls">0.5-1.5 m</SimpleData>
		<SimpleData name="max_depth">1.09</SimpleData>
		<SimpleData name="length_m">20</SimpleData>
	</SchemaData></ExtendedData>
      <LineString><coordinates>79.066805386923,14.2624867516796 79.0669877024954,14.2624563819767</coordinates></LineString>
  </Placemark>
  <Placemark id="damage_d3d_roads.922">
	<Style><LineStyle><color>ff0000ff</color></LineStyle><PolyStyle><fill>0</fill></PolyStyle></Style>
	<ExtendedData><SchemaData schemaUrl="#damage_d3d_roads">
		<SimpleData name="osm_id">1217956144</SimpleData>
		<SimpleData name="type">secondary</SimpleData>
		<SimpleData name="depth_cls">&gt;1.5 m</SimpleData>
		<SimpleData name="max_depth">2.33</SimpleData>
		<SimpleData name="length_m">79.9</SimpleData>
	</SchemaData></ExtendedData>
      <LineString><coordinates>79.0669877024954,14.2624563819767 79.0671704585151,14.2624279655537 79.067353214507,14.2623995489847 79.0675359704713,14.2623711322696 79.0677199098611,14.262359766287</coordinates></LineString>
  </Placemark>
  <Placemark id="damage_d3d_roads.923">
	<Style><LineStyle><color>ff0000ff</color></LineStyle><PolyStyle><fill>0</fill></PolyStyle></Style>
	<ExtendedData><SchemaData schemaUrl="#damage_d3d_roads">
		<SimpleData name="osm_id">1217956144</SimpleData>
		<SimpleData name="type">secondary</SimpleData>
		<SimpleData name="depth_cls">0.1-0.5 m</SimpleData>
		<SimpleData name="max_depth">0.12</SimpleData>
		<SimpleData name="length_m">39.9</SimpleData>
	</SchemaData></ExtendedData>
      <LineString><coordinates>79.0688220669337,14.2623658591834 79.069004786104,14.2623935634961 79.0691862991621,14.2624287522817</coordinates></LineString>
  </Placemark>
  <Placemark id="damage_d3d_roads.924">
	<Style><LineStyle><color>ff0000ff</color></LineStyle><PolyStyle><fill>0</fill></PolyStyle></Style>
	<ExtendedData><SchemaData schemaUrl="#damage_d3d_roads">
		<SimpleData name="osm_id">1217956144</SimpleData>
		<SimpleData name="type">secondary</SimpleData>
		<SimpleData name="depth_cls">&gt;1.5 m</SimpleData>
		<SimpleData name="max_depth">1.86</SimpleData>
		<SimpleData name="length_m">39.9</SimpleData>
	</SchemaData></ExtendedData>
      <LineString><coordinates>79.0691862991621,14.2624287522817 79.0693669092276,14.2624013214061 79.0694981499381,14.2622740641993</coordinates></LineString>
  </Placemark>
  <Placemark id="damage_d3d_roads.925">
	<Style><LineStyle><color>ff0000ff</color></LineStyle><PolyStyle><fill>0</fill></PolyStyle></Style>
	<ExtendedData><SchemaData schemaUrl="#damage_d3d_roads">
		<SimpleData name="osm_id">1217956144</SimpleData>
		<SimpleData name="type">secondary</SimpleData>
		<SimpleData name="depth_cls">0.5-1.5 m</SimpleData>
		<SimpleData name="max_depth">1.13</SimpleData>
		<SimpleData name="length_m">39.9</SimpleData>
	</SchemaData></ExtendedData>
      <LineString><coordinates>79.0694981499381,14.2622740641993 79.0696202862169,14.2621388078918 79.0697815708683,14.2620704869456</coordinates></LineString>
  </Placemark>
  <Placemark id="damage_d3d_roads.926">
	<Style><LineStyle><color>ff0000ff</color></LineStyle><PolyStyle><fill>0</fill></PolyStyle></Style>
	<ExtendedData><SchemaData schemaUrl="#damage_d3d_roads">
		<SimpleData name="osm_id">1217956144</SimpleData>
		<SimpleData name="type">secondary</SimpleData>
		<SimpleData name="depth_cls">0.1-0.5 m</SimpleData>
		<SimpleData name="max_depth">0.12</SimpleData>
		<SimpleData name="length_m">20</SimpleData>
	</SchemaData></ExtendedData>
      <LineString><coordinates>79.0701078882518,14.2619186998511 79.0702806561193,14.2618808706517</coordinates></LineString>
  </Placemark>
  <Placemark id="damage_d3d_roads.927">
	<Style><LineStyle><color>ff0000ff</color></LineStyle><PolyStyle><fill>0</fill></PolyStyle></Style>
	<ExtendedData><SchemaData schemaUrl="#damage_d3d_roads">
		<SimpleData name="osm_id">1217956144</SimpleData>
		<SimpleData name="type">secondary</SimpleData>
		<SimpleData name="depth_cls">0.5-1.5 m</SimpleData>
		<SimpleData name="max_depth">1.02</SimpleData>
		<SimpleData name="length_m">20</SimpleData>
	</SchemaData></ExtendedData>
      <LineString><coordinates>79.0702806561193,14.2618808706517 79.0704481986264,14.2619575314525</coordinates></LineString>
  </Placemark>
  <Placemark id="damage_d3d_roads.928">
	<Style><LineStyle><color>ff0000ff</color></LineStyle><PolyStyle><fill>0</fill></PolyStyle></Style>
	<ExtendedData><SchemaData schemaUrl="#damage_d3d_roads">
		<SimpleData name="osm_id">1217956144</SimpleData>
		<SimpleData name="type">secondary</SimpleData>
		<SimpleData name="depth_cls">0.1-0.5 m</SimpleData>
		<SimpleData name="max_depth">0.17</SimpleData>
		<SimpleData name="length_m">20</SimpleData>
	</SchemaData></ExtendedData>
      <LineString><coordinates>79.0707832840172,14.2621108527419 79.0709508269009,14.2621875132306</coordinates></LineString>
  </Placemark>
  <Placemark id="damage_d3d_roads.929">
	<Style><LineStyle><color>ff0000ff</color></LineStyle><PolyStyle><fill>0</fill></PolyStyle></Style>
	<ExtendedData><SchemaData schemaUrl="#damage_d3d_roads">
		<SimpleData name="osm_id">1217956144</SimpleData>
		<SimpleData name="type">secondary</SimpleData>
		<SimpleData name="depth_cls">0.1-0.5 m</SimpleData>
		<SimpleData name="max_depth">0.45</SimpleData>
		<SimpleData name="length_m">39.9</SimpleData>
	</SchemaData></ExtendedData>
      <LineString><coordinates>79.071645139852,14.2624114455282 79.0718191846546,14.2623547804834 79.0719916032171,14.2622892046168</coordinates></LineString>
  </Placemark>
  <Placemark id="damage_d3d_roads.930">
	<Style><LineStyle><color>ff0000ff</color></LineStyle><PolyStyle><fill>0</fill></PolyStyle></Style>
	<ExtendedData><SchemaData schemaUrl="#damage_d3d_roads">
		<SimpleData name="osm_id">1217956144</SimpleData>
		<SimpleData name="type">secondary</SimpleData>
		<SimpleData name="depth_cls">0.5-1.5 m</SimpleData>
		<SimpleData name="max_depth">1.26</SimpleData>
		<SimpleData name="length_m">39.9</SimpleData>
	</SchemaData></ExtendedData>
      <LineString><coordinates>79.0721640216939,14.2622236286125 79.0723364400848,14.2621580524705 79.0725091777663,14.2620932919752</coordinates></LineString>
  </Placemark>
  <Placemark id="damage_d3d_roads.931">
	<Style><LineStyle><color>ff0000ff</color></LineStyle><PolyStyle><fill>0</fill></PolyStyle></Style>
	<ExtendedData><SchemaData schemaUrl="#damage_d3d_roads">
		<SimpleData name="osm_id">1217956144</SimpleData>
		<SimpleData name="type">secondary</SimpleData>
		<SimpleData name="depth_cls">0.1-0.5 m</SimpleData>
		<SimpleData name="max_depth">0.26</SimpleData>
		<SimpleData name="length_m">39.9</SimpleData>
	</SchemaData></ExtendedData>
      <LineString><coordinates>79.0725091777663,14.2620932919752 79.0726825299744,14.262030101242 79.0728485718647,14.2619541129247</coordinates></LineString>
  </Placemark>
  <Placemark id="damage_d3d_roads.932">
	<Style><LineStyle><color>ff0000ff</color></LineStyle><PolyStyle><fill>0</fill></PolyStyle></Style>
	<ExtendedData><SchemaData schemaUrl="#damage_d3d_roads">
		<SimpleData name="osm_id">1217956144</SimpleData>
		<SimpleData name="type">secondary</SimpleData>
		<SimpleData name="depth_cls">0.1-0.5 m</SimpleData>
		<SimpleData name="max_depth">0.2</SimpleData>
		<SimpleData name="length_m">59.9</SimpleData>
	</SchemaData></ExtendedData>
      <LineString><coordinates>79.0748583631989,14.2604936692199 79.0748759123656,14.2603153972616 79.0748827799979,14.2601350255791 79.0748896476003,14.2599546538923</coordinates></LineString>
  </Placemark>
  <Placemark id="damage_d3d_roads.933">
	<Style><LineStyle><color>ff0000ff</color></LineStyle><PolyStyle><fill>0</fill></PolyStyle></Style>
	<ExtendedData><SchemaData schemaUrl="#damage_d3d_roads">
		<SimpleData name="osm_id">1217956144</SimpleData>
		<SimpleData name="type">secondary</SimpleData>
		<SimpleData name="depth_cls">0.5-1.5 m</SimpleData>
		<SimpleData name="max_depth">1.45</SimpleData>
		<SimpleData name="length_m">119.8</SimpleData>
	</SchemaData></ExtendedData>
      <LineString><coordinates>79.0748955912622,14.2597742537059 79.0749004219972,14.2595938191913 79.0749052527054,14.259413384673 79.0749099603939,14.2592329480695 79.0749115827662,14.2590524589832 79.0749145125772,14.2588720893955 79.0749487,14.2586947</coordinates></LineString>
  </Placemark>
  <Placemark id="damage_d3d_roads.934">
	<Style><LineStyle><color>ff0000ff</color></LineStyle><PolyStyle><fill>0</fill></PolyStyle></Style>
	<ExtendedData><SchemaData schemaUrl="#damage_d3d_roads">
		<SimpleData name="osm_id">1450623129</SimpleData>
		<SimpleData name="type">residential</SimpleData>
		<SimpleData name="depth_cls">0.5-1.5 m</SimpleData>
		<SimpleData name="max_depth">1.43</SimpleData>
		<SimpleData name="length_m">85</SimpleData>
	</SchemaData></ExtendedData>
      <LineString><coordinates>79.074127,14.2590385 79.0742837999307,14.2590538002011 79.074440599896,14.2590691003017 79.074597399896,14.2590844003017 79.0747541999307,14.2590997002011 79.074911,14.259115</coordinates></LineString>
  </Placemark>
  <Placemark id="damage_d3d_roads.935">
	<Style><LineStyle><color>ff0000ff</color></LineStyle><PolyStyle><fill>0</fill></PolyStyle></Style>
	<ExtendedData><SchemaData schemaUrl="#damage_d3d_roads">
		<SimpleData name="osm_id">1450181311</SimpleData>
		<SimpleData name="type">unclassified</SimpleData>
		<SimpleData name="depth_cls">0.5-1.5 m</SimpleData>
		<SimpleData name="max_depth">1.22</SimpleData>
		<SimpleData name="length_m">39.9</SimpleData>
	</SchemaData></ExtendedData>
      <LineString><coordinates>79.0423762,14.2540368 79.0423379501789,14.254213282807 79.0422997002805,14.2543897655979</coordinates></LineString>
  </Placemark>
  <Placemark id="damage_d3d_roads.936">
	<Style><LineStyle><color>ff0000ff</color></LineStyle><PolyStyle><fill>0</fill></PolyStyle></Style>
	<ExtendedData><SchemaData schemaUrl="#damage_d3d_roads">
		<SimpleData name="osm_id">1450181311</SimpleData>
		<SimpleData name="type">unclassified</SimpleData>
		<SimpleData name="depth_cls">&gt;1.5 m</SimpleData>
		<SimpleData name="max_depth">4.63</SimpleData>
		<SimpleData name="length_m">119.8</SimpleData>
	</SchemaData></ExtendedData>
      <LineString><coordinates>79.0422997002805,14.2543897655979 79.0422749113298,14.2545680042416 79.0422642694875,14.2547480882461 79.0422536276092,14.2549281722453 79.0422429856949,14.2551082562393 79.0422430624222,14.2552881463791 79.042260541909,14.2554677217852</coordinates></LineString>
  </Placemark>
  <Placemark id="damage_d3d_roads.937">
	<Style><LineStyle><color>ff0000ff</color></LineStyle><PolyStyle><fill>0</fill></PolyStyle></Style>
	<ExtendedData><SchemaData schemaUrl="#damage_d3d_roads">
		<SimpleData name="osm_id">1450181311</SimpleData>
		<SimpleData name="type">unclassified</SimpleData>
		<SimpleData name="depth_cls">0.1-0.5 m</SimpleData>
		<SimpleData name="max_depth">0.49</SimpleData>
		<SimpleData name="length_m">39.9</SimpleData>
	</SchemaData></ExtendedData>
      <LineString><coordinates>79.042260541909,14.2554677217852 79.0422780214045,14.2556472971909 79.0422955009088,14.2558268725964</coordinates></LineString>
  </Placemark>
  <Placemark id="damage_d3d_roads.938">
	<Style><LineStyle><color>ff0000ff</color></LineStyle><PolyStyle><fill>0</fill></PolyStyle></Style>
	<ExtendedData><SchemaData schemaUrl="#damage_d3d_roads">
		<SimpleData name="osm_id">1450181311</SimpleData>
		<SimpleData name="type">unclassified</SimpleData>
		<SimpleData name="depth_cls">0.1-0.5 m</SimpleData>
		<SimpleData name="max_depth">0.22</SimpleData>
		<SimpleData name="length_m">39.9</SimpleData>
	</SchemaData></ExtendedData>
      <LineString><coordinates>79.0419347453088,14.2583084396951 79.0418937774121,14.2584843412849 79.0418528094345,14.2586602428572</coordinates></LineString>
  </Placemark>
  <Placemark id="damage_d3d_roads.939">
	<Style><LineStyle><color>ff0000ff</color></LineStyle><PolyStyle><fill>0</fill></PolyStyle></Style>
	<ExtendedData><SchemaData schemaUrl="#damage_d3d_roads">
		<SimpleData name="osm_id">1450181311</SimpleData>
		<SimpleData name="type">unclassified</SimpleData>
		<SimpleData name="depth_cls">0.5-1.5 m</SimpleData>
		<SimpleData name="max_depth">1.32</SimpleData>
		<SimpleData name="length_m">20</SimpleData>
	</SchemaData></ExtendedData>
      <LineString><coordinates>79.0418528094345,14.2586602428572 79.0418118413759,14.2588361444118</coordinates></LineString>
  </Placemark>
  <Placemark id="damage_d3d_roads.940">
	<Style><LineStyle><color>ff0000ff</color></LineStyle><PolyStyle><fill>0</fill></PolyStyle></Style>
	<ExtendedData><SchemaData schemaUrl="#damage_d3d_roads">
		<SimpleData name="osm_id">1450181311</SimpleData>
		<SimpleData name="type">unclassified</SimpleData>
		<SimpleData name="depth_cls">0.1-0.5 m</SimpleData>
		<SimpleData name="max_depth">0.48</SimpleData>
		<SimpleData name="length_m">59.9</SimpleData>
	</SchemaData></ExtendedData>
      <LineString><coordinates>79.0418118413759,14.2588361444118 79.0417130711758,14.2589714561178 79.0415550281371,14.2590651451637 79.0413969849765,14.2591588340874</coordinates></LineString>
  </Placemark>
  <Placemark id="damage_d3d_roads.941">
	<Style><LineStyle><color>ff0000ff</color></LineStyle><PolyStyle><fill>0</fill></PolyStyle></Style>
	<ExtendedData><SchemaData schemaUrl="#damage_d3d_roads">
		<SimpleData name="osm_id">1450181311</SimpleData>
		<SimpleData name="type">unclassified</SimpleData>
		<SimpleData name="depth_cls">0.5-1.5 m</SimpleData>
		<SimpleData name="max_depth">0.56</SimpleData>
		<SimpleData name="length_m">59.9</SimpleData>
	</SchemaData></ExtendedData>
      <LineString><coordinates>79.0407924233624,14.2599758939878 79.040803334956,14.2601559624234 79.0407853711018,14.2603329708315 79.0407350615737,14.2605065514518</coordinates></LineString>
  </Placemark>
  <Placemark id="damage_d3d_roads.942">
	<Style><LineStyle><color>ff0000ff</color></LineStyle><PolyStyle><fill>0</fill></PolyStyle></Style>
	<ExtendedData><SchemaData schemaUrl="#damage_d3d_roads">
		<SimpleData name="osm_id">1450181311</SimpleData>
		<SimpleData name="type">unclassified</SimpleData>
		<SimpleData name="depth_cls">&gt;1.5 m</SimpleData>
		<SimpleData name="max_depth">1.56</SimpleData>
		<SimpleData name="length_m">20</SimpleData>
	</SchemaData></ExtendedData>
      <LineString><coordinates>79.0405521028521,14.2607843054145 79.0403959233807,14.2608745171121</coordinates></LineString>
  </Placemark>
  <Placemark id="damage_d3d_roads.943">
	<Style><LineStyle><color>ff0000ff</color></LineStyle><PolyStyle><fill>0</fill></PolyStyle></Style>
	<ExtendedData><SchemaData schemaUrl="#damage_d3d_roads">
		<SimpleData name="osm_id">1450181311</SimpleData>
		<SimpleData name="type">unclassified</SimpleData>
		<SimpleData name="depth_cls">0.5-1.5 m</SimpleData>
		<SimpleData name="max_depth">0.66</SimpleData>
		<SimpleData name="length_m">20</SimpleData>
	</SchemaData></ExtendedData>
      <LineString><coordinates>79.0403959233807,14.2608745171121 79.0402753426754,14.2610112907047</coordinates></LineString>
  </Placemark>
  <Placemark id="damage_d3d_roads.944">
	<Style><LineStyle><color>ff0000ff</color></LineStyle><PolyStyle><fill>0</fill></PolyStyle></Style>
	<ExtendedData><SchemaData schemaUrl="#damage_d3d_roads">
		<SimpleData name="osm_id">1450181311</SimpleData>
		<SimpleData name="type">unclassified</SimpleData>
		<SimpleData name="depth_cls">0.1-0.5 m</SimpleData>
		<SimpleData name="max_depth">0.37</SimpleData>
		<SimpleData name="length_m">20</SimpleData>
	</SchemaData></ExtendedData>
      <LineString><coordinates>79.0402753426754,14.2610112907047 79.040150477049,14.2611443485071</coordinates></LineString>
  </Placemark>
  <Placemark id="damage_d3d_roads.945">
	<Style><LineStyle><color>ff0000ff</color></LineStyle><PolyStyle><fill>0</fill></PolyStyle></Style>
	<ExtendedData><SchemaData schemaUrl="#damage_d3d_roads">
		<SimpleData name="osm_id">1450623128</SimpleData>
		<SimpleData name="type">residential</SimpleData>
		<SimpleData name="depth_cls">0.1-0.5 m</SimpleData>
		<SimpleData name="max_depth">0.24</SimpleData>
		<SimpleData name="length_m">38.3</SimpleData>
	</SchemaData></ExtendedData>
      <LineString><coordinates>79.0732033,14.2616862 79.0732049849023,14.2615133176353 79.0732066697847,14.2613404352678</coordinates></LineString>
  </Placemark>
  <Placemark id="damage_d3d_roads.946">
	<Style><LineStyle><color>ff0000ff</color></LineStyle><PolyStyle><fill>0</fill></PolyStyle></Style>
	<ExtendedData><SchemaData schemaUrl="#damage_d3d_roads">
		<SimpleData name="osm_id">1450623128</SimpleData>
		<SimpleData name="type">residential</SimpleData>
		<SimpleData name="depth_cls">0.5-1.5 m</SimpleData>
		<SimpleData name="max_depth">1.17</SimpleData>
		<SimpleData name="length_m">19.1</SimpleData>
	</SchemaData></ExtendedData>
      <LineString><coordinates>79.0732440269385,14.2599663050673 79.073361271234,14.2598366330364</coordinates></LineString>
  </Placemark>
  <Placemark id="damage_d3d_roads.947">
	<Style><LineStyle><color>ff0000ff</color></LineStyle><PolyStyle><fill>0</fill></PolyStyle></Style>
	<ExtendedData><SchemaData schemaUrl="#damage_d3d_roads">
		<SimpleData name="osm_id">1450623128</SimpleData>
		<SimpleData name="type">residential</SimpleData>
		<SimpleData name="depth_cls">0.5-1.5 m</SimpleData>
		<SimpleData name="max_depth">1.32</SimpleData>
		<SimpleData name="length_m">38.3</SimpleData>
	</SchemaData></ExtendedData>
      <LineString><coordinates>79.0738114840281,14.2593731032765 79.0739314799168,14.2592458483552 79.0740514756693,14.2591185933552</coordinates></LineString>
  </Placemark>
  <Placemark id="damage_d3d_roads.948">
	<Style><LineStyle><color>ff0000ff</color></LineStyle><PolyStyle><fill>0</fill></PolyStyle></Style>
	<ExtendedData><SchemaData schemaUrl="#damage_d3d_roads">
		<SimpleData name="osm_id">1450623128</SimpleData>
		<SimpleData name="type">residential</SimpleData>
		<SimpleData name="depth_cls">&gt;1.5 m</SimpleData>
		<SimpleData name="max_depth">1.83</SimpleData>
		<SimpleData name="length_m">19.1</SimpleData>
	</SchemaData></ExtendedData>
      <LineString><coordinates>79.0740514756693,14.2591185933552 79.0741710360892,14.2589909629972</coordinates></LineString>
  </Placemark>
  <Placemark id="damage_d3d_roads.949">
	<Style><LineStyle><color>ff0000ff</color></LineStyle><PolyStyle><fill>0</fill></PolyStyle></Style>
	<ExtendedData><SchemaData schemaUrl="#damage_d3d_roads">
		<SimpleData name="osm_id">1450623128</SimpleData>
		<SimpleData name="type">residential</SimpleData>
		<SimpleData name="depth_cls">0.5-1.5 m</SimpleData>
		<SimpleData name="max_depth">0.65</SimpleData>
		<SimpleData name="length_m">19.1</SimpleData>
	</SchemaData></ExtendedData>
      <LineString><coordinates>79.0741710360892,14.2589909629972 79.0742857814627,14.2588591820144</coordinates></LineString>
  </Placemark>
  <Placemark id="damage_d3d_roads.950">
	<Style><LineStyle><color>ff0000ff</color></LineStyle><PolyStyle><fill>0</fill></PolyStyle></Style>
	<ExtendedData><SchemaData schemaUrl="#damage_d3d_roads">
		<SimpleData name="osm_id">1450623128</SimpleData>
		<SimpleData name="type">residential</SimpleData>
		<SimpleData name="depth_cls">&gt;1.5 m</SimpleData>
		<SimpleData name="max_depth">2.09</SimpleData>
		<SimpleData name="length_m">57.4</SimpleData>
	</SchemaData></ExtendedData>
      <LineString><coordinates>79.0742857814627,14.2588591820144 79.0744218649325,14.258765344679 79.0745974766414,14.2587417965867 79.0747730883306,14.2587182483604</coordinates></LineString>
  </Placemark>
  <Placemark id="damage_d3d_roads.951">
	<Style><LineStyle><color>ff0000ff</color></LineStyle><PolyStyle><fill>0</fill></PolyStyle></Style>
	<ExtendedData><SchemaData schemaUrl="#damage_d3d_roads">
		<SimpleData name="osm_id">1450623128</SimpleData>
		<SimpleData name="type">residential</SimpleData>
		<SimpleData name="depth_cls">0.5-1.5 m</SimpleData>
		<SimpleData name="max_depth">1.45</SimpleData>
		<SimpleData name="length_m">19.1</SimpleData>
	</SchemaData></ExtendedData>
      <LineString><coordinates>79.0747730883306,14.2587182483604 79.0749487,14.2586947</coordinates></LineString>
  </Placemark>
  <Placemark id="damage_d3d_roads.952">
	<Style><LineStyle><color>ff0000ff</color></LineStyle><PolyStyle><fill>0</fill></PolyStyle></Style>
	<ExtendedData><SchemaData schemaUrl="#damage_d3d_roads">
		<SimpleData name="osm_id">1259303915</SimpleData>
		<SimpleData name="type">residential</SimpleData>
		<SimpleData name="depth_cls">&gt;1.5 m</SimpleData>
		<SimpleData name="max_depth">2.69</SimpleData>
		<SimpleData name="length_m">69</SimpleData>
	</SchemaData></ExtendedData>
      <LineString><coordinates>79.0579925,14.2599766 79.0579970671466,14.2601323511995 79.0580016342853,14.2602881023979 79.0579570111136,14.260426039302 79.0578137527984,14.2604633118418</coordinates></LineString>
  </Placemark>
  <Placemark id="damage_d3d_roads.953">
	<Style><LineStyle><color>ff0000ff</color></LineStyle><PolyStyle><fill>0</fill></PolyStyle></Style>
	<ExtendedData><SchemaData schemaUrl="#damage_d3d_roads">
		<SimpleData name="osm_id">565013481</SimpleData>
		<SimpleData name="type">unclassified</SimpleData>
		<SimpleData name="depth_cls">0.5-1.5 m</SimpleData>
		<SimpleData name="max_depth">1.41</SimpleData>
		<SimpleData name="length_m">39.9</SimpleData>
	</SchemaData></ExtendedData>
      <LineString><coordinates>79.1174962,14.2475529 79.1173606301504,14.2476754126968 79.1172250601557,14.2477979252973</coordinates></LineString>
  </Placemark>
  <Placemark id="damage_d3d_roads.954">
	<Style><LineStyle><color>ff0000ff</color></LineStyle><PolyStyle><fill>0</fill></PolyStyle></Style>
	<ExtendedData><SchemaData schemaUrl="#damage_d3d_roads">
		<SimpleData name="osm_id">565013481</SimpleData>
		<SimpleData name="type">unclassified</SimpleData>
		<SimpleData name="depth_cls">&gt;1.5 m</SimpleData>
		<SimpleData name="max_depth">2.6</SimpleData>
		<SimpleData name="length_m">199.5</SimpleData>
	</SchemaData></ExtendedData>
      <LineString><coordinates>79.1172250601557,14.2477979252973 79.117089490016,14.2479204378015 79.1169539197313,14.2480429502095 79.1168415222388,14.2481852321501 79.1167350805014,14.248332595204 79.1166286386195,14.2484799581917 79.116522196593,14.2486273211132 79.1164157544219,14.2487746839683 79.1163093121063,14.2489220467572 79.1162065490645,14.2490713292962 79.1161399470153,14.2492394796353</coordinates></LineString>
  </Placemark>
  <Placemark id="damage_d3d_roads.955">
	<Style><LineStyle><color>ff0000ff</color></LineStyle><PolyStyle><fill>0</fill></PolyStyle></Style>
	<ExtendedData><SchemaData schemaUrl="#damage_d3d_roads">
		<SimpleData name="osm_id">565013481</SimpleData>
		<SimpleData name="type">unclassified</SimpleData>
		<SimpleData name="depth_cls">0.5-1.5 m</SimpleData>
		<SimpleData name="max_depth">1.26</SimpleData>
		<SimpleData name="length_m">19.9</SimpleData>
	</SchemaData></ExtendedData>
      <LineString><coordinates>79.1161399470153,14.2492394796353 79.1160733448537,14.2494076299413</coordinates></LineString>
  </Placemark>
  <Placemark id="damage_d3d_roads.956">
	<Style><LineStyle><color>ff0000ff</color></LineStyle><PolyStyle><fill>0</fill></PolyStyle></Style>
	<ExtendedData><SchemaData schemaUrl="#damage_d3d_roads">
		<SimpleData name="osm_id">565013481</SimpleData>
		<SimpleData name="type">unclassified</SimpleData>
		<SimpleData name="depth_cls">0.1-0.5 m</SimpleData>
		<SimpleData name="max_depth">0.14</SimpleData>
		<SimpleData name="length_m">39.9</SimpleData>
	</SchemaData></ExtendedData>
      <LineString><coordinates>79.1160733448537,14.2494076299413 79.1160067425795,14.2495757802144 79.1159401401929,14.2497439304544</coordinates></LineString>
  </Placemark>
  <Placemark id="damage_d3d_roads.957">
	<Style><LineStyle><color>ff0000ff</color></LineStyle><PolyStyle><fill>0</fill></PolyStyle></Style>
	<ExtendedData><SchemaData schemaUrl="#damage_d3d_roads">
		<SimpleData name="osm_id">565013481</SimpleData>
		<SimpleData name="type">unclassified</SimpleData>
		<SimpleData name="depth_cls">&gt;1.5 m</SimpleData>
		<SimpleData name="max_depth">1.62</SimpleData>
		<SimpleData name="length_m">39.9</SimpleData>
	</SchemaData></ExtendedData>
      <LineString><coordinates>79.1159401401929,14.2497439304544 79.1158735376938,14.2499120806615 79.1158069350822,14.2500802308355</coordinates></LineString>
  </Placemark>
  <Placemark id="damage_d3d_roads.958">
	<Style><LineStyle><color>ff0000ff</color></LineStyle><PolyStyle><fill>0</fill></PolyStyle></Style>
	<ExtendedData><SchemaData schemaUrl="#damage_d3d_roads">
		<SimpleData name="osm_id">565013481</SimpleData>
		<SimpleData name="type">unclassified</SimpleData>
		<SimpleData name="depth_cls">0.5-1.5 m</SimpleData>
		<SimpleData name="max_depth">1.05</SimpleData>
		<SimpleData name="length_m">59.8</SimpleData>
	</SchemaData></ExtendedData>
      <LineString><coordinates>79.1158069350822,14.2500802308355 79.1157403323581,14.2502483809766 79.115680654423,14.2504189403016 79.1156231180026,14.2505902446813</coordinates></LineString>
  </Placemark>
  <Placemark id="damage_d3d_roads.959">
	<Style><LineStyle><color>ff0000ff</color></LineStyle><PolyStyle><fill>0</fill></PolyStyle></Style>
	<ExtendedData><SchemaData schemaUrl="#damage_d3d_roads">
		<SimpleData name="osm_id">565013481</SimpleData>
		<SimpleData name="type">unclassified</SimpleData>
		<SimpleData name="depth_cls">&gt;1.5 m</SimpleData>
		<SimpleData name="max_depth">2</SimpleData>
		<SimpleData name="length_m">19.9</SimpleData>
	</SchemaData></ExtendedData>
      <LineString><coordinates>79.1156231180026,14.2505902446813 79.1155655814803,14.2507615490342</coordinates></LineString>
  </Placemark>
  <Placemark id="damage_d3d_roads.960">
	<Style><LineStyle><color>ff0000ff</color></LineStyle><PolyStyle><fill>0</fill></PolyStyle></Style>
	<ExtendedData><SchemaData schemaUrl="#damage_d3d_roads">
		<SimpleData name="osm_id">565013481</SimpleData>
		<SimpleData name="type">unclassified</SimpleData>
		<SimpleData name="depth_cls">0.5-1.5 m</SimpleData>
		<SimpleData name="max_depth">1.43</SimpleData>
		<SimpleData name="length_m">79.8</SimpleData>
	</SchemaData></ExtendedData>
      <LineString><coordinates>79.1155655814803,14.2507615490342 79.1155080448561,14.2509328533601 79.1154505081301,14.2511041576591 79.1153929713021,14.2512754619313 79.115337166422,14.2514472918968</coordinates></LineString>
  </Placemark>
  <Placemark id="damage_d3d_roads.961">
	<Style><LineStyle><color>ff0000ff</color></LineStyle><PolyStyle><fill>0</fill></PolyStyle></Style>
	<ExtendedData><SchemaData schemaUrl="#damage_d3d_roads">
		<SimpleData name="osm_id">565013481</SimpleData>
		<SimpleData name="type">unclassified</SimpleData>
		<SimpleData name="depth_cls">&gt;1.5 m</SimpleData>
		<SimpleData name="max_depth">1.97</SimpleData>
		<SimpleData name="length_m">19.9</SimpleData>
	</SchemaData></ExtendedData>
      <LineString><coordinates>79.115337166422,14.2514472918968 79.1152848839995,14.2516201910213</coordinates></LineString>
  </Placemark>
  <Placemark id="damage_d3d_roads.962">
	<Style><LineStyle><color>ff0000ff</color></LineStyle><PolyStyle><fill>0</fill></PolyStyle></Style>
	<ExtendedData><SchemaData schemaUrl="#damage_d3d_roads">
		<SimpleData name="osm_id">565013481</SimpleData>
		<SimpleData name="type">unclassified</SimpleData>
		<SimpleData name="depth_cls">0.5-1.5 m</SimpleData>
		<SimpleData name="max_depth">1.38</SimpleData>
		<SimpleData name="length_m">79.8</SimpleData>
	</SchemaData></ExtendedData>
      <LineString><coordinates>79.1152848839995,14.2516201910213 79.1152326014818,14.251793090122 79.115177979582,14.2519652562961 79.1151172511111,14.2521355092744 79.1150565225344,14.2523057622238</coordinates></LineString>
  </Placemark>
  <Placemark id="damage_d3d_roads.963">
	<Style><LineStyle><color>ff0000ff</color></LineStyle><PolyStyle><fill>0</fill></PolyStyle></Style>
	<ExtendedData><SchemaData schemaUrl="#damage_d3d_roads">
		<SimpleData name="osm_id">565013481</SimpleData>
		<SimpleData name="type">unclassified</SimpleData>
		<SimpleData name="depth_cls">0.1-0.5 m</SimpleData>
		<SimpleData name="max_depth">0.13</SimpleData>
		<SimpleData name="length_m">19.9</SimpleData>
	</SchemaData></ExtendedData>
      <LineString><coordinates>79.1150565225344,14.2523057622238 79.114995793852,14.2524760151441</coordinates></LineString>
  </Placemark>
  <Placemark id="damage_d3d_roads.964">
	<Style><LineStyle><color>ff0000ff</color></LineStyle><PolyStyle><fill>0</fill></PolyStyle></Style>
	<ExtendedData><SchemaData schemaUrl="#damage_d3d_roads">
		<SimpleData name="osm_id">565013481</SimpleData>
		<SimpleData name="type">unclassified</SimpleData>
		<SimpleData name="depth_cls">0.1-0.5 m</SimpleData>
		<SimpleData name="max_depth">0.41</SimpleData>
		<SimpleData name="length_m">59.8</SimpleData>
	</SchemaData></ExtendedData>
      <LineString><coordinates>79.11487433617,14.2528165208978 79.1148136071704,14.2529867737312 79.1147532781739,14.2531571613001 79.1146933529577,14.2533276848769</coordinates></LineString>
  </Placemark>
  <Placemark id="damage_d3d_roads.965">
	<Style><LineStyle><color>ff0000ff</color></LineStyle><PolyStyle><fill>0</fill></PolyStyle></Style>
	<ExtendedData><SchemaData schemaUrl="#damage_d3d_roads">
		<SimpleData name="osm_id">565013481</SimpleData>
		<SimpleData name="type">unclassified</SimpleData>
		<SimpleData name="depth_cls">0.5-1.5 m</SimpleData>
		<SimpleData name="max_depth">1.2</SimpleData>
		<SimpleData name="length_m">39.9</SimpleData>
	</SchemaData></ExtendedData>
      <LineString><coordinates>79.1146933529577,14.2533276848769 79.1146334276368,14.2534982084253 79.1145735177856,14.2536687370385</coordinates></LineString>
  </Placemark>
  <Placemark id="damage_d3d_roads.966">
	<Style><LineStyle><color>ff0000ff</color></LineStyle><PolyStyle><fill>0</fill></PolyStyle></Style>
	<ExtendedData><SchemaData schemaUrl="#damage_d3d_roads">
		<SimpleData name="osm_id">565013481</SimpleData>
		<SimpleData name="type">unclassified</SimpleData>
		<SimpleData name="depth_cls">&gt;1.5 m</SimpleData>
		<SimpleData name="max_depth">1.59</SimpleData>
		<SimpleData name="length_m">19.9</SimpleData>
	</SchemaData></ExtendedData>
      <LineString><coordinates>79.1145735177856,14.2536687370385 79.1145159384921,14.2538400278193</coordinates></LineString>
  </Placemark>
  <Placemark id="damage_d3d_roads.967">
	<Style><LineStyle><color>ff0000ff</color></LineStyle><PolyStyle><fill>0</fill></PolyStyle></Style>
	<ExtendedData><SchemaData schemaUrl="#damage_d3d_roads">
		<SimpleData name="osm_id">565013481</SimpleData>
		<SimpleData name="type">unclassified</SimpleData>
		<SimpleData name="depth_cls">0.1-0.5 m</SimpleData>
		<SimpleData name="max_depth">0.37</SimpleData>
		<SimpleData name="length_m">19.9</SimpleData>
	</SchemaData></ExtendedData>
      <LineString><coordinates>79.1145159384921,14.2538400278193 79.1144583590967,14.2540113185731</coordinates></LineString>
  </Placemark>
  <Placemark id="damage_d3d_roads.968">
	<Style><LineStyle><color>ff0000ff</color></LineStyle><PolyStyle><fill>0</fill></PolyStyle></Style>
	<ExtendedData><SchemaData schemaUrl="#damage_d3d_roads">
		<SimpleData name="osm_id">565013481</SimpleData>
		<SimpleData name="type">unclassified</SimpleData>
		<SimpleData name="depth_cls">&gt;1.5 m</SimpleData>
		<SimpleData name="max_depth">1.57</SimpleData>
		<SimpleData name="length_m">19.9</SimpleData>
	</SchemaData></ExtendedData>
      <LineString><coordinates>79.1144583590967,14.2540113185731 79.1144007795993,14.2541826093</coordinates></LineString>
  </Placemark>
  <Placemark id="damage_d3d_roads.969">
	<Style><LineStyle><color>ff0000ff</color></LineStyle><PolyStyle><fill>0</fill></PolyStyle></Style>
	<ExtendedData><SchemaData schemaUrl="#damage_d3d_roads">
		<SimpleData name="osm_id">1259299251</SimpleData>
		<SimpleData name="type">tertiary</SimpleData>
		<SimpleData name="depth_cls">0.1-0.5 m</SimpleData>
		<SimpleData name="max_depth">0.2</SimpleData>
		<SimpleData name="length_m">18.8</SimpleData>
	</SchemaData></ExtendedData>
      <LineString><coordinates>79.116013,14.2520825 79.1161548919231,14.252181824383</coordinates></LineString>
  </Placemark>
  <Placemark id="damage_d3d_roads.970">
	<Style><LineStyle><color>ff0000ff</color></LineStyle><PolyStyle><fill>0</fill></PolyStyle></Style>
	<ExtendedData><SchemaData schemaUrl="#damage_d3d_roads">
		<SimpleData name="osm_id">1259299251</SimpleData>
		<SimpleData name="type">tertiary</SimpleData>
		<SimpleData name="depth_cls">&gt;1.5 m</SimpleData>
		<SimpleData name="max_depth">2.6</SimpleData>
		<SimpleData name="length_m">263.9</SimpleData>
	</SchemaData></ExtendedData>
      <LineString><coordinates>79.1161548919231,14.252181824383 79.1162659797944,14.2523079386701 79.1163509477162,14.2524567691834 79.1164359157409,14.2526055996783 79.1165208838684,14.2527544301549 79.1166058520987,14.2529032606132 79.1166908204318,14.2530520910532 79.1167757888677,14.2532009214748 79.1168607574065,14.2533497518782 79.1169457260482,14.2534985822632 79.1170306947926,14.2536474126298 79.1171156636399,14.2537962429782 79.1172140503127,14.2539360633181 79.1173262730187,14.2540665928203 79.1174229439033,14.254204903116</coordinates></LineString>
  </Placemark>
  <Placemark id="damage_d3d_roads.971">
	<Style><LineStyle><color>ff0000ff</color></LineStyle><PolyStyle><fill>0</fill></PolyStyle></Style>
	<ExtendedData><SchemaData schemaUrl="#damage_d3d_roads">
		<SimpleData name="osm_id">567442395</SimpleData>
		<SimpleData name="type">construction</SimpleData>
		<SimpleData name="depth_cls">0.5-1.5 m</SimpleData>
		<SimpleData name="max_depth">0.58</SimpleData>
		<SimpleData name="length_m">19.6</SimpleData>
	</SchemaData></ExtendedData>
      <LineString><coordinates>79.114286483851,14.2545222613693 79.1142297676034,14.2546906227125</coordinates></LineString>
  </Placemark>
  <Placemark id="damage_d3d_roads.972">
	<Style><LineStyle><color>ff0000ff</color></LineStyle><PolyStyle><fill>0</fill></PolyStyle></Style>
	<ExtendedData><SchemaData schemaUrl="#damage_d3d_roads">
		<SimpleData name="osm_id">567442395</SimpleData>
		<SimpleData name="type">construction</SimpleData>
		<SimpleData name="depth_cls">&gt;1.5 m</SimpleData>
		<SimpleData name="max_depth">5.16</SimpleData>
		<SimpleData name="length_m">941.3</SimpleData>
	</SchemaData></ExtendedData>
      <LineString><coordinates>79.1142297676034,14.2546906227125 79.1141730512571,14.2548589840296 79.1141163348122,14.2550273453206 79.1140596182685,14.2551957065855 79.1140029016262,14.2553640678242 79.1139461848852,14.2555324290369 79.1138894680455,14.2557007902234 79.1138314561381,14.25586872911 79.11377294985,14.2560365067906 79.1137144434611,14.256204284444 79.1136559369714,14.2563720620702 79.1135974303808,14.2565398396691 79.1135389236895,14.2567076172407 79.1134804168973,14.2568753947851 79.1134219100043,14.2570431723022 79.1133634030105,14.2572109497921 79.1133048959158,14.2573787272546 79.1132463887203,14.25754650469 79.1131891209266,14.2577146855846 79.1131325831884,14.2578831041351 79.1130760453517,14.2580515226595 79.1130195074166,14.258219941158 79.1129629693829,14.2583883596304 79.1129064312508,14.2585567780768 79.1128498930202,14.2587251964972 79.1127933546911,14.2588936148916 79.1127415661814,14.259063468001 79.1126906127711,14.2592335733619 79.1126396592691,14.2594036787003 79.1125887056756,14.2595737840161 79.1125368233844,14.2597436011738 79.1124776378947,14.2599111522402 79.1124184523034,14.260078703279 79.1123592666103,14.26024625429 79.1123000808157,14.2604138052733 79.1122408949193,14.2605813562289 79.1121818367083,14.2607489499505 79.1121230092061,14.2609166209391 79.1120641816027,14.2610842919002 79.1120053538981,14.2612519628338 79.1119465260922,14.26141963374 79.111887698185,14.2615873046187 79.1118288701766,14.2617549754699 79.111770042067,14.2619226462936 79.1117112138561,14.2620903170899 79.111652385544,14.2622579878586 79.1115935571306,14.2624256585999 79.1115347286159,14.2625933293137 79.1114759,14.262761</coordinates></LineString>
  </Placemark>
  <Placemark id="damage_d3d_roads.973">
	<Style><LineStyle><color>ff0000ff</color></LineStyle><PolyStyle><fill>0</fill></PolyStyle></Style>
	<ExtendedData><SchemaData schemaUrl="#damage_d3d_roads">
		<SimpleData name="osm_id">325745681</SimpleData>
		<SimpleData name="type">trunk</SimpleData>
		<SimpleData name="depth_cls">&gt;1.5 m</SimpleData>
		<SimpleData name="max_depth">5.14</SimpleData>
		<SimpleData name="length_m">959</SimpleData>
	</SchemaData></ExtendedData>
      <LineString><coordinates>79.1151066278526,14.2547704167923 79.1150487416251,14.2549419251476 79.1149908552951,14.2551134334758 79.1149329688625,14.2552849417769 79.1148750823274,14.2554564500507 79.1148171956896,14.2556279582974 79.1147593089494,14.255799466517 79.1147014221065,14.2559709747093 79.1146435351612,14.2561424828745 79.1145856481132,14.2563139910125 79.1145277609627,14.2564854991234 79.1144698737096,14.256657007207 79.114411986354,14.2568285152635 79.1143540988957,14.2570000232929 79.1142962113349,14.257171531295 79.1142383236716,14.25734303927 79.1141804359056,14.2575145472178 79.1141225480371,14.2576860551384 79.114064660066,14.2578575630318 79.1140067719924,14.2580290708981 79.1139488838161,14.2582005787372 79.1138909955373,14.2583720865491 79.1138331071558,14.2585435943338 79.1137752186718,14.2587151020913 79.1137173300852,14.2588866098217 79.1136594413961,14.2590581175249 79.1136015526043,14.2592296252009 79.1135436637099,14.2594011328497 79.1134857747129,14.2595726404713 79.1134278856134,14.2597441480658 79.1133699964112,14.2599156556331 79.1133121071065,14.2600871631732 79.1132542176991,14.2602586706861 79.1131963281891,14.2604301781718 79.1131384385766,14.2606016856303 79.1130805488614,14.2607731930617 79.1130226590436,14.2609447004658 79.1129647691232,14.2611162078428 79.1129068791002,14.2612877151926 79.1128489889745,14.2614592225151 79.1127910987463,14.2616307298106 79.1127332084155,14.2618022370788 79.112675317982,14.2619737443198 79.1126174274459,14.2621452515336 79.1125595368072,14.2623167587203 79.1125016460658,14.2624882658797 79.1124437552219,14.262659773012 79.1123858642753,14.262831280117 79.112327973226,14.2630027871949</coordinates></LineString>
  </Placemark>
  <Placemark id="damage_d3d_roads.974">
	<Style><LineStyle><color>ff0000ff</color></LineStyle><PolyStyle><fill>0</fill></PolyStyle></Style>
	<ExtendedData><SchemaData schemaUrl="#damage_d3d_roads">
		<SimpleData name="osm_id">325745681</SimpleData>
		<SimpleData name="type">trunk</SimpleData>
		<SimpleData name="depth_cls">0.5-1.5 m</SimpleData>
		<SimpleData name="max_depth">1.45</SimpleData>
		<SimpleData name="length_m">20</SimpleData>
	</SchemaData></ExtendedData>
      <LineString><coordinates>79.112327973226,14.2630027871949 79.1122701,14.2631743</coordinates></LineString>
  </Placemark>
  <Placemark id="damage_d3d_roads.975">
	<Style><LineStyle><color>ff0000ff</color></LineStyle><PolyStyle><fill>0</fill></PolyStyle></Style>
	<ExtendedData><SchemaData schemaUrl="#damage_d3d_roads">
		<SimpleData name="osm_id">567442394</SimpleData>
		<SimpleData name="type">unclassified</SimpleData>
		<SimpleData name="depth_cls">&gt;1.5 m</SimpleData>
		<SimpleData name="max_depth">2.95</SimpleData>
		<SimpleData name="length_m">36</SimpleData>
	</SchemaData></ExtendedData>
      <LineString><coordinates>79.1114759,14.262761 79.1114269502786,14.2629163250708 79.1113780004776,14.2630716501214</coordinates></LineString>
  </Placemark>
  <Placemark id="damage_d3d_roads.976">
	<Style><LineStyle><color>ff0000ff</color></LineStyle><PolyStyle><fill>0</fill></PolyStyle></Style>
	<ExtendedData><SchemaData schemaUrl="#damage_d3d_roads">
		<SimpleData name="osm_id">567442394</SimpleData>
		<SimpleData name="type">unclassified</SimpleData>
		<SimpleData name="depth_cls">0.1-0.5 m</SimpleData>
		<SimpleData name="max_depth">0.46</SimpleData>
		<SimpleData name="length_m">36</SimpleData>
	</SchemaData></ExtendedData>
      <LineString><coordinates>79.1113780004776,14.2630716501214 79.1113290505971,14.2632269751518 79.1112801006369,14.2633823001619</coordinates></LineString>
  </Placemark>
  <Placemark id="damage_d3d_roads.977">
	<Style><LineStyle><color>ff0000ff</color></LineStyle><PolyStyle><fill>0</fill></PolyStyle></Style>
	<ExtendedData><SchemaData schemaUrl="#damage_d3d_roads">
		<SimpleData name="osm_id">1450623124</SimpleData>
		<SimpleData name="type">residential</SimpleData>
		<SimpleData name="depth_cls">0.5-1.5 m</SimpleData>
		<SimpleData name="max_depth">1.45</SimpleData>
		<SimpleData name="length_m">19.3</SimpleData>
	</SchemaData></ExtendedData>
      <LineString><coordinates>79.1123171,14.263035 79.1124871150085,14.2630879711428</coordinates></LineString>
  </Placemark>
  <Placemark id="damage_d3d_roads.978">
	<Style><LineStyle><color>ff0000ff</color></LineStyle><PolyStyle><fill>0</fill></PolyStyle></Style>
	<ExtendedData><SchemaData schemaUrl="#damage_d3d_roads">
		<SimpleData name="osm_id">1450623124</SimpleData>
		<SimpleData name="type">residential</SimpleData>
		<SimpleData name="depth_cls">&gt;1.5 m</SimpleData>
		<SimpleData name="max_depth">4.88</SimpleData>
		<SimpleData name="length_m">211.9</SimpleData>
	</SchemaData></ExtendedData>
      <LineString><coordinates>79.1124871150085,14.2630879711428 79.1126571301107,14.2631409421739 79.1128271453065,14.2631939130932 79.1129971605959,14.2632468839007 79.1131671759788,14.2632998545964 79.1133321524248,14.2633658307183 79.1134955976945,14.2634357589292 79.1136590430767,14.26350568704 79.1138224885716,14.2635756150506 79.1139859341791,14.2636455429611 79.1141321691092,14.2637313867664 79.1141950773626,14.2638942884895</coordinates></LineString>
  </Placemark>
  <Placemark id="damage_d3d_roads.979">
	<Style><LineStyle><color>ff0000ff</color></LineStyle><PolyStyle><fill>0</fill></PolyStyle></Style>
	<ExtendedData><SchemaData schemaUrl="#damage_d3d_roads">
		<SimpleData name="osm_id">1450623124</SimpleData>
		<SimpleData name="type">residential</SimpleData>
		<SimpleData name="depth_cls">0.5-1.5 m</SimpleData>
		<SimpleData name="max_depth">1.45</SimpleData>
		<SimpleData name="length_m">38.5</SimpleData>
	</SchemaData></ExtendedData>
      <LineString><coordinates>79.1145045629871,14.2647104212908 79.1145532190129,14.2648779010839 79.1146018750959,14.2650453808738</coordinates></LineString>
  </Placemark>
  <Placemark id="damage_d3d_roads.980">
	<Style><LineStyle><color>ff0000ff</color></LineStyle><PolyStyle><fill>0</fill></PolyStyle></Style>
	<ExtendedData><SchemaData schemaUrl="#damage_d3d_roads">
		<SimpleData name="osm_id">1450623124</SimpleData>
		<SimpleData name="type">residential</SimpleData>
		<SimpleData name="depth_cls">0.5-1.5 m</SimpleData>
		<SimpleData name="max_depth">1.24</SimpleData>
		<SimpleData name="length_m">19.3</SimpleData>
	</SchemaData></ExtendedData>
      <LineString><coordinates>79.1146991874335,14.2653803404435 79.1147478436881,14.2655478202234</coordinates></LineString>
  </Placemark>
  <Placemark id="damage_d3d_roads.981">
	<Style><LineStyle><color>ff0000ff</color></LineStyle><PolyStyle><fill>0</fill></PolyStyle></Style>
	<ExtendedData><SchemaData schemaUrl="#damage_d3d_roads">
		<SimpleData name="osm_id">1259303935</SimpleData>
		<SimpleData name="type">residential</SimpleData>
		<SimpleData name="depth_cls">&gt;1.5 m</SimpleData>
		<SimpleData name="max_depth">3.05</SimpleData>
		<SimpleData name="length_m">917.1</SimpleData>
	</SchemaData></ExtendedData>
      <LineString><coordinates>79.0970001932465,14.2610962102833 79.0969918302443,14.2612754050319 79.0969890922246,14.2614555598574 79.0969858198748,14.2616356614447 79.0969511520233,14.2618126349771 79.0969164841003,14.2619896084953 79.0968818161058,14.2621665819993 79.0968773185376,14.2623451182819 79.0968925719599,14.2625246776377 79.0969078253879,14.2627042369929 79.0969230788216,14.2628837963476 79.0968842241722,14.2630598238013 79.096844573321,14.2632357992715 79.0968049223912,14.263411774725 79.0967652713828,14.2635877501618 79.0967256202959,14.2637637255819 79.0966859691303,14.2639397009853 79.0966463178862,14.264115676372 79.0966416574829,14.2642914024141 79.0966839409308,14.2644667939514 79.0967262244274,14.264642185487 79.0967630815356,14.2648176983696 79.0967290847467,14.2649947957155 79.0966950878872,14.2651718930474 79.096661090957,14.2653489903654 79.0966270939563,14.2655260876695 79.096593096885,14.2657031849596 79.0965590997431,14.2658802822358 79.0965251025305,14.2660573794981 79.0964911052474,14.2662344767464 79.0964571078937,14.2664115739808 79.0963627357463,14.266562899019 79.0962524041804,14.2667074114483 79.0961681811831,14.2668552715548 79.0962364645679,14.2670226865098 79.09630474804,14.2671901014554 79.0963730315995,14.2673575163918 79.0964413152463,14.2675249313189 79.0965095989805,14.2676923462368 79.096534002934,14.267868600555 79.0965393168313,14.2680487004807 79.0965446307183,14.2682288004046 79.0965499445951,14.268408900327 79.0965552584617,14.2685890002477 79.096560572318,14.2687691001668 79.0965658861641,14.2689492000842 79.0965712,14.2691293</coordinates></LineString>
  </Placemark>
  <Placemark id="damage_d3d_roads.982">
	<Style><LineStyle><color>ff0000ff</color></LineStyle><PolyStyle><fill>0</fill></PolyStyle></Style>
	<ExtendedData><SchemaData schemaUrl="#damage_d3d_roads">
		<SimpleData name="osm_id">1259303930</SimpleData>
		<SimpleData name="type">tertiary</SimpleData>
		<SimpleData name="depth_cls">0.1-0.5 m</SimpleData>
		<SimpleData name="max_depth">0.27</SimpleData>
		<SimpleData name="length_m">39.4</SimpleData>
	</SchemaData></ExtendedData>
      <LineString><coordinates>79.1016248792655,14.2619311776274 79.1016329454763,14.2621090704818 79.1016410116816,14.2622869633349</coordinates></LineString>
  </Placemark>
  <Placemark id="damage_d3d_roads.983">
	<Style><LineStyle><color>ff0000ff</color></LineStyle><PolyStyle><fill>0</fill></PolyStyle></Style>
	<ExtendedData><SchemaData schemaUrl="#damage_d3d_roads">
		<SimpleData name="osm_id">1259303930</SimpleData>
		<SimpleData name="type">tertiary</SimpleData>
		<SimpleData name="depth_cls">0.5-1.5 m</SimpleData>
		<SimpleData name="max_depth">1.21</SimpleData>
		<SimpleData name="length_m">59.1</SimpleData>
	</SchemaData></ExtendedData>
      <LineString><coordinates>79.1016410116816,14.2622869633349 79.1016490778813,14.2624648561868 79.1016571440756,14.2626427490376 79.1016652102644,14.2628206418871</coordinates></LineString>
  </Placemark>
  <Placemark id="damage_d3d_roads.984">
	<Style><LineStyle><color>ff0000ff</color></LineStyle><PolyStyle><fill>0</fill></PolyStyle></Style>
	<ExtendedData><SchemaData schemaUrl="#damage_d3d_roads">
		<SimpleData name="osm_id">1259303930</SimpleData>
		<SimpleData name="type">tertiary</SimpleData>
		<SimpleData name="depth_cls">&gt;1.5 m</SimpleData>
		<SimpleData name="max_depth">3.62</SimpleData>
		<SimpleData name="length_m">571.4</SimpleData>
	</SchemaData></ExtendedData>
      <LineString><coordinates>79.1016680649799,14.2629981563486 79.1016330805404,14.2631729234335 79.10159809603,14.2633476905042 79.1015631114488,14.2635224575607 79.1015281267968,14.2636972246029 79.1014931420738,14.2638719916308 79.1014581572801,14.2640467586445 79.1014214454191,14.2642210855849 79.1013643094449,14.2643902082208 79.1013071733707,14.2645593308302 79.1012970544992,14.2647369842758 79.1012880073364,14.2649148321744 79.1012347821871,14.2650843741687 79.1011753956275,14.2652527577479 79.1011160089651,14.2654211412991 79.1010566222002,14.2655895248223 79.1009221493151,14.2656715865236 79.1007421303207,14.2657012865833 79.1007354532399,14.2658752813583 79.1007336572722,14.2660533393261 79.1007318612833,14.2662313972909 79.1007639907993,14.2664029071404 79.1007665872651,14.266576748657 79.1007469803006,14.2667537854694 79.1007273732876,14.2669308222739 79.1007077662262,14.2671078590705 79.1006881591163,14.2672848958593 79.1006685519579,14.2674619326401 79.1006489447511,14.267638969413 79.1006293374958,14.2678160061781</coordinates></LineString>
  </Placemark>
  <Placemark id="damage_d3d_roads.985">
	<Style><LineStyle><color>ff0000ff</color></LineStyle><PolyStyle><fill>0</fill></PolyStyle></Style>
	<ExtendedData><SchemaData schemaUrl="#damage_d3d_roads">
		<SimpleData name="osm_id">1259303930</SimpleData>
		<SimpleData name="type">tertiary</SimpleData>
		<SimpleData name="depth_cls">0.5-1.5 m</SimpleData>
		<SimpleData name="max_depth">1.46</SimpleData>
		<SimpleData name="length_m">19.7</SimpleData>
	</SchemaData></ExtendedData>
      <LineString><coordinates>79.1006293374958,14.2678160061781 79.1006097301921,14.2679930429353</coordinates></LineString>
  </Placemark>
  <Placemark id="damage_d3d_roads.986">
	<Style><LineStyle><color>ff0000ff</color></LineStyle><PolyStyle><fill>0</fill></PolyStyle></Style>
	<ExtendedData><SchemaData schemaUrl="#damage_d3d_roads">
		<SimpleData name="osm_id">1259303933</SimpleData>
		<SimpleData name="type">tertiary</SimpleData>
		<SimpleData name="depth_cls">0.5-1.5 m</SimpleData>
		<SimpleData name="max_depth">1.49</SimpleData>
		<SimpleData name="length_m">79.7</SimpleData>
	</SchemaData></ExtendedData>
      <LineString><coordinates>79.1051645757207,14.26868800736 79.105219232962,14.2685160199036 79.1052738901049,14.268344032422 79.1053285471494,14.2681720449152 79.1053832040956,14.2680000573833</coordinates></LineString>
  </Placemark>
  <Placemark id="damage_d3d_roads.987">
	<Style><LineStyle><color>ff0000ff</color></LineStyle><PolyStyle><fill>0</fill></PolyStyle></Style>
	<ExtendedData><SchemaData schemaUrl="#damage_d3d_roads">
		<SimpleData name="osm_id">1259303933</SimpleData>
		<SimpleData name="type">tertiary</SimpleData>
		<SimpleData name="depth_cls">&gt;1.5 m</SimpleData>
		<SimpleData name="max_depth">2.75</SimpleData>
		<SimpleData name="length_m">19.9</SimpleData>
	</SchemaData></ExtendedData>
      <LineString><coordinates>79.1053832040956,14.2680000573833 79.1054378609435,14.2678280698263</coordinates></LineString>
  </Placemark>
  <Placemark id="damage_d3d_roads.988">
	<Style><LineStyle><color>ff0000ff</color></LineStyle><PolyStyle><fill>0</fill></PolyStyle></Style>
	<ExtendedData><SchemaData schemaUrl="#damage_d3d_roads">
		<SimpleData name="osm_id">1259303933</SimpleData>
		<SimpleData name="type">tertiary</SimpleData>
		<SimpleData name="depth_cls">0.1-0.5 m</SimpleData>
		<SimpleData name="max_depth">0.29</SimpleData>
		<SimpleData name="length_m">39.8</SimpleData>
	</SchemaData></ExtendedData>
      <LineString><coordinates>79.1054378609435,14.2678280698263 79.1054944370511,14.2676566783136 79.1055518102224,14.267485534339</coordinates></LineString>
  </Placemark>
  <Placemark id="damage_d3d_roads.989">
	<Style><LineStyle><color>ff0000ff</color></LineStyle><PolyStyle><fill>0</fill></PolyStyle></Style>
	<ExtendedData><SchemaData schemaUrl="#damage_d3d_roads">
		<SimpleData name="osm_id">1259303933</SimpleData>
		<SimpleData name="type">tertiary</SimpleData>
		<SimpleData name="depth_cls">&gt;1.5 m</SimpleData>
		<SimpleData name="max_depth">3.11</SimpleData>
		<SimpleData name="length_m">39.8</SimpleData>
	</SchemaData></ExtendedData>
      <LineString><coordinates>79.1055518102224,14.267485534339 79.1056091832919,14.2673143903377 79.1056665562598,14.2671432463094</coordinates></LineString>
  </Placemark>
  <Placemark id="damage_d3d_roads.990">
	<Style><LineStyle><color>ff0000ff</color></LineStyle><PolyStyle><fill>0</fill></PolyStyle></Style>
	<ExtendedData><SchemaData schemaUrl="#damage_d3d_roads">
		<SimpleData name="osm_id">1259303933</SimpleData>
		<SimpleData name="type">tertiary</SimpleData>
		<SimpleData name="depth_cls">0.5-1.5 m</SimpleData>
		<SimpleData name="max_depth">1.42</SimpleData>
		<SimpleData name="length_m">19.9</SimpleData>
	</SchemaData></ExtendedData>
      <LineString><coordinates>79.1056665562598,14.2671432463094 79.1057239291259,14.2669721022543</coordinates></LineString>
  </Placemark>
  <Placemark id="damage_d3d_roads.991">
	<Style><LineStyle><color>ff0000ff</color></LineStyle><PolyStyle><fill>0</fill></PolyStyle></Style>
	<ExtendedData><SchemaData schemaUrl="#damage_d3d_roads">
		<SimpleData name="osm_id">1259303933</SimpleData>
		<SimpleData name="type">tertiary</SimpleData>
		<SimpleData name="depth_cls">&gt;1.5 m</SimpleData>
		<SimpleData name="max_depth">4.13</SimpleData>
		<SimpleData name="length_m">159.4</SimpleData>
	</SchemaData></ExtendedData>
      <LineString><coordinates>79.1057239291259,14.2669721022543 79.1057813018903,14.2668009581724 79.1058386745531,14.2666298140636 79.1058960471141,14.266458669928 79.1059534195735,14.2662875257655 79.1060107919311,14.2661163815761 79.106068164187,14.2659452373599 79.1061298340334,14.2657755430929 79.1061931566003,14.2656064064347</coordinates></LineString>
  </Placemark>
  <Placemark id="damage_d3d_roads.992">
	<Style><LineStyle><color>ff0000ff</color></LineStyle><PolyStyle><fill>0</fill></PolyStyle></Style>
	<ExtendedData><SchemaData schemaUrl="#damage_d3d_roads">
		<SimpleData name="osm_id">1259303933</SimpleData>
		<SimpleData name="type">tertiary</SimpleData>
		<SimpleData name="depth_cls">0.5-1.5 m</SimpleData>
		<SimpleData name="max_depth">1.49</SimpleData>
		<SimpleData name="length_m">59.8</SimpleData>
	</SchemaData></ExtendedData>
      <LineString><coordinates>79.1061931566003,14.2656064064347 79.1062564790583,14.2654372697458 79.1063198014077,14.2652681330261 79.1063831236482,14.2650989962756</coordinates></LineString>
  </Placemark>
  <Placemark id="damage_d3d_roads.993">
	<Style><LineStyle><color>ff0000ff</color></LineStyle><PolyStyle><fill>0</fill></PolyStyle></Style>
	<ExtendedData><SchemaData schemaUrl="#damage_d3d_roads">
		<SimpleData name="osm_id">1259303933</SimpleData>
		<SimpleData name="type">tertiary</SimpleData>
		<SimpleData name="depth_cls">&gt;1.5 m</SimpleData>
		<SimpleData name="max_depth">3.85</SimpleData>
		<SimpleData name="length_m">119.5</SimpleData>
	</SchemaData></ExtendedData>
      <LineString><coordinates>79.10644644578,14.2649298594943 79.1065119763384,14.2647615546165 79.1065816643308,14.2645948158135 79.1066513522073,14.2644280769752 79.106721039968,14.2642613381016 79.1067907276127,14.2640945991928 79.1068604151416,14.2639278602487</coordinates></LineString>
  </Placemark>
  <Placemark id="damage_d3d_roads.994">
	<Style><LineStyle><color>ff0000ff</color></LineStyle><PolyStyle><fill>0</fill></PolyStyle></Style>
	<ExtendedData><SchemaData schemaUrl="#damage_d3d_roads">
		<SimpleData name="osm_id">1259303933</SimpleData>
		<SimpleData name="type">tertiary</SimpleData>
		<SimpleData name="depth_cls">0.5-1.5 m</SimpleData>
		<SimpleData name="max_depth">1.34</SimpleData>
		<SimpleData name="length_m">139.5</SimpleData>
	</SchemaData></ExtendedData>
      <LineString><coordinates>79.1068604151416,14.2639278602487 79.1069301025547,14.2637611212694 79.1069997898519,14.2635943822548 79.1070694770332,14.2634276432049 79.1071391640987,14.2632609041198 79.1072088510483,14.2630941649994 79.1072785378821,14.2629274258437 79.1073482246,14.2627606866528</coordinates></LineString>
  </Placemark>
  <Placemark id="damage_d3d_roads.995">
	<Style><LineStyle><color>ff0000ff</color></LineStyle><PolyStyle><fill>0</fill></PolyStyle></Style>
	<ExtendedData><SchemaData schemaUrl="#damage_d3d_roads">
		<SimpleData name="osm_id">1259303933</SimpleData>
		<SimpleData name="type">tertiary</SimpleData>
		<SimpleData name="depth_cls">&gt;1.5 m</SimpleData>
		<SimpleData name="max_depth">1.8</SimpleData>
		<SimpleData name="length_m">39.8</SimpleData>
	</SchemaData></ExtendedData>
      <LineString><coordinates>79.1075572840587,14.2622604688686 79.1076269703132,14.2620937295367 79.1076966564519,14.2619269901695</coordinates></LineString>
  </Placemark>
  <Placemark id="damage_d3d_roads.996">
	<Style><LineStyle><color>ff0000ff</color></LineStyle><PolyStyle><fill>0</fill></PolyStyle></Style>
	<ExtendedData><SchemaData schemaUrl="#damage_d3d_roads">
		<SimpleData name="osm_id">1259303933</SimpleData>
		<SimpleData name="type">tertiary</SimpleData>
		<SimpleData name="depth_cls">0.5-1.5 m</SimpleData>
		<SimpleData name="max_depth">1.26</SimpleData>
		<SimpleData name="length_m">59.8</SimpleData>
	</SchemaData></ExtendedData>
      <LineString><coordinates>79.1076966564519,14.2619269901695 79.1077932084384,14.2617869807763 79.1079655219437,14.261722349509 79.108135765739,14.2617194586117</coordinates></LineString>
  </Placemark>
  <Placemark id="damage_d3d_roads.997">
	<Style><LineStyle><color>ff0000ff</color></LineStyle><PolyStyle><fill>0</fill></PolyStyle></Style>
	<ExtendedData><SchemaData schemaUrl="#damage_d3d_roads">
		<SimpleData name="osm_id">1259303933</SimpleData>
		<SimpleData name="type">tertiary</SimpleData>
		<SimpleData name="depth_cls">&gt;1.5 m</SimpleData>
		<SimpleData name="max_depth">3.46</SimpleData>
		<SimpleData name="length_m">39.8</SimpleData>
	</SchemaData></ExtendedData>
      <LineString><coordinates>79.108135765739,14.2617194586117 79.1083033828077,14.2617949293581 79.108471,14.2618704</coordinates></LineString>
  </Placemark>
  <Placemark id="damage_d3d_roads.998">
	<Style><LineStyle><color>ff0000ff</color></LineStyle><PolyStyle><fill>0</fill></PolyStyle></Style>
	<ExtendedData><SchemaData schemaUrl="#damage_d3d_roads">
		<SimpleData name="osm_id">631885055</SimpleData>
		<SimpleData name="type">unclassified</SimpleData>
		<SimpleData name="depth_cls">0.1-0.5 m</SimpleData>
		<SimpleData name="max_depth">0.19</SimpleData>
		<SimpleData name="length_m">35.5</SimpleData>
	</SchemaData></ExtendedData>
      <LineString><coordinates>79.1148654446652,14.2658608279449 79.1149309566638,14.2660078077653 79.1149927705965,14.2661563517117</coordinates></LineString>
  </Placemark>
  <Placemark id="damage_d3d_roads.999">
	<Style><LineStyle><color>ff0000ff</color></LineStyle><PolyStyle><fill>0</fill></PolyStyle></Style>
	<ExtendedData><SchemaData schemaUrl="#damage_d3d_roads">
		<SimpleData name="osm_id">631885055</SimpleData>
		<SimpleData name="type">unclassified</SimpleData>
		<SimpleData name="depth_cls">0.1-0.5 m</SimpleData>
		<SimpleData name="max_depth">0.42</SimpleData>
		<SimpleData name="length_m">17.7</SimpleData>
	</SchemaData></ExtendedData>
      <LineString><coordinates>79.1150761900563,14.2664655418082 79.115109167102,14.2666224289531</coordinates></LineString>
  </Placemark>
  <Placemark id="damage_d3d_roads.1000">
	<Style><LineStyle><color>ff0000ff</color></LineStyle><PolyStyle><fill>0</fill></PolyStyle></Style>
	<ExtendedData><SchemaData schemaUrl="#damage_d3d_roads">
		<SimpleData name="osm_id">631885054</SimpleData>
		<SimpleData name="type">residential</SimpleData>
		<SimpleData name="depth_cls">&gt;1.5 m</SimpleData>
		<SimpleData name="max_depth">2.04</SimpleData>
		<SimpleData name="length_m">58.5</SimpleData>
	</SchemaData></ExtendedData>
      <LineString><coordinates>79.1206176157617,14.2679057075953 79.1207974438901,14.2679223417089 79.1209773157104,14.2679385614381 79.1211571875738,14.2679547810345</coordinates></LineString>
  </Placemark>
  <Placemark id="damage_d3d_roads.1001">
	<Style><LineStyle><color>ff0000ff</color></LineStyle><PolyStyle><fill>0</fill></PolyStyle></Style>
	<ExtendedData><SchemaData schemaUrl="#damage_d3d_roads">
		<SimpleData name="osm_id">631885054</SimpleData>
		<SimpleData name="type">residential</SimpleData>
		<SimpleData name="depth_cls">0.5-1.5 m</SimpleData>
		<SimpleData name="max_depth">1.2</SimpleData>
		<SimpleData name="length_m">58.5</SimpleData>
	</SchemaData></ExtendedData>
      <LineString><coordinates>79.1211571875738,14.2679547810345 79.1213315188641,14.2679639693107 79.1213617392426,14.2677902770008 79.1213919595581,14.2676165846791</coordinates></LineString>
  </Placemark>
  <Placemark id="damage_d3d_roads.1002">
	<Style><LineStyle><color>ff0000ff</color></LineStyle><PolyStyle><fill>0</fill></PolyStyle></Style>
	<ExtendedData><SchemaData schemaUrl="#damage_d3d_roads">
		<SimpleData name="osm_id">1259303945</SimpleData>
		<SimpleData name="type">residential</SimpleData>
		<SimpleData name="depth_cls">0.5-1.5 m</SimpleData>
		<SimpleData name="max_depth">1.43</SimpleData>
		<SimpleData name="length_m">75.6</SimpleData>
	</SchemaData></ExtendedData>
      <LineString><coordinates>79.0913809,14.2681806 79.0913321749155,14.268016575005 79.0912834498873,14.2678525500066 79.0912347249155,14.267688525005 79.091186,14.2675245</coordinates></LineString>
  </Placemark>
  <Placemark id="damage_d3d_roads.1003">
	<Style><LineStyle><color>ff0000ff</color></LineStyle><PolyStyle><fill>0</fill></PolyStyle></Style>
	<ExtendedData><SchemaData schemaUrl="#damage_d3d_roads">
		<SimpleData name="osm_id">631885056</SimpleData>
		<SimpleData name="type">secondary</SimpleData>
		<SimpleData name="depth_cls">0.5-1.5 m</SimpleData>
		<SimpleData name="max_depth">1.47</SimpleData>
		<SimpleData name="length_m">39.2</SimpleData>
	</SchemaData></ExtendedData>
      <LineString><coordinates>79.1147074363437,14.267727336955 79.11461408502,14.2678790235325 79.1145207335628,14.2680307100561</coordinates></LineString>
  </Placemark>
  <Placemark id="damage_d3d_roads.1004">
	<Style><LineStyle><color>ff0000ff</color></LineStyle><PolyStyle><fill>0</fill></PolyStyle></Style>
	<ExtendedData><SchemaData schemaUrl="#damage_d3d_roads">
		<SimpleData name="osm_id">631885056</SimpleData>
		<SimpleData name="type">secondary</SimpleData>
		<SimpleData name="depth_cls">&gt;1.5 m</SimpleData>
		<SimpleData name="max_depth">2.02</SimpleData>
		<SimpleData name="length_m">19.6</SimpleData>
	</SchemaData></ExtendedData>
      <LineString><coordinates>79.1145207335628,14.2680307100561 79.1144273819722,14.2681823965259</coordinates></LineString>
  </Placemark>
  <Placemark id="damage_d3d_roads.1005">
	<Style><LineStyle><color>ff0000ff</color></LineStyle><PolyStyle><fill>0</fill></PolyStyle></Style>
	<ExtendedData><SchemaData schemaUrl="#damage_d3d_roads">
		<SimpleData name="osm_id">631885056</SimpleData>
		<SimpleData name="type">secondary</SimpleData>
		<SimpleData name="depth_cls">0.5-1.5 m</SimpleData>
		<SimpleData name="max_depth">1.39</SimpleData>
		<SimpleData name="length_m">19.6</SimpleData>
	</SchemaData></ExtendedData>
      <LineString><coordinates>79.1144273819722,14.2681823965259 79.1143291479387,14.2683310257456</coordinates></LineString>
  </Placemark>
  <Placemark id="damage_d3d_roads.1006">
	<Style><LineStyle><color>ff0000ff</color></LineStyle><PolyStyle><fill>0</fill></PolyStyle></Style>
	<ExtendedData><SchemaData schemaUrl="#damage_d3d_roads">
		<SimpleData name="osm_id">631885056</SimpleData>
		<SimpleData name="type">secondary</SimpleData>
		<SimpleData name="depth_cls">0.5-1.5 m</SimpleData>
		<SimpleData name="max_depth">0.59</SimpleData>
		<SimpleData name="length_m">78.3</SimpleData>
	</SchemaData></ExtendedData>
      <LineString><coordinates>79.1141223245354,14.2686215083495 79.1139959110179,14.2687483849071 79.1138694973583,14.2688752613787 79.1137401448479,14.2689992591063 79.1136095005653,14.2691219915065</coordinates></LineString>
  </Placemark>
  <Placemark id="damage_d3d_roads.1007">
	<Style><LineStyle><color>ff0000ff</color></LineStyle><PolyStyle><fill>0</fill></PolyStyle></Style>
	<ExtendedData><SchemaData schemaUrl="#damage_d3d_roads">
		<SimpleData name="osm_id">631885056</SimpleData>
		<SimpleData name="type">secondary</SimpleData>
		<SimpleData name="depth_cls">0.1-0.5 m</SimpleData>
		<SimpleData name="max_depth">0.22</SimpleData>
		<SimpleData name="length_m">39.2</SimpleData>
	</SchemaData></ExtendedData>
      <LineString><coordinates>79.1136095005653,14.2691219915065 79.1134728480967,14.2692381726295 79.113313591339,14.2693105360454</coordinates></LineString>
  </Placemark>
  <Placemark id="damage_d3d_roads.1008">
	<Style><LineStyle><color>ff0000ff</color></LineStyle><PolyStyle><fill>0</fill></PolyStyle></Style>
	<ExtendedData><SchemaData schemaUrl="#damage_d3d_roads">
		<SimpleData name="osm_id">631885056</SimpleData>
		<SimpleData name="type">secondary</SimpleData>
		<SimpleData name="depth_cls">0.5-1.5 m</SimpleData>
		<SimpleData name="max_depth">1.06</SimpleData>
		<SimpleData name="length_m">19.6</SimpleData>
	</SchemaData></ExtendedData>
      <LineString><coordinates>79.113313591339,14.2693105360454 79.1131351025959,14.2693415521263</coordinates></LineString>
  </Placemark>
  <Placemark id="damage_d3d_roads.1009">
	<Style><LineStyle><color>ff0000ff</color></LineStyle><PolyStyle><fill>0</fill></PolyStyle></Style>
	<ExtendedData><SchemaData schemaUrl="#damage_d3d_roads">
		<SimpleData name="osm_id">631885056</SimpleData>
		<SimpleData name="type">secondary</SimpleData>
		<SimpleData name="depth_cls">0.1-0.5 m</SimpleData>
		<SimpleData name="max_depth">0.21</SimpleData>
		<SimpleData name="length_m">39.2</SimpleData>
	</SchemaData></ExtendedData>
      <LineString><coordinates>79.1127740544431,14.269376195824 79.1125933450098,14.2693915659567 79.1124126300134,14.2694068774446</coordinates></LineString>
  </Placemark>
  <Placemark id="damage_d3d_roads.1010">
	<Style><LineStyle><color>ff0000ff</color></LineStyle><PolyStyle><fill>0</fill></PolyStyle></Style>
	<ExtendedData><SchemaData schemaUrl="#damage_d3d_roads">
		<SimpleData name="osm_id">1435086618</SimpleData>
		<SimpleData name="type">secondary</SimpleData>
		<SimpleData name="depth_cls">0.5-1.5 m</SimpleData>
		<SimpleData name="max_depth">0.53</SimpleData>
		<SimpleData name="length_m">38.9</SimpleData>
	</SchemaData></ExtendedData>
      <LineString><coordinates>79.112006,14.2693612 79.1118268377611,14.2693788244772 79.1116476755116,14.2693964488161</coordinates></LineString>
  </Placemark>
  <Placemark id="damage_d3d_roads.1011">
	<Style><LineStyle><color>ff0000ff</color></LineStyle><PolyStyle><fill>0</fill></PolyStyle></Style>
	<ExtendedData><SchemaData schemaUrl="#damage_d3d_roads">
		<SimpleData name="osm_id">1435086618</SimpleData>
		<SimpleData name="type">secondary</SimpleData>
		<SimpleData name="depth_cls">0.1-0.5 m</SimpleData>
		<SimpleData name="max_depth">0.26</SimpleData>
		<SimpleData name="length_m">19.4</SimpleData>
	</SchemaData></ExtendedData>
      <LineString><coordinates>79.1116476755116,14.2693964488161 79.1114685132516,14.2694140730167</coordinates></LineString>
  </Placemark>
  <Placemark id="damage_d3d_roads.1012">
	<Style><LineStyle><color>ff0000ff</color></LineStyle><PolyStyle><fill>0</fill></PolyStyle></Style>
	<ExtendedData><SchemaData schemaUrl="#damage_d3d_roads">
		<SimpleData name="osm_id">1435086618</SimpleData>
		<SimpleData name="type">secondary</SimpleData>
		<SimpleData name="depth_cls">0.5-1.5 m</SimpleData>
		<SimpleData name="max_depth">1</SimpleData>
		<SimpleData name="length_m">97.2</SimpleData>
	</SchemaData></ExtendedData>
      <LineString><coordinates>79.1114685132516,14.2694140730167 79.1112893509809,14.269431697079 79.1111101886996,14.2694493210031 79.1109310264077,14.2694669447889 79.1107518641052,14.2694845684365 79.1105727017922,14.2695021919457</coordinates></LineString>
  </Placemark>
  <Placemark id="damage_d3d_roads.1013">
	<Style><LineStyle><color>ff0000ff</color></LineStyle><PolyStyle><fill>0</fill></PolyStyle></Style>
	<ExtendedData><SchemaData schemaUrl="#damage_d3d_roads">
		<SimpleData name="osm_id">1435086618</SimpleData>
		<SimpleData name="type">secondary</SimpleData>
		<SimpleData name="depth_cls">0.1-0.5 m</SimpleData>
		<SimpleData name="max_depth">0.16</SimpleData>
		<SimpleData name="length_m">58.3</SimpleData>
	</SchemaData></ExtendedData>
      <LineString><coordinates>79.1094956176262,14.2695836589216 79.1093159706357,14.2695957070049 79.1091363236437,14.2696077549503 79.1089566766501,14.2696198027577</coordinates></LineString>
  </Placemark>
  <Placemark id="damage_d3d_roads.1014">
	<Style><LineStyle><color>ff0000ff</color></LineStyle><PolyStyle><fill>0</fill></PolyStyle></Style>
	<ExtendedData><SchemaData schemaUrl="#damage_d3d_roads">
		<SimpleData name="osm_id">1435086618</SimpleData>
		<SimpleData name="type">secondary</SimpleData>
		<SimpleData name="depth_cls">0.5-1.5 m</SimpleData>
		<SimpleData name="max_depth">1.31</SimpleData>
		<SimpleData name="length_m">38.9</SimpleData>
	</SchemaData></ExtendedData>
      <LineString><coordinates>79.1089566766501,14.2696198027577 79.1087770296548,14.2696318504273 79.1085973826579,14.2696438979589</coordinates></LineString>
  </Placemark>
  <Placemark id="damage_d3d_roads.1015">
	<Style><LineStyle><color>ff0000ff</color></LineStyle><PolyStyle><fill>0</fill></PolyStyle></Style>
	<ExtendedData><SchemaData schemaUrl="#damage_d3d_roads">
		<SimpleData name="osm_id">1435086618</SimpleData>
		<SimpleData name="type">secondary</SimpleData>
		<SimpleData name="depth_cls">0.5-1.5 m</SimpleData>
		<SimpleData name="max_depth">1.27</SimpleData>
		<SimpleData name="length_m">38.9</SimpleData>
	</SchemaData></ExtendedData>
      <LineString><coordinates>79.108058672782,14.269682514111 79.1078797509192,14.2697023244274 79.1077008290423,14.2697221346055</coordinates></LineString>
  </Placemark>
  <Placemark id="damage_d3d_roads.1016">
	<Style><LineStyle><color>ff0000ff</color></LineStyle><PolyStyle><fill>0</fill></PolyStyle></Style>
	<ExtendedData><SchemaData schemaUrl="#damage_d3d_roads">
		<SimpleData name="osm_id">1435086618</SimpleData>
		<SimpleData name="type">secondary</SimpleData>
		<SimpleData name="depth_cls">0.1-0.5 m</SimpleData>
		<SimpleData name="max_depth">0.37</SimpleData>
		<SimpleData name="length_m">19.4</SimpleData>
	</SchemaData></ExtendedData>
      <LineString><coordinates>79.1077008290423,14.2697221346055 79.1075219071514,14.2697419446453</coordinates></LineString>
  </Placemark>
  <Placemark id="damage_d3d_roads.1017">
	<Style><LineStyle><color>ff0000ff</color></LineStyle><PolyStyle><fill>0</fill></PolyStyle></Style>
	<ExtendedData><SchemaData schemaUrl="#damage_d3d_roads">
		<SimpleData name="osm_id">1435086619</SimpleData>
		<SimpleData name="type">secondary</SimpleData>
		<SimpleData name="depth_cls">0.1-0.5 m</SimpleData>
		<SimpleData name="max_depth">0.37</SimpleData>
		<SimpleData name="length_m">19.6</SimpleData>
	</SchemaData></ExtendedData>
      <LineString><coordinates>79.1075412227527,14.2698473858234 79.1077211974043,14.2698267989259</coordinates></LineString>
  </Placemark>
  <Placemark id="damage_d3d_roads.1018">
	<Style><LineStyle><color>ff0000ff</color></LineStyle><PolyStyle><fill>0</fill></PolyStyle></Style>
	<ExtendedData><SchemaData schemaUrl="#damage_d3d_roads">
		<SimpleData name="osm_id">1435086619</SimpleData>
		<SimpleData name="type">secondary</SimpleData>
		<SimpleData name="depth_cls">0.1-0.5 m</SimpleData>
		<SimpleData name="max_depth">0.37</SimpleData>
		<SimpleData name="length_m">97.8</SimpleData>
	</SchemaData></ExtendedData>
      <LineString><coordinates>79.1086229069184,14.2697464176093 79.1088035360439,14.2697327956359 79.1089840169911,14.2697169764534 79.1091644949444,14.2697011252168 79.1093449305766,14.2696848216455 79.1095253662004,14.2696685179342</coordinates></LineString>
  </Placemark>
  <Placemark id="damage_d3d_roads.1019">
	<Style><LineStyle><color>ff0000ff</color></LineStyle><PolyStyle><fill>0</fill></PolyStyle></Style>
	<ExtendedData><SchemaData schemaUrl="#damage_d3d_roads">
		<SimpleData name="osm_id">1435086619</SimpleData>
		<SimpleData name="type">secondary</SimpleData>
		<SimpleData name="depth_cls">0.5-1.5 m</SimpleData>
		<SimpleData name="max_depth">1</SimpleData>
		<SimpleData name="length_m">78.2</SimpleData>
	</SchemaData></ExtendedData>
      <LineString><coordinates>79.1106079681421,14.2695705715956 79.1107883721557,14.2695539381361 79.1109687761603,14.2695373045366 79.111149180156,14.2695206707971 79.1113295841427,14.2695040369176</coordinates></LineString>
  </Placemark>
  <Placemark id="damage_d3d_roads.1020">
	<Style><LineStyle><color>ff0000ff</color></LineStyle><PolyStyle><fill>0</fill></PolyStyle></Style>
	<ExtendedData><SchemaData schemaUrl="#damage_d3d_roads">
		<SimpleData name="osm_id">1435086619</SimpleData>
		<SimpleData name="type">secondary</SimpleData>
		<SimpleData name="depth_cls">0.1-0.5 m</SimpleData>
		<SimpleData name="max_depth">0.38</SimpleData>
		<SimpleData name="length_m">58.7</SimpleData>
	</SchemaData></ExtendedData>
      <LineString><coordinates>79.1113295841427,14.2695040369176 79.1115099881205,14.2694874028982 79.1116903920893,14.2694707687388 79.1118707960491,14.2694541344394</coordinates></LineString>
  </Placemark>
  <Placemark id="damage_d3d_roads.1021">
	<Style><LineStyle><color>ff0000ff</color></LineStyle><PolyStyle><fill>0</fill></PolyStyle></Style>
	<ExtendedData><SchemaData schemaUrl="#damage_d3d_roads">
		<SimpleData name="osm_id">1435086619</SimpleData>
		<SimpleData name="type">secondary</SimpleData>
		<SimpleData name="depth_cls">0.5-1.5 m</SimpleData>
		<SimpleData name="max_depth">1.43</SimpleData>
		<SimpleData name="length_m">19.6</SimpleData>
	</SchemaData></ExtendedData>
      <LineString><coordinates>79.1118707960491,14.2694541344394 79.1120512,14.2694375</coordinates></LineString>
  </Placemark>
  <Placemark id="damage_d3d_roads.1022">
	<Style><LineStyle><color>ff0000ff</color></LineStyle><PolyStyle><fill>0</fill></PolyStyle></Style>
	<ExtendedData><SchemaData schemaUrl="#damage_d3d_roads">
		<SimpleData name="osm_id">498602330</SimpleData>
		<SimpleData name="type">residential</SimpleData>
		<SimpleData name="depth_cls">0.1-0.5 m</SimpleData>
		<SimpleData name="max_depth">0.16</SimpleData>
		<SimpleData name="length_m">37.7</SimpleData>
	</SchemaData></ExtendedData>
      <LineString><coordinates>79.10867,14.2697445 79.1086631774832,14.2699146326757 79.1086563549395,14.2700847653476</coordinates></LineString>
  </Placemark>
  <Placemark id="damage_d3d_roads.1023">
	<Style><LineStyle><color>ff0000ff</color></LineStyle><PolyStyle><fill>0</fill></PolyStyle></Style>
	<ExtendedData><SchemaData schemaUrl="#damage_d3d_roads">
		<SimpleData name="osm_id">1450623125</SimpleData>
		<SimpleData name="type">residential</SimpleData>
		<SimpleData name="depth_cls">&gt;1.5 m</SimpleData>
		<SimpleData name="max_depth">2.33</SimpleData>
		<SimpleData name="length_m">39.6</SimpleData>
	</SchemaData></ExtendedData>
      <LineString><coordinates>79.1130945,14.2712084 79.1131235162623,14.2710315824976 79.1131525324619,14.2708547649836</coordinates></LineString>
  </Placemark>
  <Placemark id="damage_d3d_roads.1024">
	<Style><LineStyle><color>ff0000ff</color></LineStyle><PolyStyle><fill>0</fill></PolyStyle></Style>
	<ExtendedData><SchemaData schemaUrl="#damage_d3d_roads">
		<SimpleData name="osm_id">1450623125</SimpleData>
		<SimpleData name="type">residential</SimpleData>
		<SimpleData name="depth_cls">0.5-1.5 m</SimpleData>
		<SimpleData name="max_depth">1.32</SimpleData>
		<SimpleData name="length_m">19.8</SimpleData>
	</SchemaData></ExtendedData>
      <LineString><coordinates>79.1131745000197,14.2704983330892 79.1131745000149,14.2703192653404</coordinates></LineString>
  </Placemark>
  <Placemark id="damage_d3d_roads.1025">
	<Style><LineStyle><color>ff0000ff</color></LineStyle><PolyStyle><fill>0</fill></PolyStyle></Style>
	<ExtendedData><SchemaData schemaUrl="#damage_d3d_roads">
		<SimpleData name="osm_id">1450623125</SimpleData>
		<SimpleData name="type">residential</SimpleData>
		<SimpleData name="depth_cls">&gt;1.5 m</SimpleData>
		<SimpleData name="max_depth">2.02</SimpleData>
		<SimpleData name="length_m">99.1</SimpleData>
	</SchemaData></ExtendedData>
      <LineString><coordinates>79.1131745000149,14.2703192653404 79.1131782988698,14.2701403384277 79.1131922378088,14.2699617874428 79.1132070596778,14.2697834787963 79.113290648076,14.2696240441686 79.1133742363457,14.269464609495</coordinates></LineString>
  </Placemark>
  <Placemark id="damage_d3d_roads.1026">
	<Style><LineStyle><color>ff0000ff</color></LineStyle><PolyStyle><fill>0</fill></PolyStyle></Style>
	<ExtendedData><SchemaData schemaUrl="#damage_d3d_roads">
		<SimpleData name="osm_id">1450623125</SimpleData>
		<SimpleData name="type">residential</SimpleData>
		<SimpleData name="depth_cls">0.1-0.5 m</SimpleData>
		<SimpleData name="max_depth">0.22</SimpleData>
		<SimpleData name="length_m">19.8</SimpleData>
	</SchemaData></ExtendedData>
      <LineString><coordinates>79.1133742363457,14.269464609495 79.1134045,14.2692935</coordinates></LineString>
  </Placemark>
  <Placemark id="damage_d3d_roads.1027">
	<Style><LineStyle><color>ff0000ff</color></LineStyle><PolyStyle><fill>0</fill></PolyStyle></Style>
	<ExtendedData><SchemaData schemaUrl="#damage_d3d_roads">
		<SimpleData name="osm_id">498602335</SimpleData>
		<SimpleData name="type">residential</SimpleData>
		<SimpleData name="depth_cls">&gt;1.5 m</SimpleData>
		<SimpleData name="max_depth">2.66</SimpleData>
		<SimpleData name="length_m">73.8</SimpleData>
	</SchemaData></ExtendedData>
      <LineString><coordinates>79.1067716971049,14.2702488197823 79.106766045621,14.2704153796684 79.1067613543187,14.2705819581979 79.1067602028968,14.2707486054677 79.1067590514572,14.2709152527351</coordinates></LineString>
  </Placemark>
  <Placemark id="damage_d3d_roads.1028">
	<Style><LineStyle><color>ff0000ff</color></LineStyle><PolyStyle><fill>0</fill></PolyStyle></Style>
	<ExtendedData><SchemaData schemaUrl="#damage_d3d_roads">
		<SimpleData name="osm_id">498602335</SimpleData>
		<SimpleData name="type">residential</SimpleData>
		<SimpleData name="depth_cls">0.5-1.5 m</SimpleData>
		<SimpleData name="max_depth">1.18</SimpleData>
		<SimpleData name="length_m">18.4</SimpleData>
	</SchemaData></ExtendedData>
      <LineString><coordinates>79.1067590514572,14.2709152527351 79.1067579,14.2710819</coordinates></LineString>
  </Placemark>
  <Placemark id="damage_d3d_roads.1029">
	<Style><LineStyle><color>ff0000ff</color></LineStyle><PolyStyle><fill>0</fill></PolyStyle></Style>
	<ExtendedData><SchemaData schemaUrl="#damage_d3d_roads">
		<SimpleData name="osm_id">498602332</SimpleData>
		<SimpleData name="type">residential</SimpleData>
		<SimpleData name="depth_cls">&gt;1.5 m</SimpleData>
		<SimpleData name="max_depth">1.62</SimpleData>
		<SimpleData name="length_m">46</SimpleData>
	</SchemaData></ExtendedData>
      <LineString><coordinates>79.1067616,14.2705464 79.1069034499714,14.2705529001253 79.1070452999618,14.270559400167 79.1071871499714,14.2705659001253</coordinates></LineString>
  </Placemark>
  <Placemark id="damage_d3d_roads.1030">
	<Style><LineStyle><color>ff0000ff</color></LineStyle><PolyStyle><fill>0</fill></PolyStyle></Style>
	<ExtendedData><SchemaData schemaUrl="#damage_d3d_roads">
		<SimpleData name="osm_id">498602333</SimpleData>
		<SimpleData name="type">residential</SimpleData>
		<SimpleData name="depth_cls">0.1-0.5 m</SimpleData>
		<SimpleData name="max_depth">0.27</SimpleData>
		<SimpleData name="length_m">19.2</SimpleData>
	</SchemaData></ExtendedData>
      <LineString><coordinates>79.1073175790059,14.270047183749 79.1073213580002,14.2702209674963</coordinates></LineString>
  </Placemark>
  <Placemark id="damage_d3d_roads.1031">
	<Style><LineStyle><color>ff0000ff</color></LineStyle><PolyStyle><fill>0</fill></PolyStyle></Style>
	<ExtendedData><SchemaData schemaUrl="#damage_d3d_roads">
		<SimpleData name="osm_id">498602333</SimpleData>
		<SimpleData name="type">residential</SimpleData>
		<SimpleData name="depth_cls">0.5-1.5 m</SimpleData>
		<SimpleData name="max_depth">0.53</SimpleData>
		<SimpleData name="length_m">38.5</SimpleData>
	</SchemaData></ExtendedData>
      <LineString><coordinates>79.1073213580002,14.2702209674963 79.1073251369831,14.2703947512418 79.1073289159544,14.2705685349856</coordinates></LineString>
  </Placemark>
  <Placemark id="damage_d3d_roads.1032">
	<Style><LineStyle><color>ff0000ff</color></LineStyle><PolyStyle><fill>0</fill></PolyStyle></Style>
	<ExtendedData><SchemaData schemaUrl="#damage_d3d_roads">
		<SimpleData name="osm_id">498602333</SimpleData>
		<SimpleData name="type">residential</SimpleData>
		<SimpleData name="depth_cls">0.5-1.5 m</SimpleData>
		<SimpleData name="max_depth">0.82</SimpleData>
		<SimpleData name="length_m">19.2</SimpleData>
	</SchemaData></ExtendedData>
      <LineString><coordinates>79.1073343569067,14.2709161400501 79.1073370654603,14.2710899427908</coordinates></LineString>
  </Placemark>
  <Placemark id="damage_d3d_roads.1033">
	<Style><LineStyle><color>ff0000ff</color></LineStyle><PolyStyle><fill>0</fill></PolyStyle></Style>
	<ExtendedData><SchemaData schemaUrl="#damage_d3d_roads">
		<SimpleData name="osm_id">498602333</SimpleData>
		<SimpleData name="type">residential</SimpleData>
		<SimpleData name="depth_cls">&gt;1.5 m</SimpleData>
		<SimpleData name="max_depth">1.95</SimpleData>
		<SimpleData name="length_m">38.5</SimpleData>
	</SchemaData></ExtendedData>
      <LineString><coordinates>79.1073370654603,14.2710899427908 79.1073397740007,14.2712637455296 79.107342482528,14.2714375482665</coordinates></LineString>
  </Placemark>
  <Placemark id="damage_d3d_roads.1034">
	<Style><LineStyle><color>ff0000ff</color></LineStyle><PolyStyle><fill>0</fill></PolyStyle></Style>
	<ExtendedData><SchemaData schemaUrl="#damage_d3d_roads">
		<SimpleData name="osm_id">498602333</SimpleData>
		<SimpleData name="type">residential</SimpleData>
		<SimpleData name="depth_cls">0.5-1.5 m</SimpleData>
		<SimpleData name="max_depth">1.08</SimpleData>
		<SimpleData name="length_m">115.4</SimpleData>
	</SchemaData></ExtendedData>
      <LineString><coordinates>79.107342482528,14.2714375482665 79.1073451910422,14.2716113510015 79.1073478995432,14.2717851537345 79.1073460561845,14.2719589650569 79.1073440374767,14.2721327767074 79.1073420187486,14.2723065883551 79.10734,14.2724804</coordinates></LineString>
  </Placemark>
  <Placemark id="damage_d3d_roads.1035">
	<Style><LineStyle><color>ff0000ff</color></LineStyle><PolyStyle><fill>0</fill></PolyStyle></Style>
	<ExtendedData><SchemaData schemaUrl="#damage_d3d_roads">
		<SimpleData name="osm_id">498602327</SimpleData>
		<SimpleData name="type">residential</SimpleData>
		<SimpleData name="depth_cls">0.1-0.5 m</SimpleData>
		<SimpleData name="max_depth">0.36</SimpleData>
		<SimpleData name="length_m">37.9</SimpleData>
	</SchemaData></ExtendedData>
      <LineString><coordinates>79.1092256378987,14.2719555846251 79.1092551302627,14.2721245077011 79.1092846226548,14.2722934307765</coordinates></LineString>
  </Placemark>
  <Placemark id="damage_d3d_roads.1036">
	<Style><LineStyle><color>ff0000ff</color></LineStyle><PolyStyle><fill>0</fill></PolyStyle></Style>
	<ExtendedData><SchemaData schemaUrl="#damage_d3d_roads">
		<SimpleData name="osm_id">498602327</SimpleData>
		<SimpleData name="type">residential</SimpleData>
		<SimpleData name="depth_cls">0.5-1.5 m</SimpleData>
		<SimpleData name="max_depth">1.3</SimpleData>
		<SimpleData name="length_m">19</SimpleData>
	</SchemaData></ExtendedData>
      <LineString><coordinates>79.1092846226548,14.2722934307765 79.1093141150751,14.2724623538515</coordinates></LineString>
  </Placemark>
  <Placemark id="damage_d3d_roads.1037">
	<Style><LineStyle><color>ff0000ff</color></LineStyle><PolyStyle><fill>0</fill></PolyStyle></Style>
	<ExtendedData><SchemaData schemaUrl="#damage_d3d_roads">
		<SimpleData name="osm_id">498602327</SimpleData>
		<SimpleData name="type">residential</SimpleData>
		<SimpleData name="depth_cls">&gt;1.5 m</SimpleData>
		<SimpleData name="max_depth">1.7</SimpleData>
		<SimpleData name="length_m">37.9</SimpleData>
	</SchemaData></ExtendedData>
      <LineString><coordinates>79.1093141150751,14.2724623538515 79.1093436075235,14.272631276926 79.1093731,14.2728002</coordinates></LineString>
  </Placemark>
  <Placemark id="damage_d3d_roads.1038">
	<Style><LineStyle><color>ff0000ff</color></LineStyle><PolyStyle><fill>0</fill></PolyStyle></Style>
	<ExtendedData><SchemaData schemaUrl="#damage_d3d_roads">
		<SimpleData name="osm_id">1259303942</SimpleData>
		<SimpleData name="type">residential</SimpleData>
		<SimpleData name="depth_cls">0.5-1.5 m</SimpleData>
		<SimpleData name="max_depth">1.32</SimpleData>
		<SimpleData name="length_m">159.1</SimpleData>
	</SchemaData></ExtendedData>
      <LineString><coordinates>79.0925700575102,14.2691838398843 79.0925408765533,14.2693612864889 79.092511695533,14.2695387330817 79.0924671509476,14.2697122816878 79.092403968617,14.2698811015879 79.0923407861778,14.2700499214573 79.0922760724247,14.2702181847007 79.0922295894752,14.2703876472004 79.0922667356975,14.270563672128</coordinates></LineString>
  </Placemark>
  <Placemark id="damage_d3d_roads.1039">
	<Style><LineStyle><color>ff0000ff</color></LineStyle><PolyStyle><fill>0</fill></PolyStyle></Style>
	<ExtendedData><SchemaData schemaUrl="#damage_d3d_roads">
		<SimpleData name="osm_id">1259303942</SimpleData>
		<SimpleData name="type">residential</SimpleData>
		<SimpleData name="depth_cls">&gt;1.5 m</SimpleData>
		<SimpleData name="max_depth">2.64</SimpleData>
		<SimpleData name="length_m">278.4</SimpleData>
	</SchemaData></ExtendedData>
      <LineString><coordinates>79.0922667356975,14.270563672128 79.0923464206077,14.2707243395538 79.0924357482738,14.2708815257275 79.0925250760541,14.2710387118811 79.0926144039485,14.2711958980146 79.0927033542057,14.2713531663516 79.0926910311553,14.2715324783829 79.0926787080669,14.2717117904087 79.0926663849406,14.2718911024288 79.0926807116806,14.2720664142899 79.0927477490551,14.2722338142781 79.0928147865151,14.2724012142575 79.0928818240605,14.2725686142282 79.0929488616912,14.2727360141901 79.0930466882501,14.2728881106696</coordinates></LineString>
  </Placemark>
  <Placemark id="damage_d3d_roads.1040">
	<Style><LineStyle><color>ff0000ff</color></LineStyle><PolyStyle><fill>0</fill></PolyStyle></Style>
	<ExtendedData><SchemaData schemaUrl="#damage_d3d_roads">
		<SimpleData name="osm_id">1259303942</SimpleData>
		<SimpleData name="type">residential</SimpleData>
		<SimpleData name="depth_cls">0.5-1.5 m</SimpleData>
		<SimpleData name="max_depth">1.47</SimpleData>
		<SimpleData name="length_m">119.3</SimpleData>
	</SchemaData></ExtendedData>
      <LineString><coordinates>79.0930466882501,14.2728881106696 79.0931461794393,14.2730393797865 79.0932456707538,14.2731906488764 79.0933924007995,14.2732854240583 79.0935643511728,14.2733500376319 79.093736301658,14.2734146510932 79.0939082522552,14.273479264442</coordinates></LineString>
  </Placemark>
  <Placemark id="damage_d3d_roads.1041">
	<Style><LineStyle><color>ff0000ff</color></LineStyle><PolyStyle><fill>0</fill></PolyStyle></Style>
	<ExtendedData><SchemaData schemaUrl="#damage_d3d_roads">
		<SimpleData name="osm_id">1259303942</SimpleData>
		<SimpleData name="type">residential</SimpleData>
		<SimpleData name="depth_cls">&gt;1.5 m</SimpleData>
		<SimpleData name="max_depth">1.87</SimpleData>
		<SimpleData name="length_m">39.8</SimpleData>
	</SchemaData></ExtendedData>
      <LineString><coordinates>79.0939082522552,14.273479264442 79.0940802029644,14.2735438776786 79.0942521537856,14.2736084908028</coordinates></LineString>
  </Placemark>
  <Placemark id="damage_d3d_roads.1042">
	<Style><LineStyle><color>ff0000ff</color></LineStyle><PolyStyle><fill>0</fill></PolyStyle></Style>
	<ExtendedData><SchemaData schemaUrl="#damage_d3d_roads">
		<SimpleData name="osm_id">1259303942</SimpleData>
		<SimpleData name="type">residential</SimpleData>
		<SimpleData name="depth_cls">0.5-1.5 m</SimpleData>
		<SimpleData name="max_depth">1.25</SimpleData>
		<SimpleData name="length_m">19.9</SimpleData>
	</SchemaData></ExtendedData>
      <LineString><coordinates>79.0942521537856,14.2736084908028 79.0944248689312,14.2736709788448</coordinates></LineString>
  </Placemark>
  <Placemark id="damage_d3d_roads.1043">
	<Style><LineStyle><color>ff0000ff</color></LineStyle><PolyStyle><fill>0</fill></PolyStyle></Style>
	<ExtendedData><SchemaData schemaUrl="#damage_d3d_roads">
		<SimpleData name="osm_id">1259303942</SimpleData>
		<SimpleData name="type">residential</SimpleData>
		<SimpleData name="depth_cls">&gt;1.5 m</SimpleData>
		<SimpleData name="max_depth">2.99</SimpleData>
		<SimpleData name="length_m">59.7</SimpleData>
	</SchemaData></ExtendedData>
      <LineString><coordinates>79.0944248689312,14.2736709788448 79.0946005315383,14.2737252713465 79.0947761942449,14.2737795637287 79.0948329537635,14.2739493111293</coordinates></LineString>
  </Placemark>
  <Placemark id="damage_d3d_roads.1044">
	<Style><LineStyle><color>ff0000ff</color></LineStyle><PolyStyle><fill>0</fill></PolyStyle></Style>
	<ExtendedData><SchemaData schemaUrl="#damage_d3d_roads">
		<SimpleData name="osm_id">1259303942</SimpleData>
		<SimpleData name="type">residential</SimpleData>
		<SimpleData name="depth_cls">0.1-0.5 m</SimpleData>
		<SimpleData name="max_depth">0.28</SimpleData>
		<SimpleData name="length_m">19.9</SimpleData>
	</SchemaData></ExtendedData>
      <LineString><coordinates>79.0948329537635,14.2739493111293 79.0948878532163,14.274120864715</coordinates></LineString>
  </Placemark>
  <Placemark id="damage_d3d_roads.1045">
	<Style><LineStyle><color>ff0000ff</color></LineStyle><PolyStyle><fill>0</fill></PolyStyle></Style>
	<ExtendedData><SchemaData schemaUrl="#damage_d3d_roads">
		<SimpleData name="osm_id">1259303939</SimpleData>
		<SimpleData name="type">tertiary</SimpleData>
		<SimpleData name="depth_cls">0.5-1.5 m</SimpleData>
		<SimpleData name="max_depth">1.02</SimpleData>
		<SimpleData name="length_m">39.9</SimpleData>
	</SchemaData></ExtendedData>
      <LineString><coordinates>79.0978009,14.2760451 79.0979821371174,14.2760801265364 79.0981633743082,14.2761151529416</coordinates></LineString>
  </Placemark>
  <Placemark id="damage_d3d_roads.1046">
	<Style><LineStyle><color>ff0000ff</color></LineStyle><PolyStyle><fill>0</fill></PolyStyle></Style>
	<ExtendedData><SchemaData schemaUrl="#damage_d3d_roads">
		<SimpleData name="osm_id">1259303939</SimpleData>
		<SimpleData name="type">tertiary</SimpleData>
		<SimpleData name="depth_cls">&gt;1.5 m</SimpleData>
		<SimpleData name="max_depth">1.95</SimpleData>
		<SimpleData name="length_m">19.9</SimpleData>
	</SchemaData></ExtendedData>
      <LineString><coordinates>79.0999600820981,14.2762722412505 79.1001086130159,14.2761693160853</coordinates></LineString>
  </Placemark>
  <Placemark id="damage_d3d_roads.1047">
	<Style><LineStyle><color>ff0000ff</color></LineStyle><PolyStyle><fill>0</fill></PolyStyle></Style>
	<ExtendedData><SchemaData schemaUrl="#damage_d3d_roads">
		<SimpleData name="osm_id">1259303939</SimpleData>
		<SimpleData name="type">tertiary</SimpleData>
		<SimpleData name="depth_cls">0.5-1.5 m</SimpleData>
		<SimpleData name="max_depth">1.28</SimpleData>
		<SimpleData name="length_m">19.9</SimpleData>
	</SchemaData></ExtendedData>
      <LineString><coordinates>79.1001086130159,14.2761693160853 79.1002485834035,14.2760516972197</coordinates></LineString>
  </Placemark>
  <Placemark id="damage_d3d_roads.1048">
	<Style><LineStyle><color>ff0000ff</color></LineStyle><PolyStyle><fill>0</fill></PolyStyle></Style>
	<ExtendedData><SchemaData schemaUrl="#damage_d3d_roads">
		<SimpleData name="osm_id">1259303939</SimpleData>
		<SimpleData name="type">tertiary</SimpleData>
		<SimpleData name="depth_cls">&gt;1.5 m</SimpleData>
		<SimpleData name="max_depth">3.13</SimpleData>
		<SimpleData name="length_m">259.2</SimpleData>
	</SchemaData></ExtendedData>
      <LineString><coordinates>79.1002485834035,14.2760516972197 79.1003885536483,14.2759340782526 79.1005285237504,14.275816459184 79.1006684937099,14.2756988400141 79.1008084635266,14.2755812207427 79.1009231851577,14.2754466155791 79.1009862177882,14.2752772363192 79.1010492503101,14.2751078570286 79.1011124310741,14.2749386283268 79.1012885015099,14.2748840157733 79.1014645718761,14.2748294030789 79.1016406421725,14.2747747902434 79.1018187131006,14.2747577703353 79.1019996346519,14.274794312722</coordinates></LineString>
  </Placemark>
  <Placemark id="damage_d3d_roads.1049">
	<Style><LineStyle><color>ff0000ff</color></LineStyle><PolyStyle><fill>0</fill></PolyStyle></Style>
	<ExtendedData><SchemaData schemaUrl="#damage_d3d_roads">
		<SimpleData name="osm_id">498602324</SimpleData>
		<SimpleData name="type">residential</SimpleData>
		<SimpleData name="depth_cls">0.1-0.5 m</SimpleData>
		<SimpleData name="max_depth">0.33</SimpleData>
		<SimpleData name="length_m">19.3</SimpleData>
	</SchemaData></ExtendedData>
      <LineString><coordinates>79.1072363146516,14.2729327690151 79.1074149377296,14.2729366863603</coordinates></LineString>
  </Placemark>
  <Placemark id="damage_d3d_roads.1050">
	<Style><LineStyle><color>ff0000ff</color></LineStyle><PolyStyle><fill>0</fill></PolyStyle></Style>
	<ExtendedData><SchemaData schemaUrl="#damage_d3d_roads">
		<SimpleData name="osm_id">498602324</SimpleData>
		<SimpleData name="type">residential</SimpleData>
		<SimpleData name="depth_cls">0.5-1.5 m</SimpleData>
		<SimpleData name="max_depth">1.46</SimpleData>
		<SimpleData name="length_m">192.8</SimpleData>
	</SchemaData></ExtendedData>
      <LineString><coordinates>79.1074149377296,14.2729366863603 79.1075935608312,14.2729406035722 79.1077720219905,14.2729384145401 79.1079501985464,14.2729254956391 79.1081283750993,14.2729125766022 79.108306551649,14.2728996574294 79.1084847281956,14.2728867381207 79.108662904739,14.2728738186761 79.1088410812793,14.2728608990956 79.1090192578165,14.2728479793793 79.1091963873645,14.2728259111262</coordinates></LineString>
  </Placemark>
  <Placemark id="damage_d3d_roads.1051">
	<Style><LineStyle><color>ff0000ff</color></LineStyle><PolyStyle><fill>0</fill></PolyStyle></Style>
	<ExtendedData><SchemaData schemaUrl="#damage_d3d_roads">
		<SimpleData name="osm_id">498602324</SimpleData>
		<SimpleData name="type">residential</SimpleData>
		<SimpleData name="depth_cls">&gt;1.5 m</SimpleData>
		<SimpleData name="max_depth">1.52</SimpleData>
		<SimpleData name="length_m">19.3</SimpleData>
	</SchemaData></ExtendedData>
      <LineString><coordinates>79.1091963873645,14.2728259111262 79.1093731,14.2728002</coordinates></LineString>
  </Placemark>
  <Placemark id="damage_d3d_roads.1052">
	<Style><LineStyle><color>ff0000ff</color></LineStyle><PolyStyle><fill>0</fill></PolyStyle></Style>
	<ExtendedData><SchemaData schemaUrl="#damage_d3d_roads">
		<SimpleData name="osm_id">1450623122</SimpleData>
		<SimpleData name="type">residential</SimpleData>
		<SimpleData name="depth_cls">0.5-1.5 m</SimpleData>
		<SimpleData name="max_depth">0.93</SimpleData>
		<SimpleData name="length_m">19.9</SimpleData>
	</SchemaData></ExtendedData>
      <LineString><coordinates>79.1188954276644,14.2824672953057 79.118871746069,14.2822888642241</coordinates></LineString>
  </Placemark>
  <Placemark id="damage_d3d_roads.1053">
	<Style><LineStyle><color>ff0000ff</color></LineStyle><PolyStyle><fill>0</fill></PolyStyle></Style>
	<ExtendedData><SchemaData schemaUrl="#damage_d3d_roads">
		<SimpleData name="osm_id">1450623122</SimpleData>
		<SimpleData name="type">residential</SimpleData>
		<SimpleData name="depth_cls">&gt;1.5 m</SimpleData>
		<SimpleData name="max_depth">1.88</SimpleData>
		<SimpleData name="length_m">59.7</SimpleData>
	</SchemaData></ExtendedData>
      <LineString><coordinates>79.118871746069,14.2822888642241 79.118848064493,14.2821104331421 79.1188528380993,14.2819312644503 79.1188667666058,14.2817518584405</coordinates></LineString>
  </Placemark>
  <Placemark id="damage_d3d_roads.1054">
	<Style><LineStyle><color>ff0000ff</color></LineStyle><PolyStyle><fill>0</fill></PolyStyle></Style>
	<ExtendedData><SchemaData schemaUrl="#damage_d3d_roads">
		<SimpleData name="osm_id">1450623122</SimpleData>
		<SimpleData name="type">residential</SimpleData>
		<SimpleData name="depth_cls">0.5-1.5 m</SimpleData>
		<SimpleData name="max_depth">1.08</SimpleData>
		<SimpleData name="length_m">39.8</SimpleData>
	</SchemaData></ExtendedData>
      <LineString><coordinates>79.1188667666058,14.2817518584405 79.1188732672652,14.2815720576342 79.1187879913388,14.281412652315</coordinates></LineString>
  </Placemark>
  <Placemark id="damage_d3d_roads.1055">
	<Style><LineStyle><color>ff0000ff</color></LineStyle><PolyStyle><fill>0</fill></PolyStyle></Style>
	<ExtendedData><SchemaData schemaUrl="#damage_d3d_roads">
		<SimpleData name="osm_id">1450623122</SimpleData>
		<SimpleData name="type">residential</SimpleData>
		<SimpleData name="depth_cls">&gt;1.5 m</SimpleData>
		<SimpleData name="max_depth">5.34</SimpleData>
		<SimpleData name="length_m">1473.3</SimpleData>
	</SchemaData></ExtendedData>
      <LineString><coordinates>79.1187879913388,14.281412652315 79.1187462051286,14.2812472057015 79.1188082880264,14.2810847844738 79.1189481708468,14.2809677897035 79.1190222857233,14.280810765062 79.1190177502423,14.2806316875149 79.1189921054807,14.2804535146856 79.1189664607418,14.2802753418559 79.1189408160255,14.2800971690259 79.1189151713319,14.2799189961955 79.118889526661,14.2797408233648 79.1188638820127,14.2795626505338 79.118838237387,14.2793844777025 79.1188125927841,14.2792063048708 79.1187869482037,14.2790281320388 79.1187594291671,14.2788502282188 79.1187313564015,14.2786724038694 79.1187032836625,14.2784945795197 79.1186752109499,14.2783167551695 79.118647138264,14.278138930819 79.1186190656045,14.277961106468 79.1185909929716,14.2777832821166 79.1185629203652,14.2776054577649 79.1185348477853,14.2774276334127 79.1185067752319,14.2772498090601 79.118478702705,14.2770719847071 79.118441909826,14.2768956857943 79.1184048602973,14.2767194317827 79.1183678108094,14.27654317777 79.1183307613622,14.2763669237561 79.1183292926398,14.2761892438088 79.1183513889421,14.2760106194602 79.1183440752691,14.2758323368208 79.1183176217049,14.2756542765684 79.1182911681646,14.2754762163158 79.1182647146482,14.2752981560628 79.1182382611558,14.2751200958094 79.1182118076872,14.2749420355557 79.1181853542427,14.2747639753017 79.118158900822,14.2745859150473 79.1181324474252,14.2744078547925 79.1181059940524,14.2742297945374 79.1180689806504,14.274053770091 79.1180239774304,14.2738792859605 79.11798816683,14.2737028190275 79.1179535253027,14.2735260999372 79.1179188838123,14.2733493808461 79.1178877751276,14.2731721182018 79.1178649491495,14.2729935811826 79.1178421231896,14.2728150441631 79.1178192972478,14.2726365071433 79.1178856631085,14.2724694004447 79.1180308991559,14.2723584592078 79.1181663513112,14.2722422540509 79.1181851124049,14.2720632672709 79.118203873451,14.2718842804833 79.1182234698574,14.2717053849202 79.1182457651954,14.2715267840957 79.1182680604803,14.2713481832623 79.118290355712,14.27116958242 79.1183126508908,14.2709909815687 79.1183643132332,14.2708197544745 79.1184190417777,14.2706500444271 79.1184224671359,14.2704701558248 79.1184258924702,14.2702902672192 79.1184293177806,14.2701103786103 79.1184327430672,14.2699304899982 79.1184621768802,14.2697529060407 79.1184825585182,14.269574730605 79.1184776415326,14.2693948748834 79.1184617825567,14.269216951873 79.1184017105747,14.2690468383345 79.1183675989873,14.2688707540933 79.118395685905,14.2686980435826 79.1184593690801,14.2685291841274</coordinates></LineString>
  </Placemark>
  <Placemark id="damage_d3d_roads.1056">
	<Style><LineStyle><color>ff0000ff</color></LineStyle><PolyStyle><fill>0</fill></PolyStyle></Style>
	<ExtendedData><SchemaData schemaUrl="#damage_d3d_roads">
		<SimpleData name="osm_id">1450623122</SimpleData>
		<SimpleData name="type">residential</SimpleData>
		<SimpleData name="depth_cls">0.5-1.5 m</SimpleData>
		<SimpleData name="max_depth">1.15</SimpleData>
		<SimpleData name="length_m">19.9</SimpleData>
	</SchemaData></ExtendedData>
      <LineString><coordinates>79.1184593690801,14.2685291841274 79.1185230521461,14.2683603246413</coordinates></LineString>
  </Placemark>
  <Placemark id="damage_d3d_roads.1057">
	<Style><LineStyle><color>ff0000ff</color></LineStyle><PolyStyle><fill>0</fill></PolyStyle></Style>
	<ExtendedData><SchemaData schemaUrl="#damage_d3d_roads">
		<SimpleData name="osm_id">1450623112</SimpleData>
		<SimpleData name="type">residential</SimpleData>
		<SimpleData name="depth_cls">0.1-0.5 m</SimpleData>
		<SimpleData name="max_depth">0.36</SimpleData>
		<SimpleData name="length_m">18.5</SimpleData>
	</SchemaData></ExtendedData>
      <LineString><coordinates>79.1194895798448,14.2835920814893 79.1196611498383,14.2835901015514</coordinates></LineString>
  </Placemark>
  <Placemark id="damage_d3d_roads.1058">
	<Style><LineStyle><color>ff0000ff</color></LineStyle><PolyStyle><fill>0</fill></PolyStyle></Style>
	<ExtendedData><SchemaData schemaUrl="#damage_d3d_roads">
		<SimpleData name="osm_id">1450623112</SimpleData>
		<SimpleData name="type">residential</SimpleData>
		<SimpleData name="depth_cls">0.5-1.5 m</SimpleData>
		<SimpleData name="max_depth">1.13</SimpleData>
		<SimpleData name="length_m">37</SimpleData>
	</SchemaData></ExtendedData>
      <LineString><coordinates>79.1196611498383,14.2835901015514 79.1198327198448,14.2835881214893 79.1200042898642,14.2835861413032</coordinates></LineString>
  </Placemark>
  <Placemark id="damage_d3d_roads.1059">
	<Style><LineStyle><color>ff0000ff</color></LineStyle><PolyStyle><fill>0</fill></PolyStyle></Style>
	<ExtendedData><SchemaData schemaUrl="#damage_d3d_roads">
		<SimpleData name="osm_id">1450623112</SimpleData>
		<SimpleData name="type">residential</SimpleData>
		<SimpleData name="depth_cls">&gt;1.5 m</SimpleData>
		<SimpleData name="max_depth">2.84</SimpleData>
		<SimpleData name="length_m">55.5</SimpleData>
	</SchemaData></ExtendedData>
      <LineString><coordinates>79.1200042898642,14.2835861413032 79.1201758598965,14.2835841609929 79.1203474299418,14.2835821805585 79.120519,14.2835802</coordinates></LineString>
  </Placemark>
  <Placemark id="damage_d3d_roads.1060">
	<Style><LineStyle><color>ff0000ff</color></LineStyle><PolyStyle><fill>0</fill></PolyStyle></Style>
	<ExtendedData><SchemaData schemaUrl="#damage_d3d_roads">
		<SimpleData name="osm_id">1450181292</SimpleData>
		<SimpleData name="type">residential</SimpleData>
		<SimpleData name="depth_cls">&gt;1.5 m</SimpleData>
		<SimpleData name="max_depth">7.09</SimpleData>
		<SimpleData name="length_m">79.8</SimpleData>
	</SchemaData></ExtendedData>
      <LineString><coordinates>79.0153324036697,14.2662791037063 79.0154827973515,14.2662401299972 79.0156088564475,14.2663720633641 79.015713317473,14.2665182838288 79.0157416,14.2666965</coordinates></LineString>
  </Placemark>
  <Placemark id="damage_d3d_roads.1061">
	<Style><LineStyle><color>ff0000ff</color></LineStyle><PolyStyle><fill>0</fill></PolyStyle></Style>
	<ExtendedData><SchemaData schemaUrl="#damage_d3d_roads">
		<SimpleData name="osm_id">1259303917</SimpleData>
		<SimpleData name="type">unclassified</SimpleData>
		<SimpleData name="depth_cls">0.5-1.5 m</SimpleData>
		<SimpleData name="max_depth">1.29</SimpleData>
		<SimpleData name="length_m">19.8</SimpleData>
	</SchemaData></ExtendedData>
      <LineString><coordinates>79.0650149870813,14.2629765607907 79.065014,14.2627973</coordinates></LineString>
  </Placemark>
  <Placemark id="damage_d3d_roads.1062">
	<Style><LineStyle><color>ff0000ff</color></LineStyle><PolyStyle><fill>0</fill></PolyStyle></Style>
	<ExtendedData><SchemaData schemaUrl="#damage_d3d_roads">
		<SimpleData name="osm_id">1259303923</SimpleData>
		<SimpleData name="type">tertiary</SimpleData>
		<SimpleData name="depth_cls">0.1-0.5 m</SimpleData>
		<SimpleData name="max_depth">0.27</SimpleData>
		<SimpleData name="length_m">19.8</SimpleData>
	</SchemaData></ExtendedData>
      <LineString><coordinates>79.0737841625998,14.2619147338834 79.07391741709,14.2620372117293</coordinates></LineString>
  </Placemark>
  <Placemark id="damage_d3d_roads.1063">
	<Style><LineStyle><color>ff0000ff</color></LineStyle><PolyStyle><fill>0</fill></PolyStyle></Style>
	<ExtendedData><SchemaData schemaUrl="#damage_d3d_roads">
		<SimpleData name="osm_id">1259303923</SimpleData>
		<SimpleData name="type">tertiary</SimpleData>
		<SimpleData name="depth_cls">0.5-1.5 m</SimpleData>
		<SimpleData name="max_depth">0.89</SimpleData>
		<SimpleData name="length_m">39.5</SimpleData>
	</SchemaData></ExtendedData>
      <LineString><coordinates>79.07391741709,14.2620372117293 79.0740506717255,14.2621596895175 79.074175957977,14.2622888946615</coordinates></LineString>
  </Placemark>
  <Placemark id="damage_d3d_roads.1064">
	<Style><LineStyle><color>ff0000ff</color></LineStyle><PolyStyle><fill>0</fill></PolyStyle></Style>
	<ExtendedData><SchemaData schemaUrl="#damage_d3d_roads">
		<SimpleData name="osm_id">1259303923</SimpleData>
		<SimpleData name="type">tertiary</SimpleData>
		<SimpleData name="depth_cls">0.1-0.5 m</SimpleData>
		<SimpleData name="max_depth">0.19</SimpleData>
		<SimpleData name="length_m">39.5</SimpleData>
	</SchemaData></ExtendedData>
      <LineString><coordinates>79.0744915087522,14.2627274254287 79.0745966926027,14.2628736022889 79.0747268289493,14.262976704456</coordinates></LineString>
  </Placemark>
  <Placemark id="damage_d3d_roads.1065">
	<Style><LineStyle><color>ff0000ff</color></LineStyle><PolyStyle><fill>0</fill></PolyStyle></Style>
	<ExtendedData><SchemaData schemaUrl="#damage_d3d_roads">
		<SimpleData name="osm_id">1259303923</SimpleData>
		<SimpleData name="type">tertiary</SimpleData>
		<SimpleData name="depth_cls">0.5-1.5 m</SimpleData>
		<SimpleData name="max_depth">0.89</SimpleData>
		<SimpleData name="length_m">39.5</SimpleData>
	</SchemaData></ExtendedData>
      <LineString><coordinates>79.0749094880602,14.2629891378741 79.0750921472096,14.2630015711546 79.0752733078894,14.2630226267986</coordinates></LineString>
  </Placemark>
  <Placemark id="damage_d3d_roads.1066">
	<Style><LineStyle><color>ff0000ff</color></LineStyle><PolyStyle><fill>0</fill></PolyStyle></Style>
	<ExtendedData><SchemaData schemaUrl="#damage_d3d_roads">
		<SimpleData name="osm_id">1259303923</SimpleData>
		<SimpleData name="type">tertiary</SimpleData>
		<SimpleData name="depth_cls">0.1-0.5 m</SimpleData>
		<SimpleData name="max_depth">0.14</SimpleData>
		<SimpleData name="length_m">19.8</SimpleData>
	</SchemaData></ExtendedData>
      <LineString><coordinates>79.0756266230784,14.2631165610506 79.0758032808069,14.2631635279937</coordinates></LineString>
  </Placemark>
  <Placemark id="damage_d3d_roads.1067">
	<Style><LineStyle><color>ff0000ff</color></LineStyle><PolyStyle><fill>0</fill></PolyStyle></Style>
	<ExtendedData><SchemaData schemaUrl="#damage_d3d_roads">
		<SimpleData name="osm_id">1259303923</SimpleData>
		<SimpleData name="type">tertiary</SimpleData>
		<SimpleData name="depth_cls">0.5-1.5 m</SimpleData>
		<SimpleData name="max_depth">0.61</SimpleData>
		<SimpleData name="length_m">39.5</SimpleData>
	</SchemaData></ExtendedData>
      <LineString><coordinates>79.0758032808069,14.2631635279937 79.0759799386245,14.2632104948147 79.0761565965315,14.2632574615137</coordinates></LineString>
  </Placemark>
  <Placemark id="damage_d3d_roads.1068">
	<Style><LineStyle><color>ff0000ff</color></LineStyle><PolyStyle><fill>0</fill></PolyStyle></Style>
	<ExtendedData><SchemaData schemaUrl="#damage_d3d_roads">
		<SimpleData name="osm_id">1259303923</SimpleData>
		<SimpleData name="type">tertiary</SimpleData>
		<SimpleData name="depth_cls">0.1-0.5 m</SimpleData>
		<SimpleData name="max_depth">0.41</SimpleData>
		<SimpleData name="length_m">39.5</SimpleData>
	</SchemaData></ExtendedData>
      <LineString><coordinates>79.0761565965315,14.2632574615137 79.0763332545276,14.2633044280908 79.0765136300795,14.2633349047883</coordinates></LineString>
  </Placemark>
  <Placemark id="damage_d3d_roads.1069">
	<Style><LineStyle><color>ff0000ff</color></LineStyle><PolyStyle><fill>0</fill></PolyStyle></Style>
	<ExtendedData><SchemaData schemaUrl="#damage_d3d_roads">
		<SimpleData name="osm_id">1259303923</SimpleData>
		<SimpleData name="type">tertiary</SimpleData>
		<SimpleData name="depth_cls">0.1-0.5 m</SimpleData>
		<SimpleData name="max_depth">0.46</SimpleData>
		<SimpleData name="length_m">39.5</SimpleData>
	</SchemaData></ExtendedData>
      <LineString><coordinates>79.0796745992422,14.2644869898093 79.0798136555501,14.2646031732095 79.0799527120035,14.2647193565453</coordinates></LineString>
  </Placemark>
  <Placemark id="damage_d3d_roads.1070">
	<Style><LineStyle><color>ff0000ff</color></LineStyle><PolyStyle><fill>0</fill></PolyStyle></Style>
	<ExtendedData><SchemaData schemaUrl="#damage_d3d_roads">
		<SimpleData name="osm_id">498602339</SimpleData>
		<SimpleData name="type">secondary</SimpleData>
		<SimpleData name="depth_cls">&gt;1.5 m</SimpleData>
		<SimpleData name="max_depth">1.69</SimpleData>
		<SimpleData name="length_m">19.9</SimpleData>
	</SchemaData></ExtendedData>
      <LineString><coordinates>79.0976357019399,14.2697467612862 79.0975327720927,14.2695978991832</coordinates></LineString>
  </Placemark>
  <Placemark id="damage_d3d_roads.1071">
	<Style><LineStyle><color>ff0000ff</color></LineStyle><PolyStyle><fill>0</fill></PolyStyle></Style>
	<ExtendedData><SchemaData schemaUrl="#damage_d3d_roads">
		<SimpleData name="osm_id">498602339</SimpleData>
		<SimpleData name="type">secondary</SimpleData>
		<SimpleData name="depth_cls">0.5-1.5 m</SimpleData>
		<SimpleData name="max_depth">0.82</SimpleData>
		<SimpleData name="length_m">59.8</SimpleData>
	</SchemaData></ExtendedData>
      <LineString><coordinates>79.0974429849493,14.2694407025101 79.0973591713159,14.2692803048488 79.0972081967658,14.2691856829877 79.0970253741496,14.269177787769</coordinates></LineString>
  </Placemark>
  <Placemark id="damage_d3d_roads.1072">
	<Style><LineStyle><color>ff0000ff</color></LineStyle><PolyStyle><fill>0</fill></PolyStyle></Style>
	<ExtendedData><SchemaData schemaUrl="#damage_d3d_roads">
		<SimpleData name="osm_id">498602339</SimpleData>
		<SimpleData name="type">secondary</SimpleData>
		<SimpleData name="depth_cls">&gt;1.5 m</SimpleData>
		<SimpleData name="max_depth">2.3</SimpleData>
		<SimpleData name="length_m">59.8</SimpleData>
	</SchemaData></ExtendedData>
      <LineString><coordinates>79.0970253741496,14.269177787769 79.0968418809322,14.269164893984 79.0966589216103,14.2691408352451 79.0964759650502,14.2691167568209</coordinates></LineString>
  </Placemark>
  <Placemark id="damage_d3d_roads.1073">
	<Style><LineStyle><color>ff0000ff</color></LineStyle><PolyStyle><fill>0</fill></PolyStyle></Style>
	<ExtendedData><SchemaData schemaUrl="#damage_d3d_roads">
		<SimpleData name="osm_id">498602339</SimpleData>
		<SimpleData name="type">secondary</SimpleData>
		<SimpleData name="depth_cls">0.5-1.5 m</SimpleData>
		<SimpleData name="max_depth">1.42</SimpleData>
		<SimpleData name="length_m">79.7</SimpleData>
	</SchemaData></ExtendedData>
      <LineString><coordinates>79.0964759650502,14.2691167568209 79.0962930110384,14.2690926602542 79.0961100570835,14.2690685635518 79.0959270284621,14.269045102265 79.0957432305627,14.2690281842697</coordinates></LineString>
  </Placemark>
  <Placemark id="damage_d3d_roads.1074">
	<Style><LineStyle><color>ff0000ff</color></LineStyle><PolyStyle><fill>0</fill></PolyStyle></Style>
	<ExtendedData><SchemaData schemaUrl="#damage_d3d_roads">
		<SimpleData name="osm_id">498602339</SimpleData>
		<SimpleData name="type">secondary</SimpleData>
		<SimpleData name="depth_cls">0.1-0.5 m</SimpleData>
		<SimpleData name="max_depth">0.44</SimpleData>
		<SimpleData name="length_m">19.9</SimpleData>
	</SchemaData></ExtendedData>
      <LineString><coordinates>79.0957432305627,14.2690281842697 79.0955594327091,14.2690112661358</coordinates></LineString>
  </Placemark>
  <Placemark id="damage_d3d_roads.1075">
	<Style><LineStyle><color>ff0000ff</color></LineStyle><PolyStyle><fill>0</fill></PolyStyle></Style>
	<ExtendedData><SchemaData schemaUrl="#damage_d3d_roads">
		<SimpleData name="osm_id">498602339</SimpleData>
		<SimpleData name="type">secondary</SimpleData>
		<SimpleData name="depth_cls">0.1-0.5 m</SimpleData>
		<SimpleData name="max_depth">0.48</SimpleData>
		<SimpleData name="length_m">59.8</SimpleData>
	</SchemaData></ExtendedData>
      <LineString><coordinates>79.0951918371394,14.2689774294527 79.0950080394233,14.2689605109034 79.0948242417531,14.2689435922155 79.0946404441286,14.2689266733892</coordinates></LineString>
  </Placemark>
  <Placemark id="damage_d3d_roads.1076">
	<Style><LineStyle><color>ff0000ff</color></LineStyle><PolyStyle><fill>0</fill></PolyStyle></Style>
	<ExtendedData><SchemaData schemaUrl="#damage_d3d_roads">
		<SimpleData name="osm_id">498602339</SimpleData>
		<SimpleData name="type">secondary</SimpleData>
		<SimpleData name="depth_cls">0.5-1.5 m</SimpleData>
		<SimpleData name="max_depth">0.62</SimpleData>
		<SimpleData name="length_m">19.9</SimpleData>
	</SchemaData></ExtendedData>
      <LineString><coordinates>79.0946404441286,14.2689266733892 79.09445664655,14.2689097544245</coordinates></LineString>
  </Placemark>
  <Placemark id="damage_d3d_roads.1077">
	<Style><LineStyle><color>ff0000ff</color></LineStyle><PolyStyle><fill>0</fill></PolyStyle></Style>
	<ExtendedData><SchemaData schemaUrl="#damage_d3d_roads">
		<SimpleData name="osm_id">498602339</SimpleData>
		<SimpleData name="type">secondary</SimpleData>
		<SimpleData name="depth_cls">0.5-1.5 m</SimpleData>
		<SimpleData name="max_depth">1.44</SimpleData>
		<SimpleData name="length_m">139.5</SimpleData>
	</SchemaData></ExtendedData>
      <LineString><coordinates>79.0922779318307,14.2685556911989 79.0920992038339,14.2685105891757 79.091927232132,14.2684479337815 79.0917622224365,14.268367190658 79.0915972128698,14.2682864474342 79.091432203432,14.2682057041103 79.0912671800182,14.2681249881124 79.0910979296214,14.2680538268865</coordinates></LineString>
  </Placemark>
  <Placemark id="damage_d3d_roads.1078">
	<Style><LineStyle><color>ff0000ff</color></LineStyle><PolyStyle><fill>0</fill></PolyStyle></Style>
	<ExtendedData><SchemaData schemaUrl="#damage_d3d_roads">
		<SimpleData name="osm_id">498602339</SimpleData>
		<SimpleData name="type">secondary</SimpleData>
		<SimpleData name="depth_cls">&gt;1.5 m</SimpleData>
		<SimpleData name="max_depth">2.59</SimpleData>
		<SimpleData name="length_m">99.6</SimpleData>
	</SchemaData></ExtendedData>
      <LineString><coordinates>79.0910979296214,14.2680538268865 79.0909244927056,14.2679921309182 79.0907510558986,14.2679304348351 79.0905776192004,14.267868738637 79.090404182611,14.2678070423242 79.0902307461305,14.2677453458964</coordinates></LineString>
  </Placemark>
  <Placemark id="damage_d3d_roads.1079">
	<Style><LineStyle><color>ff0000ff</color></LineStyle><PolyStyle><fill>0</fill></PolyStyle></Style>
	<ExtendedData><SchemaData schemaUrl="#damage_d3d_roads">
		<SimpleData name="osm_id">498602339</SimpleData>
		<SimpleData name="type">secondary</SimpleData>
		<SimpleData name="depth_cls">0.5-1.5 m</SimpleData>
		<SimpleData name="max_depth">0.94</SimpleData>
		<SimpleData name="length_m">19.9</SimpleData>
	</SchemaData></ExtendedData>
      <LineString><coordinates>79.0902307461305,14.2677453458964 79.0900573182274,14.2676836267287</coordinates></LineString>
  </Placemark>
  <Placemark id="damage_d3d_roads.1080">
	<Style><LineStyle><color>ff0000ff</color></LineStyle><PolyStyle><fill>0</fill></PolyStyle></Style>
	<ExtendedData><SchemaData schemaUrl="#damage_d3d_roads">
		<SimpleData name="osm_id">498602339</SimpleData>
		<SimpleData name="type">secondary</SimpleData>
		<SimpleData name="depth_cls">0.1-0.5 m</SimpleData>
		<SimpleData name="max_depth">0.35</SimpleData>
		<SimpleData name="length_m">39.8</SimpleData>
	</SchemaData></ExtendedData>
      <LineString><coordinates>79.0900573182274,14.2676836267287 79.08988088179,14.2676311558539 79.0897027042991,14.2675840310449</coordinates></LineString>
  </Placemark>
  <Placemark id="damage_d3d_roads.1081">
	<Style><LineStyle><color>ff0000ff</color></LineStyle><PolyStyle><fill>0</fill></PolyStyle></Style>
	<ExtendedData><SchemaData schemaUrl="#damage_d3d_roads">
		<SimpleData name="osm_id">498602339</SimpleData>
		<SimpleData name="type">secondary</SimpleData>
		<SimpleData name="depth_cls">0.5-1.5 m</SimpleData>
		<SimpleData name="max_depth">0.62</SimpleData>
		<SimpleData name="length_m">19.9</SimpleData>
	</SchemaData></ExtendedData>
      <LineString><coordinates>79.0897027042991,14.2675840310449 79.0895245236215,14.2675369179024</coordinates></LineString>
  </Placemark>
  <Placemark id="damage_d3d_roads.1082">
	<Style><LineStyle><color>ff0000ff</color></LineStyle><PolyStyle><fill>0</fill></PolyStyle></Style>
	<ExtendedData><SchemaData schemaUrl="#damage_d3d_roads">
		<SimpleData name="osm_id">498602339</SimpleData>
		<SimpleData name="type">secondary</SimpleData>
		<SimpleData name="depth_cls">0.1-0.5 m</SimpleData>
		<SimpleData name="max_depth">0.39</SimpleData>
		<SimpleData name="length_m">19.9</SimpleData>
	</SchemaData></ExtendedData>
      <LineString><coordinates>79.0895245236215,14.2675369179024 79.0893463342411,14.2674898362755</coordinates></LineString>
  </Placemark>
  <Placemark id="damage_d3d_roads.1083">
	<Style><LineStyle><color>ff0000ff</color></LineStyle><PolyStyle><fill>0</fill></PolyStyle></Style>
	<ExtendedData><SchemaData schemaUrl="#damage_d3d_roads">
		<SimpleData name="osm_id">498602339</SimpleData>
		<SimpleData name="type">secondary</SimpleData>
		<SimpleData name="depth_cls">0.5-1.5 m</SimpleData>
		<SimpleData name="max_depth">1.15</SimpleData>
		<SimpleData name="length_m">179.3</SimpleData>
	</SchemaData></ExtendedData>
      <LineString><coordinates>79.0893463342411,14.2674898362755 79.0891685038063,14.2674414990443 79.0889910383276,14.2673918851917 79.0888135729425,14.2673422712163 79.0886361076511,14.2672926571181 79.0884615094443,14.2672349073457 79.0882902675251,14.2671676337594 79.0881215514573,14.2670953088286 79.0879617596756,14.2670051363251 79.0878019680305,14.2669149637295</coordinates></LineString>
  </Placemark>
  <Placemark id="damage_d3d_roads.1084">
	<Style><LineStyle><color>ff0000ff</color></LineStyle><PolyStyle><fill>0</fill></PolyStyle></Style>
	<ExtendedData><SchemaData schemaUrl="#damage_d3d_roads">
		<SimpleData name="osm_id">498602339</SimpleData>
		<SimpleData name="type">secondary</SimpleData>
		<SimpleData name="depth_cls">&gt;1.5 m</SimpleData>
		<SimpleData name="max_depth">1.73</SimpleData>
		<SimpleData name="length_m">39.8</SimpleData>
	</SchemaData></ExtendedData>
      <LineString><coordinates>79.0878019680305,14.2669149637295 79.087642176522,14.2668247910419 79.0874823851501,14.2667346182623</coordinates></LineString>
  </Placemark>
  <Placemark id="damage_d3d_roads.1085">
	<Style><LineStyle><color>ff0000ff</color></LineStyle><PolyStyle><fill>0</fill></PolyStyle></Style>
	<ExtendedData><SchemaData schemaUrl="#damage_d3d_roads">
		<SimpleData name="osm_id">498602339</SimpleData>
		<SimpleData name="type">secondary</SimpleData>
		<SimpleData name="depth_cls">0.5-1.5 m</SimpleData>
		<SimpleData name="max_depth">1.5</SimpleData>
		<SimpleData name="length_m">59.8</SimpleData>
	</SchemaData></ExtendedData>
      <LineString><coordinates>79.0874823851501,14.2667346182623 79.0873234826305,14.2666429783128 79.087165398247,14.2665499879353 79.0870073140019,14.2664569974683</coordinates></LineString>
  </Placemark>
  <Placemark id="damage_d3d_roads.1086">
	<Style><LineStyle><color>ff0000ff</color></LineStyle><PolyStyle><fill>0</fill></PolyStyle></Style>
	<ExtendedData><SchemaData schemaUrl="#damage_d3d_roads">
		<SimpleData name="osm_id">498602339</SimpleData>
		<SimpleData name="type">secondary</SimpleData>
		<SimpleData name="depth_cls">&gt;1.5 m</SimpleData>
		<SimpleData name="max_depth">2.62</SimpleData>
		<SimpleData name="length_m">278.9</SimpleData>
	</SchemaData></ExtendedData>
      <LineString><coordinates>79.0870073140019,14.2664569974683 79.0868492298955,14.2663640069119 79.0866911459276,14.2662710162661 79.0865330620983,14.2661780255308 79.0863749784075,14.2660850347062 79.0862168948553,14.2659920437921 79.0860588114416,14.2658990527886 79.0859007281665,14.2658060616957 79.0857426450299,14.2657130705134 79.0855845620319,14.2656200792416 79.0854264791725,14.2655270878805 79.0852604816763,14.2654484586489 79.0850937405456,14.2653711789494 79.0849269995406,14.2652938991468 79.0847602586612,14.2652166192412</coordinates></LineString>
  </Placemark>
  <Placemark id="damage_d3d_roads.1087">
	<Style><LineStyle><color>ff0000ff</color></LineStyle><PolyStyle><fill>0</fill></PolyStyle></Style>
	<ExtendedData><SchemaData schemaUrl="#damage_d3d_roads">
		<SimpleData name="osm_id">498602339</SimpleData>
		<SimpleData name="type">secondary</SimpleData>
		<SimpleData name="depth_cls">0.1-0.5 m</SimpleData>
		<SimpleData name="max_depth">0.37</SimpleData>
		<SimpleData name="length_m">39.8</SimpleData>
	</SchemaData></ExtendedData>
      <LineString><coordinates>79.0847602586612,14.2652166192412 79.0845935179075,14.2651393392326 79.0844267772794,14.2650620591211</coordinates></LineString>
  </Placemark>
  <Placemark id="damage_d3d_roads.1088">
	<Style><LineStyle><color>ff0000ff</color></LineStyle><PolyStyle><fill>0</fill></PolyStyle></Style>
	<ExtendedData><SchemaData schemaUrl="#damage_d3d_roads">
		<SimpleData name="osm_id">498602339</SimpleData>
		<SimpleData name="type">secondary</SimpleData>
		<SimpleData name="depth_cls">0.1-0.5 m</SimpleData>
		<SimpleData name="max_depth">0.16</SimpleData>
		<SimpleData name="length_m">39.8</SimpleData>
	</SchemaData></ExtendedData>
      <LineString><coordinates>79.0830293016782,14.264203069776 79.082899175027,14.2640767617171 79.0828051220924,14.2639218303871</coordinates></LineString>
  </Placemark>
  <Placemark id="damage_d3d_roads.1089">
	<Style><LineStyle><color>ff0000ff</color></LineStyle><PolyStyle><fill>0</fill></PolyStyle></Style>
	<ExtendedData><SchemaData schemaUrl="#damage_d3d_roads">
		<SimpleData name="osm_id">498602339</SimpleData>
		<SimpleData name="type">secondary</SimpleData>
		<SimpleData name="depth_cls">0.1-0.5 m</SimpleData>
		<SimpleData name="max_depth">0.14</SimpleData>
		<SimpleData name="length_m">19.9</SimpleData>
	</SchemaData></ExtendedData>
      <LineString><coordinates>79.0826915348831,14.2635806703169 79.0826407499307,14.26340756671</coordinates></LineString>
  </Placemark>
  <Placemark id="damage_d3d_roads.1090">
	<Style><LineStyle><color>ff0000ff</color></LineStyle><PolyStyle><fill>0</fill></PolyStyle></Style>
	<ExtendedData><SchemaData schemaUrl="#damage_d3d_roads">
		<SimpleData name="osm_id">498602339</SimpleData>
		<SimpleData name="type">secondary</SimpleData>
		<SimpleData name="depth_cls">&gt;1.5 m</SimpleData>
		<SimpleData name="max_depth">3.36</SimpleData>
		<SimpleData name="length_m">298.9</SimpleData>
	</SchemaData></ExtendedData>
      <LineString><coordinates>79.0825977164667,14.2630502515077 79.0825871799967,14.2628706811345 79.0826271271773,14.2626996993097 79.0827062967488,14.2625370462437 79.0827854661947,14.2623743931352 79.0828646355151,14.262211739984 79.0829188936012,14.2620411571402 79.0829533465877,14.261864269986 79.0829737582032,14.2616871851611 79.0829445538756,14.2615094018966 79.0829153495759,14.2613316186318 79.0828861453043,14.2611538353667 79.0828569410605,14.2609760521012 79.0828277368447,14.2607982688353 79.082795091628,14.2606210693824 79.0827610250964,14.2604441110784</coordinates></LineString>
  </Placemark>
  <Placemark id="damage_d3d_roads.1091">
	<Style><LineStyle><color>ff0000ff</color></LineStyle><PolyStyle><fill>0</fill></PolyStyle></Style>
	<ExtendedData><SchemaData schemaUrl="#damage_d3d_roads">
		<SimpleData name="osm_id">498602339</SimpleData>
		<SimpleData name="type">secondary</SimpleData>
		<SimpleData name="depth_cls">0.5-1.5 m</SimpleData>
		<SimpleData name="max_depth">1.32</SimpleData>
		<SimpleData name="length_m">19.9</SimpleData>
	</SchemaData></ExtendedData>
      <LineString><coordinates>79.0827610250964,14.2604441110784 79.0827269586004,14.2602671527737</coordinates></LineString>
  </Placemark>
  <Placemark id="damage_d3d_roads.1092">
	<Style><LineStyle><color>ff0000ff</color></LineStyle><PolyStyle><fill>0</fill></PolyStyle></Style>
	<ExtendedData><SchemaData schemaUrl="#damage_d3d_roads">
		<SimpleData name="osm_id">498602339</SimpleData>
		<SimpleData name="type">secondary</SimpleData>
		<SimpleData name="depth_cls">&gt;1.5 m</SimpleData>
		<SimpleData name="max_depth">2.99</SimpleData>
		<SimpleData name="length_m">239.1</SimpleData>
	</SchemaData></ExtendedData>
      <LineString><coordinates>79.0827269586004,14.2602671527737 79.0827014737391,14.2600891229214 79.0826887340778,14.2599095016321 79.0826759944181,14.2597298803421 79.0826632547599,14.2595502590514 79.0826486787716,14.2593707763539 79.0826329340409,14.2591913818651 79.0826171893166,14.2590119873759 79.082554240582,14.2588435785801 79.08246528064,14.2586866668826 79.0823651642204,14.2585353944354 79.0821973062968,14.2584873563132 79.0820142373433,14.2584677477621</coordinates></LineString>
  </Placemark>
  <Placemark id="damage_d3d_roads.1093">
	<Style><LineStyle><color>ff0000ff</color></LineStyle><PolyStyle><fill>0</fill></PolyStyle></Style>
	<ExtendedData><SchemaData schemaUrl="#damage_d3d_roads">
		<SimpleData name="osm_id">498602339</SimpleData>
		<SimpleData name="type">secondary</SimpleData>
		<SimpleData name="depth_cls">0.5-1.5 m</SimpleData>
		<SimpleData name="max_depth">1.5</SimpleData>
		<SimpleData name="length_m">39.8</SimpleData>
	</SchemaData></ExtendedData>
      <LineString><coordinates>79.0820142373433,14.2584677477621 79.081829775876,14.2584748377939 79.0816462957914,14.2584642694254</coordinates></LineString>
  </Placemark>
  <Placemark id="damage_d3d_roads.1094">
	<Style><LineStyle><color>ff0000ff</color></LineStyle><PolyStyle><fill>0</fill></PolyStyle></Style>
	<ExtendedData><SchemaData schemaUrl="#damage_d3d_roads">
		<SimpleData name="osm_id">498602339</SimpleData>
		<SimpleData name="type">secondary</SimpleData>
		<SimpleData name="depth_cls">&gt;1.5 m</SimpleData>
		<SimpleData name="max_depth">2.49</SimpleData>
		<SimpleData name="length_m">39.8</SimpleData>
	</SchemaData></ExtendedData>
      <LineString><coordinates>79.0816462957914,14.2584642694254 79.0814765153598,14.2584052086671 79.0813192287845,14.2583111377561</coordinates></LineString>
  </Placemark>
  <Placemark id="damage_d3d_roads.1095">
	<Style><LineStyle><color>ff0000ff</color></LineStyle><PolyStyle><fill>0</fill></PolyStyle></Style>
	<ExtendedData><SchemaData schemaUrl="#damage_d3d_roads">
		<SimpleData name="osm_id">498602339</SimpleData>
		<SimpleData name="type">secondary</SimpleData>
		<SimpleData name="depth_cls">0.1-0.5 m</SimpleData>
		<SimpleData name="max_depth">0.17</SimpleData>
		<SimpleData name="length_m">19.9</SimpleData>
	</SchemaData></ExtendedData>
      <LineString><coordinates>79.079082370886,14.2576323319318 79.0789054749653,14.2575808481609</coordinates></LineString>
  </Placemark>
  <Placemark id="damage_d3d_roads.1096">
	<Style><LineStyle><color>ff0000ff</color></LineStyle><PolyStyle><fill>0</fill></PolyStyle></Style>
	<ExtendedData><SchemaData schemaUrl="#damage_d3d_roads">
		<SimpleData name="osm_id">498602339</SimpleData>
		<SimpleData name="type">secondary</SimpleData>
		<SimpleData name="depth_cls">&gt;1.5 m</SimpleData>
		<SimpleData name="max_depth">1.75</SimpleData>
		<SimpleData name="length_m">39.8</SimpleData>
	</SchemaData></ExtendedData>
      <LineString><coordinates>79.0789054749653,14.2575808481609 79.0787285791408,14.2575293642685 79.0785515871925,14.2574783158635</coordinates></LineString>
  </Placemark>
  <Placemark id="damage_d3d_roads.1097">
	<Style><LineStyle><color>ff0000ff</color></LineStyle><PolyStyle><fill>0</fill></PolyStyle></Style>
	<ExtendedData><SchemaData schemaUrl="#damage_d3d_roads">
		<SimpleData name="osm_id">498602339</SimpleData>
		<SimpleData name="type">secondary</SimpleData>
		<SimpleData name="depth_cls">0.5-1.5 m</SimpleData>
		<SimpleData name="max_depth">1.18</SimpleData>
		<SimpleData name="length_m">19.9</SimpleData>
	</SchemaData></ExtendedData>
      <LineString><coordinates>79.0785515871925,14.2574783158635 79.0783686484578,14.2574541901153</coordinates></LineString>
  </Placemark>
  <Placemark id="damage_d3d_roads.1098">
	<Style><LineStyle><color>ff0000ff</color></LineStyle><PolyStyle><fill>0</fill></PolyStyle></Style>
	<ExtendedData><SchemaData schemaUrl="#damage_d3d_roads">
		<SimpleData name="osm_id">498602339</SimpleData>
		<SimpleData name="type">secondary</SimpleData>
		<SimpleData name="depth_cls">0.1-0.5 m</SimpleData>
		<SimpleData name="max_depth">0.34</SimpleData>
		<SimpleData name="length_m">39.8</SimpleData>
	</SchemaData></ExtendedData>
      <LineString><coordinates>79.0783686484578,14.2574541901153 79.0781857097803,14.2574300642316 79.0780100397388,14.257376124758</coordinates></LineString>
  </Placemark>
  <Placemark id="damage_d3d_roads.1099">
	<Style><LineStyle><color>ff0000ff</color></LineStyle><PolyStyle><fill>0</fill></PolyStyle></Style>
	<ExtendedData><SchemaData schemaUrl="#damage_d3d_roads">
		<SimpleData name="osm_id">498602339</SimpleData>
		<SimpleData name="type">secondary</SimpleData>
		<SimpleData name="depth_cls">0.5-1.5 m</SimpleData>
		<SimpleData name="max_depth">1.26</SimpleData>
		<SimpleData name="length_m">59.8</SimpleData>
	</SchemaData></ExtendedData>
      <LineString><coordinates>79.0769147215624,14.2572987116507 79.0767310527187,14.2573168037979 79.0765485456148,14.2573427961254 79.0763670670111,14.2573757828233</coordinates></LineString>
  </Placemark>
  <Placemark id="damage_d3d_roads.1100">
	<Style><LineStyle><color>ff0000ff</color></LineStyle><PolyStyle><fill>0</fill></PolyStyle></Style>
	<ExtendedData><SchemaData schemaUrl="#damage_d3d_roads">
		<SimpleData name="osm_id">498602339</SimpleData>
		<SimpleData name="type">secondary</SimpleData>
		<SimpleData name="depth_cls">0.1-0.5 m</SimpleData>
		<SimpleData name="max_depth">0.39</SimpleData>
		<SimpleData name="length_m">19.9</SimpleData>
	</SchemaData></ExtendedData>
      <LineString><coordinates>79.0763670670111,14.2573757828233 79.0761857624627,14.2574096107315</coordinates></LineString>
  </Placemark>
  <Placemark id="damage_d3d_roads.1101">
	<Style><LineStyle><color>ff0000ff</color></LineStyle><PolyStyle><fill>0</fill></PolyStyle></Style>
	<ExtendedData><SchemaData schemaUrl="#damage_d3d_roads">
		<SimpleData name="osm_id">498602339</SimpleData>
		<SimpleData name="type">secondary</SimpleData>
		<SimpleData name="depth_cls">0.5-1.5 m</SimpleData>
		<SimpleData name="max_depth">0.73</SimpleData>
		<SimpleData name="length_m">39.8</SimpleData>
	</SchemaData></ExtendedData>
      <LineString><coordinates>79.0761857624627,14.2574096107315 79.0760053535667,14.2574477732931 79.0758249478645,14.2574859502673</coordinates></LineString>
  </Placemark>
  <Placemark id="damage_d3d_roads.1102">
	<Style><LineStyle><color>ff0000ff</color></LineStyle><PolyStyle><fill>0</fill></PolyStyle></Style>
	<ExtendedData><SchemaData schemaUrl="#damage_d3d_roads">
		<SimpleData name="osm_id">498602339</SimpleData>
		<SimpleData name="type">secondary</SimpleData>
		<SimpleData name="depth_cls">0.1-0.5 m</SimpleData>
		<SimpleData name="max_depth">0.43</SimpleData>
		<SimpleData name="length_m">39.8</SimpleData>
	</SchemaData></ExtendedData>
      <LineString><coordinates>79.0755049606773,14.2580121686334 79.0755245295749,14.2581912040091 79.0755334127336,14.2583676376106</coordinates></LineString>
  </Placemark>
  <Placemark id="damage_d3d_roads.1103">
	<Style><LineStyle><color>ff0000ff</color></LineStyle><PolyStyle><fill>0</fill></PolyStyle></Style>
	<ExtendedData><SchemaData schemaUrl="#damage_d3d_roads">
		<SimpleData name="osm_id">498602339</SimpleData>
		<SimpleData name="type">secondary</SimpleData>
		<SimpleData name="depth_cls">0.1-0.5 m</SimpleData>
		<SimpleData name="max_depth">0.13</SimpleData>
		<SimpleData name="length_m">19.9</SimpleData>
	</SchemaData></ExtendedData>
      <LineString><coordinates>79.0752285855769,14.2585124308677 79.0750537445083,14.2585549409662</coordinates></LineString>
  </Placemark>
  <Placemark id="damage_d3d_roads.1104">
	<Style><LineStyle><color>ff0000ff</color></LineStyle><PolyStyle><fill>0</fill></PolyStyle></Style>
	<ExtendedData><SchemaData schemaUrl="#damage_d3d_roads">
		<SimpleData name="osm_id">498602339</SimpleData>
		<SimpleData name="type">secondary</SimpleData>
		<SimpleData name="depth_cls">0.5-1.5 m</SimpleData>
		<SimpleData name="max_depth">1.31</SimpleData>
		<SimpleData name="length_m">19.9</SimpleData>
	</SchemaData></ExtendedData>
      <LineString><coordinates>79.0750537445083,14.2585549409662 79.0749487,14.2586947</coordinates></LineString>
  </Placemark>
  <Placemark id="damage_d3d_roads.1105">
	<Style><LineStyle><color>ff0000ff</color></LineStyle><PolyStyle><fill>0</fill></PolyStyle></Style>
	<ExtendedData><SchemaData schemaUrl="#damage_d3d_roads">
		<SimpleData name="osm_id">1259303944</SimpleData>
		<SimpleData name="type">residential</SimpleData>
		<SimpleData name="depth_cls">0.5-1.5 m</SimpleData>
		<SimpleData name="max_depth">1.43</SimpleData>
		<SimpleData name="length_m">116.7</SimpleData>
	</SchemaData></ExtendedData>
      <LineString><coordinates>79.0895729,14.2675497 79.089745709506,14.2674997876882 79.0899185189509,14.2674498752413 79.0900913283347,14.2673999626592 79.0902641376572,14.2673500499421 79.0904369469186,14.2673001370899 79.0906097561187,14.2672502241026</coordinates></LineString>
  </Placemark>
  <Placemark id="damage_d3d_roads.1106">
	<Style><LineStyle><color>ff0000ff</color></LineStyle><PolyStyle><fill>0</fill></PolyStyle></Style>
	<ExtendedData><SchemaData schemaUrl="#damage_d3d_roads">
		<SimpleData name="osm_id">1259303944</SimpleData>
		<SimpleData name="type">residential</SimpleData>
		<SimpleData name="depth_cls">&gt;1.5 m</SimpleData>
		<SimpleData name="max_depth">1.82</SimpleData>
		<SimpleData name="length_m">19.5</SimpleData>
	</SchemaData></ExtendedData>
      <LineString><coordinates>79.0906097561187,14.2672502241026 79.0907825652577,14.2672003109802</coordinates></LineString>
  </Placemark>
  <Placemark id="damage_d3d_roads.1107">
	<Style><LineStyle><color>ff0000ff</color></LineStyle><PolyStyle><fill>0</fill></PolyStyle></Style>
	<ExtendedData><SchemaData schemaUrl="#damage_d3d_roads">
		<SimpleData name="osm_id">1259303944</SimpleData>
		<SimpleData name="type">residential</SimpleData>
		<SimpleData name="depth_cls">0.1-0.5 m</SimpleData>
		<SimpleData name="max_depth">0.34</SimpleData>
		<SimpleData name="length_m">19.5</SimpleData>
	</SchemaData></ExtendedData>
      <LineString><coordinates>79.0910602348739,14.2672426476271 79.0911321523008,14.2674038219374</coordinates></LineString>
  </Placemark>
  <Placemark id="damage_d3d_roads.1108">
	<Style><LineStyle><color>ff0000ff</color></LineStyle><PolyStyle><fill>0</fill></PolyStyle></Style>
	<ExtendedData><SchemaData schemaUrl="#damage_d3d_roads">
		<SimpleData name="osm_id">1259303944</SimpleData>
		<SimpleData name="type">residential</SimpleData>
		<SimpleData name="depth_cls">0.5-1.5 m</SimpleData>
		<SimpleData name="max_depth">0.65</SimpleData>
		<SimpleData name="length_m">38.9</SimpleData>
	</SchemaData></ExtendedData>
      <LineString><coordinates>79.0911321523008,14.2674038219374 79.091225162843,14.2675023266568 79.0913810301846,14.2674140770756</coordinates></LineString>
  </Placemark>
  <Placemark id="damage_d3d_roads.1109">
	<Style><LineStyle><color>ff0000ff</color></LineStyle><PolyStyle><fill>0</fill></PolyStyle></Style>
	<ExtendedData><SchemaData schemaUrl="#damage_d3d_roads">
		<SimpleData name="osm_id">1259303944</SimpleData>
		<SimpleData name="type">residential</SimpleData>
		<SimpleData name="depth_cls">0.1-0.5 m</SimpleData>
		<SimpleData name="max_depth">0.34</SimpleData>
		<SimpleData name="length_m">38.9</SimpleData>
	</SchemaData></ExtendedData>
      <LineString><coordinates>79.0913810301846,14.2674140770756 79.0915368974135,14.2673258273766 79.0916927645299,14.2672375775598</coordinates></LineString>
  </Placemark>
  <Placemark id="damage_d3d_roads.1110">
	<Style><LineStyle><color>ff0000ff</color></LineStyle><PolyStyle><fill>0</fill></PolyStyle></Style>
	<ExtendedData><SchemaData schemaUrl="#damage_d3d_roads">
		<SimpleData name="osm_id">1450623126</SimpleData>
		<SimpleData name="type">unclassified</SimpleData>
		<SimpleData name="depth_cls">0.5-1.5 m</SimpleData>
		<SimpleData name="max_depth">1.41</SimpleData>
		<SimpleData name="length_m">39.9</SimpleData>
	</SchemaData></ExtendedData>
      <LineString><coordinates>79.0900999,14.2676988 79.0901080566752,14.2678789687482 79.0901162133447,14.2680591374952</coordinates></LineString>
  </Placemark>
  <Placemark id="damage_d3d_roads.1111">
	<Style><LineStyle><color>ff0000ff</color></LineStyle><PolyStyle><fill>0</fill></PolyStyle></Style>
	<ExtendedData><SchemaData schemaUrl="#damage_d3d_roads">
		<SimpleData name="osm_id">1450623126</SimpleData>
		<SimpleData name="type">unclassified</SimpleData>
		<SimpleData name="depth_cls">&gt;1.5 m</SimpleData>
		<SimpleData name="max_depth">1.69</SimpleData>
		<SimpleData name="length_m">59.9</SimpleData>
	</SchemaData></ExtendedData>
      <LineString><coordinates>79.0901162133447,14.2680591374952 79.0901243700083,14.2682393062409 79.090094206267,14.2684035630478 79.0899553880511,14.2685227027834</coordinates></LineString>
  </Placemark>
  <Placemark id="damage_d3d_roads.1112">
	<Style><LineStyle><color>ff0000ff</color></LineStyle><PolyStyle><fill>0</fill></PolyStyle></Style>
	<ExtendedData><SchemaData schemaUrl="#damage_d3d_roads">
		<SimpleData name="osm_id">1450623126</SimpleData>
		<SimpleData name="type">unclassified</SimpleData>
		<SimpleData name="depth_cls">0.5-1.5 m</SimpleData>
		<SimpleData name="max_depth">1.1</SimpleData>
		<SimpleData name="length_m">20</SimpleData>
	</SchemaData></ExtendedData>
      <LineString><coordinates>79.0899553880511,14.2685227027834 79.0899294556324,14.2686812977438</coordinates></LineString>
  </Placemark>
  <Placemark id="damage_d3d_roads.1113">
	<Style><LineStyle><color>ff0000ff</color></LineStyle><PolyStyle><fill>0</fill></PolyStyle></Style>
	<ExtendedData><SchemaData schemaUrl="#damage_d3d_roads">
		<SimpleData name="osm_id">1450623126</SimpleData>
		<SimpleData name="type">unclassified</SimpleData>
		<SimpleData name="depth_cls">&gt;1.5 m</SimpleData>
		<SimpleData name="max_depth">2.03</SimpleData>
		<SimpleData name="length_m">139.7</SimpleData>
	</SchemaData></ExtendedData>
      <LineString><coordinates>79.0899294556324,14.2686812977438 79.089959083923,14.2688593119863 79.0899887122423,14.2690373262284 79.0900183405904,14.2692153404702 79.0900479689672,14.2693933547115 79.0900676950979,14.2695721775668 79.0900688318933,14.2697525184153 79.0900699686718,14.2699328592614</coordinates></LineString>
  </Placemark>
  <Placemark id="damage_d3d_roads.1114">
	<Style><LineStyle><color>ff0000ff</color></LineStyle><PolyStyle><fill>0</fill></PolyStyle></Style>
	<ExtendedData><SchemaData schemaUrl="#damage_d3d_roads">
		<SimpleData name="osm_id">1450623126</SimpleData>
		<SimpleData name="type">unclassified</SimpleData>
		<SimpleData name="depth_cls">0.5-1.5 m</SimpleData>
		<SimpleData name="max_depth">1.34</SimpleData>
		<SimpleData name="length_m">39.9</SimpleData>
	</SchemaData></ExtendedData>
      <LineString><coordinates>79.0900699686718,14.2699328592614 79.0900711054332,14.2701132001051 79.0900722421776,14.2702935409465</coordinates></LineString>
  </Placemark>
  <Placemark id="damage_d3d_roads.1115">
	<Style><LineStyle><color>ff0000ff</color></LineStyle><PolyStyle><fill>0</fill></PolyStyle></Style>
	<ExtendedData><SchemaData schemaUrl="#damage_d3d_roads">
		<SimpleData name="osm_id">1450623126</SimpleData>
		<SimpleData name="type">unclassified</SimpleData>
		<SimpleData name="depth_cls">&gt;1.5 m</SimpleData>
		<SimpleData name="max_depth">2.14</SimpleData>
		<SimpleData name="length_m">119.7</SimpleData>
	</SchemaData></ExtendedData>
      <LineString><coordinates>79.0900722421776,14.2702935409465 79.0900733789051,14.2704738817856 79.0900745156155,14.2706542226223 79.090075652309,14.2708345634566 79.0900767889854,14.2710149042886 79.0900779256449,14.2711952451182 79.0900790622873,14.2713755859455</coordinates></LineString>
  </Placemark>
  <Placemark id="damage_d3d_roads.1116">
	<Style><LineStyle><color>ff0000ff</color></LineStyle><PolyStyle><fill>0</fill></PolyStyle></Style>
	<ExtendedData><SchemaData schemaUrl="#damage_d3d_roads">
		<SimpleData name="osm_id">1450623126</SimpleData>
		<SimpleData name="type">unclassified</SimpleData>
		<SimpleData name="depth_cls">0.5-1.5 m</SimpleData>
		<SimpleData name="max_depth">1.05</SimpleData>
		<SimpleData name="length_m">59.9</SimpleData>
	</SchemaData></ExtendedData>
      <LineString><coordinates>79.0900790622873,14.2713755859455 79.090034777641,14.271526186184 79.0898631993114,14.2715934380099 79.089782526525,14.2717198594299</coordinates></LineString>
  </Placemark>
  <Placemark id="damage_d3d_roads.1117">
	<Style><LineStyle><color>ff0000ff</color></LineStyle><PolyStyle><fill>0</fill></PolyStyle></Style>
	<ExtendedData><SchemaData schemaUrl="#damage_d3d_roads">
		<SimpleData name="osm_id">1450623126</SimpleData>
		<SimpleData name="type">unclassified</SimpleData>
		<SimpleData name="depth_cls">0.5-1.5 m</SimpleData>
		<SimpleData name="max_depth">0.58</SimpleData>
		<SimpleData name="length_m">39.9</SimpleData>
	</SchemaData></ExtendedData>
      <LineString><coordinates>79.0897846794352,14.2719001914042 79.08978683233,14.2720805233764 79.0897889852095,14.2722608553464</coordinates></LineString>
  </Placemark>
  <Placemark id="damage_d3d_roads.1118">
	<Style><LineStyle><color>ff0000ff</color></LineStyle><PolyStyle><fill>0</fill></PolyStyle></Style>
	<ExtendedData><SchemaData schemaUrl="#damage_d3d_roads">
		<SimpleData name="osm_id">1450623126</SimpleData>
		<SimpleData name="type">unclassified</SimpleData>
		<SimpleData name="depth_cls">0.1-0.5 m</SimpleData>
		<SimpleData name="max_depth">0.38</SimpleData>
		<SimpleData name="length_m">20</SimpleData>
	</SchemaData></ExtendedData>
      <LineString><coordinates>79.0897889852095,14.2722608553464 79.0897911380735,14.2724411873142</coordinates></LineString>
  </Placemark>
  <Placemark id="damage_d3d_roads.1119">
	<name>Madras Road</name>
	<Style><LineStyle><color>ff0000ff</color></LineStyle><PolyStyle><fill>0</fill></PolyStyle></Style>
	<ExtendedData><SchemaData schemaUrl="#damage_d3d_roads">
		<SimpleData name="osm_id">1285069700</SimpleData>
		<SimpleData name="type">trunk</SimpleData>
		<SimpleData name="depth_cls">0.5-1.5 m</SimpleData>
		<SimpleData name="max_depth">1.45</SimpleData>
		<SimpleData name="length_m">19.9</SimpleData>
	</SchemaData></ExtendedData>
      <LineString><coordinates>79.1122701,14.2631743 79.1122127431268,14.2633456847289</coordinates></LineString>
  </Placemark>
  <Placemark id="damage_d3d_roads.1120">
	<name>Madras Road</name>
	<Style><LineStyle><color>ff0000ff</color></LineStyle><PolyStyle><fill>0</fill></PolyStyle></Style>
	<ExtendedData><SchemaData schemaUrl="#damage_d3d_roads">
		<SimpleData name="osm_id">1285069700</SimpleData>
		<SimpleData name="type">trunk</SimpleData>
		<SimpleData name="depth_cls">0.5-1.5 m</SimpleData>
		<SimpleData name="max_depth">0.97</SimpleData>
		<SimpleData name="length_m">19.9</SimpleData>
	</SchemaData></ExtendedData>
      <LineString><coordinates>79.1120976676629,14.2636883385591 79.1120398663199,14.2638595812035</coordinates></LineString>
  </Placemark>
  <Placemark id="damage_d3d_roads.1121">
	<name>Madras Road</name>
	<Style><LineStyle><color>ff0000ff</color></LineStyle><PolyStyle><fill>0</fill></PolyStyle></Style>
	<ExtendedData><SchemaData schemaUrl="#damage_d3d_roads">
		<SimpleData name="osm_id">1285069700</SimpleData>
		<SimpleData name="type">trunk</SimpleData>
		<SimpleData name="depth_cls">&gt;1.5 m</SimpleData>
		<SimpleData name="max_depth">1.85</SimpleData>
		<SimpleData name="length_m">39.9</SimpleData>
	</SchemaData></ExtendedData>
      <LineString><coordinates>79.1120398663199,14.2638595812035 79.1119820648745,14.2640308238208 79.1119242633268,14.2642020664109</coordinates></LineString>
  </Placemark>
  <Placemark id="damage_d3d_roads.1122">
	<name>Madras Road</name>
	<Style><LineStyle><color>ff0000ff</color></LineStyle><PolyStyle><fill>0</fill></PolyStyle></Style>
	<ExtendedData><SchemaData schemaUrl="#damage_d3d_roads">
		<SimpleData name="osm_id">1285069700</SimpleData>
		<SimpleData name="type">trunk</SimpleData>
		<SimpleData name="depth_cls">0.1-0.5 m</SimpleData>
		<SimpleData name="max_depth">0.24</SimpleData>
		<SimpleData name="length_m">19.9</SimpleData>
	</SchemaData></ExtendedData>
      <LineString><coordinates>79.1119242633268,14.2642020664109 79.1118664616768,14.2643733089739</coordinates></LineString>
  </Placemark>
  <Placemark id="damage_d3d_roads.1123">
	<name>Madras Road</name>
	<Style><LineStyle><color>ff0000ff</color></LineStyle><PolyStyle><fill>0</fill></PolyStyle></Style>
	<ExtendedData><SchemaData schemaUrl="#damage_d3d_roads">
		<SimpleData name="osm_id">1285069700</SimpleData>
		<SimpleData name="type">trunk</SimpleData>
		<SimpleData name="depth_cls">&gt;1.5 m</SimpleData>
		<SimpleData name="max_depth">2.85</SimpleData>
		<SimpleData name="length_m">59.8</SimpleData>
	</SchemaData></ExtendedData>
      <LineString><coordinates>79.1118664616768,14.2643733089739 79.1118086599244,14.2645445515098 79.1117508580697,14.2647157940186 79.1116930561127,14.2648870365003</coordinates></LineString>
  </Placemark>
  <Placemark id="damage_d3d_roads.1124">
	<name>Madras Road</name>
	<Style><LineStyle><color>ff0000ff</color></LineStyle><PolyStyle><fill>0</fill></PolyStyle></Style>
	<ExtendedData><SchemaData schemaUrl="#damage_d3d_roads">
		<SimpleData name="osm_id">1285069700</SimpleData>
		<SimpleData name="type">trunk</SimpleData>
		<SimpleData name="depth_cls">0.5-1.5 m</SimpleData>
		<SimpleData name="max_depth">1.45</SimpleData>
		<SimpleData name="length_m">19.9</SimpleData>
	</SchemaData></ExtendedData>
      <LineString><coordinates>79.1116930561127,14.2648870365003 79.1116352540534,14.2650582789549</coordinates></LineString>
  </Placemark>
  <Placemark id="damage_d3d_roads.1125">
	<name>Madras Road</name>
	<Style><LineStyle><color>ff0000ff</color></LineStyle><PolyStyle><fill>0</fill></PolyStyle></Style>
	<ExtendedData><SchemaData schemaUrl="#damage_d3d_roads">
		<SimpleData name="osm_id">1285069700</SimpleData>
		<SimpleData name="type">trunk</SimpleData>
		<SimpleData name="depth_cls">&gt;1.5 m</SimpleData>
		<SimpleData name="max_depth">3.09</SimpleData>
		<SimpleData name="length_m">339.1</SimpleData>
	</SchemaData></ExtendedData>
      <LineString><coordinates>79.1116352540534,14.2650582789549 79.1115812024588,14.2652306683874 79.1115284013628,14.2654034402547 79.1114756001707,14.2655762120981 79.1114227988825,14.2657489839175 79.1113940568597,14.2659265896575 79.111372543339,14.2661056477306 79.1113510297662,14.266284705795 79.1113308191186,14.2664638838373 79.1113175894216,14.2666437047273 79.1113047909153,14.2668235366562 79.1113083252465,14.2670037869038 79.1113118595647,14.2671840371495 79.1113158773899,14.2673642550403 79.1113376167169,14.2675432871597 79.1113593560603,14.2677223192787 79.1113873845966,14.2679003730071 79.1114238325989,14.2680771169461</coordinates></LineString>
  </Placemark>
  <Placemark id="damage_d3d_roads.1126">
	<name>Madras Road</name>
	<Style><LineStyle><color>ff0000ff</color></LineStyle><PolyStyle><fill>0</fill></PolyStyle></Style>
	<ExtendedData><SchemaData schemaUrl="#damage_d3d_roads">
		<SimpleData name="osm_id">1285069700</SimpleData>
		<SimpleData name="type">trunk</SimpleData>
		<SimpleData name="depth_cls">0.5-1.5 m</SimpleData>
		<SimpleData name="max_depth">1.47</SimpleData>
		<SimpleData name="length_m">19.9</SimpleData>
	</SchemaData></ExtendedData>
      <LineString><coordinates>79.1114238325989,14.2680771169461 79.1114605163855,14.2682537935543</coordinates></LineString>
  </Placemark>
  <Placemark id="damage_d3d_roads.1127">
	<name>Madras Road</name>
	<Style><LineStyle><color>ff0000ff</color></LineStyle><PolyStyle><fill>0</fill></PolyStyle></Style>
	<ExtendedData><SchemaData schemaUrl="#damage_d3d_roads">
		<SimpleData name="osm_id">1285069700</SimpleData>
		<SimpleData name="type">trunk</SimpleData>
		<SimpleData name="depth_cls">&gt;1.5 m</SimpleData>
		<SimpleData name="max_depth">1.75</SimpleData>
		<SimpleData name="length_m">59.8</SimpleData>
	</SchemaData></ExtendedData>
      <LineString><coordinates>79.1114605163855,14.2682537935543 79.1115275816655,14.2684217930806 79.1115946470314,14.268589792598 79.111661712483,14.2687577921066</coordinates></LineString>
  </Placemark>
  <Placemark id="damage_d3d_roads.1128">
	<name>Madras Road</name>
	<Style><LineStyle><color>ff0000ff</color></LineStyle><PolyStyle><fill>0</fill></PolyStyle></Style>
	<ExtendedData><SchemaData schemaUrl="#damage_d3d_roads">
		<SimpleData name="osm_id">1285069700</SimpleData>
		<SimpleData name="type">trunk</SimpleData>
		<SimpleData name="depth_cls">0.5-1.5 m</SimpleData>
		<SimpleData name="max_depth">1.46</SimpleData>
		<SimpleData name="length_m">59.8</SimpleData>
	</SchemaData></ExtendedData>
      <LineString><coordinates>79.111661712483,14.2687577921066 79.1117436949101,14.2689188037954 79.1118362305161,14.2690748718848 79.1119287662403,14.2692309399519</coordinates></LineString>
  </Placemark>
  <Placemark id="damage_d3d_roads.1129">
	<name>Madras Road</name>
	<Style><LineStyle><color>ff0000ff</color></LineStyle><PolyStyle><fill>0</fill></PolyStyle></Style>
	<ExtendedData><SchemaData schemaUrl="#damage_d3d_roads">
		<SimpleData name="osm_id">1285069700</SimpleData>
		<SimpleData name="type">trunk</SimpleData>
		<SimpleData name="depth_cls">0.5-1.5 m</SimpleData>
		<SimpleData name="max_depth">1.43</SimpleData>
		<SimpleData name="length_m">39.9</SimpleData>
	</SchemaData></ExtendedData>
      <LineString><coordinates>79.1120212919853,14.2693870136891 79.112113507581,14.2695432618415 79.1122055993435,14.2696995796224</coordinates></LineString>
  </Placemark>
  <Placemark id="damage_d3d_roads.1130">
	<name>Madras Road</name>
	<Style><LineStyle><color>ff0000ff</color></LineStyle><PolyStyle><fill>0</fill></PolyStyle></Style>
	<ExtendedData><SchemaData schemaUrl="#damage_d3d_roads">
		<SimpleData name="osm_id">1285069700</SimpleData>
		<SimpleData name="type">trunk</SimpleData>
		<SimpleData name="depth_cls">0.1-0.5 m</SimpleData>
		<SimpleData name="max_depth">0.22</SimpleData>
		<SimpleData name="length_m">19.9</SimpleData>
	</SchemaData></ExtendedData>
      <LineString><coordinates>79.1125739675713,14.270324850527 79.1126660599227,14.2704811681984</coordinates></LineString>
  </Placemark>
  <Placemark id="damage_d3d_roads.1131">
	<name>Madras Road</name>
	<Style><LineStyle><color>ff0000ff</color></LineStyle><PolyStyle><fill>0</fill></PolyStyle></Style>
	<ExtendedData><SchemaData schemaUrl="#damage_d3d_roads">
		<SimpleData name="osm_id">1285069700</SimpleData>
		<SimpleData name="type">trunk</SimpleData>
		<SimpleData name="depth_cls">0.5-1.5 m</SimpleData>
		<SimpleData name="max_depth">1.47</SimpleData>
		<SimpleData name="length_m">39.9</SimpleData>
	</SchemaData></ExtendedData>
      <LineString><coordinates>79.1126660599227,14.2704811681984 79.1127581523918,14.2706374858479 79.1128502449788,14.2707938034755</coordinates></LineString>
  </Placemark>
  <Placemark id="damage_d3d_roads.1132">
	<name>Madras Road</name>
	<Style><LineStyle><color>ff0000ff</color></LineStyle><PolyStyle><fill>0</fill></PolyStyle></Style>
	<ExtendedData><SchemaData schemaUrl="#damage_d3d_roads">
		<SimpleData name="osm_id">1285069700</SimpleData>
		<SimpleData name="type">trunk</SimpleData>
		<SimpleData name="depth_cls">&gt;1.5 m</SimpleData>
		<SimpleData name="max_depth">2.33</SimpleData>
		<SimpleData name="length_m">59.8</SimpleData>
	</SchemaData></ExtendedData>
      <LineString><coordinates>79.1130344305061,14.271106438665 79.1131270608366,14.2712624517116 79.1132206993217,14.2714178935266 79.1133143379263,14.2715733353186</coordinates></LineString>
  </Placemark>
  <Placemark id="damage_d3d_roads.1133">
	<name>Madras Road</name>
	<Style><LineStyle><color>ff0000ff</color></LineStyle><PolyStyle><fill>0</fill></PolyStyle></Style>
	<ExtendedData><SchemaData schemaUrl="#damage_d3d_roads">
		<SimpleData name="osm_id">1285069700</SimpleData>
		<SimpleData name="type">trunk</SimpleData>
		<SimpleData name="depth_cls">0.5-1.5 m</SimpleData>
		<SimpleData name="max_depth">1.46</SimpleData>
		<SimpleData name="length_m">59.8</SimpleData>
	</SchemaData></ExtendedData>
      <LineString><coordinates>79.1133143379263,14.2715733353186 79.1134079766505,14.2717287770877 79.1135016154942,14.2718842188339 79.1135952544574,14.2720396605571</coordinates></LineString>
  </Placemark>
  <Placemark id="damage_d3d_roads.1134">
	<name>Madras Road</name>
	<Style><LineStyle><color>ff0000ff</color></LineStyle><PolyStyle><fill>0</fill></PolyStyle></Style>
	<ExtendedData><SchemaData schemaUrl="#damage_d3d_roads">
		<SimpleData name="osm_id">1285069700</SimpleData>
		<SimpleData name="type">trunk</SimpleData>
		<SimpleData name="depth_cls">&gt;1.5 m</SimpleData>
		<SimpleData name="max_depth">2.31</SimpleData>
		<SimpleData name="length_m">59.8</SimpleData>
	</SchemaData></ExtendedData>
      <LineString><coordinates>79.1135952544574,14.2720396605571 79.1136888935401,14.2721951022574 79.1137825327423,14.2723505439348 79.1138761720641,14.2725059855892</coordinates></LineString>
  </Placemark>
  <Placemark id="damage_d3d_roads.1135">
	<name>Madras Road</name>
	<Style><LineStyle><color>ff0000ff</color></LineStyle><PolyStyle><fill>0</fill></PolyStyle></Style>
	<ExtendedData><SchemaData schemaUrl="#damage_d3d_roads">
		<SimpleData name="osm_id">1285069700</SimpleData>
		<SimpleData name="type">trunk</SimpleData>
		<SimpleData name="depth_cls">0.5-1.5 m</SimpleData>
		<SimpleData name="max_depth">1.29</SimpleData>
		<SimpleData name="length_m">39.9</SimpleData>
	</SchemaData></ExtendedData>
      <LineString><coordinates>79.1138761720641,14.2725059855892 79.1139698115054,14.2726614272207 79.1140634510663,14.2728168688293</coordinates></LineString>
  </Placemark>
  <Placemark id="damage_d3d_roads.1136">
	<name>Madras Road</name>
	<Style><LineStyle><color>ff0000ff</color></LineStyle><PolyStyle><fill>0</fill></PolyStyle></Style>
	<ExtendedData><SchemaData schemaUrl="#damage_d3d_roads">
		<SimpleData name="osm_id">1285069700</SimpleData>
		<SimpleData name="type">trunk</SimpleData>
		<SimpleData name="depth_cls">0.5-1.5 m</SimpleData>
		<SimpleData name="max_depth">0.71</SimpleData>
		<SimpleData name="length_m">19.9</SimpleData>
	</SchemaData></ExtendedData>
      <LineString><coordinates>79.1141570907467,14.2729723104149 79.1142507305466,14.2731277519776</coordinates></LineString>
  </Placemark>
  <Placemark id="damage_d3d_roads.1137">
	<name>Madras Road</name>
	<Style><LineStyle><color>ff0000ff</color></LineStyle><PolyStyle><fill>0</fill></PolyStyle></Style>
	<ExtendedData><SchemaData schemaUrl="#damage_d3d_roads">
		<SimpleData name="osm_id">1285069700</SimpleData>
		<SimpleData name="type">trunk</SimpleData>
		<SimpleData name="depth_cls">&gt;1.5 m</SimpleData>
		<SimpleData name="max_depth">1.71</SimpleData>
		<SimpleData name="length_m">19.9</SimpleData>
	</SchemaData></ExtendedData>
      <LineString><coordinates>79.1142507305466,14.2731277519776 79.1143443704661,14.2732831935174</coordinates></LineString>
  </Placemark>
  <Placemark id="damage_d3d_roads.1138">
	<name>Madras Road</name>
	<Style><LineStyle><color>ff0000ff</color></LineStyle><PolyStyle><fill>0</fill></PolyStyle></Style>
	<ExtendedData><SchemaData schemaUrl="#damage_d3d_roads">
		<SimpleData name="osm_id">1285069700</SimpleData>
		<SimpleData name="type">trunk</SimpleData>
		<SimpleData name="depth_cls">0.5-1.5 m</SimpleData>
		<SimpleData name="max_depth">0.76</SimpleData>
		<SimpleData name="length_m">19.9</SimpleData>
	</SchemaData></ExtendedData>
      <LineString><coordinates>79.1143443704661,14.2732831935174 79.1144303911732,14.2734424382208</coordinates></LineString>
  </Placemark>
  <Placemark id="damage_d3d_roads.1139">
	<name>Madras Road</name>
	<Style><LineStyle><color>ff0000ff</color></LineStyle><PolyStyle><fill>0</fill></PolyStyle></Style>
	<ExtendedData><SchemaData schemaUrl="#damage_d3d_roads">
		<SimpleData name="osm_id">1285069700</SimpleData>
		<SimpleData name="type">trunk</SimpleData>
		<SimpleData name="depth_cls">&gt;1.5 m</SimpleData>
		<SimpleData name="max_depth">2.35</SimpleData>
		<SimpleData name="length_m">59.8</SimpleData>
	</SchemaData></ExtendedData>
      <LineString><coordinates>79.1144303911732,14.2734424382208 79.1145049086901,14.2736074247734 79.1145765010547,14.2737735497715 79.1146389262776,14.2739432424917</coordinates></LineString>
  </Placemark>
  <Placemark id="damage_d3d_roads.1140">
	<name>Madras Road</name>
	<Style><LineStyle><color>ff0000ff</color></LineStyle><PolyStyle><fill>0</fill></PolyStyle></Style>
	<ExtendedData><SchemaData schemaUrl="#damage_d3d_roads">
		<SimpleData name="osm_id">1285069700</SimpleData>
		<SimpleData name="type">trunk</SimpleData>
		<SimpleData name="depth_cls">0.5-1.5 m</SimpleData>
		<SimpleData name="max_depth">1.34</SimpleData>
		<SimpleData name="length_m">19.9</SimpleData>
	</SchemaData></ExtendedData>
      <LineString><coordinates>79.1146389262776,14.2739432424917 79.1147013515799,14.2741129352047</coordinates></LineString>
  </Placemark>
  <Placemark id="damage_d3d_roads.1141">
	<name>Madras Road</name>
	<Style><LineStyle><color>ff0000ff</color></LineStyle><PolyStyle><fill>0</fill></PolyStyle></Style>
	<ExtendedData><SchemaData schemaUrl="#damage_d3d_roads">
		<SimpleData name="osm_id">1285069700</SimpleData>
		<SimpleData name="type">trunk</SimpleData>
		<SimpleData name="depth_cls">&gt;1.5 m</SimpleData>
		<SimpleData name="max_depth">1.94</SimpleData>
		<SimpleData name="length_m">39.9</SimpleData>
	</SchemaData></ExtendedData>
      <LineString><coordinates>79.1147013515799,14.2741129352047 79.1147613053566,14.2742834395419 79.1148168357306,14.2744553964646</coordinates></LineString>
  </Placemark>
  <Placemark id="damage_d3d_roads.1142">
	<name>Madras Road</name>
	<Style><LineStyle><color>ff0000ff</color></LineStyle><PolyStyle><fill>0</fill></PolyStyle></Style>
	<ExtendedData><SchemaData schemaUrl="#damage_d3d_roads">
		<SimpleData name="osm_id">1285069700</SimpleData>
		<SimpleData name="type">trunk</SimpleData>
		<SimpleData name="depth_cls">&gt;1.5 m</SimpleData>
		<SimpleData name="max_depth">2.36</SimpleData>
		<SimpleData name="length_m">59.8</SimpleData>
	</SchemaData></ExtendedData>
      <LineString><coordinates>79.1149834272678,14.2749712672029 79.1150389579185,14.2751432241059 79.1150944886383,14.2753151810039 79.115133849237,14.2754909254277</coordinates></LineString>
  </Placemark>
  <Placemark id="damage_d3d_roads.1143">
	<name>Madras Road</name>
	<Style><LineStyle><color>ff0000ff</color></LineStyle><PolyStyle><fill>0</fill></PolyStyle></Style>
	<ExtendedData><SchemaData schemaUrl="#damage_d3d_roads">
		<SimpleData name="osm_id">1285069700</SimpleData>
		<SimpleData name="type">trunk</SimpleData>
		<SimpleData name="depth_cls">0.5-1.5 m</SimpleData>
		<SimpleData name="max_depth">0.82</SimpleData>
		<SimpleData name="length_m">99.7</SimpleData>
	</SchemaData></ExtendedData>
      <LineString><coordinates>79.115133849237,14.2754909254277 79.115164450638,14.2756687215188 79.1151944687216,14.2758465948282 79.11521356857,14.2760259134063 79.1152326684305,14.2762052319839 79.1152517683031,14.2763845505613</coordinates></LineString>
  </Placemark>
  <Placemark id="damage_d3d_roads.1144">
	<name>Madras Road</name>
	<Style><LineStyle><color>ff0000ff</color></LineStyle><PolyStyle><fill>0</fill></PolyStyle></Style>
	<ExtendedData><SchemaData schemaUrl="#damage_d3d_roads">
		<SimpleData name="osm_id">1285069700</SimpleData>
		<SimpleData name="type">trunk</SimpleData>
		<SimpleData name="depth_cls">0.1-0.5 m</SimpleData>
		<SimpleData name="max_depth">0.37</SimpleData>
		<SimpleData name="length_m">19.9</SimpleData>
	</SchemaData></ExtendedData>
      <LineString><coordinates>79.1152517683031,14.2763845505613 79.1152708681878,14.2765638691382</coordinates></LineString>
  </Placemark>
  <Placemark id="damage_d3d_roads.1145">
	<name>Madras Road</name>
	<Style><LineStyle><color>ff0000ff</color></LineStyle><PolyStyle><fill>0</fill></PolyStyle></Style>
	<ExtendedData><SchemaData schemaUrl="#damage_d3d_roads">
		<SimpleData name="osm_id">1285069700</SimpleData>
		<SimpleData name="type">trunk</SimpleData>
		<SimpleData name="depth_cls">&gt;1.5 m</SimpleData>
		<SimpleData name="max_depth">3.21</SimpleData>
		<SimpleData name="length_m">199.5</SimpleData>
	</SchemaData></ExtendedData>
      <LineString><coordinates>79.1152708681878,14.2765638691382 79.1152899680846,14.2767431877148 79.1153090679936,14.2769225062911 79.1153281679146,14.277101824867 79.1153472678478,14.2772811434425 79.115366367793,14.2774604620176 79.1153854677504,14.2776397805924 79.1154045677199,14.2778190991668 79.1154236677015,14.2779984177409 79.1154427676952,14.2781777363146 79.115461867701,14.2783570548879</coordinates></LineString>
  </Placemark>
  <Placemark id="damage_d3d_roads.1146">
	<name>Madras Road</name>
	<Style><LineStyle><color>ff0000ff</color></LineStyle><PolyStyle><fill>0</fill></PolyStyle></Style>
	<ExtendedData><SchemaData schemaUrl="#damage_d3d_roads">
		<SimpleData name="osm_id">1285069700</SimpleData>
		<SimpleData name="type">trunk</SimpleData>
		<SimpleData name="depth_cls">0.5-1.5 m</SimpleData>
		<SimpleData name="max_depth">1.37</SimpleData>
		<SimpleData name="length_m">99.7</SimpleData>
	</SchemaData></ExtendedData>
      <LineString><coordinates>79.115461867701,14.2783570548879 79.115480967719,14.2785363734609 79.1155000677491,14.2787156920335 79.1155191677912,14.2788950106058 79.1155382678456,14.2790743291776 79.115557367912,14.2792536477492</coordinates></LineString>
  </Placemark>
  <Placemark id="damage_d3d_roads.1147">
	<name>Madras Road</name>
	<Style><LineStyle><color>ff0000ff</color></LineStyle><PolyStyle><fill>0</fill></PolyStyle></Style>
	<ExtendedData><SchemaData schemaUrl="#damage_d3d_roads">
		<SimpleData name="osm_id">1285069700</SimpleData>
		<SimpleData name="type">trunk</SimpleData>
		<SimpleData name="depth_cls">&gt;1.5 m</SimpleData>
		<SimpleData name="max_depth">3.7</SimpleData>
		<SimpleData name="length_m">299.2</SimpleData>
	</SchemaData></ExtendedData>
      <LineString><coordinates>79.115557367912,14.2792536477492 79.1155764679905,14.2794329663203 79.1155944850221,14.2796123872679 79.115611052516,14.2797919452343 79.1156276200181,14.2799715032003 79.1156441875281,14.2801510611657 79.1156607550462,14.2803306191307 79.1156773225724,14.2805101770952 79.1156938901066,14.2806897350593 79.1157104576488,14.2808692930228 79.1157270251991,14.2810488509859 79.1157435927575,14.2812284089485 79.1157601603238,14.2814079669106 79.1157767278983,14.2815875248722 79.1157932954808,14.2817670828333 79.1158098630713,14.281946640794</coordinates></LineString>
  </Placemark>
  <Placemark id="damage_d3d_roads.1148">
	<name>Madras Road</name>
	<Style><LineStyle><color>ff0000ff</color></LineStyle><PolyStyle><fill>0</fill></PolyStyle></Style>
	<ExtendedData><SchemaData schemaUrl="#damage_d3d_roads">
		<SimpleData name="osm_id">1285069700</SimpleData>
		<SimpleData name="type">trunk</SimpleData>
		<SimpleData name="depth_cls">0.5-1.5 m</SimpleData>
		<SimpleData name="max_depth">1.28</SimpleData>
		<SimpleData name="length_m">19.9</SimpleData>
	</SchemaData></ExtendedData>
      <LineString><coordinates>79.1158098630713,14.281946640794 79.1158264306699,14.2821261987542</coordinates></LineString>
  </Placemark>
  <Placemark id="damage_d3d_roads.1149">
	<name>Madras Road</name>
	<Style><LineStyle><color>ff0000ff</color></LineStyle><PolyStyle><fill>0</fill></PolyStyle></Style>
	<ExtendedData><SchemaData schemaUrl="#damage_d3d_roads">
		<SimpleData name="osm_id">1285069700</SimpleData>
		<SimpleData name="type">trunk</SimpleData>
		<SimpleData name="depth_cls">&gt;1.5 m</SimpleData>
		<SimpleData name="max_depth">4.51</SimpleData>
		<SimpleData name="length_m">59.8</SimpleData>
	</SchemaData></ExtendedData>
      <LineString><coordinates>79.1158264306699,14.2821261987542 79.1158429982765,14.2823057567139 79.1158440844243,14.2824857306967 79.115837681078,14.282665905936</coordinates></LineString>
  </Placemark>
  <Placemark id="damage_d3d_roads.1150">
	<name>Madras Road</name>
	<Style><LineStyle><color>ff0000ff</color></LineStyle><PolyStyle><fill>0</fill></PolyStyle></Style>
	<ExtendedData><SchemaData schemaUrl="#damage_d3d_roads">
		<SimpleData name="osm_id">1285069700</SimpleData>
		<SimpleData name="type">trunk</SimpleData>
		<SimpleData name="depth_cls">0.5-1.5 m</SimpleData>
		<SimpleData name="max_depth">1.16</SimpleData>
		<SimpleData name="length_m">79.8</SimpleData>
	</SchemaData></ExtendedData>
      <LineString><coordinates>79.115837681078,14.282665905936 79.1158208640737,14.282845173132 79.1157943894594,14.2830235982071 79.1157595423212,14.2832005373409 79.1157198620007,14.2833766186877</coordinates></LineString>
  </Placemark>
  <Placemark id="damage_d3d_roads.1151">
	<name>Madras Road</name>
	<Style><LineStyle><color>ff0000ff</color></LineStyle><PolyStyle><fill>0</fill></PolyStyle></Style>
	<ExtendedData><SchemaData schemaUrl="#damage_d3d_roads">
		<SimpleData name="osm_id">1285069700</SimpleData>
		<SimpleData name="type">trunk</SimpleData>
		<SimpleData name="depth_cls">&gt;1.5 m</SimpleData>
		<SimpleData name="max_depth">1.79</SimpleData>
		<SimpleData name="length_m">39.9</SimpleData>
	</SchemaData></ExtendedData>
      <LineString><coordinates>79.1157198620007,14.2833766186877 79.1156508239182,14.2835430837926 79.1155734660004,14.2837068237034</coordinates></LineString>
  </Placemark>
  <Placemark id="damage_d3d_roads.1152">
	<name>Madras Road</name>
	<Style><LineStyle><color>ff0000ff</color></LineStyle><PolyStyle><fill>0</fill></PolyStyle></Style>
	<ExtendedData><SchemaData schemaUrl="#damage_d3d_roads">
		<SimpleData name="osm_id">1285069700</SimpleData>
		<SimpleData name="type">trunk</SimpleData>
		<SimpleData name="depth_cls">0.1-0.5 m</SimpleData>
		<SimpleData name="max_depth">0.35</SimpleData>
		<SimpleData name="length_m">39.9</SimpleData>
	</SchemaData></ExtendedData>
      <LineString><coordinates>79.1151106356887,14.2844869008065 79.1150140744995,14.2846406358529 79.1149175124961,14.2847943704393</coordinates></LineString>
  </Placemark>
  <Placemark id="damage_d3d_roads.1153">
	<Style><LineStyle><color>ff0000ff</color></LineStyle><PolyStyle><fill>0</fill></PolyStyle></Style>
	<ExtendedData><SchemaData schemaUrl="#damage_d3d_roads">
		<SimpleData name="osm_id">1217956175</SimpleData>
		<SimpleData name="type">secondary</SimpleData>
		<SimpleData name="depth_cls">0.5-1.5 m</SimpleData>
		<SimpleData name="max_depth">1.11</SimpleData>
		<SimpleData name="length_m">40</SimpleData>
	</SchemaData></ExtendedData>
      <LineString><coordinates>79.096747032535,14.2713811713352 79.0967141311894,14.2715588904549 79.0966812297746,14.2717366095612</coordinates></LineString>
  </Placemark>
  <Placemark id="damage_d3d_roads.1154">
	<Style><LineStyle><color>ff0000ff</color></LineStyle><PolyStyle><fill>0</fill></PolyStyle></Style>
	<ExtendedData><SchemaData schemaUrl="#damage_d3d_roads">
		<SimpleData name="osm_id">1217956175</SimpleData>
		<SimpleData name="type">secondary</SimpleData>
		<SimpleData name="depth_cls">0.1-0.5 m</SimpleData>
		<SimpleData name="max_depth">0.33</SimpleData>
		<SimpleData name="length_m">20</SimpleData>
	</SchemaData></ExtendedData>
      <LineString><coordinates>79.0965311784343,14.272256086367 79.0964668607594,14.2724254351663</coordinates></LineString>
  </Placemark>
  <Placemark id="damage_d3d_roads.1155">
	<Style><LineStyle><color>ff0000ff</color></LineStyle><PolyStyle><fill>0</fill></PolyStyle></Style>
	<ExtendedData><SchemaData schemaUrl="#damage_d3d_roads">
		<SimpleData name="osm_id">1217956175</SimpleData>
		<SimpleData name="type">secondary</SimpleData>
		<SimpleData name="depth_cls">0.5-1.5 m</SimpleData>
		<SimpleData name="max_depth">0.81</SimpleData>
		<SimpleData name="length_m">20</SimpleData>
	</SchemaData></ExtendedData>
      <LineString><coordinates>79.0964668607594,14.2724254351663 79.0963962244889,14.2725922842023</coordinates></LineString>
  </Placemark>
  <Placemark id="damage_d3d_roads.1156">
	<Style><LineStyle><color>ff0000ff</color></LineStyle><PolyStyle><fill>0</fill></PolyStyle></Style>
	<ExtendedData><SchemaData schemaUrl="#damage_d3d_roads">
		<SimpleData name="osm_id">1217956175</SimpleData>
		<SimpleData name="type">secondary</SimpleData>
		<SimpleData name="depth_cls">0.1-0.5 m</SimpleData>
		<SimpleData name="max_depth">0.45</SimpleData>
		<SimpleData name="length_m">20</SimpleData>
	</SchemaData></ExtendedData>
      <LineString><coordinates>79.0963962244889,14.2725922842023 79.0963245094258,14.2727580186722</coordinates></LineString>
  </Placemark>
  <Placemark id="damage_d3d_roads.1157">
	<Style><LineStyle><color>ff0000ff</color></LineStyle><PolyStyle><fill>0</fill></PolyStyle></Style>
	<ExtendedData><SchemaData schemaUrl="#damage_d3d_roads">
		<SimpleData name="osm_id">1217956175</SimpleData>
		<SimpleData name="type">secondary</SimpleData>
		<SimpleData name="depth_cls">0.5-1.5 m</SimpleData>
		<SimpleData name="max_depth">1.24</SimpleData>
		<SimpleData name="length_m">259.8</SimpleData>
	</SchemaData></ExtendedData>
      <LineString><coordinates>79.0963245094258,14.2727580186722 79.0963358308932,14.2729382734288 79.09634715236,14.2731185281846 79.0963414446898,14.2732980900925 79.096314768203,14.2734767988575 79.0962880916561,14.2736555076118 79.0962834322509,14.2738348616893 79.0962990564361,14.2740148102851 79.0963146806277,14.2741947588805 79.0963280595244,14.2743748234275 79.096332008818,14.2745553749379 79.0963359580992,14.2747359264465 79.096339907368,14.2749164779533 79.0964063826961,14.2750833735974</coordinates></LineString>
  </Placemark>
  <Placemark id="damage_d3d_roads.1158">
	<Style><LineStyle><color>ff0000ff</color></LineStyle><PolyStyle><fill>0</fill></PolyStyle></Style>
	<ExtendedData><SchemaData schemaUrl="#damage_d3d_roads">
		<SimpleData name="osm_id">1217956175</SimpleData>
		<SimpleData name="type">secondary</SimpleData>
		<SimpleData name="depth_cls">0.1-0.5 m</SimpleData>
		<SimpleData name="max_depth">0.36</SimpleData>
		<SimpleData name="length_m">20</SimpleData>
	</SchemaData></ExtendedData>
      <LineString><coordinates>79.0964063826961,14.2750833735974 79.0964817692071,14.2752483230234</coordinates></LineString>
  </Placemark>
  <Placemark id="damage_d3d_roads.1159">
	<Style><LineStyle><color>ff0000ff</color></LineStyle><PolyStyle><fill>0</fill></PolyStyle></Style>
	<ExtendedData><SchemaData schemaUrl="#damage_d3d_roads">
		<SimpleData name="osm_id">1217956175</SimpleData>
		<SimpleData name="type">secondary</SimpleData>
		<SimpleData name="depth_cls">0.1-0.5 m</SimpleData>
		<SimpleData name="max_depth">0.29</SimpleData>
		<SimpleData name="length_m">60</SimpleData>
	</SchemaData></ExtendedData>
      <LineString><coordinates>79.0967146961045,14.2754956327443 79.0968860396452,14.2755641166389 79.097057383303,14.2756326004227 79.0972224269689,14.2757133186244</coordinates></LineString>
  </Placemark>
  <Placemark id="damage_d3d_roads.1160">
	<Style><LineStyle><color>ff0000ff</color></LineStyle><PolyStyle><fill>0</fill></PolyStyle></Style>
	<ExtendedData><SchemaData schemaUrl="#damage_d3d_roads">
		<SimpleData name="osm_id">1217956175</SimpleData>
		<SimpleData name="type">secondary</SimpleData>
		<SimpleData name="depth_cls">0.5-1.5 m</SimpleData>
		<SimpleData name="max_depth">1.04</SimpleData>
		<SimpleData name="length_m">20</SimpleData>
	</SchemaData></ExtendedData>
      <LineString><coordinates>79.0972224269689,14.2757133186244 79.0973810751024,14.2758064568269</coordinates></LineString>
  </Placemark>
  <Placemark id="damage_d3d_roads.1161">
	<Style><LineStyle><color>ff0000ff</color></LineStyle><PolyStyle><fill>0</fill></PolyStyle></Style>
	<ExtendedData><SchemaData schemaUrl="#damage_d3d_roads">
		<SimpleData name="osm_id">1217956175</SimpleData>
		<SimpleData name="type">secondary</SimpleData>
		<SimpleData name="depth_cls">0.1-0.5 m</SimpleData>
		<SimpleData name="max_depth">0.27</SimpleData>
		<SimpleData name="length_m">20</SimpleData>
	</SchemaData></ExtendedData>
      <LineString><coordinates>79.0973810751024,14.2758064568269 79.0975397233753,14.2758995949391</coordinates></LineString>
  </Placemark>
  <Placemark id="damage_d3d_roads.1162">
	<Style><LineStyle><color>ff0000ff</color></LineStyle><PolyStyle><fill>0</fill></PolyStyle></Style>
	<ExtendedData><SchemaData schemaUrl="#damage_d3d_roads">
		<SimpleData name="osm_id">1217956175</SimpleData>
		<SimpleData name="type">secondary</SimpleData>
		<SimpleData name="depth_cls">0.5-1.5 m</SimpleData>
		<SimpleData name="max_depth">0.74</SimpleData>
		<SimpleData name="length_m">40</SimpleData>
	</SchemaData></ExtendedData>
      <LineString><coordinates>79.0975397233753,14.2758995949391 79.0977001857912,14.2759896977022 79.0977711849057,14.2761064202213</coordinates></LineString>
  </Placemark>
</Folder>
</Document></kml>
