<?xml version="1.0" encoding="utf-8" ?>
<kml xmlns="http://www.opengis.net/kml/2.2">
<Document id="root_doc">
<Schema name="damage_swesph_depthclass" id="damage_swesph_depthclass">
	<SimpleField name="depth_cls" type="string"></SimpleField>
</Schema>
<Folder><name>damage_swesph_depthclass</name>
  <Placemark id="damage_swesph_depthclass.1">
	<Style><LineStyle><color>ff0000ff</color></LineStyle><PolyStyle><fill>0</fill></PolyStyle></Style>
	<ExtendedData><SchemaData schemaUrl="#damage_swesph_depthclass">
		<SimpleData name="depth_cls">0.1-0.5 m</SimpleData>
	</SchemaData></ExtendedData>
      <MultiGeometry><Polygon><outerBoundaryIs><LinearRing><coordinates>79.0008333333333,14.2313888888889 79.0008333333333,14.2316666666667 79.0011111111111,14.2316666666667 79.0011111111111,14.2313888888889 79.0008333333333,14.2313888888889</coordinates></LinearRing></outerBoundaryIs></Polygon><Polygon><outerBoundaryIs><LinearRing><coordinates>79.0,14.2325 79.0,14.2322222222222 78.9997222222222,14.2322222222222 78.9997222222222,14.2325 79.0,14.2325</coordinates></LinearRing></outerBoundaryIs></Polygon><Polygon><outerBoundaryIs><LinearRing><coordinates>79.0002777777778,14.2322222222222 79.0002777777778,14.2319444444444 79.0,14.2319444444444 79.0,14.2322222222222 79.0002777777778,14.2322222222222</coordinates></LinearRing></outerBoundaryIs></Polygon><Polygon><outerBoundaryIs><LinearRing><coordinates>79.0002777777778,14.2316666666667 79.0002777777778,14.2319444444444 79.0005555555556,14.2319444444444 79.0005555555556,14.2316666666667 79.0002777777778,14.2316666666667</coordinates></LinearRing></outerBoundaryIs></Polygon><Polygon><outerBoundaryIs><LinearRing><coordinates>78.9988888888889,14.2333333333333 78.9988888888889,14.2330555555556 78.9986111111111,14.2330555555556 78.9986111111111,14.2333333333333 78.9988888888889,14.2333333333333</coordinates></LinearRing></outerBoundaryIs></Polygon><Polygon><outerBoundaryIs><LinearRing><coordinates>78.9988888888889,14.2327777777778 78.9988888888889,14.2330555555556 78.9991666666667,14.2330555555556 78.9991666666667,14.2327777777778 78.9988888888889,14.2327777777778</coordinates></LinearRing></outerBoundaryIs></Polygon><Polygon><outerBoundaryIs><LinearRing><coordinates>78.9977777777778,14.2336111111111 78.9977777777778,14.2338888888889 78.9980555555556,14.2338888888889 78.9980555555556,14.2336111111111 78.9977777777778,14.2336111111111</coordinates></LinearRing></outerBoundaryIs></Polygon><Polygon><outerBoundaryIs><LinearRing><coordinates>78.9969444444444,14.2347222222222 78.9969444444444,14.2344444444444 78.9966666666667,14.2344444444444 78.9966666666667,14.2347222222222 78.9969444444444,14.2347222222222</coordinates></LinearRing></outerBoundaryIs></Polygon><Polygon><outerBoundaryIs><LinearRing><coordinates>78.9969444444444,14.2341666666667 78.9969444444444,14.2344444444444 78.9972222222222,14.2344444444444 78.9972222222222,14.2341666666667 78.9969444444444,14.2341666666667</coordinates></LinearRing></outerBoundaryIs></Polygon><Polygon><outerBoundaryIs><LinearRing><coordinates>79.0022222222222,14.2358333333333 79.0022222222222,14.2355555555556 79.0016666666667,14.2355555555556 79.0016666666667,14.2358333333333 79.0022222222222,14.2358333333333</coordinates></LinearRing></outerBoundaryIs></Polygon><Polygon><outerBoundaryIs><LinearRing><coordinates>79.0025,14.2347222222222 79.0025,14.2352777777778 79.0022222222222,14.2352777777778 79.0022222222222,14.2355555555556 79.0027777777778,14.2355555555556 79.0027777777778,14.235 79.0030555555555,14.235 79.0030555555555,14.2341666666667 79.0027777777778,14.2341666666667 79.0027777777778,14.2347222222222 79.0025,14.2347222222222</coordinates></LinearRing></outerBoundaryIs></Polygon><Polygon><outerBoundaryIs><LinearRing><coordinates>78.995,14.2363888888889 78.995,14.2361111111111 78.9947222222222,14.2361111111111 78.9947222222222,14.2363888888889 78.995,14.2363888888889</coordinates></LinearRing></outerBoundaryIs></Polygon><Polygon><outerBoundaryIs><LinearRing><coordinates>78.995,14.2358333333333 78.995,14.2361111111111 78.9952777777778,14.2361111111111 78.9952777777778,14.2358333333333 78.995,14.2358333333333</coordinates></LinearRing></outerBoundaryIs></Polygon><Polygon><outerBoundaryIs><LinearRing><coordinates>78.9936111111111,14.2377777777778 78.9933333333333,14.2377777777778 78.9933333333333,14.2380555555556 78.9936111111111,14.2380555555556 78.9936111111111,14.2377777777778</coordinates></LinearRing></outerBoundaryIs></Polygon><Polygon><outerBoundaryIs><LinearRing><coordinates>78.9938888888889,14.2375 78.9936111111111,14.2375 78.9936111111111,14.2377777777778 78.9938888888889,14.2377777777778 78.9938888888889,14.2375</coordinates></LinearRing></outerBoundaryIs></Polygon><Polygon><outerBoundaryIs><LinearRing><coordinates>78.9941666666667,14.2372222222222 78.9938888888889,14.2372222222222 78.9938888888889,14.2375 78.9941666666667,14.2375 78.9941666666667,14.2372222222222</coordinates></LinearRing></outerBoundaryIs></Polygon><Polygon><outerBoundaryIs><LinearRing><coordinates>78.9941666666667,14.2372222222222 78.9944444444444,14.2372222222222 78.9944444444444,14.2369444444444 78.9941666666667,14.2369444444444 78.9941666666667,14.2372222222222</coordinates></LinearRing></outerBoundaryIs></Polygon><Polygon><outerBoundaryIs><LinearRing><coordinates>78.9927777777778,14.2383333333333 78.9925,14.2383333333333 78.9925,14.24 78.9927777777778,14.24 78.9927777777778,14.2383333333333</coordinates></LinearRing></outerBoundaryIs></Polygon><Polygon><outerBoundaryIs><LinearRing><coordinates>78.9927777777778,14.2383333333333 78.9930555555556,14.2383333333333 78.9930555555556,14.2380555555556 78.9927777777778,14.2380555555556 78.9927777777778,14.2383333333333</coordinates></LinearRing></outerBoundaryIs></Polygon><Polygon><outerBoundaryIs><LinearRing><coordinates>78.9961111111111,14.2433333333333 78.9961111111111,14.2422222222222 78.9958333333333,14.2422222222222 78.9958333333333,14.2433333333333 78.9961111111111,14.2433333333333</coordinates></LinearRing></outerBoundaryIs></Polygon><Polygon><outerBoundaryIs><LinearRing><coordinates>78.9966666666667,14.2419444444444 78.9966666666667,14.2411111111111 78.9963888888889,14.2411111111111 78.9963888888889,14.2416666666667 78.9961111111111,14.2416666666667 78.9961111111111,14.2422222222222 78.9963888888889,14.2422222222222 78.9963888888889,14.2419444444444 78.9966666666667,14.2419444444444</coordinates></LinearRing></outerBoundaryIs></Polygon><Polygon><outerBoundaryIs><LinearRing><coordinates>78.9969444444444,14.2411111111111 78.9969444444444,14.2405555555556 78.9966666666667,14.2405555555556 78.9966666666667,14.2411111111111 78.9969444444444,14.2411111111111</coordinates></LinearRing></outerBoundaryIs></Polygon><Polygon><outerBoundaryIs><LinearRing><coordinates>78.9972222222222,14.2405555555556 78.9972222222222,14.2402777777778 78.9969444444444,14.2402777777778 78.9969444444444,14.2405555555556 78.9972222222222,14.2405555555556</coordinates></LinearRing></outerBoundaryIs></Polygon><Polygon><outerBoundaryIs><LinearRing><coordinates>78.9980555555556,14.24 78.9980555555556,14.2397222222222 78.9975,14.2397222222222 78.9975,14.24 78.9972222222222,14.24 78.9972222222222,14.2402777777778 78.9977777777778,14.2402777777778 78.9977777777778,14.24 78.9980555555556,14.24</coordinates></LinearRing></outerBoundaryIs></Polygon><Polygon><outerBoundaryIs><LinearRing><coordinates>78.9986111111111,14.2397222222222 78.9986111111111,14.2394444444444 78.9980555555556,14.2394444444444 78.9980555555556,14.2397222222222 78.9986111111111,14.2397222222222</coordinates></LinearRing></outerBoundaryIs></Polygon><Polygon><outerBoundaryIs><LinearRing><coordinates>78.9991666666667,14.2394444444444 78.9991666666667,14.2391666666667 78.9986111111111,14.2391666666667 78.9986111111111,14.2394444444444 78.9991666666667,14.2394444444444</coordinates></LinearRing></outerBoundaryIs></Polygon><Polygon><outerBoundaryIs><LinearRing><coordinates>78.9994444444444,14.2386111111111 78.9994444444444,14.2388888888889 78.9991666666667,14.2388888888889 78.9991666666667,14.2391666666667 78.9997222222222,14.2391666666667 78.9997222222222,14.2386111111111 78.9994444444444,14.2386111111111</coordinates></LinearRing></outerBoundaryIs></Polygon><Polygon><outerBoundaryIs><LinearRing><coordinates>79.0,14.2386111111111 79.0,14.2380555555556 78.9997222222222,14.2380555555556 78.9997222222222,14.2386111111111 79.0,14.2386111111111</coordinates></LinearRing></outerBoundaryIs></Polygon><Polygon><outerBoundaryIs><LinearRing><coordinates>79.0002777777778,14.2380555555556 79.0002777777778,14.2377777777778 79.0,14.2377777777778 79.0,14.2380555555556 79.0002777777778,14.2380555555556</coordinates></LinearRing></outerBoundaryIs></Polygon><Polygon><outerBoundaryIs><LinearRing><coordinates>79.0005555555556,14.2377777777778 79.0005555555556,14.2375 79.0002777777778,14.2375 79.0002777777778,14.2377777777778 79.0005555555556,14.2377777777778</coordinates></LinearRing></outerBoundaryIs></Polygon><Polygon><outerBoundaryIs><LinearRing><coordinates>79.0008333333333,14.2375 79.0008333333333,14.2372222222222 79.0005555555556,14.2372222222222 79.0005555555556,14.2375 79.0008333333333,14.2375</coordinates></LinearRing></outerBoundaryIs></Polygon><Polygon><outerBoundaryIs><LinearRing><coordinates>79.0011111111111,14.2372222222222 79.0011111111111,14.2366666666667 79.0008333333333,14.2366666666667 79.0008333333333,14.2372222222222 79.0011111111111,14.2372222222222</coordinates></LinearRing></outerBoundaryIs></Polygon><Polygon><outerBoundaryIs><LinearRing><coordinates>79.0011111111111,14.2358333333333 79.0011111111111,14.2366666666667 79.0013888888889,14.2366666666667 79.0013888888889,14.2358333333333 79.0011111111111,14.2358333333333</coordinates></LinearRing></outerBoundaryIs></Polygon><Polygon><outerBoundaryIs><LinearRing><coordinates>78.9922222222222,14.2408333333333 78.9922222222222,14.2411111111111 78.9925,14.2411111111111 78.9925,14.2408333333333 78.9922222222222,14.2408333333333</coordinates></LinearRing></outerBoundaryIs></Polygon><Polygon><outerBoundaryIs><LinearRing><coordinates>78.9919444444444,14.2416666666667 78.9919444444444,14.2419444444444 78.9922222222222,14.2419444444444 78.9922222222222,14.2416666666667 78.9919444444444,14.2416666666667</coordinates></LinearRing></outerBoundaryIs></Polygon><Polygon><outerBoundaryIs><LinearRing><coordinates>78.9916666666667,14.2422222222222 78.9916666666667,14.2425 78.9919444444444,14.2425 78.9919444444444,14.2422222222222 78.9916666666667,14.2422222222222</coordinates></LinearRing></outerBoundaryIs></Polygon><Polygon><outerBoundaryIs><LinearRing><coordinates>78.9913888888889,14.2427777777778 78.9913888888889,14.2436111111111 78.9916666666667,14.2436111111111 78.9916666666667,14.2427777777778 78.9913888888889,14.2427777777778</coordinates></LinearRing></outerBoundaryIs></Polygon><Polygon><outerBoundaryIs><LinearRing><coordinates>78.9919444444444,14.2441666666667 78.9919444444444,14.2444444444444 78.9922222222222,14.2444444444444 78.9922222222222,14.2441666666667 78.9919444444444,14.2441666666667</coordinates></LinearRing></outerBoundaryIs></Polygon><Polygon><outerBoundaryIs><LinearRing><coordinates>79.0002777777778,14.2463888888889 78.9994444444444,14.2463888888889 78.9994444444444,14.2466666666667 79.0002777777778,14.2466666666667 79.0002777777778,14.2463888888889</coordinates></LinearRing></outerBoundaryIs></Polygon><Polygon><outerBoundaryIs><LinearRing><coordinates>78.9994444444444,14.2461111111111 78.9988888888889,14.2461111111111 78.9988888888889,14.2463888888889 78.9994444444444,14.2463888888889 78.9994444444444,14.2461111111111</coordinates></LinearRing></outerBoundaryIs></Polygon><Polygon><outerBoundaryIs><LinearRing><coordinates>78.9988888888889,14.2458333333333 78.9972222222222,14.2458333333333 78.9972222222222,14.2455555555556 78.9969444444444,14.2455555555556 78.9969444444444,14.2461111111111 78.9975,14.2461111111111 78.9975,14.2463888888889 78.9977777777778,14.2463888888889 78.9977777777778,14.2461111111111 78.9988888888889,14.2461111111111 78.9988888888889,14.2458333333333</coordinates></LinearRing></outerBoundaryIs></Polygon><Polygon><outerBoundaryIs><LinearRing><coordinates>78.9969444444444,14.2452777777778 78.9966666666667,14.2452777777778 78.9966666666667,14.2455555555556 78.9969444444444,14.2455555555556 78.9969444444444,14.2452777777778</coordinates></LinearRing></outerBoundaryIs></Polygon><Polygon><outerBoundaryIs><LinearRing><coordinates>78.9966666666667,14.245 78.9963888888889,14.245 78.9963888888889,14.2452777777778 78.9966666666667,14.2452777777778 78.9966666666667,14.245</coordinates></LinearRing></outerBoundaryIs></Polygon><Polygon><outerBoundaryIs><LinearRing><coordinates>78.9963888888889,14.2444444444444 78.9961111111111,14.2444444444444 78.9961111111111,14.245 78.9963888888889,14.245 78.9963888888889,14.2444444444444</coordinates></LinearRing></outerBoundaryIs></Polygon><Polygon><outerBoundaryIs><LinearRing><coordinates>78.9958333333333,14.2444444444444 78.9961111111111,14.2444444444444 78.9961111111111,14.2436111111111 78.9958333333333,14.2436111111111 78.9958333333333,14.2444444444444</coordinates></LinearRing></outerBoundaryIs></Polygon><Polygon><outerBoundaryIs><LinearRing><coordinates>79.0008333333333,14.2463888888889 79.0008333333333,14.2461111111111 79.0002777777778,14.2461111111111 79.0002777777778,14.2463888888889 79.0008333333333,14.2463888888889</coordinates></LinearRing></outerBoundaryIs></Polygon><Polygon><outerBoundaryIs><LinearRing><coordinates>79.0013888888889,14.2461111111111 79.0013888888889,14.2458333333333 79.0008333333333,14.2458333333333 79.0008333333333,14.2461111111111 79.0013888888889,14.2461111111111</coordinates></LinearRing></outerBoundaryIs></Polygon><Polygon><outerBoundaryIs><LinearRing><coordinates>79.0013888888889,14.2455555555556 79.0013888888889,14.2458333333333 79.0022222222222,14.2458333333333 79.0022222222222,14.2455555555556 79.0013888888889,14.2455555555556</coordinates></LinearRing></outerBoundaryIs></Polygon><Polygon><outerBoundaryIs><LinearRing><coordinates>78.9922222222222,14.2455555555556 78.9925,14.2455555555556 78.9925,14.245 78.9922222222222,14.245 78.9922222222222,14.2455555555556</coordinates></LinearRing></outerBoundaryIs></Polygon><Polygon><outerBoundaryIs><LinearRing><coordinates>78.9925,14.2461111111111 78.9927777777778,14.2461111111111 78.9927777777778,14.2458333333333 78.9925,14.2458333333333 78.9925,14.2461111111111</coordinates></LinearRing></outerBoundaryIs></Polygon><Polygon><outerBoundaryIs><LinearRing><coordinates>78.9927777777778,14.2466666666667 78.9927777777778,14.2469444444444 78.9930555555556,14.2469444444444 78.9930555555556,14.2466666666667 78.9927777777778,14.2466666666667</coordinates></LinearRing></outerBoundaryIs></Polygon><Polygon><outerBoundaryIs><LinearRing><coordinates>78.9930555555556,14.2472222222222 78.9930555555556,14.2475 78.9933333333333,14.2475 78.9933333333333,14.2472222222222 78.9930555555556,14.2472222222222</coordinates></LinearRing></outerBoundaryIs></Polygon><Polygon><outerBoundaryIs><LinearRing><coordinates>78.9955555555556,14.2486111111111 78.9944444444444,14.2486111111111 78.9944444444444,14.2488888888889 78.9955555555556,14.2488888888889 78.9955555555556,14.2486111111111</coordinates></LinearRing></outerBoundaryIs></Polygon><Polygon><outerBoundaryIs><LinearRing><coordinates>78.9941666666667,14.2486111111111 78.9944444444444,14.2486111111111 78.9944444444444,14.2483333333333 78.9941666666667,14.2483333333333 78.9941666666667,14.2486111111111</coordinates></LinearRing></outerBoundaryIs></Polygon><Polygon><outerBoundaryIs><LinearRing><coordinates>78.9958333333333,14.2488888888889 78.9958333333333,14.2491666666667 78.9961111111111,14.2491666666667 78.9961111111111,14.2488888888889 78.9958333333333,14.2488888888889</coordinates></LinearRing></outerBoundaryIs></Polygon><Polygon><outerBoundaryIs><LinearRing><coordinates>79.0027777777778,14.2497222222222 79.0027777777778,14.25 79.0030555555555,14.25 79.0030555555555,14.2497222222222 79.0027777777778,14.2497222222222</coordinates></LinearRing></outerBoundaryIs></Polygon><Polygon><outerBoundaryIs><LinearRing><coordinates>79.0022222222222,14.25 79.0022222222222,14.2502777777778 79.0025,14.2502777777778 79.0025,14.25 79.0022222222222,14.25</coordinates></LinearRing></outerBoundaryIs></Polygon><Polygon><outerBoundaryIs><LinearRing><coordinates>79.0016666666667,14.2502777777778 79.0016666666667,14.2505555555556 79.0019444444444,14.2505555555556 79.0019444444444,14.2502777777778 79.0016666666667,14.2502777777778</coordinates></LinearRing></outerBoundaryIs></Polygon><Polygon><outerBoundaryIs><LinearRing><coordinates>78.9988888888889,14.2508333333333 79.0013888888889,14.2508333333333 79.0013888888889,14.2505555555556 78.9988888888889,14.2505555555556 78.9988888888889,14.2508333333333</coordinates></LinearRing></outerBoundaryIs></Polygon><Polygon><outerBoundaryIs><LinearRing><coordinates>78.9969444444444,14.2522222222222 78.9963888888889,14.2522222222222 78.9963888888889,14.2525 78.9952777777778,14.2525 78.9952777777778,14.2522222222222 78.995,14.2522222222222 78.995,14.2513888888889 78.9952777777778,14.2513888888889 78.9952777777778,14.2511111111111 78.9955555555556,14.2511111111111 78.9955555555556,14.2508333333333 78.9958333333333,14.2508333333333 78.9958333333333,14.2505555555556 78.9963888888889,14.2505555555556 78.9963888888889,14.2502777777778 78.9966666666667,14.2502777777778 78.9966666666667,14.2491666666667 78.9963888888889,14.2491666666667 78.9963888888889,14.25 78.9955555555556,14.25 78.9955555555556,14.2502777777778 78.995,14.2502777777778 78.995,14.2505555555556 78.9947222222222,14.2505555555556 78.9947222222222,14.2508333333333 78.9944444444444,14.2508333333333 78.9944444444444,14.2511111111111 78.9941666666667,14.2511111111111 78.9941666666667,14.2522222222222 78.9944444444444,14.2522222222222 78.9944444444444,14.2527777777778 78.9947222222222,14.2527777777778 78.9947222222222,14.2530555555556 78.995,14.2530555555556 78.995,14.2533333333333 78.9966666666667,14.2533333333333 78.9966666666667,14.2530555555556 78.9969444444444,14.2530555555556 78.9969444444444,14.2527777777778 78.9972222222222,14.2527777777778 78.9972222222222,14.2525 78.9975,14.2525 78.9975,14.2522222222222 78.9977777777778,14.2522222222222 78.9977777777778,14.2516666666667 78.9980555555556,14.2516666666667 78.9980555555556,14.2511111111111 78.9977777777778,14.2511111111111 78.9977777777778,14.2513888888889 78.9975,14.2513888888889 78.9975,14.2516666666667 78.9972222222222,14.2516666666667 78.9972222222222,14.2519444444444 78.9969444444444,14.2519444444444 78.9969444444444,14.2522222222222</coordinates></LinearRing></outerBoundaryIs></Polygon><Polygon><outerBoundaryIs><LinearRing><coordinates>78.9980555555556,14.2511111111111 78.9983333333333,14.2511111111111 78.9983333333333,14.2508333333333 78.9980555555556,14.2508333333333 78.9980555555556,14.2511111111111</coordinates></LinearRing></outerBoundaryIs></Polygon><Polygon><outerBoundaryIs><LinearRing><coordinates>79.0027777777778,14.2591666666667 79.0027777777778,14.2594444444444 79.0030555555555,14.2594444444444 79.0030555555555,14.2591666666667 79.0027777777778,14.2591666666667</coordinates></LinearRing></outerBoundaryIs></Polygon><Polygon><outerBoundaryIs><LinearRing><coordinates>79.0025,14.2597222222222 79.0025,14.26 79.0027777777778,14.26 79.0027777777778,14.2597222222222 79.0025,14.2597222222222</coordinates></LinearRing></outerBoundaryIs></Polygon><Polygon><outerBoundaryIs><LinearRing><coordinates>79.0022222222222,14.2602777777778 79.0022222222222,14.2605555555556 79.0025,14.2605555555556 79.0025,14.2602777777778 79.0022222222222,14.2602777777778</coordinates></LinearRing></outerBoundaryIs></Polygon><Polygon><outerBoundaryIs><LinearRing><coordinates>79.0019444444444,14.2608333333333 79.0019444444444,14.2611111111111 79.0022222222222,14.2611111111111 79.0022222222222,14.2608333333333 79.0019444444444,14.2608333333333</coordinates></LinearRing></outerBoundaryIs></Polygon><Polygon><outerBoundaryIs><LinearRing><coordinates>79.0008333333333,14.2625 79.0005555555556,14.2625 79.0005555555556,14.2627777777778 79.0008333333333,14.2627777777778 79.0008333333333,14.2625</coordinates></LinearRing></outerBoundaryIs></Polygon><Polygon><outerBoundaryIs><LinearRing><coordinates>79.0008333333333,14.2619444444444 79.0008333333333,14.2616666666667 79.0011111111111,14.2616666666667 79.0011111111111,14.2613888888889 79.0005555555556,14.2613888888889 79.0005555555556,14.2616666666667 79.0002777777778,14.2616666666667 79.0002777777778,14.2625 79.0005555555556,14.2625 79.0005555555556,14.2619444444444 79.0008333333333,14.2619444444444</coordinates></LinearRing></outerBoundaryIs></Polygon><Polygon><outerBoundaryIs><LinearRing><coordinates>79.0011111111111,14.2611111111111 79.0011111111111,14.2613888888889 79.0016666666667,14.2613888888889 79.0016666666667,14.2611111111111 79.0011111111111,14.2611111111111</coordinates></LinearRing></outerBoundaryIs></Polygon><Polygon><outerBoundaryIs><LinearRing><coordinates>79.0005555555556,14.2638888888889 79.0005555555556,14.2633333333333 79.0002777777778,14.2633333333333 79.0002777777778,14.2638888888889 79.0005555555556,14.2638888888889</coordinates></LinearRing></outerBoundaryIs></Polygon><Polygon><outerBoundaryIs><LinearRing><coordinates>79.0005555555556,14.2630555555556 79.0005555555556,14.2633333333333 79.0008333333333,14.2633333333333 79.0008333333333,14.2630555555556 79.0005555555556,14.2630555555556</coordinates></LinearRing></outerBoundaryIs></Polygon><Polygon><outerBoundaryIs><LinearRing><coordinates>79.0,14.2641666666667 79.0,14.2652777777778 79.0002777777778,14.2652777777778 79.0002777777778,14.2641666666667 79.0,14.2641666666667</coordinates></LinearRing></outerBoundaryIs></Polygon><Polygon><outerBoundaryIs><LinearRing><coordinates>79.0,14.2663888888889 79.0002777777778,14.2663888888889 79.0002777777778,14.2658333333333 79.0,14.2658333333333 79.0,14.2663888888889</coordinates></LinearRing></outerBoundaryIs></Polygon><Polygon><outerBoundaryIs><LinearRing><coordinates>79.0013888888889,14.2680555555556 79.0013888888889,14.2683333333333 79.0016666666667,14.2683333333333 79.0016666666667,14.2680555555556 79.0013888888889,14.2680555555556</coordinates></LinearRing></outerBoundaryIs></Polygon><Polygon><outerBoundaryIs><LinearRing><coordinates>79.0011111111111,14.2677777777778 79.0011111111111,14.2680555555556 79.0013888888889,14.2680555555556 79.0013888888889,14.2677777777778 79.0011111111111,14.2677777777778</coordinates></LinearRing></outerBoundaryIs></Polygon><Polygon><outerBoundaryIs><LinearRing><coordinates>79.0008333333333,14.2675 79.0008333333333,14.2677777777778 79.0011111111111,14.2677777777778 79.0011111111111,14.2675 79.0008333333333,14.2675</coordinates></LinearRing></outerBoundaryIs></Polygon><Polygon><outerBoundaryIs><LinearRing><coordinates>79.0008333333333,14.2675 79.0008333333333,14.2669444444444 79.0005555555556,14.2669444444444 79.0005555555556,14.2666666666667 79.0002777777778,14.2666666666667 79.0002777777778,14.2672222222222 79.0005555555556,14.2672222222222 79.0005555555556,14.2675 79.0008333333333,14.2675</coordinates></LinearRing></outerBoundaryIs></Polygon><Polygon><outerBoundaryIs><LinearRing><coordinates>79.0022222222222,14.2688888888889 79.0019444444444,14.2688888888889 79.0019444444444,14.2691666666667 79.0022222222222,14.2691666666667 79.0022222222222,14.2688888888889</coordinates></LinearRing></outerBoundaryIs></Polygon><Polygon><outerBoundaryIs><LinearRing><coordinates>79.0016666666667,14.2688888888889 79.0019444444444,14.2688888888889 79.0019444444444,14.2686111111111 79.0016666666667,14.2686111111111 79.0016666666667,14.2688888888889</coordinates></LinearRing></outerBoundaryIs></Polygon><Polygon><outerBoundaryIs><LinearRing><coordinates>79.0094444444444,14.2272222222222 79.0094444444444,14.2269444444444 79.0091666666667,14.2269444444444 79.0091666666667,14.2272222222222 79.0094444444444,14.2272222222222</coordinates></LinearRing></outerBoundaryIs></Polygon><Polygon><outerBoundaryIs><LinearRing><coordinates>79.0097222222222,14.2269444444444 79.0097222222222,14.2266666666667 79.0094444444444,14.2266666666667 79.0094444444444,14.2269444444444 79.0097222222222,14.2269444444444</coordinates></LinearRing></outerBoundaryIs></Polygon><Polygon><outerBoundaryIs><LinearRing><coordinates>79.0097222222222,14.2263888888889 79.0097222222222,14.2266666666667 79.01,14.2266666666667 79.01,14.2263888888889 79.0097222222222,14.2263888888889</coordinates></LinearRing></outerBoundaryIs></Polygon><Polygon><outerBoundaryIs><LinearRing><coordinates>79.0086111111111,14.2272222222222 79.0086111111111,14.2275 79.0088888888889,14.2275 79.0088888888889,14.2272222222222 79.0086111111111,14.2272222222222</coordinates></LinearRing></outerBoundaryIs></Polygon><Polygon><outerBoundaryIs><LinearRing><coordinates>79.0063888888889,14.2280555555556 79.0063888888889,14.2277777777778 79.0058333333333,14.2277777777778 79.0058333333333,14.2280555555556 79.0063888888889,14.2280555555556</coordinates></LinearRing></outerBoundaryIs></Polygon><Polygon><outerBoundaryIs><LinearRing><coordinates>79.0066666666667,14.2277777777778 79.0066666666667,14.2275 79.0063888888889,14.2275 79.0063888888889,14.2277777777778 79.0066666666667,14.2277777777778</coordinates></LinearRing></outerBoundaryIs></Polygon><Polygon><outerBoundaryIs><LinearRing><coordinates>79.0066666666667,14.2272222222222 79.0066666666667,14.2275 79.0080555555556,14.2275 79.0080555555556,14.2272222222222 79.0066666666667,14.2272222222222</coordinates></LinearRing></outerBoundaryIs></Polygon><Polygon><outerBoundaryIs><LinearRing><coordinates>79.0052777777778,14.2277777777778 79.0052777777778,14.2280555555556 79.0055555555556,14.2280555555556 79.0055555555556,14.2277777777778 79.0052777777778,14.2277777777778</coordinates></LinearRing></outerBoundaryIs></Polygon><Polygon><outerBoundaryIs><LinearRing><coordinates>79.0022222222222,14.2311111111111 79.0022222222222,14.2308333333333 79.0019444444444,14.2308333333333 79.0019444444444,14.2311111111111 79.0022222222222,14.2311111111111</coordinates></LinearRing></outerBoundaryIs></Polygon><Polygon><outerBoundaryIs><LinearRing><coordinates>79.0025,14.2308333333333 79.0025,14.2305555555556 79.0022222222222,14.2305555555556 79.0022222222222,14.2308333333333 79.0025,14.2308333333333</coordinates></LinearRing></outerBoundaryIs></Polygon><Polygon><outerBoundaryIs><LinearRing><coordinates>79.0027777777778,14.2305555555556 79.0027777777778,14.23 79.0025,14.23 79.0025,14.2305555555556 79.0027777777778,14.2305555555556</coordinates></LinearRing></outerBoundaryIs></Polygon><Polygon><outerBoundaryIs><LinearRing><coordinates>79.0030555555555,14.23 79.0030555555555,14.2297222222222 79.0027777777778,14.2297222222222 79.0027777777778,14.23 79.0030555555555,14.23</coordinates></LinearRing></outerBoundaryIs></Polygon><Polygon><outerBoundaryIs><LinearRing><coordinates>79.0033333333333,14.2297222222222 79.0033333333333,14.2291666666667 79.0030555555555,14.2291666666667 79.0030555555555,14.2297222222222 79.0033333333333,14.2297222222222</coordinates></LinearRing></outerBoundaryIs></Polygon><Polygon><outerBoundaryIs><LinearRing><coordinates>79.0033333333333,14.2283333333333 79.0033333333333,14.2275 79.0030555555555,14.2275 79.0030555555555,14.2286111111111 79.0033333333333,14.2286111111111 79.0033333333333,14.2291666666667 79.0036111111111,14.2291666666667 79.0036111111111,14.2283333333333 79.0033333333333,14.2283333333333</coordinates></LinearRing></outerBoundaryIs></Polygon><Polygon><outerBoundaryIs><LinearRing><coordinates>79.0036111111111,14.2275 79.0036111111111,14.2272222222222 79.0033333333333,14.2272222222222 79.0033333333333,14.2275 79.0036111111111,14.2275</coordinates></LinearRing></outerBoundaryIs></Polygon><Polygon><outerBoundaryIs><LinearRing><coordinates>79.0036111111111,14.2272222222222 79.0044444444444,14.2272222222222 79.0044444444444,14.2269444444444 79.0036111111111,14.2269444444444 79.0036111111111,14.2272222222222</coordinates></LinearRing></outerBoundaryIs></Polygon><Polygon><outerBoundaryIs><LinearRing><coordinates>79.0044444444444,14.2275 79.0047222222222,14.2275 79.0047222222222,14.2272222222222 79.0044444444444,14.2272222222222 79.0044444444444,14.2275</coordinates></LinearRing></outerBoundaryIs></Polygon><Polygon><outerBoundaryIs><LinearRing><coordinates>79.005,14.2275 79.0047222222222,14.2275 79.0047222222222,14.2277777777778 79.005,14.2277777777778 79.005,14.2275</coordinates></LinearRing></outerBoundaryIs></Polygon><Polygon><outerBoundaryIs><LinearRing><coordinates>79.0077777777778,14.2311111111111 79.0077777777778,14.2313888888889 79.0083333333333,14.2313888888889 79.0083333333333,14.2311111111111 79.0077777777778,14.2311111111111</coordinates></LinearRing></outerBoundaryIs></Polygon><Polygon><outerBoundaryIs><LinearRing><coordinates>79.0072222222222,14.2316666666667 79.0075,14.2316666666667 79.0075,14.2313888888889 79.0072222222222,14.2313888888889 79.0072222222222,14.2316666666667</coordinates></LinearRing></outerBoundaryIs></Polygon><Polygon><outerBoundaryIs><LinearRing><coordinates>79.0066666666667,14.2319444444444 79.0069444444444,14.2319444444444 79.0069444444444,14.2316666666667 79.0066666666667,14.2316666666667 79.0066666666667,14.2319444444444</coordinates></LinearRing></outerBoundaryIs></Polygon><Polygon><outerBoundaryIs><LinearRing><coordinates>79.0058333333333,14.2319444444444 79.0058333333333,14.2322222222222 79.0063888888889,14.2322222222222 79.0063888888889,14.2319444444444 79.0058333333333,14.2319444444444</coordinates></LinearRing></outerBoundaryIs></Polygon><Polygon><outerBoundaryIs><LinearRing><coordinates>79.0052777777778,14.2322222222222 79.0052777777778,14.2325 79.0055555555556,14.2325 79.0055555555556,14.2322222222222 79.0052777777778,14.2322222222222</coordinates></LinearRing></outerBoundaryIs></Polygon><Polygon><outerBoundaryIs><LinearRing><coordinates>79.0044444444444,14.2325 79.0044444444444,14.2327777777778 79.0047222222222,14.2327777777778 79.0047222222222,14.2325 79.0044444444444,14.2325</coordinates></LinearRing></outerBoundaryIs></Polygon><Polygon><outerBoundaryIs><LinearRing><coordinates>79.0033333333333,14.2338888888889 79.0033333333333,14.2336111111111 79.0030555555555,14.2336111111111 79.0030555555555,14.2338888888889 79.0033333333333,14.2338888888889</coordinates></LinearRing></outerBoundaryIs></Polygon><Polygon><outerBoundaryIs><LinearRing><coordinates>79.0036111111111,14.2336111111111 79.0036111111111,14.2333333333333 79.0033333333333,14.2333333333333 79.0033333333333,14.2336111111111 79.0036111111111,14.2336111111111</coordinates></LinearRing></outerBoundaryIs></Polygon><Polygon><outerBoundaryIs><LinearRing><coordinates>79.0038888888889,14.2333333333333 79.0038888888889,14.2330555555556 79.0036111111111,14.2330555555556 79.0036111111111,14.2333333333333 79.0038888888889,14.2333333333333</coordinates></LinearRing></outerBoundaryIs></Polygon><Polygon><outerBoundaryIs><LinearRing><coordinates>79.0038888888889,14.2327777777778 79.0038888888889,14.2330555555556 79.0041666666667,14.2330555555556 79.0041666666667,14.2327777777778 79.0038888888889,14.2327777777778</coordinates></LinearRing></outerBoundaryIs></Polygon><Polygon><outerBoundaryIs><LinearRing><coordinates>79.0063888888889,14.2461111111111 79.005,14.2461111111111 79.005,14.2463888888889 79.0063888888889,14.2463888888889 79.0063888888889,14.2461111111111</coordinates></LinearRing></outerBoundaryIs></Polygon><Polygon><outerBoundaryIs><LinearRing><coordinates>79.005,14.2458333333333 79.0044444444444,14.2458333333333 79.0044444444444,14.2461111111111 79.005,14.2461111111111 79.005,14.2458333333333</coordinates></LinearRing></outerBoundaryIs></Polygon><Polygon><outerBoundaryIs><LinearRing><coordinates>79.0044444444444,14.2455555555556 79.0038888888889,14.2455555555556 79.0038888888889,14.2458333333333 79.0044444444444,14.2458333333333 79.0044444444444,14.2455555555556</coordinates></LinearRing></outerBoundaryIs></Polygon><Polygon><outerBoundaryIs><LinearRing><coordinates>79.0036111111111,14.2455555555556 79.0038888888889,14.2455555555556 79.0038888888889,14.2452777777778 79.0033333333333,14.2452777777778 79.0033333333333,14.2455555555556 79.0027777777778,14.2455555555556 79.0027777777778,14.2458333333333 79.0036111111111,14.2458333333333 79.0036111111111,14.2455555555556</coordinates></LinearRing></outerBoundaryIs></Polygon><Polygon><outerBoundaryIs><LinearRing><coordinates>79.0069444444444,14.2461111111111 79.0069444444444,14.2463888888889 79.0075,14.2463888888889 79.0075,14.2461111111111 79.0069444444444,14.2461111111111</coordinates></LinearRing></outerBoundaryIs></Polygon><Polygon><outerBoundaryIs><LinearRing><coordinates>79.0088888888889,14.2469444444444 79.0086111111111,14.2469444444444 79.0086111111111,14.2472222222222 79.0088888888889,14.2472222222222 79.0088888888889,14.2469444444444</coordinates></LinearRing></outerBoundaryIs></Polygon><Polygon><outerBoundaryIs><LinearRing><coordinates>79.0086111111111,14.2466666666667 79.0083333333333,14.2466666666667 79.0083333333333,14.2469444444444 79.0086111111111,14.2469444444444 79.0086111111111,14.2466666666667</coordinates></LinearRing></outerBoundaryIs></Polygon><Polygon><outerBoundaryIs><LinearRing><coordinates>79.0077777777778,14.2466666666667 79.0083333333333,14.2466666666667 79.0083333333333,14.2463888888889 79.0077777777778,14.2463888888889 79.0077777777778,14.2466666666667</coordinates></LinearRing></outerBoundaryIs></Polygon><Polygon><outerBoundaryIs><LinearRing><coordinates>79.0094444444444,14.2477777777778 79.0094444444444,14.2480555555556 79.01,14.2480555555556 79.01,14.2477777777778 79.0094444444444,14.2477777777778</coordinates></LinearRing></outerBoundaryIs></Polygon><Polygon><outerBoundaryIs><LinearRing><coordinates>79.0094444444444,14.2477777777778 79.0094444444444,14.2475 79.0088888888889,14.2475 79.0088888888889,14.2477777777778 79.0094444444444,14.2477777777778</coordinates></LinearRing></outerBoundaryIs></Polygon><Polygon><outerBoundaryIs><LinearRing><coordinates>79.0105555555556,14.2488888888889 79.0105555555556,14.2491666666667 79.0108333333333,14.2491666666667 79.0108333333333,14.2488888888889 79.0105555555556,14.2488888888889</coordinates></LinearRing></outerBoundaryIs></Polygon><Polygon><outerBoundaryIs><LinearRing><coordinates>79.0102777777778,14.2486111111111 79.0102777777778,14.2488888888889 79.0105555555556,14.2488888888889 79.0105555555556,14.2486111111111 79.0102777777778,14.2486111111111</coordinates></LinearRing></outerBoundaryIs></Polygon><Polygon><outerBoundaryIs><LinearRing><coordinates>79.0102777777778,14.2486111111111 79.0102777777778,14.2483333333333 79.01,14.2483333333333 79.01,14.2486111111111 79.0102777777778,14.2486111111111</coordinates></LinearRing></outerBoundaryIs></Polygon><Polygon><outerBoundaryIs><LinearRing><coordinates>79.0033333333333,14.2494444444444 79.0033333333333,14.2497222222222 79.0036111111111,14.2497222222222 79.0036111111111,14.2494444444444 79.0033333333333,14.2494444444444</coordinates></LinearRing></outerBoundaryIs></Polygon><Polygon><outerBoundaryIs><LinearRing><coordinates>79.0038888888889,14.2497222222222 79.0038888888889,14.25 79.0041666666667,14.25 79.0041666666667,14.2497222222222 79.0038888888889,14.2497222222222</coordinates></LinearRing></outerBoundaryIs></Polygon><Polygon><outerBoundaryIs><LinearRing><coordinates>79.0044444444444,14.25 79.0044444444444,14.2502777777778 79.0052777777778,14.2502777777778 79.0052777777778,14.25 79.0044444444444,14.25</coordinates></LinearRing></outerBoundaryIs></Polygon><Polygon><outerBoundaryIs><LinearRing><coordinates>79.0069444444444,14.2505555555556 79.0066666666667,14.2505555555556 79.0066666666667,14.2508333333333 79.0069444444444,14.2508333333333 79.0069444444444,14.2505555555556</coordinates></LinearRing></outerBoundaryIs></Polygon><Polygon><outerBoundaryIs><LinearRing><coordinates>79.0063888888889,14.2505555555556 79.0066666666667,14.2505555555556 79.0066666666667,14.2502777777778 79.0063888888889,14.2502777777778 79.0063888888889,14.2505555555556</coordinates></LinearRing></outerBoundaryIs></Polygon><Polygon><outerBoundaryIs><LinearRing><coordinates>79.0105555555556,14.2519444444444 79.0105555555556,14.2525 79.0108333333333,14.2525 79.0108333333333,14.2519444444444 79.0105555555556,14.2519444444444</coordinates></LinearRing></outerBoundaryIs></Polygon><Polygon><outerBoundaryIs><LinearRing><coordinates>79.0102777777778,14.2530555555556 79.0102777777778,14.2536111111111 79.0105555555556,14.2536111111111 79.0105555555556,14.2530555555556 79.0102777777778,14.2530555555556</coordinates></LinearRing></outerBoundaryIs></Polygon><Polygon><outerBoundaryIs><LinearRing><coordinates>79.01,14.2538888888889 79.01,14.2541666666667 79.0102777777778,14.2541666666667 79.0102777777778,14.2538888888889 79.01,14.2538888888889</coordinates></LinearRing></outerBoundaryIs></Polygon><Polygon><outerBoundaryIs><LinearRing><coordinates>79.0033333333333,14.2566666666667 79.0030555555555,14.2566666666667 79.0030555555555,14.2569444444444 79.0033333333333,14.2569444444444 79.0033333333333,14.2575 79.0036111111111,14.2575 79.0036111111111,14.2577777777778 79.0038888888889,14.2577777777778 79.0038888888889,14.2572222222222 79.0036111111111,14.2572222222222 79.0036111111111,14.2563888888889 79.0038888888889,14.2563888888889 79.0038888888889,14.2561111111111 79.005,14.2561111111111 79.005,14.2558333333333 79.0052777777778,14.2558333333333 79.0052777777778,14.2552777777778 79.005,14.2552777777778 79.005,14.2555555555556 79.0047222222222,14.2555555555556 79.0047222222222,14.2558333333333 79.0036111111111,14.2558333333333 79.0036111111111,14.2561111111111 79.0033333333333,14.2561111111111 79.0033333333333,14.2566666666667</coordinates></LinearRing></outerBoundaryIs></Polygon><Polygon><outerBoundaryIs><LinearRing><coordinates>79.0055555555556,14.2541666666667 79.0052777777778,14.2541666666667 79.0052777777778,14.2552777777778 79.0055555555556,14.2552777777778 79.0055555555556,14.2541666666667</coordinates></LinearRing></outerBoundaryIs></Polygon><Polygon><outerBoundaryIs><LinearRing><coordinates>79.0055555555556,14.2541666666667 79.0058333333333,14.2541666666667 79.0058333333333,14.2536111111111 79.0061111111111,14.2536111111111 79.0061111111111,14.2530555555556 79.0063888888889,14.2530555555556 79.0063888888889,14.2527777777778 79.0066666666667,14.2527777777778 79.0066666666667,14.2516666666667 79.0063888888889,14.2516666666667 79.0063888888889,14.2519444444444 79.0061111111111,14.2519444444444 79.0061111111111,14.2525 79.0058333333333,14.2525 79.0058333333333,14.2533333333333 79.0055555555556,14.2533333333333 79.0055555555556,14.2541666666667</coordinates></LinearRing></outerBoundaryIs></Polygon><Polygon><outerBoundaryIs><LinearRing><coordinates>79.0069444444444,14.2513888888889 79.0066666666667,14.2513888888889 79.0066666666667,14.2516666666667 79.0069444444444,14.2516666666667 79.0069444444444,14.2513888888889</coordinates></LinearRing></outerBoundaryIs></Polygon><Polygon><outerBoundaryIs><LinearRing><coordinates>79.0069444444444,14.2513888888889 79.0072222222222,14.2513888888889 79.0072222222222,14.2511111111111 79.0069444444444,14.2511111111111 79.0069444444444,14.2513888888889</coordinates></LinearRing></outerBoundaryIs></Polygon><Polygon><outerBoundaryIs><LinearRing><coordinates>79.0097222222222,14.2547222222222 79.01,14.2547222222222 79.01,14.2544444444444 79.0097222222222,14.2544444444444 79.0097222222222,14.2547222222222</coordinates></LinearRing></outerBoundaryIs></Polygon><Polygon><outerBoundaryIs><LinearRing><coordinates>79.0086111111111,14.2566666666667 79.0086111111111,14.2563888888889 79.0083333333333,14.2563888888889 79.0083333333333,14.2566666666667 79.0086111111111,14.2566666666667</coordinates></LinearRing></outerBoundaryIs></Polygon><Polygon><outerBoundaryIs><LinearRing><coordinates>79.0088888888889,14.2563888888889 79.0088888888889,14.2561111111111 79.0086111111111,14.2561111111111 79.0086111111111,14.2563888888889 79.0088888888889,14.2563888888889</coordinates></LinearRing></outerBoundaryIs></Polygon><Polygon><outerBoundaryIs><LinearRing><coordinates>79.0094444444444,14.2558333333333 79.0094444444444,14.2552777777778 79.0091666666667,14.2552777777778 79.0091666666667,14.2555555555556 79.0088888888889,14.2555555555556 79.0088888888889,14.2561111111111 79.0091666666667,14.2561111111111 79.0091666666667,14.2558333333333 79.0094444444444,14.2558333333333</coordinates></LinearRing></outerBoundaryIs></Polygon><Polygon><outerBoundaryIs><LinearRing><coordinates>79.0094444444444,14.255 79.0094444444444,14.2552777777778 79.0097222222222,14.2552777777778 79.0097222222222,14.255 79.0094444444444,14.255</coordinates></LinearRing></outerBoundaryIs></Polygon><Polygon><outerBoundaryIs><LinearRing><coordinates>79.0080555555556,14.2569444444444 79.0080555555556,14.2572222222222 79.0083333333333,14.2572222222222 79.0083333333333,14.2569444444444 79.0080555555556,14.2569444444444</coordinates></LinearRing></outerBoundaryIs></Polygon><Polygon><outerBoundaryIs><LinearRing><coordinates>79.0033333333333,14.2588888888889 79.0033333333333,14.2583333333333 79.0030555555555,14.2583333333333 79.0030555555555,14.2588888888889 79.0033333333333,14.2588888888889</coordinates></LinearRing></outerBoundaryIs></Polygon><Polygon><outerBoundaryIs><LinearRing><coordinates>79.0033333333333,14.2580555555556 79.0033333333333,14.2583333333333 79.0036111111111,14.2583333333333 79.0036111111111,14.2580555555556 79.0033333333333,14.2580555555556</coordinates></LinearRing></outerBoundaryIs></Polygon><Polygon><outerBoundaryIs><LinearRing><coordinates>79.0061111111111,14.2625 79.0058333333333,14.2625 79.0058333333333,14.2644444444444 79.0061111111111,14.2644444444444 79.0061111111111,14.2625</coordinates></LinearRing></outerBoundaryIs></Polygon><Polygon><outerBoundaryIs><LinearRing><coordinates>79.0063888888889,14.2622222222222 79.0061111111111,14.2622222222222 79.0061111111111,14.2625 79.0063888888889,14.2625 79.0063888888889,14.2622222222222</coordinates></LinearRing></outerBoundaryIs></Polygon><Polygon><outerBoundaryIs><LinearRing><coordinates>79.0086111111111,14.2594444444444 79.0083333333333,14.2594444444444 79.0083333333333,14.2575 79.0080555555556,14.2575 79.0080555555556,14.26 79.0083333333333,14.26 79.0083333333333,14.2605555555556 79.0080555555556,14.2605555555556 79.0080555555556,14.2608333333333 79.0066666666667,14.2608333333333 79.0066666666667,14.2611111111111 79.0063888888889,14.2611111111111 79.0063888888889,14.2622222222222 79.0066666666667,14.2622222222222 79.0066666666667,14.2613888888889 79.0080555555556,14.2613888888889 79.0080555555556,14.2611111111111 79.0083333333333,14.2611111111111 79.0083333333333,14.2608333333333 79.0086111111111,14.2608333333333 79.0086111111111,14.2594444444444</coordinates></LinearRing></outerBoundaryIs></Polygon><Polygon><outerBoundaryIs><LinearRing><coordinates>79.0088888888889,14.2652777777778 79.0094444444444,14.2652777777778 79.0094444444444,14.265 79.0088888888889,14.265 79.0088888888889,14.2652777777778</coordinates></LinearRing></outerBoundaryIs></Polygon><Polygon><outerBoundaryIs><LinearRing><coordinates>79.0061111111111,14.2663888888889 79.0063888888889,14.2663888888889 79.0063888888889,14.2666666666667 79.0066666666667,14.2666666666667 79.0066666666667,14.2661111111111 79.0061111111111,14.2661111111111 79.0061111111111,14.2663888888889</coordinates></LinearRing></outerBoundaryIs></Polygon><Polygon><outerBoundaryIs><LinearRing><coordinates>79.0058333333333,14.2661111111111 79.0061111111111,14.2661111111111 79.0061111111111,14.2655555555556 79.0058333333333,14.2655555555556 79.0058333333333,14.2661111111111</coordinates></LinearRing></outerBoundaryIs></Polygon><Polygon><outerBoundaryIs><LinearRing><coordinates>79.0069444444444,14.2661111111111 79.0069444444444,14.2652777777778 79.0066666666667,14.2652777777778 79.0066666666667,14.2661111111111 79.0069444444444,14.2661111111111</coordinates></LinearRing></outerBoundaryIs></Polygon><Polygon><outerBoundaryIs><LinearRing><coordinates>79.0069444444444,14.2647222222222 79.0069444444444,14.2652777777778 79.0072222222222,14.2652777777778 79.0072222222222,14.265 79.0075,14.265 79.0075,14.2647222222222 79.0069444444444,14.2647222222222</coordinates></LinearRing></outerBoundaryIs></Polygon><Polygon><outerBoundaryIs><LinearRing><coordinates>79.0075,14.2647222222222 79.0083333333333,14.2647222222222 79.0083333333333,14.2644444444444 79.0075,14.2644444444444 79.0075,14.2647222222222</coordinates></LinearRing></outerBoundaryIs></Polygon><Polygon><outerBoundaryIs><LinearRing><coordinates>79.0086111111111,14.2647222222222 79.0083333333333,14.2647222222222 79.0083333333333,14.265 79.0086111111111,14.265 79.0086111111111,14.2647222222222</coordinates></LinearRing></outerBoundaryIs></Polygon><Polygon><outerBoundaryIs><LinearRing><coordinates>79.0033333333333,14.27 79.0030555555555,14.27 79.0030555555555,14.2702777777778 79.0033333333333,14.2702777777778 79.0033333333333,14.27</coordinates></LinearRing></outerBoundaryIs></Polygon><Polygon><outerBoundaryIs><LinearRing><coordinates>79.0027777777778,14.27 79.0030555555555,14.27 79.0030555555555,14.2697222222222 79.0027777777778,14.2697222222222 79.0027777777778,14.27</coordinates></LinearRing></outerBoundaryIs></Polygon><Polygon><outerBoundaryIs><LinearRing><coordinates>79.0036111111111,14.2702777777778 79.0036111111111,14.2705555555556 79.0038888888889,14.2705555555556 79.0038888888889,14.2702777777778 79.0036111111111,14.2702777777778</coordinates></LinearRing></outerBoundaryIs></Polygon><Polygon><outerBoundaryIs><LinearRing><coordinates>79.0058333333333,14.2708333333333 79.0086111111111,14.2708333333333 79.0086111111111,14.2705555555556 79.0058333333333,14.2705555555556 79.0058333333333,14.2708333333333</coordinates></LinearRing></outerBoundaryIs></Polygon><Polygon><outerBoundaryIs><LinearRing><coordinates>79.0044444444444,14.2708333333333 79.005,14.2708333333333 79.005,14.2705555555556 79.0044444444444,14.2705555555556 79.0044444444444,14.2708333333333</coordinates></LinearRing></outerBoundaryIs></Polygon><Polygon><outerBoundaryIs><LinearRing><coordinates>79.01,14.2708333333333 79.01,14.2711111111111 79.0116666666667,14.2711111111111 79.0116666666667,14.2708333333333 79.01,14.2708333333333</coordinates></LinearRing></outerBoundaryIs></Polygon><Polygon><outerBoundaryIs><LinearRing><coordinates>79.0169444444444,14.2141666666667 79.0169444444444,14.2144444444444 79.0175,14.2144444444444 79.0175,14.2141666666667 79.0169444444444,14.2141666666667</coordinates></LinearRing></outerBoundaryIs></Polygon><Polygon><outerBoundaryIs><LinearRing><coordinates>79.02,14.2155555555556 79.0197222222222,14.2155555555556 79.0197222222222,14.2163888888889 79.02,14.2163888888889 79.02,14.2155555555556</coordinates></LinearRing></outerBoundaryIs></Polygon><Polygon><outerBoundaryIs><LinearRing><coordinates>79.0197222222222,14.2152777777778 79.0194444444444,14.2152777777778 79.0194444444444,14.2155555555556 79.0197222222222,14.2155555555556 79.0197222222222,14.2152777777778</coordinates></LinearRing></outerBoundaryIs></Polygon><Polygon><outerBoundaryIs><LinearRing><coordinates>79.0194444444444,14.215 79.0191666666667,14.215 79.0191666666667,14.2152777777778 79.0194444444444,14.2152777777778 79.0194444444444,14.215</coordinates></LinearRing></outerBoundaryIs></Polygon><Polygon><outerBoundaryIs><LinearRing><coordinates>79.0191666666667,14.2147222222222 79.0186111111111,14.2147222222222 79.0186111111111,14.215 79.0191666666667,14.215 79.0191666666667,14.2147222222222</coordinates></LinearRing></outerBoundaryIs></Polygon><Polygon><outerBoundaryIs><LinearRing><coordinates>79.0186111111111,14.2144444444444 79.0183333333333,14.2144444444444 79.0183333333333,14.2147222222222 79.0186111111111,14.2147222222222 79.0186111111111,14.2144444444444</coordinates></LinearRing></outerBoundaryIs></Polygon><Polygon><outerBoundaryIs><LinearRing><coordinates>79.0177777777778,14.2144444444444 79.0183333333333,14.2144444444444 79.0183333333333,14.2141666666667 79.0177777777778,14.2141666666667 79.0177777777778,14.2144444444444</coordinates></LinearRing></outerBoundaryIs></Polygon><Polygon><outerBoundaryIs><LinearRing><coordinates>79.0147222222222,14.2191666666667 79.0147222222222,14.2183333333333 79.0144444444445,14.2183333333333 79.0144444444445,14.2191666666667 79.0147222222222,14.2191666666667</coordinates></LinearRing></outerBoundaryIs></Polygon><Polygon><outerBoundaryIs><LinearRing><coordinates>79.015,14.2175 79.0147222222222,14.2175 79.0147222222222,14.2183333333333 79.015,14.2183333333333 79.015,14.2175</coordinates></LinearRing></outerBoundaryIs></Polygon><Polygon><outerBoundaryIs><LinearRing><coordinates>79.0144444444445,14.2152777777778 79.0144444444445,14.2155555555556 79.0141666666667,14.2155555555556 79.0141666666667,14.2158333333333 79.0138888888889,14.2158333333333 79.0138888888889,14.2166666666667 79.0141666666667,14.2166666666667 79.0141666666667,14.2172222222222 79.0144444444445,14.2172222222222 79.0144444444445,14.2175 79.0147222222222,14.2175 79.0147222222222,14.2169444444444 79.0144444444445,14.2169444444444 79.0144444444445,14.2161111111111 79.0147222222222,14.2161111111111 79.0147222222222,14.2158333333333 79.015,14.2158333333333 79.015,14.2155555555556 79.0155555555556,14.2155555555556 79.0155555555556,14.2158333333333 79.0158333333333,14.2158333333333 79.0158333333333,14.2155555555556 79.0161111111111,14.2155555555556 79.0161111111111,14.215 79.0158333333333,14.215 79.0158333333333,14.2152777777778 79.0152777777778,14.2152777777778 79.0152777777778,14.215 79.015,14.215 79.015,14.2152777777778 79.0144444444445,14.2152777777778</coordinates></LinearRing></outerBoundaryIs></Polygon><Polygon><outerBoundaryIs><LinearRing><coordinates>79.0163888888889,14.215 79.0163888888889,14.2147222222222 79.0161111111111,14.2147222222222 79.0161111111111,14.215 79.0163888888889,14.215</coordinates></LinearRing></outerBoundaryIs></Polygon><Polygon><outerBoundaryIs><LinearRing><coordinates>79.0163888888889,14.2144444444444 79.0163888888889,14.2147222222222 79.0166666666667,14.2147222222222 79.0166666666667,14.2144444444444 79.0163888888889,14.2144444444444</coordinates></LinearRing></outerBoundaryIs></Polygon><Polygon><outerBoundaryIs><LinearRing><coordinates>79.0194444444444,14.2175 79.0194444444444,14.2172222222222 79.0191666666667,14.2172222222222 79.0191666666667,14.2175 79.0194444444444,14.2175</coordinates></LinearRing></outerBoundaryIs></Polygon><Polygon><outerBoundaryIs><LinearRing><coordinates>79.0194444444444,14.2166666666667 79.0194444444444,14.2172222222222 79.0197222222222,14.2172222222222 79.0197222222222,14.2166666666667 79.0194444444444,14.2166666666667</coordinates></LinearRing></outerBoundaryIs></Polygon><Polygon><outerBoundaryIs><LinearRing><coordinates>79.0194444444444,14.2183333333333 79.0194444444444,14.2194444444444 79.0197222222222,14.2194444444444 79.0197222222222,14.2180555555556 79.0194444444444,14.2180555555556 79.0194444444444,14.2177777777778 79.0191666666667,14.2177777777778 79.0191666666667,14.2183333333333 79.0194444444444,14.2183333333333</coordinates></LinearRing></outerBoundaryIs></Polygon><Polygon><outerBoundaryIs><LinearRing><coordinates>79.0141666666667,14.2197222222222 79.0141666666667,14.22 79.0144444444445,14.22 79.0144444444445,14.2197222222222 79.0141666666667,14.2197222222222</coordinates></LinearRing></outerBoundaryIs></Polygon><Polygon><outerBoundaryIs><LinearRing><coordinates>79.0138888888889,14.2205555555556 79.0141666666667,14.2205555555556 79.0141666666667,14.2202777777778 79.0138888888889,14.2202777777778 79.0138888888889,14.2205555555556</coordinates></LinearRing></outerBoundaryIs></Polygon><Polygon><outerBoundaryIs><LinearRing><coordinates>79.0183333333333,14.2213888888889 79.0180555555555,14.2213888888889 79.0180555555555,14.2216666666667 79.0183333333333,14.2216666666667 79.0183333333333,14.2213888888889</coordinates></LinearRing></outerBoundaryIs></Polygon><Polygon><outerBoundaryIs><LinearRing><coordinates>79.0186111111111,14.2211111111111 79.0183333333333,14.2211111111111 79.0183333333333,14.2213888888889 79.0186111111111,14.2213888888889 79.0186111111111,14.2211111111111</coordinates></LinearRing></outerBoundaryIs></Polygon><Polygon><outerBoundaryIs><LinearRing><coordinates>79.0188888888889,14.2205555555556 79.0186111111111,14.2205555555556 79.0186111111111,14.2211111111111 79.0188888888889,14.2211111111111 79.0188888888889,14.2205555555556</coordinates></LinearRing></outerBoundaryIs></Polygon><Polygon><outerBoundaryIs><LinearRing><coordinates>79.0191666666667,14.2202777777778 79.0188888888889,14.2202777777778 79.0188888888889,14.2205555555556 79.0191666666667,14.2205555555556 79.0191666666667,14.2202777777778</coordinates></LinearRing></outerBoundaryIs></Polygon><Polygon><outerBoundaryIs><LinearRing><coordinates>79.0191666666667,14.2202777777778 79.0194444444444,14.2202777777778 79.0194444444444,14.2197222222222 79.0191666666667,14.2197222222222 79.0191666666667,14.2202777777778</coordinates></LinearRing></outerBoundaryIs></Polygon><Polygon><outerBoundaryIs><LinearRing><coordinates>79.0136111111111,14.2213888888889 79.0136111111111,14.2211111111111 79.0133333333333,14.2211111111111 79.0133333333333,14.2213888888889 79.0136111111111,14.2213888888889</coordinates></LinearRing></outerBoundaryIs></Polygon><Polygon><outerBoundaryIs><LinearRing><coordinates>79.0136111111111,14.2208333333333 79.0136111111111,14.2211111111111 79.0138888888889,14.2211111111111 79.0138888888889,14.2208333333333 79.0136111111111,14.2208333333333</coordinates></LinearRing></outerBoundaryIs></Polygon><Polygon><outerBoundaryIs><LinearRing><coordinates>79.0127777777778,14.2219444444444 79.0127777777778,14.2222222222222 79.0130555555556,14.2222222222222 79.0130555555556,14.2219444444444 79.0127777777778,14.2219444444444</coordinates></LinearRing></outerBoundaryIs></Polygon><Polygon><outerBoundaryIs><LinearRing><coordinates>79.0125,14.2225 79.0125,14.2227777777778 79.0127777777778,14.2227777777778 79.0127777777778,14.2225 79.0125,14.2225</coordinates></LinearRing></outerBoundaryIs></Polygon><Polygon><outerBoundaryIs><LinearRing><coordinates>79.0122222222222,14.2230555555556 79.0122222222222,14.2233333333333 79.0125,14.2233333333333 79.0125,14.2230555555556 79.0122222222222,14.2230555555556</coordinates></LinearRing></outerBoundaryIs></Polygon><Polygon><outerBoundaryIs><LinearRing><coordinates>79.0119444444444,14.2238888888889 79.0119444444444,14.2241666666667 79.0122222222222,14.2241666666667 79.0122222222222,14.2238888888889 79.0119444444444,14.2238888888889</coordinates></LinearRing></outerBoundaryIs></Polygon><Polygon><outerBoundaryIs><LinearRing><coordinates>79.0216666666667,14.2261111111111 79.0219444444444,14.2261111111111 79.0219444444444,14.2244444444444 79.0216666666667,14.2244444444444 79.0216666666667,14.2241666666667 79.0197222222222,14.2241666666667 79.0197222222222,14.2238888888889 79.0186111111111,14.2238888888889 79.0186111111111,14.2236111111111 79.0183333333333,14.2236111111111 79.0183333333333,14.2233333333333 79.0169444444444,14.2233333333333 79.0169444444444,14.2236111111111 79.0175,14.2236111111111 79.0175,14.2238888888889 79.0177777777778,14.2238888888889 79.0177777777778,14.2241666666667 79.0186111111111,14.2241666666667 79.0186111111111,14.2244444444444 79.0208333333333,14.2244444444444 79.0208333333333,14.2247222222222 79.0213888888889,14.2247222222222 79.0213888888889,14.225 79.0216666666667,14.225 79.0216666666667,14.2252777777778 79.0213888888889,14.2252777777778 79.0213888888889,14.2258333333333 79.0211111111111,14.2258333333333 79.0211111111111,14.2261111111111 79.0202777777778,14.2261111111111 79.0202777777778,14.2263888888889 79.0188888888889,14.2263888888889 79.0188888888889,14.2261111111111 79.0186111111111,14.2261111111111 79.0186111111111,14.2263888888889 79.0175,14.2263888888889 79.0175,14.2266666666667 79.0169444444444,14.2266666666667 79.0169444444444,14.2269444444444 79.0177777777778,14.2269444444444 79.0177777777778,14.2266666666667 79.0208333333333,14.2266666666667 79.0208333333333,14.2263888888889 79.0216666666667,14.2263888888889 79.0216666666667,14.2261111111111</coordinates></LinearRing></outerBoundaryIs></Polygon><Polygon><outerBoundaryIs><LinearRing><coordinates>79.0169444444444,14.2263888888889 79.0163888888889,14.2263888888889 79.0163888888889,14.2266666666667 79.0169444444444,14.2266666666667 79.0169444444444,14.2263888888889</coordinates></LinearRing></outerBoundaryIs></Polygon><Polygon><outerBoundaryIs><LinearRing><coordinates>79.0163888888889,14.2261111111111 79.0161111111111,14.2261111111111 79.0161111111111,14.2263888888889 79.0163888888889,14.2263888888889 79.0163888888889,14.2261111111111</coordinates></LinearRing></outerBoundaryIs></Polygon><Polygon><outerBoundaryIs><LinearRing><coordinates>79.0155555555556,14.2258333333333 79.0158333333333,14.2258333333333 79.0158333333333,14.2261111111111 79.0161111111111,14.2261111111111 79.0161111111111,14.2255555555556 79.0158333333333,14.2255555555556 79.0158333333333,14.2252777777778 79.015,14.2252777777778 79.015,14.2255555555556 79.0155555555556,14.2255555555556 79.0155555555556,14.2258333333333</coordinates></LinearRing></outerBoundaryIs></Polygon><Polygon><outerBoundaryIs><LinearRing><coordinates>79.0169444444444,14.2233333333333 79.0169444444444,14.2230555555556 79.0166666666667,14.2230555555556 79.0166666666667,14.2233333333333 79.0169444444444,14.2233333333333</coordinates></LinearRing></outerBoundaryIs></Polygon><Polygon><outerBoundaryIs><LinearRing><coordinates>79.0172222222222,14.2230555555556 79.0172222222222,14.2227777777778 79.0169444444444,14.2227777777778 79.0169444444444,14.2230555555556 79.0172222222222,14.2230555555556</coordinates></LinearRing></outerBoundaryIs></Polygon><Polygon><outerBoundaryIs><LinearRing><coordinates>79.0175,14.2227777777778 79.0175,14.2225 79.0172222222222,14.2225 79.0172222222222,14.2227777777778 79.0175,14.2227777777778</coordinates></LinearRing></outerBoundaryIs></Polygon><Polygon><outerBoundaryIs><LinearRing><coordinates>79.0177777777778,14.2225 79.0177777777778,14.2222222222222 79.0175,14.2222222222222 79.0175,14.2225 79.0177777777778,14.2225</coordinates></LinearRing></outerBoundaryIs></Polygon><Polygon><outerBoundaryIs><LinearRing><coordinates>79.0177777777778,14.2219444444444 79.0177777777778,14.2222222222222 79.0180555555555,14.2222222222222 79.0180555555555,14.2219444444444 79.0177777777778,14.2219444444444</coordinates></LinearRing></outerBoundaryIs></Polygon><Polygon><outerBoundaryIs><LinearRing><coordinates>79.0116666666667,14.225 79.0116666666667,14.2247222222222 79.0113888888889,14.2247222222222 79.0113888888889,14.225 79.0116666666667,14.225</coordinates></LinearRing></outerBoundaryIs></Polygon><Polygon><outerBoundaryIs><LinearRing><coordinates>79.0116666666667,14.2244444444444 79.0116666666667,14.2247222222222 79.0119444444444,14.2247222222222 79.0119444444444,14.2244444444444 79.0116666666667,14.2244444444444</coordinates></LinearRing></outerBoundaryIs></Polygon><Polygon><outerBoundaryIs><LinearRing><coordinates>79.0108333333333,14.2258333333333 79.0111111111111,14.2258333333333 79.0111111111111,14.2255555555556 79.0108333333333,14.2255555555556 79.0108333333333,14.2258333333333</coordinates></LinearRing></outerBoundaryIs></Polygon><Polygon><outerBoundaryIs><LinearRing><coordinates>79.0127777777778,14.2277777777778 79.0125,14.2277777777778 79.0125,14.2280555555556 79.0127777777778,14.2280555555556 79.0127777777778,14.2277777777778</coordinates></LinearRing></outerBoundaryIs></Polygon><Polygon><outerBoundaryIs><LinearRing><coordinates>79.0130555555556,14.2275 79.0127777777778,14.2275 79.0127777777778,14.2277777777778 79.0130555555556,14.2277777777778 79.0130555555556,14.2275</coordinates></LinearRing></outerBoundaryIs></Polygon><Polygon><outerBoundaryIs><LinearRing><coordinates>79.0133333333333,14.2272222222222 79.0130555555556,14.2272222222222 79.0130555555556,14.2275 79.0133333333333,14.2275 79.0133333333333,14.2272222222222</coordinates></LinearRing></outerBoundaryIs></Polygon><Polygon><outerBoundaryIs><LinearRing><coordinates>79.0136111111111,14.2269444444444 79.0133333333333,14.2269444444444 79.0133333333333,14.2272222222222 79.0136111111111,14.2272222222222 79.0136111111111,14.2269444444444</coordinates></LinearRing></outerBoundaryIs></Polygon><Polygon><outerBoundaryIs><LinearRing><coordinates>79.0138888888889,14.2266666666667 79.0136111111111,14.2266666666667 79.0136111111111,14.2269444444444 79.0138888888889,14.2269444444444 79.0138888888889,14.2266666666667</coordinates></LinearRing></outerBoundaryIs></Polygon><Polygon><outerBoundaryIs><LinearRing><coordinates>79.0138888888889,14.2266666666667 79.0141666666667,14.2266666666667 79.0141666666667,14.2263888888889 79.0138888888889,14.2263888888889 79.0138888888889,14.2266666666667</coordinates></LinearRing></outerBoundaryIs></Polygon><Polygon><outerBoundaryIs><LinearRing><coordinates>79.0119444444444,14.2286111111111 79.0119444444444,14.2288888888889 79.0122222222222,14.2288888888889 79.0122222222222,14.2286111111111 79.0119444444444,14.2286111111111</coordinates></LinearRing></outerBoundaryIs></Polygon><Polygon><outerBoundaryIs><LinearRing><coordinates>79.0119444444444,14.2319444444444 79.0122222222222,14.2319444444444 79.0122222222222,14.2316666666667 79.0130555555556,14.2316666666667 79.0130555555556,14.2313888888889 79.0133333333333,14.2313888888889 79.0133333333333,14.2311111111111 79.0136111111111,14.2311111111111 79.0136111111111,14.2302777777778 79.0133333333333,14.2302777777778 79.0133333333333,14.2297222222222 79.0127777777778,14.2297222222222 79.0127777777778,14.2294444444444 79.0113888888889,14.2294444444444 79.0113888888889,14.2291666666667 79.0111111111111,14.2291666666667 79.0111111111111,14.2294444444444 79.0108333333333,14.2294444444444 79.0108333333333,14.23 79.0113888888889,14.23 79.0113888888889,14.2302777777778 79.0116666666667,14.2302777777778 79.0116666666667,14.2305555555556 79.0119444444444,14.2305555555556 79.0119444444444,14.2311111111111 79.0116666666667,14.2311111111111 79.0116666666667,14.2316666666667 79.0102777777778,14.2316666666667 79.0102777777778,14.2313888888889 79.01,14.2313888888889 79.01,14.2311111111111 79.0094444444444,14.2311111111111 79.0094444444444,14.2316666666667 79.0097222222222,14.2316666666667 79.0097222222222,14.2319444444444 79.01,14.2319444444444 79.01,14.2322222222222 79.0119444444444,14.2322222222222 79.0119444444444,14.2319444444444</coordinates></LinearRing></outerBoundaryIs></Polygon><Polygon><outerBoundaryIs><LinearRing><coordinates>79.0086111111111,14.2311111111111 79.0094444444444,14.2311111111111 79.0094444444444,14.2308333333333 79.0086111111111,14.2308333333333 79.0086111111111,14.2311111111111</coordinates></LinearRing></outerBoundaryIs></Polygon><Polygon><outerBoundaryIs><LinearRing><coordinates>79.0113888888889,14.2288888888889 79.0113888888889,14.2291666666667 79.0116666666667,14.2291666666667 79.0116666666667,14.2288888888889 79.0113888888889,14.2288888888889</coordinates></LinearRing></outerBoundaryIs></Polygon><Polygon><outerBoundaryIs><LinearRing><coordinates>79.0111111111111,14.2497222222222 79.0111111111111,14.2505555555556 79.0113888888889,14.2505555555556 79.0113888888889,14.2497222222222 79.0111111111111,14.2497222222222</coordinates></LinearRing></outerBoundaryIs></Polygon><Polygon><outerBoundaryIs><LinearRing><coordinates>79.0108333333333,14.2511111111111 79.0108333333333,14.2516666666667 79.0111111111111,14.2516666666667 79.0111111111111,14.2511111111111 79.0108333333333,14.2511111111111</coordinates></LinearRing></outerBoundaryIs></Polygon><Polygon><outerBoundaryIs><LinearRing><coordinates>79.0255555555556,14.2619444444444 79.0255555555556,14.2622222222222 79.0263888888889,14.2622222222222 79.0263888888889,14.2619444444444 79.0255555555556,14.2619444444444</coordinates></LinearRing></outerBoundaryIs></Polygon><Polygon><outerBoundaryIs><LinearRing><coordinates>79.0188888888889,14.2647222222222 79.0188888888889,14.2644444444444 79.0183333333333,14.2644444444444 79.0183333333333,14.2647222222222 79.0188888888889,14.2647222222222</coordinates></LinearRing></outerBoundaryIs></Polygon><Polygon><outerBoundaryIs><LinearRing><coordinates>79.0208333333333,14.2613888888889 79.0205555555556,14.2613888888889 79.0205555555556,14.2611111111111 79.0191666666667,14.2611111111111 79.0191666666667,14.2613888888889 79.0186111111111,14.2613888888889 79.0186111111111,14.2616666666667 79.0183333333333,14.2616666666667 79.0183333333333,14.2622222222222 79.0180555555555,14.2622222222222 79.0180555555555,14.2627777777778 79.0183333333333,14.2627777777778 79.0183333333333,14.2633333333333 79.0186111111111,14.2633333333333 79.0186111111111,14.2638888888889 79.0188888888889,14.2638888888889 79.0188888888889,14.2644444444444 79.0194444444444,14.2644444444444 79.0194444444444,14.2636111111111 79.0191666666667,14.2636111111111 79.0191666666667,14.2630555555556 79.0188888888889,14.2630555555556 79.0188888888889,14.2627777777778 79.0186111111111,14.2627777777778 79.0186111111111,14.2622222222222 79.0188888888889,14.2622222222222 79.0188888888889,14.2619444444444 79.0191666666667,14.2619444444444 79.0191666666667,14.2616666666667 79.02,14.2616666666667 79.02,14.2619444444444 79.0205555555556,14.2619444444444 79.0205555555556,14.2625 79.0208333333333,14.2625 79.0208333333333,14.2633333333333 79.0211111111111,14.2633333333333 79.0211111111111,14.2636111111111 79.0216666666667,14.2636111111111 79.0216666666667,14.2633333333333 79.0213888888889,14.2633333333333 79.0213888888889,14.2619444444444 79.0211111111111,14.2619444444444 79.0211111111111,14.2616666666667 79.0208333333333,14.2616666666667 79.0208333333333,14.2613888888889</coordinates></LinearRing></outerBoundaryIs></Polygon><Polygon><outerBoundaryIs><LinearRing><coordinates>79.0225,14.2638888888889 79.0225,14.2636111111111 79.0216666666667,14.2636111111111 79.0216666666667,14.2638888888889 79.0225,14.2638888888889</coordinates></LinearRing></outerBoundaryIs></Polygon><Polygon><outerBoundaryIs><LinearRing><coordinates>79.0227777777778,14.2633333333333 79.0225,14.2633333333333 79.0225,14.2636111111111 79.0227777777778,14.2636111111111 79.0227777777778,14.2633333333333</coordinates></LinearRing></outerBoundaryIs></Polygon><Polygon><outerBoundaryIs><LinearRing><coordinates>79.0225,14.2608333333333 79.0222222222222,14.2608333333333 79.0222222222222,14.2611111111111 79.0219444444444,14.2611111111111 79.0219444444444,14.2627777777778 79.0222222222222,14.2627777777778 79.0222222222222,14.2633333333333 79.0225,14.2633333333333 79.0225,14.2613888888889 79.0227777777778,14.2613888888889 79.0227777777778,14.2611111111111 79.0236111111111,14.2611111111111 79.0236111111111,14.2613888888889 79.0238888888889,14.2613888888889 79.0238888888889,14.2619444444444 79.0241666666667,14.2619444444444 79.0241666666667,14.2622222222222 79.0244444444444,14.2622222222222 79.0244444444444,14.2613888888889 79.0241666666667,14.2613888888889 79.0241666666667,14.2608333333333 79.0236111111111,14.2608333333333 79.0236111111111,14.2605555555556 79.0225,14.2605555555556 79.0225,14.2608333333333</coordinates></LinearRing></outerBoundaryIs></Polygon><Polygon><outerBoundaryIs><LinearRing><coordinates>79.0252777777778,14.2622222222222 79.0244444444444,14.2622222222222 79.0244444444444,14.2625 79.0252777777778,14.2625 79.0252777777778,14.2622222222222</coordinates></LinearRing></outerBoundaryIs></Polygon><Polygon><outerBoundaryIs><LinearRing><coordinates>79.0122222222222,14.2652777777778 79.0122222222222,14.265 79.0119444444444,14.265 79.0119444444444,14.2644444444444 79.0116666666667,14.2644444444444 79.0116666666667,14.2641666666667 79.0119444444444,14.2641666666667 79.0119444444444,14.2636111111111 79.0130555555556,14.2636111111111 79.0130555555556,14.2619444444444 79.0144444444445,14.2619444444444 79.0144444444445,14.2622222222222 79.015,14.2622222222222 79.015,14.2625 79.0155555555556,14.2625 79.0155555555556,14.2627777777778 79.0161111111111,14.2627777777778 79.0161111111111,14.2633333333333 79.0163888888889,14.2633333333333 79.0163888888889,14.2641666666667 79.0166666666667,14.2641666666667 79.0166666666667,14.2647222222222 79.0175,14.2647222222222 79.0175,14.2644444444444 79.0169444444444,14.2644444444444 79.0169444444444,14.2633333333333 79.0166666666667,14.2633333333333 79.0166666666667,14.2627777777778 79.0163888888889,14.2627777777778 79.0163888888889,14.2625 79.0161111111111,14.2625 79.0161111111111,14.2622222222222 79.0158333333333,14.2622222222222 79.0158333333333,14.2619444444444 79.015,14.2619444444444 79.015,14.2616666666667 79.0141666666667,14.2616666666667 79.0141666666667,14.2613888888889 79.0130555555556,14.2613888888889 79.0130555555556,14.2616666666667 79.0127777777778,14.2616666666667 79.0127777777778,14.2619444444444 79.0125,14.2619444444444 79.0125,14.2630555555556 79.0119444444444,14.2630555555556 79.0119444444444,14.2633333333333 79.0113888888889,14.2633333333333 79.0113888888889,14.2638888888889 79.0111111111111,14.2638888888889 79.0111111111111,14.2647222222222 79.0113888888889,14.2647222222222 79.0113888888889,14.2652777777778 79.0116666666667,14.2652777777778 79.0116666666667,14.2655555555556 79.0122222222222,14.2655555555556 79.0122222222222,14.2658333333333 79.0127777777778,14.2658333333333 79.0127777777778,14.2661111111111 79.0136111111111,14.2661111111111 79.0136111111111,14.2663888888889 79.0144444444445,14.2663888888889 79.0144444444445,14.2669444444444 79.0147222222222,14.2669444444444 79.0147222222222,14.2658333333333 79.0138888888889,14.2658333333333 79.0138888888889,14.2655555555556 79.0127777777778,14.2655555555556 79.0127777777778,14.2652777777778 79.0122222222222,14.2652777777778</coordinates></LinearRing></outerBoundaryIs></Polygon><Polygon><outerBoundaryIs><LinearRing><coordinates>79.0177777777778,14.265 79.0180555555555,14.265 79.0180555555555,14.2647222222222 79.0177777777778,14.2647222222222 79.0177777777778,14.265</coordinates></LinearRing></outerBoundaryIs></Polygon><Polygon><outerBoundaryIs><LinearRing><coordinates>79.0111111111111,14.2666666666667 79.0111111111111,14.2669444444444 79.0119444444444,14.2669444444444 79.0119444444444,14.2666666666667 79.0111111111111,14.2666666666667</coordinates></LinearRing></outerBoundaryIs></Polygon><Polygon><outerBoundaryIs><LinearRing><coordinates>79.0108333333333,14.2663888888889 79.0108333333333,14.2666666666667 79.0111111111111,14.2666666666667 79.0111111111111,14.2663888888889 79.0108333333333,14.2663888888889</coordinates></LinearRing></outerBoundaryIs></Polygon><Polygon><outerBoundaryIs><LinearRing><coordinates>79.0105555555556,14.2658333333333 79.0105555555556,14.2663888888889 79.0108333333333,14.2663888888889 79.0108333333333,14.2658333333333 79.0105555555556,14.2658333333333</coordinates></LinearRing></outerBoundaryIs></Polygon><Polygon><outerBoundaryIs><LinearRing><coordinates>79.0102777777778,14.2655555555556 79.0102777777778,14.2658333333333 79.0105555555556,14.2658333333333 79.0105555555556,14.2655555555556 79.0102777777778,14.2655555555556</coordinates></LinearRing></outerBoundaryIs></Polygon><Polygon><outerBoundaryIs><LinearRing><coordinates>79.0102777777778,14.2655555555556 79.0102777777778,14.2652777777778 79.01,14.2652777777778 79.01,14.2655555555556 79.0102777777778,14.2655555555556</coordinates></LinearRing></outerBoundaryIs></Polygon><Polygon><outerBoundaryIs><LinearRing><coordinates>79.0125,14.2669444444444 79.0125,14.2672222222222 79.0141666666667,14.2672222222222 79.0141666666667,14.2669444444444 79.0125,14.2669444444444</coordinates></LinearRing></outerBoundaryIs></Polygon><Polygon><outerBoundaryIs><LinearRing><coordinates>79.02,14.2691666666667 79.02,14.2694444444444 79.0205555555556,14.2694444444444 79.0205555555556,14.2691666666667 79.02,14.2691666666667</coordinates></LinearRing></outerBoundaryIs></Polygon><Polygon><outerBoundaryIs><LinearRing><coordinates>79.0216666666667,14.2691666666667 79.0216666666667,14.2694444444444 79.0222222222222,14.2694444444444 79.0222222222222,14.2691666666667 79.0216666666667,14.2691666666667</coordinates></LinearRing></outerBoundaryIs></Polygon><Polygon><outerBoundaryIs><LinearRing><coordinates>79.0183333333333,14.2694444444444 79.0183333333333,14.2697222222222 79.0191666666667,14.2697222222222 79.0191666666667,14.2694444444444 79.0183333333333,14.2694444444444</coordinates></LinearRing></outerBoundaryIs></Polygon><Polygon><outerBoundaryIs><LinearRing><coordinates>79.0238888888889,14.2697222222222 79.0227777777778,14.2697222222222 79.0227777777778,14.27 79.0238888888889,14.27 79.0238888888889,14.2697222222222</coordinates></LinearRing></outerBoundaryIs></Polygon><Polygon><outerBoundaryIs><LinearRing><coordinates>79.0225,14.2697222222222 79.0227777777778,14.2697222222222 79.0227777777778,14.2694444444444 79.0225,14.2694444444444 79.0225,14.2697222222222</coordinates></LinearRing></outerBoundaryIs></Polygon><Polygon><outerBoundaryIs><LinearRing><coordinates>79.0172222222222,14.2697222222222 79.0172222222222,14.27 79.0180555555555,14.27 79.0180555555555,14.2697222222222 79.0172222222222,14.2697222222222</coordinates></LinearRing></outerBoundaryIs></Polygon><Polygon><outerBoundaryIs><LinearRing><coordinates>79.0161111111111,14.27 79.0161111111111,14.2702777777778 79.0166666666667,14.2702777777778 79.0166666666667,14.27 79.0161111111111,14.27</coordinates></LinearRing></outerBoundaryIs></Polygon><Polygon><outerBoundaryIs><LinearRing><coordinates>79.0147222222222,14.2705555555556 79.0158333333333,14.2705555555556 79.0158333333333,14.2702777777778 79.0147222222222,14.2702777777778 79.0147222222222,14.2705555555556</coordinates></LinearRing></outerBoundaryIs></Polygon><Polygon><outerBoundaryIs><LinearRing><coordinates>79.025,14.2708333333333 79.025,14.2711111111111 79.0252777777778,14.2711111111111 79.0252777777778,14.2705555555556 79.0247222222222,14.2705555555556 79.0247222222222,14.2708333333333 79.025,14.2708333333333</coordinates></LinearRing></outerBoundaryIs></Polygon><Polygon><outerBoundaryIs><LinearRing><coordinates>79.0244444444444,14.2702777777778 79.0244444444444,14.2705555555556 79.0247222222222,14.2705555555556 79.0247222222222,14.2702777777778 79.0244444444444,14.2702777777778</coordinates></LinearRing></outerBoundaryIs></Polygon><Polygon><outerBoundaryIs><LinearRing><coordinates>79.0244444444444,14.2702777777778 79.0244444444444,14.2697222222222 79.0241666666667,14.2697222222222 79.0241666666667,14.2702777777778 79.0244444444444,14.2702777777778</coordinates></LinearRing></outerBoundaryIs></Polygon><Polygon><outerBoundaryIs><LinearRing><coordinates>79.0133333333333,14.2705555555556 79.0133333333333,14.2708333333333 79.0144444444445,14.2708333333333 79.0144444444445,14.2705555555556 79.0133333333333,14.2705555555556</coordinates></LinearRing></outerBoundaryIs></Polygon><Polygon><outerBoundaryIs><LinearRing><coordinates>79.025,14.2713888888889 79.025,14.2727777777778 79.0252777777778,14.2727777777778 79.0252777777778,14.2713888888889 79.025,14.2713888888889</coordinates></LinearRing></outerBoundaryIs></Polygon><Polygon><outerBoundaryIs><LinearRing><coordinates>79.0422222222222,14.2416666666667 79.0422222222222,14.2411111111111 79.0419444444444,14.2411111111111 79.0419444444444,14.2416666666667 79.0422222222222,14.2416666666667</coordinates></LinearRing></outerBoundaryIs></Polygon><Polygon><outerBoundaryIs><LinearRing><coordinates>79.0425,14.2411111111111 79.0425,14.2391666666667 79.0422222222222,14.2391666666667 79.0422222222222,14.2411111111111 79.0425,14.2411111111111</coordinates></LinearRing></outerBoundaryIs></Polygon><Polygon><outerBoundaryIs><LinearRing><coordinates>79.0427777777778,14.2391666666667 79.0427777777778,14.2386111111111 79.0425,14.2386111111111 79.0425,14.2391666666667 79.0427777777778,14.2391666666667</coordinates></LinearRing></outerBoundaryIs></Polygon><Polygon><outerBoundaryIs><LinearRing><coordinates>79.0430555555556,14.2386111111111 79.0430555555556,14.2383333333333 79.0427777777778,14.2383333333333 79.0427777777778,14.2386111111111 79.0430555555556,14.2386111111111</coordinates></LinearRing></outerBoundaryIs></Polygon><Polygon><outerBoundaryIs><LinearRing><coordinates>79.0433333333333,14.2383333333333 79.0433333333333,14.2377777777778 79.0430555555556,14.2377777777778 79.0430555555556,14.2383333333333 79.0433333333333,14.2383333333333</coordinates></LinearRing></outerBoundaryIs></Polygon><Polygon><outerBoundaryIs><LinearRing><coordinates>79.0438888888889,14.2363888888889 79.0438888888889,14.2355555555556 79.0436111111111,14.2355555555556 79.0436111111111,14.2361111111111 79.0433333333333,14.2361111111111 79.0433333333333,14.2377777777778 79.0436111111111,14.2377777777778 79.0436111111111,14.2363888888889 79.0438888888889,14.2363888888889</coordinates></LinearRing></outerBoundaryIs></Polygon><Polygon><outerBoundaryIs><LinearRing><coordinates>79.0486111111111,14.2327777777778 79.0486111111111,14.2325 79.0488888888889,14.2325 79.0488888888889,14.2311111111111 79.0486111111111,14.2311111111111 79.0486111111111,14.2305555555556 79.0483333333333,14.2305555555556 79.0483333333333,14.2302777777778 79.0466666666667,14.2302777777778 79.0466666666667,14.2305555555556 79.0463888888889,14.2305555555556 79.0463888888889,14.2308333333333 79.0461111111111,14.2308333333333 79.0461111111111,14.2313888888889 79.0458333333333,14.2313888888889 79.0458333333333,14.2319444444444 79.0455555555556,14.2319444444444 79.0455555555556,14.2325 79.0452777777778,14.2325 79.0452777777778,14.2327777777778 79.045,14.2327777777778 79.045,14.2330555555556 79.0444444444444,14.2330555555556 79.0444444444444,14.2333333333333 79.0441666666667,14.2333333333333 79.0441666666667,14.2336111111111 79.0438888888889,14.2336111111111 79.0438888888889,14.2355555555556 79.0441666666667,14.2355555555556 79.0441666666667,14.2338888888889 79.0444444444444,14.2338888888889 79.0444444444444,14.2336111111111 79.0447222222222,14.2336111111111 79.0447222222222,14.2333333333333 79.0452777777778,14.2333333333333 79.0452777777778,14.2330555555556 79.0455555555556,14.2330555555556 79.0455555555556,14.2327777777778 79.0458333333333,14.2327777777778 79.0458333333333,14.2322222222222 79.0461111111111,14.2322222222222 79.0461111111111,14.2316666666667 79.0463888888889,14.2316666666667 79.0463888888889,14.2313888888889 79.0466666666667,14.2313888888889 79.0466666666667,14.2311111111111 79.0472222222222,14.2311111111111 79.0472222222222,14.2308333333333 79.0477777777778,14.2308333333333 79.0477777777778,14.2311111111111 79.0480555555555,14.2311111111111 79.0480555555555,14.2313888888889 79.0483333333333,14.2313888888889 79.0483333333333,14.2333333333333 79.0486111111111,14.2333333333333 79.0486111111111,14.2336111111111 79.0483333333333,14.2336111111111 79.0483333333333,14.2341666666667 79.0480555555555,14.2341666666667 79.0480555555555,14.2347222222222 79.0483333333333,14.2347222222222 79.0483333333333,14.2344444444444 79.0486111111111,14.2344444444444 79.0486111111111,14.2341666666667 79.0488888888889,14.2341666666667 79.0488888888889,14.2327777777778 79.0486111111111,14.2327777777778</coordinates></LinearRing></outerBoundaryIs></Polygon><Polygon><outerBoundaryIs><LinearRing><coordinates>79.0475,14.2352777777778 79.0475,14.2361111111111 79.0477777777778,14.2361111111111 79.0477777777778,14.2355555555556 79.0480555555555,14.2355555555556 79.0480555555555,14.2347222222222 79.0477777777778,14.2347222222222 79.0477777777778,14.2352777777778 79.0475,14.2352777777778</coordinates></LinearRing></outerBoundaryIs></Polygon><Polygon><outerBoundaryIs><LinearRing><coordinates>79.0469444444444,14.2363888888889 79.0469444444444,14.2369444444444 79.0472222222222,14.2369444444444 79.0472222222222,14.2366666666667 79.0475,14.2366666666667 79.0475,14.2361111111111 79.0472222222222,14.2361111111111 79.0472222222222,14.2363888888889 79.0469444444444,14.2363888888889</coordinates></LinearRing></outerBoundaryIs></Polygon><Polygon><outerBoundaryIs><LinearRing><coordinates>79.0469444444444,14.2372222222222 79.0469444444444,14.2369444444444 79.0466666666667,14.2369444444444 79.0466666666667,14.2372222222222 79.0469444444444,14.2372222222222</coordinates></LinearRing></outerBoundaryIs></Polygon><Polygon><outerBoundaryIs><LinearRing><coordinates>79.0455555555556,14.2413888888889 79.0455555555556,14.2408333333333 79.0452777777778,14.2408333333333 79.0452777777778,14.2413888888889 79.0455555555556,14.2413888888889</coordinates></LinearRing></outerBoundaryIs></Polygon><Polygon><outerBoundaryIs><LinearRing><coordinates>79.0458333333333,14.2408333333333 79.0458333333333,14.24 79.0455555555556,14.24 79.0455555555556,14.2408333333333 79.0458333333333,14.2408333333333</coordinates></LinearRing></outerBoundaryIs></Polygon><Polygon><outerBoundaryIs><LinearRing><coordinates>79.0461111111111,14.24 79.0461111111111,14.2388888888889 79.0458333333333,14.2388888888889 79.0458333333333,14.24 79.0461111111111,14.24</coordinates></LinearRing></outerBoundaryIs></Polygon><Polygon><outerBoundaryIs><LinearRing><coordinates>79.0461111111111,14.2380555555556 79.0461111111111,14.2388888888889 79.0463888888889,14.2388888888889 79.0463888888889,14.2383333333333 79.0466666666667,14.2383333333333 79.0466666666667,14.2375 79.0463888888889,14.2375 79.0463888888889,14.2380555555556 79.0461111111111,14.2380555555556</coordinates></LinearRing></outerBoundaryIs></Polygon><Polygon><outerBoundaryIs><LinearRing><coordinates>79.045,14.2416666666667 79.045,14.2419444444444 79.0452777777778,14.2419444444444 79.0452777777778,14.2416666666667 79.045,14.2416666666667</coordinates></LinearRing></outerBoundaryIs></Polygon><Polygon><outerBoundaryIs><LinearRing><coordinates>79.0397222222222,14.245 79.0402777777778,14.245 79.0402777777778,14.2447222222222 79.04,14.2447222222222 79.04,14.2441666666667 79.0397222222222,14.2441666666667 79.0397222222222,14.245</coordinates></LinearRing></outerBoundaryIs></Polygon><Polygon><outerBoundaryIs><LinearRing><coordinates>79.0397222222222,14.2433333333333 79.0394444444444,14.2433333333333 79.0394444444444,14.2430555555556 79.0386111111111,14.2430555555556 79.0386111111111,14.2433333333333 79.0391666666667,14.2433333333333 79.0391666666667,14.2436111111111 79.0394444444444,14.2436111111111 79.0394444444444,14.2441666666667 79.0397222222222,14.2441666666667 79.0397222222222,14.2433333333333</coordinates></LinearRing></outerBoundaryIs></Polygon><Polygon><outerBoundaryIs><LinearRing><coordinates>79.0375,14.2405555555556 79.0375,14.2402777777778 79.0383333333333,14.2402777777778 79.0383333333333,14.2405555555556 79.0386111111111,14.2405555555556 79.0386111111111,14.2416666666667 79.0383333333333,14.2416666666667 79.0383333333333,14.2430555555556 79.0386111111111,14.2430555555556 79.0386111111111,14.2419444444444 79.0388888888889,14.2419444444444 79.0388888888889,14.2416666666667 79.0391666666667,14.2416666666667 79.0391666666667,14.2411111111111 79.0394444444444,14.2411111111111 79.0394444444444,14.2405555555556 79.0391666666667,14.2405555555556 79.0391666666667,14.24 79.0388888888889,14.24 79.0388888888889,14.2397222222222 79.0386111111111,14.2397222222222 79.0386111111111,14.2394444444444 79.0372222222222,14.2394444444444 79.0372222222222,14.2397222222222 79.0369444444444,14.2397222222222 79.0369444444444,14.24 79.0366666666667,14.24 79.0366666666667,14.2408333333333 79.0363888888889,14.2408333333333 79.0363888888889,14.2416666666667 79.0366666666667,14.2416666666667 79.0366666666667,14.2413888888889 79.0369444444444,14.2413888888889 79.0369444444444,14.2408333333333 79.0372222222222,14.2408333333333 79.0372222222222,14.2405555555556 79.0375,14.2405555555556</coordinates></LinearRing></outerBoundaryIs></Polygon><Polygon><outerBoundaryIs><LinearRing><coordinates>79.0347222222222,14.2433333333333 79.0347222222222,14.2419444444444 79.035,14.2419444444444 79.035,14.2416666666667 79.0358333333333,14.2416666666667 79.0358333333333,14.2419444444444 79.0363888888889,14.2419444444444 79.0363888888889,14.2416666666667 79.0361111111111,14.2416666666667 79.0361111111111,14.2413888888889 79.0347222222222,14.2413888888889 79.0347222222222,14.2416666666667 79.0344444444444,14.2416666666667 79.0344444444444,14.2433333333333 79.0347222222222,14.2433333333333</coordinates></LinearRing></outerBoundaryIs></Polygon><Polygon><outerBoundaryIs><LinearRing><coordinates>79.0405555555556,14.2447222222222 79.0405555555556,14.2444444444444 79.0402777777778,14.2444444444444 79.0402777777778,14.2447222222222 79.0405555555556,14.2447222222222</coordinates></LinearRing></outerBoundaryIs></Polygon><Polygon><outerBoundaryIs><LinearRing><coordinates>79.0408333333333,14.2444444444444 79.0408333333333,14.2438888888889 79.0405555555556,14.2438888888889 79.0405555555556,14.2444444444444 79.0408333333333,14.2444444444444</coordinates></LinearRing></outerBoundaryIs></Polygon><Polygon><outerBoundaryIs><LinearRing><coordinates>79.0411111111111,14.2438888888889 79.0411111111111,14.2436111111111 79.0408333333333,14.2436111111111 79.0408333333333,14.2438888888889 79.0411111111111,14.2438888888889</coordinates></LinearRing></outerBoundaryIs></Polygon><Polygon><outerBoundaryIs><LinearRing><coordinates>79.0416666666667,14.2433333333333 79.0416666666667,14.2425 79.0413888888889,14.2425 79.0413888888889,14.2430555555556 79.0411111111111,14.2430555555556 79.0411111111111,14.2436111111111 79.0413888888889,14.2436111111111 79.0413888888889,14.2433333333333 79.0416666666667,14.2433333333333</coordinates></LinearRing></outerBoundaryIs></Polygon><Polygon><outerBoundaryIs><LinearRing><coordinates>79.0416666666667,14.2419444444444 79.0416666666667,14.2425 79.0419444444444,14.2425 79.0419444444444,14.2419444444444 79.0416666666667,14.2419444444444</coordinates></LinearRing></outerBoundaryIs></Polygon><Polygon><outerBoundaryIs><LinearRing><coordinates>79.0444444444444,14.2444444444444 79.0444444444444,14.2438888888889 79.0441666666667,14.2438888888889 79.0441666666667,14.2444444444444 79.0444444444444,14.2444444444444</coordinates></LinearRing></outerBoundaryIs></Polygon><Polygon><outerBoundaryIs><LinearRing><coordinates>79.0447222222222,14.2438888888889 79.0447222222222,14.2427777777778 79.0444444444444,14.2427777777778 79.0444444444444,14.2438888888889 79.0447222222222,14.2438888888889</coordinates></LinearRing></outerBoundaryIs></Polygon><Polygon><outerBoundaryIs><LinearRing><coordinates>79.0447222222222,14.2422222222222 79.0447222222222,14.2427777777778 79.045,14.2427777777778 79.045,14.2422222222222 79.0447222222222,14.2422222222222</coordinates></LinearRing></outerBoundaryIs></Polygon><Polygon><outerBoundaryIs><LinearRing><coordinates>79.1141666666667,14.245 79.1144444444444,14.245 79.1144444444444,14.2452777777778 79.1147222222222,14.2452777777778 79.1147222222222,14.2455555555556 79.1155555555556,14.2455555555556 79.1155555555556,14.2441666666667 79.1152777777778,14.2441666666667 79.1152777777778,14.2438888888889 79.1144444444444,14.2438888888889 79.1144444444444,14.2441666666667 79.1141666666667,14.2441666666667 79.1141666666667,14.245</coordinates></LinearRing></outerBoundaryIs></Polygon><Polygon><outerBoundaryIs><LinearRing><coordinates>79.1127777777778,14.2436111111111 79.1125,14.2436111111111 79.1125,14.2430555555556 79.1108333333333,14.2430555555556 79.1108333333333,14.2433333333333 79.1105555555555,14.2433333333333 79.1105555555555,14.2436111111111 79.1102777777778,14.2436111111111 79.1102777777778,14.245 79.1105555555555,14.245 79.1105555555555,14.2455555555556 79.1108333333333,14.2455555555556 79.1108333333333,14.2463888888889 79.1119444444444,14.2463888888889 79.1119444444444,14.2461111111111 79.1122222222222,14.2461111111111 79.1122222222222,14.2458333333333 79.1125,14.2458333333333 79.1125,14.2452777777778 79.1127777777778,14.2452777777778 79.1127777777778,14.2436111111111</coordinates></LinearRing></outerBoundaryIs><innerBoundaryIs><LinearRing><coordinates>79.1108333333333,14.2447222222222 79.1108333333333,14.2441666666667 79.1111111111111,14.2441666666667 79.1111111111111,14.2438888888889 79.1116666666667,14.2438888888889 79.1116666666667,14.2444444444444 79.1113888888889,14.2444444444444 79.1113888888889,14.2447222222222 79.1108333333333,14.2447222222222</coordinates></LinearRing></innerBoundaryIs></Polygon><Polygon><outerBoundaryIs><LinearRing><coordinates>79.0438888888889,14.2458333333333 79.0438888888889,14.2452777777778 79.0436111111111,14.2452777777778 79.0436111111111,14.2458333333333 79.0438888888889,14.2458333333333</coordinates></LinearRing></outerBoundaryIs></Polygon><Polygon><outerBoundaryIs><LinearRing><coordinates>79.0438888888889,14.2447222222222 79.0438888888889,14.2452777777778 79.0441666666667,14.2452777777778 79.0441666666667,14.2447222222222 79.0438888888889,14.2447222222222</coordinates></LinearRing></outerBoundaryIs></Polygon><Polygon><outerBoundaryIs><LinearRing><coordinates>79.0311111111111,14.2444444444444 79.0308333333333,14.2444444444444 79.0308333333333,14.2422222222222 79.0311111111111,14.2422222222222 79.0311111111111,14.2408333333333 79.0308333333333,14.2408333333333 79.0308333333333,14.2402777777778 79.03,14.2402777777778 79.03,14.24 79.0297222222222,14.24 79.0297222222222,14.2402777777778 79.0288888888889,14.2402777777778 79.0288888888889,14.2405555555556 79.0286111111111,14.2405555555556 79.0286111111111,14.2408333333333 79.0280555555556,14.2408333333333 79.0280555555556,14.2411111111111 79.0275,14.2411111111111 79.0275,14.2413888888889 79.0269444444444,14.2413888888889 79.0269444444444,14.2416666666667 79.0266666666667,14.2416666666667 79.0266666666667,14.2422222222222 79.0263888888889,14.2422222222222 79.0263888888889,14.2427777777778 79.0261111111111,14.2427777777778 79.0261111111111,14.2441666666667 79.0263888888889,14.2441666666667 79.0263888888889,14.2444444444444 79.0266666666667,14.2444444444444 79.0266666666667,14.2447222222222 79.0277777777778,14.2447222222222 79.0277777777778,14.2452777777778 79.0272222222222,14.2452777777778 79.0272222222222,14.2455555555556 79.0266666666667,14.2455555555556 79.0266666666667,14.2458333333333 79.0263888888889,14.2458333333333 79.0263888888889,14.2461111111111 79.0261111111111,14.2461111111111 79.0261111111111,14.2475 79.0263888888889,14.2475 79.0263888888889,14.2477777777778 79.0266666666667,14.2477777777778 79.0266666666667,14.2480555555556 79.0269444444444,14.2480555555556 79.0269444444444,14.2483333333333 79.0272222222222,14.2483333333333 79.0272222222222,14.2494444444444 79.0269444444444,14.2494444444444 79.0269444444444,14.2511111111111 79.0275,14.2511111111111 79.0275,14.2513888888889 79.0286111111111,14.2513888888889 79.0286111111111,14.2511111111111 79.0291666666667,14.2511111111111 79.0291666666667,14.2508333333333 79.0283333333333,14.2508333333333 79.0283333333333,14.2511111111111 79.0277777777778,14.2511111111111 79.0277777777778,14.2508333333333 79.0275,14.2508333333333 79.0275,14.2505555555556 79.0272222222222,14.2505555555556 79.0272222222222,14.2497222222222 79.0275,14.2497222222222 79.0275,14.2480555555556 79.0272222222222,14.2480555555556 79.0272222222222,14.2477777777778 79.0269444444444,14.2477777777778 79.0269444444444,14.2475 79.0266666666667,14.2475 79.0266666666667,14.2469444444444 79.0263888888889,14.2469444444444 79.0263888888889,14.2466666666667 79.0266666666667,14.2466666666667 79.0266666666667,14.2461111111111 79.0269444444444,14.2461111111111 79.0269444444444,14.2458333333333 79.0275,14.2458333333333 79.0275,14.2455555555556 79.0286111111111,14.2455555555556 79.0286111111111,14.2447222222222 79.0283333333333,14.2447222222222 79.0283333333333,14.2444444444444 79.0280555555556,14.2444444444444 79.0280555555556,14.2441666666667 79.0269444444444,14.2441666666667 79.0269444444444,14.2438888888889 79.0266666666667,14.2438888888889 79.0266666666667,14.2427777777778 79.0269444444444,14.2427777777778 79.0269444444444,14.2422222222222 79.0272222222222,14.2422222222222 79.0272222222222,14.2416666666667 79.0277777777778,14.2416666666667 79.0277777777778,14.2413888888889 79.0283333333333,14.2413888888889 79.0283333333333,14.2411111111111 79.0288888888889,14.2411111111111 79.0288888888889,14.2408333333333 79.0302777777778,14.2408333333333 79.0302777777778,14.2411111111111 79.0305555555556,14.2411111111111 79.0305555555556,14.2422222222222 79.0302777777778,14.2422222222222 79.0302777777778,14.2430555555556 79.03,14.2430555555556 79.03,14.2441666666667 79.0302777777778,14.2441666666667 79.0302777777778,14.2447222222222 79.0305555555556,14.2447222222222 79.0305555555556,14.2452777777778 79.0308333333333,14.2452777777778 79.0308333333333,14.2455555555556 79.0313888888889,14.2455555555556 79.0313888888889,14.2458333333333 79.0319444444444,14.2458333333333 79.0319444444444,14.2455555555556 79.0316666666667,14.2455555555556 79.0316666666667,14.2452777777778 79.0313888888889,14.2452777777778 79.0313888888889,14.245 79.0311111111111,14.245 79.0311111111111,14.2444444444444</coordinates></LinearRing></outerBoundaryIs></Polygon><Polygon><outerBoundaryIs><LinearRing><coordinates>79.0325,14.2461111111111 79.0325,14.2458333333333 79.0319444444444,14.2458333333333 79.0319444444444,14.2461111111111 79.0325,14.2461111111111</coordinates></LinearRing></outerBoundaryIs></Polygon><Polygon><outerBoundaryIs><LinearRing><coordinates>79.0327777777778,14.2458333333333 79.0327777777778,14.2455555555556 79.0325,14.2455555555556 79.0325,14.2458333333333 79.0327777777778,14.2458333333333</coordinates></LinearRing></outerBoundaryIs></Polygon><Polygon><outerBoundaryIs><LinearRing><coordinates>79.0330555555555,14.2455555555556 79.0330555555555,14.2452777777778 79.0327777777778,14.2452777777778 79.0327777777778,14.2455555555556 79.0330555555555,14.2455555555556</coordinates></LinearRing></outerBoundaryIs></Polygon><Polygon><outerBoundaryIs><LinearRing><coordinates>79.0333333333333,14.2452777777778 79.0333333333333,14.245 79.0330555555555,14.245 79.0330555555555,14.2452777777778 79.0333333333333,14.2452777777778</coordinates></LinearRing></outerBoundaryIs></Polygon><Polygon><outerBoundaryIs><LinearRing><coordinates>79.0336111111111,14.245 79.0336111111111,14.2447222222222 79.0333333333333,14.2447222222222 79.0333333333333,14.245 79.0336111111111,14.245</coordinates></LinearRing></outerBoundaryIs></Polygon><Polygon><outerBoundaryIs><LinearRing><coordinates>79.0338888888889,14.2447222222222 79.0338888888889,14.2444444444444 79.0336111111111,14.2444444444444 79.0336111111111,14.2447222222222 79.0338888888889,14.2447222222222</coordinates></LinearRing></outerBoundaryIs></Polygon><Polygon><outerBoundaryIs><LinearRing><coordinates>79.0341666666667,14.2444444444444 79.0341666666667,14.2438888888889 79.0338888888889,14.2438888888889 79.0338888888889,14.2444444444444 79.0341666666667,14.2444444444444</coordinates></LinearRing></outerBoundaryIs></Polygon><Polygon><outerBoundaryIs><LinearRing><coordinates>79.0341666666667,14.2436111111111 79.0341666666667,14.2438888888889 79.0344444444444,14.2438888888889 79.0344444444444,14.2436111111111 79.0341666666667,14.2436111111111</coordinates></LinearRing></outerBoundaryIs></Polygon><Polygon><outerBoundaryIs><LinearRing><coordinates>79.0725,14.2469444444444 79.0725,14.2472222222222 79.0733333333333,14.2472222222222 79.0733333333333,14.2466666666667 79.0725,14.2466666666667 79.0725,14.2463888888889 79.0719444444444,14.2463888888889 79.0719444444444,14.2469444444444 79.0725,14.2469444444444</coordinates></LinearRing></outerBoundaryIs></Polygon><Polygon><outerBoundaryIs><LinearRing><coordinates>79.1069444444444,14.2463888888889 79.1069444444444,14.2461111111111 79.1066666666667,14.2461111111111 79.1066666666667,14.2458333333333 79.1061111111111,14.2458333333333 79.1061111111111,14.2455555555556 79.1052777777778,14.2455555555556 79.1052777777778,14.2463888888889 79.105,14.2463888888889 79.105,14.2475 79.1052777777778,14.2475 79.1052777777778,14.2480555555556 79.1055555555556,14.2480555555556 79.1055555555556,14.2483333333333 79.1061111111111,14.2483333333333 79.1061111111111,14.2486111111111 79.1072222222222,14.2486111111111 79.1072222222222,14.2483333333333 79.1075,14.2483333333333 79.1075,14.2469444444444 79.1072222222222,14.2469444444444 79.1072222222222,14.2463888888889 79.1069444444444,14.2463888888889</coordinates></LinearRing></outerBoundaryIs><innerBoundaryIs><LinearRing><coordinates>79.1066666666667,14.2472222222222 79.1069444444444,14.2472222222222 79.1069444444444,14.2480555555556 79.1061111111111,14.2480555555556 79.1061111111111,14.2477777777778 79.1058333333333,14.2477777777778 79.1058333333333,14.2472222222222 79.1061111111111,14.2472222222222 79.1061111111111,14.2469444444444 79.1066666666667,14.2469444444444 79.1066666666667,14.2472222222222</coordinates></LinearRing></innerBoundaryIs></Polygon><Polygon><outerBoundaryIs><LinearRing><coordinates>79.0363888888889,14.2472222222222 79.0363888888889,14.2483333333333 79.0366666666667,14.2483333333333 79.0366666666667,14.2480555555556 79.0369444444444,14.2480555555556 79.0369444444444,14.2469444444444 79.0366666666667,14.2469444444444 79.0366666666667,14.2472222222222 79.0363888888889,14.2472222222222</coordinates></LinearRing></outerBoundaryIs></Polygon><Polygon><outerBoundaryIs><LinearRing><coordinates>79.1158333333333,14.2497222222222 79.1158333333333,14.2486111111111 79.115,14.2486111111111 79.115,14.2494444444444 79.1152777777778,14.2494444444444 79.1152777777778,14.2497222222222 79.1158333333333,14.2497222222222</coordinates></LinearRing></outerBoundaryIs></Polygon><Polygon><outerBoundaryIs><LinearRing><coordinates>79.0666666666667,14.2491666666667 79.0666666666667,14.2497222222222 79.0675,14.2497222222222 79.0675,14.2491666666667 79.0666666666667,14.2491666666667</coordinates></LinearRing></outerBoundaryIs></Polygon><Polygon><outerBoundaryIs><LinearRing><coordinates>79.1113888888889,14.25 79.1108333333333,14.25 79.1108333333333,14.2502777777778 79.1105555555555,14.2502777777778 79.1105555555555,14.2505555555556 79.1108333333333,14.2505555555556 79.1108333333333,14.2511111111111 79.1116666666667,14.2511111111111 79.1116666666667,14.2508333333333 79.1122222222222,14.2508333333333 79.1122222222222,14.25 79.1116666666667,14.25 79.1116666666667,14.2497222222222 79.1113888888889,14.2497222222222 79.1113888888889,14.25</coordinates></LinearRing></outerBoundaryIs></Polygon><Polygon><outerBoundaryIs><LinearRing><coordinates>79.0547222222222,14.2511111111111 79.0538888888889,14.2511111111111 79.0538888888889,14.2513888888889 79.0536111111111,14.2513888888889 79.0536111111111,14.2522222222222 79.0541666666667,14.2522222222222 79.0541666666667,14.2525 79.0547222222222,14.2525 79.0547222222222,14.2522222222222 79.055,14.2522222222222 79.055,14.2519444444444 79.0552777777778,14.2519444444444 79.0552777777778,14.2513888888889 79.0547222222222,14.2513888888889 79.0547222222222,14.2511111111111</coordinates></LinearRing></outerBoundaryIs></Polygon><Polygon><outerBoundaryIs><LinearRing><coordinates>79.1163888888889,14.2533333333333 79.1163888888889,14.2525 79.1161111111111,14.2525 79.1161111111111,14.2519444444444 79.115,14.2519444444444 79.115,14.2516666666667 79.1144444444444,14.2516666666667 79.1144444444444,14.2511111111111 79.1141666666667,14.2511111111111 79.1141666666667,14.2508333333333 79.1138888888889,14.2508333333333 79.1138888888889,14.2505555555556 79.1127777777778,14.2505555555556 79.1127777777778,14.2508333333333 79.1125,14.2508333333333 79.1125,14.2511111111111 79.1127777777778,14.2511111111111 79.1127777777778,14.2519444444444 79.1125,14.2519444444444 79.1125,14.2522222222222 79.1116666666667,14.2522222222222 79.1116666666667,14.2525 79.1113888888889,14.2525 79.1113888888889,14.2530555555556 79.1116666666667,14.2530555555556 79.1116666666667,14.2536111111111 79.1127777777778,14.2536111111111 79.1127777777778,14.2533333333333 79.1138888888889,14.2533333333333 79.1138888888889,14.2530555555556 79.1141666666667,14.2530555555556 79.1141666666667,14.2533333333333 79.1147222222222,14.2533333333333 79.1147222222222,14.2536111111111 79.115,14.2536111111111 79.115,14.2544444444444 79.1177777777778,14.2544444444444 79.1177777777778,14.2541666666667 79.1180555555556,14.2541666666667 79.1180555555556,14.2536111111111 79.1166666666667,14.2536111111111 79.1166666666667,14.2533333333333 79.1163888888889,14.2533333333333</coordinates></LinearRing></outerBoundaryIs></Polygon><Polygon><outerBoundaryIs><LinearRing><coordinates>79.0588888888889,14.2652777777778 79.0602777777778,14.2652777777778 79.0602777777778,14.265 79.0605555555556,14.265 79.0605555555556,14.2647222222222 79.0608333333333,14.2647222222222 79.0608333333333,14.2636111111111 79.0611111111111,14.2636111111111 79.0611111111111,14.2633333333333 79.0636111111111,14.2633333333333 79.0636111111111,14.2630555555556 79.0638888888889,14.2630555555556 79.0638888888889,14.2633333333333 79.0647222222222,14.2633333333333 79.0647222222222,14.2636111111111 79.0669444444444,14.2636111111111 79.0669444444444,14.2638888888889 79.0677777777778,14.2638888888889 79.0677777777778,14.2641666666667 79.07,14.2641666666667 79.07,14.2638888888889 79.0705555555556,14.2638888888889 79.0705555555556,14.2636111111111 79.0711111111111,14.2636111111111 79.0711111111111,14.2633333333333 79.0713888888889,14.2633333333333 79.0713888888889,14.2630555555556 79.0722222222222,14.2630555555556 79.0722222222222,14.2627777777778 79.0727777777778,14.2627777777778 79.0727777777778,14.2625 79.0733333333333,14.2625 79.0733333333333,14.2622222222222 79.0736111111111,14.2622222222222 79.0736111111111,14.2619444444444 79.0738888888889,14.2619444444444 79.0738888888889,14.2605555555556 79.0744444444444,14.2605555555556 79.0744444444444,14.2608333333333 79.0747222222222,14.2608333333333 79.0747222222222,14.2611111111111 79.075,14.2611111111111 79.075,14.2613888888889 79.0755555555556,14.2613888888889 79.0755555555556,14.2616666666667 79.0758333333333,14.2616666666667 79.0758333333333,14.2619444444444 79.0763888888889,14.2619444444444 79.0763888888889,14.2622222222222 79.0766666666667,14.2622222222222 79.0766666666667,14.2625 79.0769444444445,14.2625 79.0769444444445,14.2627777777778 79.0772222222222,14.2627777777778 79.0772222222222,14.2630555555556 79.0775,14.2630555555556 79.0775,14.2633333333333 79.0780555555556,14.2633333333333 79.0780555555556,14.2636111111111 79.0783333333333,14.2636111111111 79.0783333333333,14.2638888888889 79.0786111111111,14.2638888888889 79.0786111111111,14.2641666666667 79.0788888888889,14.2641666666667 79.0788888888889,14.2647222222222 79.0791666666667,14.2647222222222 79.0791666666667,14.265 79.0794444444444,14.265 79.0794444444444,14.2652777777778 79.0813888888889,14.2652777777778 79.0813888888889,14.265 79.0825,14.265 79.0825,14.2647222222222 79.0833333333333,14.2647222222222 79.0833333333333,14.265 79.0838888888889,14.265 79.0838888888889,14.2652777777778 79.0841666666667,14.2652777777778 79.0841666666667,14.2661111111111 79.0844444444444,14.2661111111111 79.0844444444444,14.2663888888889 79.0847222222222,14.2663888888889 79.0847222222222,14.2666666666667 79.085,14.2666666666667 79.085,14.2669444444444 79.0852777777778,14.2669444444444 79.0852777777778,14.2675 79.0855555555556,14.2675 79.0855555555556,14.2680555555556 79.0858333333333,14.2680555555556 79.0858333333333,14.2686111111111 79.0861111111111,14.2686111111111 79.0861111111111,14.2688888888889 79.0863888888889,14.2688888888889 79.0863888888889,14.2694444444444 79.0866666666667,14.2694444444444 79.0866666666667,14.2697222222222 79.0869444444444,14.2697222222222 79.0869444444444,14.27 79.0872222222222,14.27 79.0872222222222,14.2705555555556 79.0875,14.2705555555556 79.0875,14.2708333333333 79.0877777777778,14.2708333333333 79.0877777777778,14.2711111111111 79.0880555555556,14.2711111111111 79.0880555555556,14.2713888888889 79.0883333333333,14.2713888888889 79.0883333333333,14.2716666666667 79.0886111111111,14.2716666666667 79.0886111111111,14.2719444444444 79.0888888888889,14.2719444444444 79.0888888888889,14.2722222222222 79.0891666666667,14.2722222222222 79.0891666666667,14.2725 79.0911111111111,14.2725 79.0911111111111,14.2727777777778 79.0916666666667,14.2727777777778 79.0916666666667,14.2733333333333 79.0919444444444,14.2733333333333 79.0919444444444,14.2736111111111 79.0922222222222,14.2736111111111 79.0922222222222,14.2738888888889 79.0925,14.2738888888889 79.0925,14.2741666666667 79.0927777777778,14.2741666666667 79.0927777777778,14.2744444444444 79.0938888888889,14.2744444444444 79.0938888888889,14.2747222222222 79.0944444444444,14.2747222222222 79.0944444444444,14.275 79.095,14.275 79.095,14.2752777777778 79.0952777777778,14.2752777777778 79.0952777777778,14.2755555555556 79.0958333333333,14.2755555555556 79.0958333333333,14.2758333333333 79.0969444444444,14.2758333333333 79.0969444444444,14.2761111111111 79.0975,14.2761111111111 79.0975,14.2763888888889 79.0980555555556,14.2763888888889 79.0980555555556,14.2766666666667 79.0986111111111,14.2766666666667 79.0986111111111,14.2769444444444 79.0994444444444,14.2769444444444 79.0994444444444,14.2777777777778 79.0997222222222,14.2777777777778 79.0997222222222,14.2780555555556 79.1,14.2780555555556 79.1,14.2783333333333 79.1002777777778,14.2783333333333 79.1002777777778,14.2786111111111 79.1005555555556,14.2786111111111 79.1005555555556,14.2788888888889 79.1008333333333,14.2788888888889 79.1008333333333,14.2805555555556 79.1011111111111,14.2805555555556 79.1011111111111,14.2811111111111 79.1013888888889,14.2811111111111 79.1013888888889,14.2813888888889 79.1016666666667,14.2813888888889 79.1016666666667,14.2816666666667 79.1022222222222,14.2816666666667 79.1022222222222,14.2819444444444 79.1027777777778,14.2819444444444 79.1027777777778,14.2816666666667 79.1033333333333,14.2816666666667 79.1033333333333,14.2813888888889 79.1038888888889,14.2813888888889 79.1038888888889,14.2808333333333 79.1041666666667,14.2808333333333 79.1041666666667,14.2780555555556 79.1038888888889,14.2780555555556 79.1038888888889,14.2772222222222 79.1036111111111,14.2772222222222 79.1036111111111,14.2763888888889 79.1033333333333,14.2763888888889 79.1033333333333,14.2758333333333 79.1030555555556,14.2758333333333 79.1030555555556,14.2752777777778 79.1027777777778,14.2752777777778 79.1027777777778,14.2747222222222 79.1025,14.2747222222222 79.1025,14.2738888888889 79.1022222222222,14.2738888888889 79.1022222222222,14.2733333333333 79.1019444444444,14.2733333333333 79.1019444444444,14.2730555555556 79.1013888888889,14.2730555555556 79.1013888888889,14.2727777777778 79.1008333333333,14.2727777777778 79.1008333333333,14.2725 79.1005555555556,14.2725 79.1005555555556,14.2722222222222 79.1,14.2722222222222 79.1,14.2719444444444 79.0997222222222,14.2719444444444 79.0997222222222,14.2716666666667 79.0991666666667,14.2716666666667 79.0991666666667,14.2713888888889 79.0986111111111,14.2713888888889 79.0986111111111,14.2711111111111 79.0977777777778,14.2711111111111 79.0977777777778,14.2705555555556 79.0986111111111,14.2705555555556 79.0986111111111,14.2702777777778 79.0988888888889,14.2702777777778 79.0988888888889,14.27 79.0994444444444,14.27 79.0994444444444,14.2697222222222 79.0997222222222,14.2697222222222 79.0997222222222,14.2694444444444 79.1002777777778,14.2694444444444 79.1002777777778,14.2691666666667 79.1005555555556,14.2691666666667 79.1005555555556,14.2688888888889 79.1019444444444,14.2688888888889 79.1019444444444,14.2691666666667 79.1025,14.2691666666667 79.1025,14.2694444444444 79.1030555555556,14.2694444444444 79.1030555555556,14.2697222222222 79.1047222222222,14.2697222222222 79.1047222222222,14.2694444444444 79.1055555555556,14.2694444444444 79.1055555555556,14.2697222222222 79.1063888888889,14.2697222222222 79.1063888888889,14.27 79.1069444444444,14.27 79.1069444444444,14.2702777777778 79.1077777777778,14.2702777777778 79.1077777777778,14.2705555555556 79.1080555555556,14.2705555555556 79.1080555555556,14.2702777777778 79.1102777777778,14.2702777777778 79.1102777777778,14.2708333333333 79.1105555555555,14.2708333333333 79.1105555555555,14.2716666666667 79.1108333333333,14.2716666666667 79.1108333333333,14.2741666666667 79.1111111111111,14.2741666666667 79.1111111111111,14.2744444444444 79.1113888888889,14.2744444444444 79.1113888888889,14.2747222222222 79.1116666666667,14.2747222222222 79.1116666666667,14.275 79.1122222222222,14.275 79.1122222222222,14.2752777777778 79.1130555555555,14.2752777777778 79.1130555555555,14.275 79.1136111111111,14.275 79.1136111111111,14.2747222222222 79.1144444444444,14.2747222222222 79.1144444444444,14.275 79.1147222222222,14.275 79.1147222222222,14.2752777777778 79.115,14.2752777777778 79.115,14.2755555555556 79.1152777777778,14.2755555555556 79.1152777777778,14.2761111111111 79.1155555555556,14.2761111111111 79.1155555555556,14.2766666666667 79.1158333333333,14.2766666666667 79.1158333333333,14.2772222222222 79.1163888888889,14.2772222222222 79.1163888888889,14.2775 79.1183333333333,14.2775 79.1183333333333,14.2772222222222 79.1186111111111,14.2772222222222 79.1186111111111,14.2769444444444 79.1191666666667,14.2769444444444 79.1191666666667,14.2766666666667 79.1194444444444,14.2766666666667 79.1194444444444,14.2761111111111 79.1197222222222,14.2761111111111 79.1197222222222,14.2755555555556 79.12,14.2755555555556 79.12,14.2741666666667 79.1202777777778,14.2741666666667 79.1202777777778,14.2738888888889 79.1205555555556,14.2738888888889 79.1205555555556,14.2736111111111 79.1208333333333,14.2736111111111 79.1208333333333,14.2733333333333 79.1211111111111,14.2733333333333 79.1211111111111,14.2730555555556 79.1213888888889,14.2730555555556 79.1213888888889,14.2725 79.1216666666667,14.2725 79.1216666666667,14.2722222222222 79.1219444444444,14.2722222222222 79.1219444444444,14.2719444444444 79.1222222222222,14.2719444444444 79.1222222222222,14.2716666666667 79.1230555555556,14.2716666666667 79.1230555555556,14.2719444444444 79.1233333333333,14.2719444444444 79.1233333333333,14.2730555555556 79.1236111111111,14.2730555555556 79.1236111111111,14.2738888888889 79.1238888888889,14.2738888888889 79.1238888888889,14.2741666666667 79.1241666666667,14.2741666666667 79.1241666666667,14.2744444444444 79.1247222222222,14.2744444444444 79.1247222222222,14.2747222222222 79.1258333333333,14.2747222222222 79.1258333333333,14.2744444444444 79.1263888888889,14.2744444444444 79.1263888888889,14.2741666666667 79.1266666666667,14.2741666666667 79.1266666666667,14.2736111111111 79.1269444444444,14.2736111111111 79.1269444444444,14.2719444444444 79.1272222222222,14.2719444444444 79.1272222222222,14.27 79.1275,14.27 79.1275,14.2694444444444 79.1277777777778,14.2694444444444 79.1277777777778,14.2691666666667 79.1280555555555,14.2691666666667 79.1280555555555,14.2686111111111 79.1286111111111,14.2686111111111 79.1286111111111,14.2683333333333 79.1291666666667,14.2683333333333 79.1291666666667,14.2680555555556 79.1294444444444,14.2680555555556 79.1294444444444,14.2677777777778 79.1297222222222,14.2677777777778 79.1297222222222,14.2675 79.13,14.2675 79.13,14.2672222222222 79.1302777777778,14.2672222222222 79.1302777777778,14.2666666666667 79.1305555555556,14.2666666666667 79.1305555555556,14.2663888888889 79.1308333333333,14.2663888888889 79.1308333333333,14.265 79.1305555555556,14.265 79.1305555555556,14.2647222222222 79.1302777777778,14.2647222222222 79.1302777777778,14.2641666666667 79.1311111111111,14.2641666666667 79.1311111111111,14.2638888888889 79.1316666666667,14.2638888888889 79.1316666666667,14.2636111111111 79.1319444444444,14.2636111111111 79.1319444444444,14.2633333333333 79.1322222222222,14.2633333333333 79.1322222222222,14.2630555555556 79.1325,14.2630555555556 79.1325,14.2627777777778 79.1327777777778,14.2627777777778 79.1327777777778,14.2630555555556 79.1347222222222,14.2630555555556 79.1347222222222,14.2633333333333 79.1352777777778,14.2633333333333 79.1352777777778,14.2636111111111 79.1366666666667,14.2636111111111 79.1366666666667,14.2638888888889 79.1363888888889,14.2638888888889 79.1363888888889,14.2655555555556 79.1366666666667,14.2655555555556 79.1366666666667,14.2658333333333 79.1369444444444,14.2658333333333 79.1369444444444,14.2661111111111 79.1375,14.2661111111111 79.1375,14.2663888888889 79.1380555555556,14.2663888888889 79.1380555555556,14.2666666666667 79.1386111111111,14.2666666666667 79.1386111111111,14.2669444444444 79.1388888888889,14.2669444444444 79.1388888888889,14.2672222222222 79.1394444444445,14.2672222222222 79.1394444444445,14.2675 79.1408333333333,14.2675 79.1408333333333,14.2672222222222 79.1411111111111,14.2672222222222 79.1411111111111,14.2669444444444 79.1416666666667,14.2669444444444 79.1416666666667,14.2666666666667 79.1419444444444,14.2666666666667 79.1419444444444,14.2663888888889 79.1422222222222,14.2663888888889 79.1422222222222,14.2661111111111 79.1425,14.2661111111111 79.1425,14.2658333333333 79.1427777777778,14.2658333333333 79.1427777777778,14.2655555555556 79.1430555555555,14.2655555555556 79.1430555555555,14.2652777777778 79.1438888888889,14.2652777777778 79.1438888888889,14.265 79.1452777777778,14.265 79.1452777777778,14.2647222222222 79.1461111111111,14.2647222222222 79.1461111111111,14.2644444444444 79.1463888888889,14.2644444444444 79.1463888888889,14.2641666666667 79.1466666666667,14.2641666666667 79.1466666666667,14.2636111111111 79.1469444444444,14.2636111111111 79.1469444444444,14.2630555555556 79.1466666666667,14.2630555555556 79.1466666666667,14.2619444444444 79.1469444444444,14.2619444444444 79.1469444444444,14.2611111111111 79.1466666666667,14.2611111111111 79.1466666666667,14.2572222222222 79.1469444444444,14.2572222222222 79.1469444444444,14.2561111111111 79.1466666666667,14.2561111111111 79.1466666666667,14.255 79.1469444444444,14.255 79.1469444444444,14.2544444444444 79.1466666666667,14.2544444444444 79.1466666666667,14.2536111111111 79.1463888888889,14.2536111111111 79.1463888888889,14.2530555555556 79.1458333333333,14.2530555555556 79.1458333333333,14.2527777777778 79.1425,14.2527777777778 79.1425,14.2530555555556 79.1405555555556,14.2530555555556 79.1405555555556,14.2527777777778 79.1394444444445,14.2527777777778 79.1394444444445,14.2530555555556 79.1383333333333,14.2530555555556 79.1383333333333,14.2533333333333 79.1341666666667,14.2533333333333 79.1341666666667,14.2536111111111 79.1336111111111,14.2536111111111 79.1336111111111,14.2538888888889 79.1325,14.2538888888889 79.1325,14.2541666666667 79.1305555555556,14.2541666666667 79.1305555555556,14.2544444444444 79.1286111111111,14.2544444444444 79.1286111111111,14.2538888888889 79.1283333333333,14.2538888888889 79.1283333333333,14.2533333333333 79.1286111111111,14.2533333333333 79.1286111111111,14.2525 79.1283333333333,14.2525 79.1283333333333,14.2516666666667 79.1277777777778,14.2516666666667 79.1277777777778,14.2519444444444 79.1272222222222,14.2519444444444 79.1272222222222,14.2522222222222 79.1269444444444,14.2522222222222 79.1269444444444,14.2525 79.1263888888889,14.2525 79.1263888888889,14.2527777777778 79.1261111111111,14.2527777777778 79.1261111111111,14.2533333333333 79.1258333333333,14.2533333333333 79.1258333333333,14.2538888888889 79.1255555555556,14.2538888888889 79.1255555555556,14.2544444444444 79.1252777777778,14.2544444444444 79.1252777777778,14.2547222222222 79.1236111111111,14.2547222222222 79.1236111111111,14.2541666666667 79.1238888888889,14.2541666666667 79.1238888888889,14.2533333333333 79.1236111111111,14.2533333333333 79.1236111111111,14.2525 79.1233333333333,14.2525 79.1233333333333,14.2519444444444 79.1230555555556,14.2519444444444 79.1230555555556,14.2516666666667 79.1227777777778,14.2516666666667 79.1227777777778,14.2513888888889 79.1225,14.2513888888889 79.1225,14.2511111111111 79.1222222222222,14.2511111111111 79.1222222222222,14.2508333333333 79.1219444444444,14.2508333333333 79.1219444444444,14.25 79.1216666666667,14.25 79.1216666666667,14.2488888888889 79.1213888888889,14.2488888888889 79.1213888888889,14.2486111111111 79.1211111111111,14.2486111111111 79.1211111111111,14.2477777777778 79.1208333333333,14.2477777777778 79.1208333333333,14.2469444444444 79.1205555555556,14.2469444444444 79.1205555555556,14.2463888888889 79.1202777777778,14.2463888888889 79.1202777777778,14.2461111111111 79.12,14.2461111111111 79.12,14.2397222222222 79.1202777777778,14.2397222222222 79.1202777777778,14.2386111111111 79.1205555555556,14.2386111111111 79.1205555555556,14.2380555555556 79.1208333333333,14.2380555555556 79.1208333333333,14.2363888888889 79.1205555555556,14.2363888888889 79.1205555555556,14.2361111111111 79.1208333333333,14.2361111111111 79.1208333333333,14.2355555555556 79.1211111111111,14.2355555555556 79.1211111111111,14.2344444444444 79.1208333333333,14.2344444444444 79.1208333333333,14.2338888888889 79.1205555555556,14.2338888888889 79.1205555555556,14.2336111111111 79.1202777777778,14.2336111111111 79.1202777777778,14.2333333333333 79.1180555555556,14.2333333333333 79.1180555555556,14.2330555555556 79.1175,14.2330555555556 79.1175,14.2327777777778 79.1166666666667,14.2327777777778 79.1166666666667,14.2330555555556 79.1161111111111,14.2330555555556 79.1161111111111,14.2333333333333 79.1158333333333,14.2333333333333 79.1158333333333,14.2336111111111 79.1155555555556,14.2336111111111 79.1155555555556,14.2338888888889 79.1152777777778,14.2338888888889 79.1152777777778,14.2341666666667 79.115,14.2341666666667 79.115,14.2344444444444 79.1147222222222,14.2344444444444 79.1147222222222,14.2355555555556 79.1144444444444,14.2355555555556 79.1144444444444,14.2361111111111 79.1141666666667,14.2361111111111 79.1141666666667,14.2363888888889 79.1138888888889,14.2363888888889 79.1138888888889,14.2366666666667 79.1136111111111,14.2366666666667 79.1136111111111,14.2372222222222 79.1133333333333,14.2372222222222 79.1133333333333,14.2380555555556 79.1130555555555,14.2380555555556 79.1130555555555,14.2386111111111 79.1125,14.2386111111111 79.1125,14.2388888888889 79.1122222222222,14.2388888888889 79.1122222222222,14.2391666666667 79.1116666666667,14.2391666666667 79.1116666666667,14.2397222222222 79.1111111111111,14.2397222222222 79.1111111111111,14.24 79.1108333333333,14.24 79.1108333333333,14.2402777777778 79.1094444444444,14.2402777777778 79.1094444444444,14.24 79.1086111111111,14.24 79.1086111111111,14.2402777777778 79.1080555555556,14.2402777777778 79.1080555555556,14.2405555555556 79.1075,14.2405555555556 79.1075,14.2408333333333 79.1066666666667,14.2408333333333 79.1066666666667,14.2411111111111 79.1061111111111,14.2411111111111 79.1061111111111,14.2413888888889 79.1055555555556,14.2413888888889 79.1055555555556,14.2416666666667 79.1022222222222,14.2416666666667 79.1022222222222,14.2419444444444 79.1011111111111,14.2419444444444 79.1011111111111,14.2422222222222 79.1005555555556,14.2422222222222 79.1005555555556,14.2425 79.0986111111111,14.2425 79.0986111111111,14.2427777777778 79.0980555555556,14.2427777777778 79.0980555555556,14.2430555555556 79.0975,14.2430555555556 79.0975,14.2433333333333 79.0972222222222,14.2433333333333 79.0972222222222,14.2436111111111 79.0966666666667,14.2436111111111 79.0966666666667,14.2438888888889 79.0952777777778,14.2438888888889 79.0952777777778,14.2441666666667 79.0941666666667,14.2441666666667 79.0941666666667,14.2444444444444 79.0938888888889,14.2444444444444 79.0938888888889,14.2447222222222 79.0936111111111,14.2447222222222 79.0936111111111,14.245 79.0933333333333,14.245 79.0933333333333,14.2452777777778 79.0927777777778,14.2452777777778 79.0927777777778,14.245 79.0905555555556,14.245 79.0905555555556,14.2452777777778 79.0902777777778,14.2452777777778 79.0902777777778,14.2455555555556 79.0894444444444,14.2455555555556 79.0894444444444,14.2458333333333 79.0888888888889,14.2458333333333 79.0888888888889,14.2461111111111 79.0883333333333,14.2461111111111 79.0883333333333,14.2463888888889 79.0880555555556,14.2463888888889 79.0880555555556,14.2466666666667 79.0875,14.2466666666667 79.0875,14.2469444444444 79.0872222222222,14.2469444444444 79.0872222222222,14.2472222222222 79.0869444444444,14.2472222222222 79.0869444444444,14.2458333333333 79.0866666666667,14.2458333333333 79.0866666666667,14.2455555555556 79.0861111111111,14.2455555555556 79.0861111111111,14.2452777777778 79.0858333333333,14.2452777777778 79.0858333333333,14.2455555555556 79.0847222222222,14.2455555555556 79.0847222222222,14.2458333333333 79.0861111111111,14.2458333333333 79.0861111111111,14.2461111111111 79.0863888888889,14.2461111111111 79.0863888888889,14.2463888888889 79.0866666666667,14.2463888888889 79.0866666666667,14.2475 79.0869444444444,14.2475 79.0869444444444,14.2477777777778 79.0875,14.2477777777778 79.0875,14.2475 79.0877777777778,14.2475 79.0877777777778,14.2472222222222 79.0880555555556,14.2472222222222 79.0880555555556,14.2469444444444 79.0883333333333,14.2469444444444 79.0883333333333,14.2466666666667 79.0888888888889,14.2466666666667 79.0888888888889,14.2463888888889 79.09,14.2463888888889 79.09,14.2461111111111 79.0908333333333,14.2461111111111 79.0908333333333,14.2458333333333 79.0913888888889,14.2458333333333 79.0913888888889,14.2455555555556 79.0936111111111,14.2455555555556 79.0936111111111,14.2452777777778 79.0941666666667,14.2452777777778 79.0941666666667,14.245 79.0944444444444,14.245 79.0944444444444,14.2447222222222 79.0952777777778,14.2447222222222 79.0952777777778,14.2444444444444 79.0955555555555,14.2444444444444 79.0955555555555,14.2447222222222 79.0961111111111,14.2447222222222 79.0961111111111,14.2444444444444 79.0966666666667,14.2444444444444 79.0966666666667,14.2441666666667 79.0972222222222,14.2441666666667 79.0972222222222,14.2438888888889 79.0975,14.2438888888889 79.0975,14.2436111111111 79.0980555555556,14.2436111111111 79.0980555555556,14.2433333333333 79.0986111111111,14.2433333333333 79.0986111111111,14.2430555555556 79.1008333333333,14.2430555555556 79.1008333333333,14.2427777777778 79.1030555555556,14.2427777777778 79.1030555555556,14.2430555555556 79.1033333333333,14.2430555555556 79.1033333333333,14.2441666666667 79.1030555555556,14.2441666666667 79.1030555555556,14.2447222222222 79.1027777777778,14.2447222222222 79.1027777777778,14.245 79.1025,14.245 79.1025,14.2452777777778 79.1022222222222,14.2452777777778 79.1022222222222,14.2455555555556 79.1019444444444,14.2455555555556 79.1019444444444,14.2458333333333 79.1022222222222,14.2458333333333 79.1022222222222,14.2461111111111 79.1027777777778,14.2461111111111 79.1027777777778,14.2458333333333 79.1030555555556,14.2458333333333 79.1030555555556,14.2455555555556 79.1041666666667,14.2455555555556 79.1041666666667,14.2452777777778 79.1052777777778,14.2452777777778 79.1052777777778,14.2441666666667 79.105,14.2441666666667 79.105,14.2438888888889 79.1047222222222,14.2438888888889 79.1047222222222,14.2430555555556 79.105,14.2430555555556 79.105,14.2427777777778 79.1052777777778,14.2427777777778 79.1052777777778,14.2425 79.1058333333333,14.2425 79.1058333333333,14.2422222222222 79.1066666666667,14.2422222222222 79.1066666666667,14.2419444444444 79.1069444444444,14.2419444444444 79.1069444444444,14.2416666666667 79.1080555555556,14.2416666666667 79.1080555555556,14.2413888888889 79.1088888888889,14.2413888888889 79.1088888888889,14.2411111111111 79.1094444444444,14.2411111111111 79.1094444444444,14.2413888888889 79.1097222222222,14.2413888888889 79.1097222222222,14.2411111111111 79.1108333333333,14.2411111111111 79.1108333333333,14.2408333333333 79.1113888888889,14.2408333333333 79.1113888888889,14.2405555555556 79.1116666666667,14.2405555555556 79.1116666666667,14.2402777777778 79.1119444444444,14.2402777777778 79.1119444444444,14.2397222222222 79.1122222222222,14.2397222222222 79.1122222222222,14.2394444444444 79.1127777777778,14.2394444444444 79.1127777777778,14.2391666666667 79.1133333333333,14.2391666666667 79.1133333333333,14.2388888888889 79.1136111111111,14.2388888888889 79.1136111111111,14.2386111111111 79.1138888888889,14.2386111111111 79.1138888888889,14.2377777777778 79.1141666666667,14.2377777777778 79.1141666666667,14.2372222222222 79.1144444444444,14.2372222222222 79.1144444444444,14.2369444444444 79.1147222222222,14.2369444444444 79.1147222222222,14.2363888888889 79.115,14.2363888888889 79.115,14.2358333333333 79.1152777777778,14.2358333333333 79.1152777777778,14.2352777777778 79.1155555555556,14.2352777777778 79.1155555555556,14.235 79.1158333333333,14.235 79.1158333333333,14.2344444444444 79.1161111111111,14.2344444444444 79.1161111111111,14.2338888888889 79.1163888888889,14.2338888888889 79.1163888888889,14.2336111111111 79.1175,14.2336111111111 79.1175,14.2338888888889 79.1180555555556,14.2338888888889 79.1180555555556,14.2341666666667 79.1197222222222,14.2341666666667 79.1197222222222,14.2344444444444 79.12,14.2344444444444 79.12,14.2366666666667 79.1202777777778,14.2366666666667 79.1202777777778,14.2383333333333 79.12,14.2383333333333 79.12,14.2394444444444 79.1197222222222,14.2394444444444 79.1197222222222,14.2402777777778 79.1194444444444,14.2402777777778 79.1194444444444,14.2458333333333 79.1197222222222,14.2458333333333 79.1197222222222,14.2463888888889 79.12,14.2463888888889 79.12,14.2469444444444 79.1202777777778,14.2469444444444 79.1202777777778,14.2486111111111 79.1205555555556,14.2486111111111 79.1205555555556,14.2491666666667 79.1208333333333,14.2491666666667 79.1208333333333,14.2502777777778 79.1211111111111,14.2502777777778 79.1211111111111,14.2511111111111 79.1213888888889,14.2511111111111 79.1213888888889,14.2513888888889 79.1216666666667,14.2513888888889 79.1216666666667,14.2516666666667 79.1219444444444,14.2516666666667 79.1219444444444,14.2519444444444 79.1222222222222,14.2519444444444 79.1222222222222,14.2522222222222 79.1225,14.2522222222222 79.1225,14.2525 79.1227777777778,14.2525 79.1227777777778,14.2530555555556 79.1230555555556,14.2530555555556 79.1230555555556,14.2533333333333 79.1233333333333,14.2533333333333 79.1233333333333,14.2544444444444 79.1230555555556,14.2544444444444 79.1230555555556,14.2547222222222 79.1233333333333,14.2547222222222 79.1233333333333,14.255 79.1247222222222,14.255 79.1247222222222,14.2552777777778 79.1255555555556,14.2552777777778 79.1255555555556,14.255 79.1258333333333,14.255 79.1258333333333,14.2544444444444 79.1261111111111,14.2544444444444 79.1261111111111,14.2541666666667 79.1266666666667,14.2541666666667 79.1266666666667,14.2538888888889 79.1272222222222,14.2538888888889 79.1272222222222,14.2541666666667 79.1277777777778,14.2541666666667 79.1277777777778,14.2544444444444 79.1283333333333,14.2544444444444 79.1283333333333,14.2547222222222 79.1288888888889,14.2547222222222 79.1288888888889,14.255 79.13,14.255 79.13,14.2547222222222 79.1308333333333,14.2547222222222 79.1308333333333,14.2544444444444 79.1333333333333,14.2544444444444 79.1333333333333,14.2541666666667 79.1344444444444,14.2541666666667 79.1344444444444,14.2538888888889 79.1361111111111,14.2538888888889 79.1361111111111,14.2541666666667 79.1366666666667,14.2541666666667 79.1366666666667,14.2544444444444 79.1375,14.2544444444444 79.1375,14.255 79.1388888888889,14.255 79.1388888888889,14.2547222222222 79.1402777777778,14.2547222222222 79.1402777777778,14.2544444444444 79.1405555555556,14.2544444444444 79.1405555555556,14.2541666666667 79.1413888888889,14.2541666666667 79.1413888888889,14.2538888888889 79.1419444444444,14.2538888888889 79.1419444444444,14.2536111111111 79.1425,14.2536111111111 79.1425,14.2533333333333 79.1452777777778,14.2533333333333 79.1452777777778,14.2536111111111 79.1458333333333,14.2536111111111 79.1458333333333,14.2541666666667 79.1461111111111,14.2541666666667 79.1461111111111,14.2627777777778 79.1458333333333,14.2627777777778 79.1458333333333,14.2633333333333 79.1455555555556,14.2633333333333 79.1455555555556,14.2636111111111 79.1452777777778,14.2636111111111 79.1452777777778,14.2638888888889 79.145,14.2638888888889 79.145,14.2641666666667 79.1444444444444,14.2641666666667 79.1444444444444,14.2644444444444 79.1436111111111,14.2644444444444 79.1436111111111,14.2647222222222 79.1430555555555,14.2647222222222 79.1430555555555,14.265 79.1425,14.265 79.1425,14.2652777777778 79.1422222222222,14.2652777777778 79.1422222222222,14.2655555555556 79.1419444444444,14.2655555555556 79.1419444444444,14.2658333333333 79.1413888888889,14.2658333333333 79.1413888888889,14.2661111111111 79.1405555555556,14.2661111111111 79.1405555555556,14.2663888888889 79.1397222222222,14.2663888888889 79.1397222222222,14.2661111111111 79.1391666666667,14.2661111111111 79.1391666666667,14.2658333333333 79.1386111111111,14.2658333333333 79.1386111111111,14.2655555555556 79.1383333333333,14.2655555555556 79.1383333333333,14.2652777777778 79.1380555555556,14.2652777777778 79.1380555555556,14.265 79.1377777777778,14.265 79.1377777777778,14.2633333333333 79.1375,14.2633333333333 79.1375,14.2630555555556 79.135,14.2630555555556 79.135,14.2627777777778 79.1333333333333,14.2627777777778 79.1333333333333,14.2625 79.1322222222222,14.2625 79.1322222222222,14.2627777777778 79.1319444444444,14.2627777777778 79.1319444444444,14.2630555555556 79.1313888888889,14.2630555555556 79.1313888888889,14.2633333333333 79.1311111111111,14.2633333333333 79.1311111111111,14.2636111111111 79.1302777777778,14.2636111111111 79.1302777777778,14.2633333333333 79.1277777777778,14.2633333333333 79.1277777777778,14.2636111111111 79.1275,14.2636111111111 79.1275,14.2641666666667 79.1277777777778,14.2641666666667 79.1277777777778,14.2644444444444 79.1286111111111,14.2644444444444 79.1286111111111,14.2647222222222 79.1297222222222,14.2647222222222 79.1297222222222,14.265 79.13,14.265 79.13,14.2652777777778 79.1302777777778,14.2652777777778 79.1302777777778,14.2661111111111 79.13,14.2661111111111 79.13,14.2663888888889 79.1297222222222,14.2663888888889 79.1297222222222,14.2666666666667 79.1291666666667,14.2666666666667 79.1291666666667,14.2669444444444 79.1288888888889,14.2669444444444 79.1288888888889,14.2672222222222 79.1286111111111,14.2672222222222 79.1286111111111,14.2677777777778 79.1280555555555,14.2677777777778 79.1280555555555,14.2680555555556 79.1277777777778,14.2680555555556 79.1277777777778,14.2683333333333 79.1272222222222,14.2683333333333 79.1272222222222,14.2686111111111 79.1269444444444,14.2686111111111 79.1269444444444,14.2688888888889 79.1266666666667,14.2688888888889 79.1266666666667,14.2694444444444 79.1263888888889,14.2694444444444 79.1263888888889,14.2697222222222 79.1261111111111,14.2697222222222 79.1261111111111,14.2716666666667 79.1258333333333,14.2716666666667 79.1258333333333,14.2722222222222 79.1255555555556,14.2722222222222 79.1255555555556,14.2725 79.1247222222222,14.2725 79.1247222222222,14.2722222222222 79.1244444444444,14.2722222222222 79.1244444444444,14.2708333333333 79.1247222222222,14.2708333333333 79.1247222222222,14.2686111111111 79.125,14.2686111111111 79.125,14.2680555555556 79.1252777777778,14.2680555555556 79.1252777777778,14.2677777777778 79.1255555555556,14.2677777777778 79.1255555555556,14.2672222222222 79.1252777777778,14.2672222222222 79.1252777777778,14.2669444444444 79.125,14.2669444444444 79.125,14.2666666666667 79.1244444444444,14.2666666666667 79.1244444444444,14.2663888888889 79.1238888888889,14.2663888888889 79.1238888888889,14.2661111111111 79.1233333333333,14.2661111111111 79.1233333333333,14.2658333333333 79.1230555555556,14.2658333333333 79.1230555555556,14.2655555555556 79.1219444444444,14.2655555555556 79.1219444444444,14.2658333333333 79.1213888888889,14.2658333333333 79.1213888888889,14.2661111111111 79.1197222222222,14.2661111111111 79.1197222222222,14.2663888888889 79.1191666666667,14.2663888888889 79.1191666666667,14.2666666666667 79.1166666666667,14.2666666666667 79.1166666666667,14.2663888888889 79.1163888888889,14.2663888888889 79.1163888888889,14.2661111111111 79.1161111111111,14.2661111111111 79.1161111111111,14.2658333333333 79.1163888888889,14.2658333333333 79.1163888888889,14.2652777777778 79.1175,14.2652777777778 79.1175,14.265 79.1186111111111,14.265 79.1186111111111,14.2644444444444 79.1175,14.2644444444444 79.1175,14.2647222222222 79.1169444444444,14.2647222222222 79.1169444444444,14.265 79.1163888888889,14.265 79.1163888888889,14.2647222222222 79.1158333333333,14.2647222222222 79.1158333333333,14.2644444444444 79.1147222222222,14.2644444444444 79.1147222222222,14.2677777777778 79.115,14.2677777777778 79.115,14.2680555555556 79.1175,14.2680555555556 79.1175,14.2683333333333 79.1183333333333,14.2683333333333 79.1183333333333,14.2686111111111 79.1194444444444,14.2686111111111 79.1194444444444,14.2688888888889 79.1208333333333,14.2688888888889 79.1208333333333,14.2691666666667 79.1216666666667,14.2691666666667 79.1216666666667,14.2694444444444 79.1219444444444,14.2694444444444 79.1219444444444,14.2697222222222 79.1222222222222,14.2697222222222 79.1222222222222,14.2702777777778 79.1219444444444,14.2702777777778 79.1219444444444,14.2705555555556 79.1216666666667,14.2705555555556 79.1216666666667,14.2708333333333 79.1211111111111,14.2708333333333 79.1211111111111,14.2711111111111 79.1208333333333,14.2711111111111 79.1208333333333,14.2713888888889 79.1205555555556,14.2713888888889 79.1205555555556,14.2719444444444 79.1202777777778,14.2719444444444 79.1202777777778,14.2722222222222 79.12,14.2722222222222 79.12,14.2725 79.1197222222222,14.2725 79.1197222222222,14.2727777777778 79.1191666666667,14.2727777777778 79.1191666666667,14.2730555555556 79.1188888888889,14.2730555555556 79.1188888888889,14.275 79.1186111111111,14.275 79.1186111111111,14.2755555555556 79.1183333333333,14.2755555555556 79.1183333333333,14.2758333333333 79.1172222222222,14.2758333333333 79.1172222222222,14.2755555555556 79.1166666666667,14.2755555555556 79.1166666666667,14.2752777777778 79.1163888888889,14.2752777777778 79.1163888888889,14.275 79.1158333333333,14.275 79.1158333333333,14.2747222222222 79.1155555555556,14.2747222222222 79.1155555555556,14.2744444444444 79.1152777777778,14.2744444444444 79.1152777777778,14.2738888888889 79.115,14.2738888888889 79.115,14.2736111111111 79.1147222222222,14.2736111111111 79.1147222222222,14.2733333333333 79.1144444444444,14.2733333333333 79.1144444444444,14.2730555555556 79.1141666666667,14.2730555555556 79.1141666666667,14.2727777777778 79.1130555555555,14.2727777777778 79.1130555555555,14.2722222222222 79.1127777777778,14.2722222222222 79.1127777777778,14.2719444444444 79.1125,14.2719444444444 79.1125,14.2716666666667 79.1122222222222,14.2716666666667 79.1122222222222,14.2713888888889 79.1119444444444,14.2713888888889 79.1119444444444,14.2708333333333 79.1116666666667,14.2708333333333 79.1116666666667,14.2705555555556 79.1113888888889,14.2705555555556 79.1113888888889,14.2702777777778 79.1111111111111,14.2702777777778 79.1111111111111,14.27 79.1105555555555,14.27 79.1105555555555,14.2697222222222 79.1088888888889,14.2697222222222 79.1088888888889,14.2694444444444 79.1083333333333,14.2694444444444 79.1083333333333,14.2697222222222 79.1066666666667,14.2697222222222 79.1066666666667,14.2694444444444 79.1061111111111,14.2694444444444 79.1061111111111,14.2691666666667 79.1058333333333,14.2691666666667 79.1058333333333,14.2688888888889 79.1047222222222,14.2688888888889 79.1047222222222,14.2691666666667 79.1027777777778,14.2691666666667 79.1027777777778,14.2688888888889 79.1022222222222,14.2688888888889 79.1022222222222,14.2686111111111 79.1013888888889,14.2686111111111 79.1013888888889,14.2683333333333 79.1008333333333,14.2683333333333 79.1008333333333,14.2686111111111 79.1002777777778,14.2686111111111 79.1002777777778,14.2688888888889 79.0997222222222,14.2688888888889 79.0997222222222,14.2691666666667 79.0991666666667,14.2691666666667 79.0991666666667,14.2694444444444 79.0988888888889,14.2694444444444 79.0988888888889,14.2697222222222 79.0975,14.2697222222222 79.0975,14.27 79.0966666666667,14.27 79.0966666666667,14.2702777777778 79.0963888888889,14.2702777777778 79.0963888888889,14.2705555555556 79.0966666666667,14.2705555555556 79.0966666666667,14.2713888888889 79.0969444444444,14.2713888888889 79.0969444444444,14.2716666666667 79.0972222222222,14.2716666666667 79.0972222222222,14.2719444444444 79.0975,14.2719444444444 79.0975,14.2722222222222 79.0977777777778,14.2722222222222 79.0977777777778,14.2725 79.0994444444444,14.2725 79.0994444444444,14.2727777777778 79.1,14.2727777777778 79.1,14.2730555555556 79.1005555555556,14.2730555555556 79.1005555555556,14.2733333333333 79.1008333333333,14.2733333333333 79.1008333333333,14.2736111111111 79.1011111111111,14.2736111111111 79.1011111111111,14.2738888888889 79.1013888888889,14.2738888888889 79.1013888888889,14.2741666666667 79.1016666666667,14.2741666666667 79.1016666666667,14.2744444444444 79.1019444444444,14.2744444444444 79.1019444444444,14.275 79.1022222222222,14.275 79.1022222222222,14.2755555555556 79.1025,14.2755555555556 79.1025,14.2761111111111 79.1027777777778,14.2761111111111 79.1027777777778,14.2763888888889 79.1030555555556,14.2763888888889 79.1030555555556,14.2769444444444 79.1033333333333,14.2769444444444 79.1033333333333,14.2797222222222 79.1030555555556,14.2797222222222 79.1030555555556,14.28 79.1022222222222,14.28 79.1022222222222,14.2797222222222 79.1019444444444,14.2797222222222 79.1019444444444,14.2794444444444 79.1016666666667,14.2794444444444 79.1016666666667,14.2788888888889 79.1013888888889,14.2788888888889 79.1013888888889,14.2783333333333 79.1008333333333,14.2783333333333 79.1008333333333,14.2780555555556 79.1005555555556,14.2780555555556 79.1005555555556,14.2777777777778 79.1002777777778,14.2777777777778 79.1002777777778,14.2772222222222 79.1,14.2772222222222 79.1,14.2763888888889 79.0994444444444,14.2763888888889 79.0994444444444,14.2761111111111 79.0983333333333,14.2761111111111 79.0983333333333,14.2758333333333 79.0977777777778,14.2758333333333 79.0977777777778,14.2755555555556 79.0972222222222,14.2755555555556 79.0972222222222,14.2752777777778 79.0969444444444,14.2752777777778 79.0969444444444,14.275 79.0955555555555,14.275 79.0955555555555,14.2747222222222 79.095,14.2747222222222 79.095,14.2744444444444 79.0944444444444,14.2744444444444 79.0944444444444,14.2741666666667 79.0938888888889,14.2741666666667 79.0938888888889,14.2738888888889 79.0933333333333,14.2738888888889 79.0933333333333,14.2736111111111 79.0927777777778,14.2736111111111 79.0927777777778,14.2733333333333 79.0925,14.2733333333333 79.0925,14.2727777777778 79.0922222222222,14.2727777777778 79.0922222222222,14.2725 79.0919444444444,14.2725 79.0919444444444,14.2722222222222 79.0916666666667,14.2722222222222 79.0916666666667,14.2719444444444 79.0908333333333,14.2719444444444 79.0908333333333,14.2716666666667 79.0905555555556,14.2716666666667 79.0905555555556,14.2719444444444 79.09,14.2719444444444 79.09,14.2716666666667 79.0894444444444,14.2716666666667 79.0894444444444,14.2713888888889 79.0891666666667,14.2713888888889 79.0891666666667,14.2711111111111 79.0888888888889,14.2711111111111 79.0888888888889,14.2708333333333 79.0886111111111,14.2708333333333 79.0886111111111,14.27 79.0883333333333,14.27 79.0883333333333,14.2691666666667 79.0880555555556,14.2691666666667 79.0880555555556,14.2688888888889 79.0877777777778,14.2688888888889 79.0877777777778,14.2686111111111 79.0875,14.2686111111111 79.0875,14.2683333333333 79.0869444444444,14.2683333333333 79.0869444444444,14.2680555555556 79.0866666666667,14.2680555555556 79.0866666666667,14.2677777777778 79.0863888888889,14.2677777777778 79.0863888888889,14.2675 79.0861111111111,14.2675 79.0861111111111,14.2669444444444 79.0858333333333,14.2669444444444 79.0858333333333,14.2666666666667 79.0855555555556,14.2666666666667 79.0855555555556,14.2663888888889 79.0852777777778,14.2663888888889 79.0852777777778,14.2661111111111 79.085,14.2661111111111 79.085,14.2658333333333 79.0847222222222,14.2658333333333 79.0847222222222,14.265 79.0844444444444,14.265 79.0844444444444,14.2647222222222 79.0841666666667,14.2647222222222 79.0841666666667,14.2644444444444 79.0833333333333,14.2644444444444 79.0833333333333,14.2641666666667 79.0830555555556,14.2641666666667 79.0830555555556,14.2638888888889 79.0825,14.2638888888889 79.0825,14.2641666666667 79.0822222222222,14.2641666666667 79.0822222222222,14.2644444444444 79.0816666666667,14.2644444444444 79.0816666666667,14.2647222222222 79.0802777777778,14.2647222222222 79.0802777777778,14.2644444444444 79.0797222222222,14.2644444444444 79.0797222222222,14.2641666666667 79.0794444444444,14.2641666666667 79.0794444444444,14.2636111111111 79.0791666666667,14.2636111111111 79.0791666666667,14.2633333333333 79.0788888888889,14.2633333333333 79.0788888888889,14.2630555555556 79.0786111111111,14.2630555555556 79.0786111111111,14.2627777777778 79.0783333333333,14.2627777777778 79.0783333333333,14.2625 79.0780555555556,14.2625 79.0780555555556,14.2622222222222 79.0777777777778,14.2622222222222 79.0777777777778,14.2619444444444 79.0775,14.2619444444444 79.0775,14.2616666666667 79.0769444444445,14.2616666666667 79.0769444444445,14.2613888888889 79.0766666666667,14.2613888888889 79.0766666666667,14.2611111111111 79.0763888888889,14.2611111111111 79.0763888888889,14.2608333333333 79.0761111111111,14.2608333333333 79.0761111111111,14.2605555555556 79.0758333333333,14.2605555555556 79.0758333333333,14.2602777777778 79.0752777777778,14.2602777777778 79.0752777777778,14.26 79.075,14.26 79.075,14.2597222222222 79.0733333333333,14.2597222222222 79.0733333333333,14.2616666666667 79.0730555555556,14.2616666666667 79.0730555555556,14.2619444444444 79.0727777777778,14.2619444444444 79.0727777777778,14.2622222222222 79.0722222222222,14.2622222222222 79.0722222222222,14.2625 79.0705555555556,14.2625 79.0705555555556,14.2622222222222 79.0688888888889,14.2622222222222 79.0688888888889,14.2625 79.0686111111111,14.2625 79.0686111111111,14.2627777777778 79.0683333333333,14.2627777777778 79.0683333333333,14.2630555555556 79.0669444444444,14.2630555555556 79.0669444444444,14.2633333333333 79.0652777777778,14.2633333333333 79.0652777777778,14.2630555555556 79.0641666666667,14.2630555555556 79.0641666666667,14.2627777777778 79.0613888888889,14.2627777777778 79.0613888888889,14.2630555555556 79.0608333333333,14.2630555555556 79.0608333333333,14.2633333333333 79.0605555555556,14.2633333333333 79.0605555555556,14.2636111111111 79.0602777777778,14.2636111111111 79.0602777777778,14.2644444444444 79.06,14.2644444444444 79.06,14.2647222222222 79.0586111111111,14.2647222222222 79.0586111111111,14.2644444444444 79.0575,14.2644444444444 79.0575,14.2641666666667 79.0572222222222,14.2641666666667 79.0572222222222,14.2638888888889 79.0569444444444,14.2638888888889 79.0569444444444,14.2636111111111 79.0566666666667,14.2636111111111 79.0566666666667,14.2641666666667 79.0569444444444,14.2641666666667 79.0569444444444,14.2647222222222 79.0577777777778,14.2647222222222 79.0577777777778,14.265 79.0588888888889,14.265 79.0588888888889,14.2652777777778</coordinates></LinearRing></outerBoundaryIs><innerBoundaryIs><LinearRing><coordinates>79.1191666666667,14.2677777777778 79.1188888888889,14.2677777777778 79.1188888888889,14.2675 79.1191666666667,14.2675 79.1191666666667,14.2672222222222 79.1211111111111,14.2672222222222 79.1211111111111,14.2675 79.1213888888889,14.2675 79.1213888888889,14.2672222222222 79.1219444444444,14.2672222222222 79.1219444444444,14.2669444444444 79.1238888888889,14.2669444444444 79.1238888888889,14.2672222222222 79.1244444444444,14.2672222222222 79.1244444444444,14.2680555555556 79.1241666666667,14.2680555555556 79.1241666666667,14.2683333333333 79.1238888888889,14.2683333333333 79.1238888888889,14.2686111111111 79.1236111111111,14.2686111111111 79.1236111111111,14.2688888888889 79.1233333333333,14.2688888888889 79.1233333333333,14.2686111111111 79.1227777777778,14.2686111111111 79.1227777777778,14.2683333333333 79.1219444444444,14.2683333333333 79.1219444444444,14.2680555555556 79.1191666666667,14.2680555555556 79.1191666666667,14.2677777777778</coordinates></LinearRing></innerBoundaryIs><innerBoundaryIs><LinearRing><coordinates>79.1155555555556,14.2672222222222 79.1152777777778,14.2672222222222 79.1152777777778,14.2669444444444 79.1155555555556,14.2669444444444 79.1155555555556,14.2672222222222</coordinates></LinearRing></innerBoundaryIs><innerBoundaryIs><LinearRing><coordinates>79.1294444444444,14.2638888888889 79.1283333333333,14.2638888888889 79.1283333333333,14.2636111111111 79.1294444444444,14.2636111111111 79.1294444444444,14.2638888888889</coordinates></LinearRing></innerBoundaryIs></Polygon><Polygon><outerBoundaryIs><LinearRing><coordinates>79.0566666666667,14.2636111111111 79.0566666666667,14.2625 79.0563888888889,14.2625 79.0563888888889,14.2619444444444 79.0566666666667,14.2619444444444 79.0566666666667,14.2613888888889 79.0563888888889,14.2613888888889 79.0563888888889,14.2616666666667 79.0561111111111,14.2616666666667 79.0561111111111,14.2630555555556 79.0563888888889,14.2630555555556 79.0563888888889,14.2636111111111 79.0566666666667,14.2636111111111</coordinates></LinearRing></outerBoundaryIs></Polygon><Polygon><outerBoundaryIs><LinearRing><coordinates>79.0572222222222,14.2613888888889 79.0572222222222,14.2611111111111 79.0566666666667,14.2611111111111 79.0566666666667,14.2613888888889 79.0572222222222,14.2613888888889</coordinates></LinearRing></outerBoundaryIs></Polygon><Polygon><outerBoundaryIs><LinearRing><coordinates>79.0572222222222,14.2605555555556 79.0572222222222,14.2611111111111 79.0575,14.2611111111111 79.0575,14.2602777777778 79.0572222222222,14.2602777777778 79.0572222222222,14.2597222222222 79.0569444444444,14.2597222222222 79.0569444444444,14.2591666666667 79.0566666666667,14.2591666666667 79.0566666666667,14.2588888888889 79.0552777777778,14.2588888888889 79.0552777777778,14.2591666666667 79.0563888888889,14.2591666666667 79.0563888888889,14.2594444444444 79.0566666666667,14.2594444444444 79.0566666666667,14.26 79.0569444444444,14.26 79.0569444444444,14.2605555555556 79.0572222222222,14.2605555555556</coordinates></LinearRing></outerBoundaryIs></Polygon><Polygon><outerBoundaryIs><LinearRing><coordinates>79.055,14.2591666666667 79.055,14.2594444444444 79.0552777777778,14.2594444444444 79.0552777777778,14.2591666666667 79.055,14.2591666666667</coordinates></LinearRing></outerBoundaryIs></Polygon><Polygon><outerBoundaryIs><LinearRing><coordinates>79.0547222222222,14.2594444444444 79.0547222222222,14.26 79.055,14.26 79.055,14.2594444444444 79.0547222222222,14.2594444444444</coordinates></LinearRing></outerBoundaryIs></Polygon><Polygon><outerBoundaryIs><LinearRing><coordinates>79.0544444444444,14.26 79.0544444444444,14.2602777777778 79.0547222222222,14.2602777777778 79.0547222222222,14.26 79.0544444444444,14.26</coordinates></LinearRing></outerBoundaryIs></Polygon><Polygon><outerBoundaryIs><LinearRing><coordinates>79.0541666666667,14.2602777777778 79.0541666666667,14.2608333333333 79.0544444444444,14.2608333333333 79.0544444444444,14.2602777777778 79.0541666666667,14.2602777777778</coordinates></LinearRing></outerBoundaryIs></Polygon><Polygon><outerBoundaryIs><LinearRing><coordinates>79.0538888888889,14.2608333333333 79.0538888888889,14.2613888888889 79.0541666666667,14.2613888888889 79.0541666666667,14.2608333333333 79.0538888888889,14.2608333333333</coordinates></LinearRing></outerBoundaryIs></Polygon><Polygon><outerBoundaryIs><LinearRing><coordinates>79.0536111111111,14.2613888888889 79.0536111111111,14.2619444444444 79.0538888888889,14.2619444444444 79.0538888888889,14.2613888888889 79.0536111111111,14.2613888888889</coordinates></LinearRing></outerBoundaryIs></Polygon><Polygon><outerBoundaryIs><LinearRing><coordinates>79.0533333333333,14.2619444444444 79.0533333333333,14.2625 79.0536111111111,14.2625 79.0536111111111,14.2619444444444 79.0533333333333,14.2619444444444</coordinates></LinearRing></outerBoundaryIs></Polygon><Polygon><outerBoundaryIs><LinearRing><coordinates>79.0519444444444,14.2625 79.0519444444444,14.2622222222222 79.0516666666667,14.2622222222222 79.0516666666667,14.2625 79.0513888888889,14.2625 79.0513888888889,14.2627777777778 79.0525,14.2627777777778 79.0525,14.2630555555556 79.0527777777778,14.2630555555556 79.0527777777778,14.2627777777778 79.0533333333333,14.2627777777778 79.0533333333333,14.2625 79.0519444444444,14.2625</coordinates></LinearRing></outerBoundaryIs></Polygon><Polygon><outerBoundaryIs><LinearRing><coordinates>79.0502777777778,14.2641666666667 79.0502777777778,14.2638888888889 79.0505555555555,14.2638888888889 79.0505555555555,14.2636111111111 79.0508333333333,14.2636111111111 79.0508333333333,14.2633333333333 79.0511111111111,14.2633333333333 79.0511111111111,14.2630555555556 79.0513888888889,14.2630555555556 79.0513888888889,14.2627777777778 79.0508333333333,14.2627777777778 79.0508333333333,14.2630555555556 79.0505555555555,14.2630555555556 79.0505555555555,14.2633333333333 79.05,14.2633333333333 79.05,14.2636111111111 79.0494444444444,14.2636111111111 79.0494444444444,14.2638888888889 79.0488888888889,14.2638888888889 79.0488888888889,14.2636111111111 79.0477777777778,14.2636111111111 79.0477777777778,14.2638888888889 79.0483333333333,14.2638888888889 79.0483333333333,14.2641666666667 79.0488888888889,14.2641666666667 79.0488888888889,14.2644444444444 79.0491666666667,14.2644444444444 79.0491666666667,14.2641666666667 79.0502777777778,14.2641666666667</coordinates></LinearRing></outerBoundaryIs></Polygon><Polygon><outerBoundaryIs><LinearRing><coordinates>79.0477777777778,14.2638888888889 79.0466666666667,14.2638888888889 79.0466666666667,14.2641666666667 79.0477777777778,14.2641666666667 79.0477777777778,14.2638888888889</coordinates></LinearRing></outerBoundaryIs></Polygon><Polygon><outerBoundaryIs><LinearRing><coordinates>79.0466666666667,14.2636111111111 79.0463888888889,14.2636111111111 79.0463888888889,14.2638888888889 79.0466666666667,14.2638888888889 79.0466666666667,14.2636111111111</coordinates></LinearRing></outerBoundaryIs></Polygon><Polygon><outerBoundaryIs><LinearRing><coordinates>79.0463888888889,14.2630555555556 79.0461111111111,14.2630555555556 79.0461111111111,14.2636111111111 79.0463888888889,14.2636111111111 79.0463888888889,14.2630555555556</coordinates></LinearRing></outerBoundaryIs></Polygon><Polygon><outerBoundaryIs><LinearRing><coordinates>79.0458333333333,14.2630555555556 79.0461111111111,14.2630555555556 79.0461111111111,14.2625 79.0458333333333,14.2625 79.0458333333333,14.2630555555556</coordinates></LinearRing></outerBoundaryIs></Polygon><Polygon><outerBoundaryIs><LinearRing><coordinates>79.0841666666667,14.245 79.0825,14.245 79.0825,14.2452777777778 79.0838888888889,14.2452777777778 79.0838888888889,14.2455555555556 79.0847222222222,14.2455555555556 79.0847222222222,14.2452777777778 79.0841666666667,14.2452777777778 79.0841666666667,14.245</coordinates></LinearRing></outerBoundaryIs></Polygon><Polygon><outerBoundaryIs><LinearRing><coordinates>79.0825,14.2447222222222 79.0822222222222,14.2447222222222 79.0822222222222,14.245 79.0825,14.245 79.0825,14.2447222222222</coordinates></LinearRing></outerBoundaryIs></Polygon><Polygon><outerBoundaryIs><LinearRing><coordinates>79.0822222222222,14.2447222222222 79.0822222222222,14.2444444444444 79.0808333333333,14.2444444444444 79.0808333333333,14.2416666666667 79.0805555555555,14.2416666666667 79.0805555555555,14.2422222222222 79.0802777777778,14.2422222222222 79.0802777777778,14.2441666666667 79.0805555555555,14.2441666666667 79.0805555555555,14.2447222222222 79.0822222222222,14.2447222222222</coordinates></LinearRing></outerBoundaryIs></Polygon><Polygon><outerBoundaryIs><LinearRing><coordinates>79.0813888888889,14.2416666666667 79.0813888888889,14.2413888888889 79.0808333333333,14.2413888888889 79.0808333333333,14.2416666666667 79.0813888888889,14.2416666666667</coordinates></LinearRing></outerBoundaryIs></Polygon><Polygon><outerBoundaryIs><LinearRing><coordinates>79.0819444444444,14.2413888888889 79.0819444444444,14.2411111111111 79.0813888888889,14.2411111111111 79.0813888888889,14.2413888888889 79.0819444444444,14.2413888888889</coordinates></LinearRing></outerBoundaryIs></Polygon><Polygon><outerBoundaryIs><LinearRing><coordinates>79.0825,14.2411111111111 79.0825,14.2408333333333 79.0819444444444,14.2408333333333 79.0819444444444,14.2411111111111 79.0825,14.2411111111111</coordinates></LinearRing></outerBoundaryIs></Polygon><Polygon><outerBoundaryIs><LinearRing><coordinates>79.0841666666667,14.2405555555556 79.0841666666667,14.2402777777778 79.0836111111111,14.2402777777778 79.0836111111111,14.2405555555556 79.0825,14.2405555555556 79.0825,14.2408333333333 79.0838888888889,14.2408333333333 79.0838888888889,14.2405555555556 79.0841666666667,14.2405555555556</coordinates></LinearRing></outerBoundaryIs></Polygon><Polygon><outerBoundaryIs><LinearRing><coordinates>79.0844444444444,14.2402777777778 79.0844444444444,14.24 79.0841666666667,14.24 79.0841666666667,14.2402777777778 79.0844444444444,14.2402777777778</coordinates></LinearRing></outerBoundaryIs></Polygon><Polygon><outerBoundaryIs><LinearRing><coordinates>79.085,14.24 79.085,14.2397222222222 79.0852777777778,14.2397222222222 79.0852777777778,14.2391666666667 79.085,14.2391666666667 79.085,14.2394444444444 79.0847222222222,14.2394444444444 79.0847222222222,14.2397222222222 79.0844444444444,14.2397222222222 79.0844444444444,14.24 79.085,14.24</coordinates></LinearRing></outerBoundaryIs></Polygon><Polygon><outerBoundaryIs><LinearRing><coordinates>79.0788888888889,14.2333333333333 79.0788888888889,14.2327777777778 79.0791666666667,14.2327777777778 79.0791666666667,14.2322222222222 79.0794444444444,14.2322222222222 79.0794444444444,14.2319444444444 79.0797222222222,14.2319444444444 79.0797222222222,14.2316666666667 79.08,14.2316666666667 79.08,14.2313888888889 79.0802777777778,14.2313888888889 79.0802777777778,14.2311111111111 79.0811111111111,14.2311111111111 79.0811111111111,14.2313888888889 79.0813888888889,14.2313888888889 79.0813888888889,14.2311111111111 79.0819444444444,14.2311111111111 79.0819444444444,14.2302777777778 79.0822222222222,14.2302777777778 79.0822222222222,14.2297222222222 79.0825,14.2297222222222 79.0825,14.2291666666667 79.0827777777778,14.2291666666667 79.0827777777778,14.2286111111111 79.0830555555556,14.2286111111111 79.0830555555556,14.2283333333333 79.0844444444444,14.2283333333333 79.0844444444444,14.2280555555556 79.0847222222222,14.2280555555556 79.0847222222222,14.2277777777778 79.085,14.2277777777778 79.085,14.2275 79.0852777777778,14.2275 79.0852777777778,14.2272222222222 79.0855555555556,14.2272222222222 79.0855555555556,14.2269444444444 79.0863888888889,14.2269444444444 79.0863888888889,14.2272222222222 79.0866666666667,14.2272222222222 79.0866666666667,14.2275 79.0869444444444,14.2275 79.0869444444444,14.2297222222222 79.0872222222222,14.2297222222222 79.0872222222222,14.23 79.0877777777778,14.23 79.0877777777778,14.2327777777778 79.0875,14.2327777777778 79.0875,14.2330555555556 79.0872222222222,14.2330555555556 79.0872222222222,14.2336111111111 79.0869444444444,14.2336111111111 79.0869444444444,14.2341666666667 79.0866666666667,14.2341666666667 79.0866666666667,14.2352777777778 79.0869444444444,14.2352777777778 79.0869444444444,14.2355555555556 79.0872222222222,14.2355555555556 79.0872222222222,14.2363888888889 79.0869444444444,14.2363888888889 79.0869444444444,14.2366666666667 79.0863888888889,14.2366666666667 79.0863888888889,14.2369444444444 79.0861111111111,14.2369444444444 79.0861111111111,14.2372222222222 79.0858333333333,14.2372222222222 79.0858333333333,14.2380555555556 79.0855555555556,14.2380555555556 79.0855555555556,14.2386111111111 79.0852777777778,14.2386111111111 79.0852777777778,14.2391666666667 79.0855555555556,14.2391666666667 79.0855555555556,14.2388888888889 79.0858333333333,14.2388888888889 79.0858333333333,14.2383333333333 79.0861111111111,14.2383333333333 79.0861111111111,14.2375 79.0863888888889,14.2375 79.0863888888889,14.2372222222222 79.0894444444444,14.2372222222222 79.0894444444444,14.2369444444444 79.0897222222222,14.2369444444444 79.0897222222222,14.2366666666667 79.09,14.2366666666667 79.09,14.2363888888889 79.0902777777778,14.2363888888889 79.0902777777778,14.235 79.09,14.235 79.09,14.2347222222222 79.0897222222222,14.2347222222222 79.0897222222222,14.2344444444444 79.0894444444444,14.2344444444444 79.0894444444444,14.2341666666667 79.0877777777778,14.2341666666667 79.0877777777778,14.2344444444444 79.0875,14.2344444444444 79.0875,14.2336111111111 79.0877777777778,14.2336111111111 79.0877777777778,14.2330555555556 79.0880555555556,14.2330555555556 79.0880555555556,14.2325 79.0883333333333,14.2325 79.0883333333333,14.2297222222222 79.0877777777778,14.2297222222222 79.0877777777778,14.2294444444444 79.0872222222222,14.2294444444444 79.0872222222222,14.2286111111111 79.0875,14.2286111111111 79.0875,14.2269444444444 79.0872222222222,14.2269444444444 79.0872222222222,14.2266666666667 79.0869444444444,14.2266666666667 79.0869444444444,14.2263888888889 79.0866666666667,14.2263888888889 79.0866666666667,14.2261111111111 79.0855555555556,14.2261111111111 79.0855555555556,14.2263888888889 79.085,14.2263888888889 79.085,14.2269444444444 79.0847222222222,14.2269444444444 79.0847222222222,14.2272222222222 79.0844444444444,14.2272222222222 79.0844444444444,14.2275 79.0827777777778,14.2275 79.0827777777778,14.2277777777778 79.0825,14.2277777777778 79.0825,14.2280555555556 79.0822222222222,14.2280555555556 79.0822222222222,14.2286111111111 79.0819444444444,14.2286111111111 79.0819444444444,14.2297222222222 79.0816666666667,14.2297222222222 79.0816666666667,14.2302777777778 79.0813888888889,14.2302777777778 79.0813888888889,14.2305555555556 79.0802777777778,14.2305555555556 79.0802777777778,14.2308333333333 79.0797222222222,14.2308333333333 79.0797222222222,14.2311111111111 79.0794444444444,14.2311111111111 79.0794444444444,14.2313888888889 79.0791666666667,14.2313888888889 79.0791666666667,14.2319444444444 79.0788888888889,14.2319444444444 79.0788888888889,14.2325 79.0786111111111,14.2325 79.0786111111111,14.2330555555556 79.0783333333333,14.2330555555556 79.0783333333333,14.2333333333333 79.0780555555556,14.2333333333333 79.0780555555556,14.2341666666667 79.0777777777778,14.2341666666667 79.0777777777778,14.2369444444444 79.0780555555556,14.2369444444444 79.0780555555556,14.2352777777778 79.0783333333333,14.2352777777778 79.0783333333333,14.2336111111111 79.0786111111111,14.2336111111111 79.0786111111111,14.2333333333333 79.0788888888889,14.2333333333333</coordinates></LinearRing></outerBoundaryIs></Polygon><Polygon><outerBoundaryIs><LinearRing><coordinates>79.0775,14.2369444444444 79.0775,14.2375 79.0777777777778,14.2375 79.0777777777778,14.2369444444444 79.0775,14.2369444444444</coordinates></LinearRing></outerBoundaryIs></Polygon><Polygon><outerBoundaryIs><LinearRing><coordinates>79.0772222222222,14.2375 79.0772222222222,14.24 79.0775,14.24 79.0775,14.2375 79.0772222222222,14.2375</coordinates></LinearRing></outerBoundaryIs></Polygon><Polygon><outerBoundaryIs><LinearRing><coordinates>79.0769444444445,14.24 79.0769444444445,14.2405555555556 79.0772222222222,14.2405555555556 79.0772222222222,14.24 79.0769444444445,14.24</coordinates></LinearRing></outerBoundaryIs></Polygon><Polygon><outerBoundaryIs><LinearRing><coordinates>79.0769444444445,14.2405555555556 79.0766666666667,14.2405555555556 79.0766666666667,14.2408333333333 79.0763888888889,14.2408333333333 79.0763888888889,14.2411111111111 79.0761111111111,14.2411111111111 79.0761111111111,14.2416666666667 79.0763888888889,14.2416666666667 79.0763888888889,14.2413888888889 79.0766666666667,14.2413888888889 79.0766666666667,14.2411111111111 79.0769444444445,14.2411111111111 79.0769444444445,14.2405555555556</coordinates></LinearRing></outerBoundaryIs></Polygon><Polygon><outerBoundaryIs><LinearRing><coordinates>79.0730555555556,14.2338888888889 79.0738888888889,14.2338888888889 79.0738888888889,14.2341666666667 79.0741666666667,14.2341666666667 79.0741666666667,14.2344444444444 79.0744444444444,14.2344444444444 79.0744444444444,14.2347222222222 79.0747222222222,14.2347222222222 79.0747222222222,14.2372222222222 79.075,14.2372222222222 79.075,14.2386111111111 79.0747222222222,14.2386111111111 79.0747222222222,14.2391666666667 79.075,14.2391666666667 79.075,14.24 79.0752777777778,14.24 79.0752777777778,14.2405555555556 79.0755555555556,14.2405555555556 79.0755555555556,14.2408333333333 79.0758333333333,14.2408333333333 79.0758333333333,14.2411111111111 79.0761111111111,14.2411111111111 79.0761111111111,14.2405555555556 79.0758333333333,14.2405555555556 79.0758333333333,14.2397222222222 79.0755555555556,14.2397222222222 79.0755555555556,14.2380555555556 79.0752777777778,14.2380555555556 79.0752777777778,14.2352777777778 79.075,14.2352777777778 79.075,14.2344444444444 79.0747222222222,14.2344444444444 79.0747222222222,14.2338888888889 79.0744444444444,14.2338888888889 79.0744444444444,14.2336111111111 79.0741666666667,14.2336111111111 79.0741666666667,14.2333333333333 79.0727777777778,14.2333333333333 79.0727777777778,14.2336111111111 79.0725,14.2336111111111 79.0725,14.2338888888889 79.0722222222222,14.2338888888889 79.0722222222222,14.2355555555556 79.0719444444444,14.2355555555556 79.0719444444444,14.2377777777778 79.0722222222222,14.2377777777778 79.0722222222222,14.2358333333333 79.0725,14.2358333333333 79.0725,14.235 79.0727777777778,14.235 79.0727777777778,14.2341666666667 79.0730555555556,14.2341666666667 79.0730555555556,14.2338888888889</coordinates></LinearRing></outerBoundaryIs></Polygon><Polygon><outerBoundaryIs><LinearRing><coordinates>79.0711111111111,14.2397222222222 79.0716666666667,14.2397222222222 79.0716666666667,14.24 79.0722222222222,14.24 79.0722222222222,14.2397222222222 79.0725,14.2397222222222 79.0725,14.2377777777778 79.0722222222222,14.2377777777778 79.0722222222222,14.2380555555556 79.0719444444444,14.2380555555556 79.0719444444444,14.2391666666667 79.0722222222222,14.2391666666667 79.0722222222222,14.2394444444444 79.0713888888889,14.2394444444444 79.0713888888889,14.2391666666667 79.0711111111111,14.2391666666667 79.0711111111111,14.2386111111111 79.0708333333333,14.2386111111111 79.0708333333333,14.2377777777778 79.0705555555556,14.2377777777778 79.0705555555556,14.2375 79.0702777777778,14.2375 79.0702777777778,14.2380555555556 79.0705555555556,14.2380555555556 79.0705555555556,14.2388888888889 79.0708333333333,14.2388888888889 79.0708333333333,14.2394444444444 79.0711111111111,14.2394444444444 79.0711111111111,14.2397222222222</coordinates></LinearRing></outerBoundaryIs></Polygon><Polygon><outerBoundaryIs><LinearRing><coordinates>79.0516666666667,14.2491666666667 79.0519444444444,14.2491666666667 79.0519444444444,14.2494444444444 79.0525,14.2494444444444 79.0525,14.2491666666667 79.0530555555556,14.2491666666667 79.0530555555556,14.2488888888889 79.0533333333333,14.2488888888889 79.0533333333333,14.2486111111111 79.0541666666667,14.2486111111111 79.0541666666667,14.2483333333333 79.0563888888889,14.2483333333333 79.0563888888889,14.2480555555556 79.0569444444444,14.2480555555556 79.0569444444444,14.2477777777778 79.0575,14.2477777777778 79.0575,14.2475 79.0588888888889,14.2475 79.0588888888889,14.2472222222222 79.0591666666667,14.2472222222222 79.0591666666667,14.2469444444444 79.0594444444444,14.2469444444444 79.0594444444444,14.2463888888889 79.0597222222222,14.2463888888889 79.0597222222222,14.2455555555556 79.06,14.2455555555556 79.06,14.2452777777778 79.0602777777778,14.2452777777778 79.0602777777778,14.2447222222222 79.0605555555556,14.2447222222222 79.0605555555556,14.2444444444444 79.0608333333333,14.2444444444444 79.0608333333333,14.2441666666667 79.0611111111111,14.2441666666667 79.0611111111111,14.2438888888889 79.0613888888889,14.2438888888889 79.0613888888889,14.2436111111111 79.0616666666667,14.2436111111111 79.0616666666667,14.2433333333333 79.0619444444444,14.2433333333333 79.0619444444444,14.2430555555556 79.0622222222222,14.2430555555556 79.0622222222222,14.2425 79.0625,14.2425 79.0625,14.2422222222222 79.0627777777778,14.2422222222222 79.0627777777778,14.2416666666667 79.0630555555556,14.2416666666667 79.0630555555556,14.2411111111111 79.0633333333333,14.2411111111111 79.0633333333333,14.24 79.0636111111111,14.24 79.0636111111111,14.2394444444444 79.0638888888889,14.2394444444444 79.0638888888889,14.2388888888889 79.0641666666667,14.2388888888889 79.0641666666667,14.2369444444444 79.0638888888889,14.2369444444444 79.0638888888889,14.2355555555556 79.0655555555555,14.2355555555556 79.0655555555555,14.2358333333333 79.0663888888889,14.2358333333333 79.0663888888889,14.2361111111111 79.0669444444444,14.2361111111111 79.0669444444444,14.2363888888889 79.0677777777778,14.2363888888889 79.0677777777778,14.2361111111111 79.0688888888889,14.2361111111111 79.0688888888889,14.2363888888889 79.0694444444444,14.2363888888889 79.0694444444444,14.2369444444444 79.0697222222222,14.2369444444444 79.0697222222222,14.2372222222222 79.07,14.2372222222222 79.07,14.2375 79.0702777777778,14.2375 79.0702777777778,14.2369444444444 79.07,14.2369444444444 79.07,14.2366666666667 79.0697222222222,14.2366666666667 79.0697222222222,14.2361111111111 79.0694444444444,14.2361111111111 79.0694444444444,14.2358333333333 79.0691666666667,14.2358333333333 79.0691666666667,14.2355555555556 79.0677777777778,14.2355555555556 79.0677777777778,14.2358333333333 79.0669444444444,14.2358333333333 79.0669444444444,14.2355555555556 79.0663888888889,14.2355555555556 79.0663888888889,14.2352777777778 79.0661111111111,14.2352777777778 79.0661111111111,14.235 79.0652777777778,14.235 79.0652777777778,14.2347222222222 79.0636111111111,14.2347222222222 79.0636111111111,14.235 79.0633333333333,14.235 79.0633333333333,14.2352777777778 79.0630555555556,14.2352777777778 79.0630555555556,14.2366666666667 79.0633333333333,14.2366666666667 79.0633333333333,14.2372222222222 79.0636111111111,14.2372222222222 79.0636111111111,14.2377777777778 79.0638888888889,14.2377777777778 79.0638888888889,14.2383333333333 79.0636111111111,14.2383333333333 79.0636111111111,14.2388888888889 79.0633333333333,14.2388888888889 79.0633333333333,14.2391666666667 79.0630555555556,14.2391666666667 79.0630555555556,14.2394444444444 79.0627777777778,14.2394444444444 79.0627777777778,14.2408333333333 79.0625,14.2408333333333 79.0625,14.2413888888889 79.0622222222222,14.2413888888889 79.0622222222222,14.2419444444444 79.0619444444444,14.2419444444444 79.0619444444444,14.2422222222222 79.0616666666667,14.2422222222222 79.0616666666667,14.2427777777778 79.0613888888889,14.2427777777778 79.0613888888889,14.2430555555556 79.0611111111111,14.2430555555556 79.0611111111111,14.2436111111111 79.0608333333333,14.2436111111111 79.0608333333333,14.2438888888889 79.0605555555556,14.2438888888889 79.0605555555556,14.2441666666667 79.0602777777778,14.2441666666667 79.0602777777778,14.2444444444444 79.06,14.2444444444444 79.06,14.245 79.0597222222222,14.245 79.0597222222222,14.2452777777778 79.0594444444444,14.2452777777778 79.0594444444444,14.2458333333333 79.0591666666667,14.2458333333333 79.0591666666667,14.2466666666667 79.0588888888889,14.2466666666667 79.0588888888889,14.2469444444444 79.0583333333333,14.2469444444444 79.0583333333333,14.2466666666667 79.0572222222222,14.2466666666667 79.0572222222222,14.2469444444444 79.0569444444444,14.2469444444444 79.0569444444444,14.2472222222222 79.0563888888889,14.2472222222222 79.0563888888889,14.2475 79.0552777777778,14.2475 79.0552777777778,14.2477777777778 79.0541666666667,14.2477777777778 79.0541666666667,14.2480555555556 79.0533333333333,14.2480555555556 79.0533333333333,14.2483333333333 79.0519444444444,14.2483333333333 79.0519444444444,14.2480555555556 79.0516666666667,14.2480555555556 79.0516666666667,14.2477777777778 79.0513888888889,14.2477777777778 79.0513888888889,14.2475 79.0508333333333,14.2475 79.0508333333333,14.2472222222222 79.0505555555555,14.2472222222222 79.0505555555555,14.2477777777778 79.0511111111111,14.2477777777778 79.0511111111111,14.2480555555556 79.0513888888889,14.2480555555556 79.0513888888889,14.2486111111111 79.0516666666667,14.2486111111111 79.0516666666667,14.2491666666667</coordinates></LinearRing></outerBoundaryIs></Polygon><Polygon><outerBoundaryIs><LinearRing><coordinates>79.0497222222222,14.2436111111111 79.0494444444444,14.2436111111111 79.0494444444444,14.2433333333333 79.0483333333333,14.2433333333333 79.0483333333333,14.2436111111111 79.0477777777778,14.2436111111111 79.0477777777778,14.2441666666667 79.0475,14.2441666666667 79.0475,14.2447222222222 79.0472222222222,14.2447222222222 79.0472222222222,14.245 79.0469444444444,14.245 79.0469444444444,14.2458333333333 79.0466666666667,14.2458333333333 79.0466666666667,14.2466666666667 79.0461111111111,14.2466666666667 79.0461111111111,14.2463888888889 79.0458333333333,14.2463888888889 79.0458333333333,14.2461111111111 79.045,14.2461111111111 79.045,14.2463888888889 79.0444444444444,14.2463888888889 79.0444444444444,14.2466666666667 79.0441666666667,14.2466666666667 79.0441666666667,14.2469444444444 79.0436111111111,14.2469444444444 79.0436111111111,14.2461111111111 79.0433333333333,14.2461111111111 79.0433333333333,14.2475 79.0441666666667,14.2475 79.0441666666667,14.2472222222222 79.0444444444444,14.2472222222222 79.0444444444444,14.2469444444444 79.0447222222222,14.2469444444444 79.0447222222222,14.2466666666667 79.0458333333333,14.2466666666667 79.0458333333333,14.2469444444444 79.0463888888889,14.2469444444444 79.0463888888889,14.2472222222222 79.0466666666667,14.2472222222222 79.0466666666667,14.2469444444444 79.0469444444444,14.2469444444444 79.0469444444444,14.2461111111111 79.0472222222222,14.2461111111111 79.0472222222222,14.2452777777778 79.0475,14.2452777777778 79.0475,14.245 79.0477777777778,14.245 79.0477777777778,14.2447222222222 79.0480555555555,14.2447222222222 79.0480555555555,14.2441666666667 79.0483333333333,14.2441666666667 79.0483333333333,14.2438888888889 79.0494444444444,14.2438888888889 79.0494444444444,14.2441666666667 79.0497222222222,14.2441666666667 79.0497222222222,14.2444444444444 79.05,14.2444444444444 79.05,14.2452777777778 79.0502777777778,14.2452777777778 79.0502777777778,14.2472222222222 79.0505555555555,14.2472222222222 79.0505555555555,14.2447222222222 79.0502777777778,14.2447222222222 79.0502777777778,14.2441666666667 79.05,14.2441666666667 79.05,14.2438888888889 79.0497222222222,14.2438888888889 79.0497222222222,14.2436111111111</coordinates></LinearRing></outerBoundaryIs></Polygon><Polygon><outerBoundaryIs><LinearRing><coordinates>79.0280555555556,14.2616666666667 79.0280555555556,14.2613888888889 79.0275,14.2613888888889 79.0275,14.2616666666667 79.0280555555556,14.2616666666667</coordinates></LinearRing></outerBoundaryIs></Polygon><Polygon><outerBoundaryIs><LinearRing><coordinates>79.0266666666667,14.2608333333333 79.0275,14.2608333333333 79.0275,14.2611111111111 79.0280555555556,14.2611111111111 79.0280555555556,14.2613888888889 79.0286111111111,14.2613888888889 79.0286111111111,14.2608333333333 79.0283333333333,14.2608333333333 79.0283333333333,14.2605555555556 79.0277777777778,14.2605555555556 79.0277777777778,14.2602777777778 79.0272222222222,14.2602777777778 79.0272222222222,14.26 79.0258333333333,14.26 79.0258333333333,14.2597222222222 79.0241666666667,14.2597222222222 79.0241666666667,14.26 79.025,14.26 79.025,14.2602777777778 79.0258333333333,14.2602777777778 79.0258333333333,14.2605555555556 79.0266666666667,14.2605555555556 79.0266666666667,14.2608333333333</coordinates></LinearRing></outerBoundaryIs></Polygon><Polygon><outerBoundaryIs><LinearRing><coordinates>79.0236111111111,14.2597222222222 79.0241666666667,14.2597222222222 79.0241666666667,14.2594444444444 79.0238888888889,14.2594444444444 79.0238888888889,14.2591666666667 79.0236111111111,14.2591666666667 79.0236111111111,14.2597222222222</coordinates></LinearRing></outerBoundaryIs></Polygon><Polygon><outerBoundaryIs><LinearRing><coordinates>79.0236111111111,14.2588888888889 79.0233333333333,14.2588888888889 79.0233333333333,14.2591666666667 79.0236111111111,14.2591666666667 79.0236111111111,14.2588888888889</coordinates></LinearRing></outerBoundaryIs></Polygon><Polygon><outerBoundaryIs><LinearRing><coordinates>79.0219444444444,14.2555555555556 79.0219444444444,14.2561111111111 79.0222222222222,14.2561111111111 79.0222222222222,14.2566666666667 79.0219444444444,14.2566666666667 79.0219444444444,14.2569444444444 79.0216666666667,14.2569444444444 79.0216666666667,14.2572222222222 79.0213888888889,14.2572222222222 79.0213888888889,14.2580555555556 79.0216666666667,14.2580555555556 79.0216666666667,14.2586111111111 79.0222222222222,14.2586111111111 79.0222222222222,14.2588888888889 79.0233333333333,14.2588888888889 79.0233333333333,14.2586111111111 79.0227777777778,14.2586111111111 79.0227777777778,14.2583333333333 79.0222222222222,14.2583333333333 79.0222222222222,14.2580555555556 79.0219444444444,14.2580555555556 79.0219444444444,14.2572222222222 79.0222222222222,14.2572222222222 79.0222222222222,14.2569444444444 79.0225,14.2569444444444 79.0225,14.2566666666667 79.0227777777778,14.2566666666667 79.0227777777778,14.2563888888889 79.0225,14.2563888888889 79.0225,14.2558333333333 79.0227777777778,14.2558333333333 79.0227777777778,14.2552777777778 79.0233333333333,14.2552777777778 79.0233333333333,14.255 79.0238888888889,14.255 79.0238888888889,14.2547222222222 79.0227777777778,14.2547222222222 79.0227777777778,14.255 79.0225,14.255 79.0225,14.2552777777778 79.0222222222222,14.2552777777778 79.0222222222222,14.2555555555556 79.0219444444444,14.2555555555556</coordinates></LinearRing></outerBoundaryIs></Polygon><Polygon><outerBoundaryIs><LinearRing><coordinates>79.025,14.255 79.0252777777778,14.255 79.0252777777778,14.2558333333333 79.0255555555556,14.2558333333333 79.0255555555556,14.2547222222222 79.0252777777778,14.2547222222222 79.0252777777778,14.2544444444444 79.0238888888889,14.2544444444444 79.0238888888889,14.2547222222222 79.025,14.2547222222222 79.025,14.255</coordinates></LinearRing></outerBoundaryIs></Polygon><Polygon><outerBoundaryIs><LinearRing><coordinates>79.0255555555556,14.2563888888889 79.0258333333333,14.2563888888889 79.0258333333333,14.2558333333333 79.0255555555556,14.2558333333333 79.0255555555556,14.2563888888889</coordinates></LinearRing></outerBoundaryIs></Polygon><Polygon><outerBoundaryIs><LinearRing><coordinates>79.0277777777778,14.2577777777778 79.0277777777778,14.2575 79.0275,14.2575 79.0275,14.2572222222222 79.0272222222222,14.2572222222222 79.0272222222222,14.2569444444444 79.0266666666667,14.2569444444444 79.0266666666667,14.2566666666667 79.0261111111111,14.2566666666667 79.0261111111111,14.2563888888889 79.0258333333333,14.2563888888889 79.0258333333333,14.2569444444444 79.0261111111111,14.2569444444444 79.0261111111111,14.2572222222222 79.0263888888889,14.2572222222222 79.0263888888889,14.2575 79.0269444444444,14.2575 79.0269444444444,14.2580555555556 79.0272222222222,14.2580555555556 79.0272222222222,14.2583333333333 79.0275,14.2583333333333 79.0275,14.2586111111111 79.0277777777778,14.2586111111111 79.0277777777778,14.2588888888889 79.0294444444444,14.2588888888889 79.0294444444444,14.2586111111111 79.0288888888889,14.2586111111111 79.0288888888889,14.2583333333333 79.0286111111111,14.2583333333333 79.0286111111111,14.2580555555556 79.0280555555556,14.2580555555556 79.0280555555556,14.2577777777778 79.0277777777778,14.2577777777778</coordinates></LinearRing></outerBoundaryIs></Polygon><Polygon><outerBoundaryIs><LinearRing><coordinates>79.03,14.2586111111111 79.03,14.2583333333333 79.0305555555556,14.2583333333333 79.0305555555556,14.2580555555556 79.0330555555555,14.2580555555556 79.0330555555555,14.2577777777778 79.03,14.2577777777778 79.03,14.2580555555556 79.0297222222222,14.2580555555556 79.0297222222222,14.2583333333333 79.0294444444444,14.2583333333333 79.0294444444444,14.2586111111111 79.03,14.2586111111111</coordinates></LinearRing></outerBoundaryIs></Polygon><Polygon><outerBoundaryIs><LinearRing><coordinates>79.0336111111111,14.2577777777778 79.0336111111111,14.2575 79.0330555555555,14.2575 79.0330555555555,14.2577777777778 79.0336111111111,14.2577777777778</coordinates></LinearRing></outerBoundaryIs></Polygon><Polygon><outerBoundaryIs><LinearRing><coordinates>79.0338888888889,14.2566666666667 79.0336111111111,14.2566666666667 79.0336111111111,14.2575 79.0338888888889,14.2575 79.0338888888889,14.2566666666667</coordinates></LinearRing></outerBoundaryIs></Polygon><Polygon><outerBoundaryIs><LinearRing><coordinates>79.0336111111111,14.2563888888889 79.0333333333333,14.2563888888889 79.0333333333333,14.2566666666667 79.0336111111111,14.2566666666667 79.0336111111111,14.2563888888889</coordinates></LinearRing></outerBoundaryIs></Polygon><Polygon><outerBoundaryIs><LinearRing><coordinates>79.0333333333333,14.2558333333333 79.0330555555555,14.2558333333333 79.0330555555555,14.2563888888889 79.0333333333333,14.2563888888889 79.0333333333333,14.2558333333333</coordinates></LinearRing></outerBoundaryIs></Polygon><Polygon><outerBoundaryIs><LinearRing><coordinates>79.0330555555555,14.2555555555556 79.0327777777778,14.2555555555556 79.0327777777778,14.2558333333333 79.0330555555555,14.2558333333333 79.0330555555555,14.2555555555556</coordinates></LinearRing></outerBoundaryIs></Polygon><Polygon><outerBoundaryIs><LinearRing><coordinates>79.0327777777778,14.255 79.0325,14.255 79.0325,14.2555555555556 79.0327777777778,14.2555555555556 79.0327777777778,14.255</coordinates></LinearRing></outerBoundaryIs></Polygon><Polygon><outerBoundaryIs><LinearRing><coordinates>79.0319444444444,14.2538888888889 79.0319444444444,14.2541666666667 79.0322222222222,14.2541666666667 79.0322222222222,14.255 79.0325,14.255 79.0325,14.2538888888889 79.0322222222222,14.2538888888889 79.0322222222222,14.2536111111111 79.0319444444444,14.2536111111111 79.0319444444444,14.2519444444444 79.0316666666667,14.2519444444444 79.0316666666667,14.2527777777778 79.0313888888889,14.2527777777778 79.0313888888889,14.2533333333333 79.0316666666667,14.2533333333333 79.0316666666667,14.2538888888889 79.0319444444444,14.2538888888889</coordinates></LinearRing></outerBoundaryIs></Polygon><Polygon><outerBoundaryIs><LinearRing><coordinates>79.0322222222222,14.2513888888889 79.0319444444444,14.2513888888889 79.0319444444444,14.2519444444444 79.0322222222222,14.2519444444444 79.0322222222222,14.2513888888889</coordinates></LinearRing></outerBoundaryIs></Polygon><Polygon><outerBoundaryIs><LinearRing><coordinates>79.0313888888889,14.2502777777778 79.0313888888889,14.2505555555556 79.0311111111111,14.2505555555556 79.0311111111111,14.2508333333333 79.0316666666667,14.2508333333333 79.0316666666667,14.2513888888889 79.0319444444444,14.2513888888889 79.0319444444444,14.2505555555556 79.0316666666667,14.2505555555556 79.0316666666667,14.2502777777778 79.0313888888889,14.2502777777778</coordinates></LinearRing></outerBoundaryIs></Polygon><Polygon><outerBoundaryIs><LinearRing><coordinates>79.0311111111111,14.2511111111111 79.0311111111111,14.2508333333333 79.0294444444444,14.2508333333333 79.0294444444444,14.2511111111111 79.0311111111111,14.2511111111111</coordinates></LinearRing></outerBoundaryIs></Polygon><Polygon><outerBoundaryIs><LinearRing><coordinates>79.0919444444444,14.2583333333333 79.0919444444444,14.2580555555556 79.0925,14.2580555555556 79.0925,14.2575 79.0922222222222,14.2575 79.0922222222222,14.2572222222222 79.0913888888889,14.2572222222222 79.0913888888889,14.2569444444444 79.0908333333333,14.2569444444444 79.0908333333333,14.2566666666667 79.0905555555556,14.2566666666667 79.0905555555556,14.2563888888889 79.09,14.2563888888889 79.09,14.2561111111111 79.0877777777778,14.2561111111111 79.0877777777778,14.2558333333333 79.0872222222222,14.2558333333333 79.0872222222222,14.2555555555556 79.0866666666667,14.2555555555556 79.0866666666667,14.2552777777778 79.0858333333333,14.2552777777778 79.0858333333333,14.255 79.0855555555556,14.255 79.0855555555556,14.2552777777778 79.0847222222222,14.2552777777778 79.0847222222222,14.2555555555556 79.0844444444444,14.2555555555556 79.0844444444444,14.2566666666667 79.0847222222222,14.2566666666667 79.0847222222222,14.2569444444444 79.0852777777778,14.2569444444444 79.0852777777778,14.2572222222222 79.0861111111111,14.2572222222222 79.0861111111111,14.2575 79.0872222222222,14.2575 79.0872222222222,14.2577777777778 79.0880555555556,14.2577777777778 79.0880555555556,14.2580555555556 79.0886111111111,14.2580555555556 79.0886111111111,14.2583333333333 79.0888888888889,14.2583333333333 79.0888888888889,14.2586111111111 79.0891666666667,14.2586111111111 79.0891666666667,14.2588888888889 79.09,14.2588888888889 79.09,14.2591666666667 79.0902777777778,14.2591666666667 79.0902777777778,14.2588888888889 79.0911111111111,14.2588888888889 79.0911111111111,14.2586111111111 79.0913888888889,14.2586111111111 79.0913888888889,14.2583333333333 79.0919444444444,14.2583333333333</coordinates></LinearRing></outerBoundaryIs><innerBoundaryIs><LinearRing><coordinates>79.0880555555556,14.2569444444444 79.0877777777778,14.2569444444444 79.0877777777778,14.2566666666667 79.0894444444444,14.2566666666667 79.0894444444444,14.2569444444444 79.09,14.2569444444444 79.09,14.2575 79.0902777777778,14.2575 79.0902777777778,14.2577777777778 79.09,14.2577777777778 79.09,14.2580555555556 79.0891666666667,14.2580555555556 79.0891666666667,14.2577777777778 79.0888888888889,14.2577777777778 79.0888888888889,14.2575 79.0883333333333,14.2575 79.0883333333333,14.2572222222222 79.0880555555556,14.2572222222222 79.0880555555556,14.2569444444444</coordinates></LinearRing></innerBoundaryIs><innerBoundaryIs><LinearRing><coordinates>79.085,14.2555555555556 79.0863888888889,14.2555555555556 79.0863888888889,14.2558333333333 79.0866666666667,14.2558333333333 79.0866666666667,14.2561111111111 79.0869444444444,14.2561111111111 79.0869444444444,14.2563888888889 79.0875,14.2563888888889 79.0875,14.2566666666667 79.0852777777778,14.2566666666667 79.0852777777778,14.2563888888889 79.085,14.2563888888889 79.085,14.2561111111111 79.0847222222222,14.2561111111111 79.0847222222222,14.2558333333333 79.085,14.2558333333333 79.085,14.2555555555556</coordinates></LinearRing></innerBoundaryIs></Polygon><Polygon><outerBoundaryIs><LinearRing><coordinates>79.05,14.2569444444444 79.05,14.2572222222222 79.0502777777778,14.2572222222222 79.0502777777778,14.2569444444444 79.05,14.2569444444444</coordinates></LinearRing></outerBoundaryIs></Polygon><Polygon><outerBoundaryIs><LinearRing><coordinates>79.0775,14.2575 79.0775,14.2572222222222 79.0758333333333,14.2572222222222 79.0758333333333,14.2569444444444 79.0755555555556,14.2569444444444 79.0755555555556,14.2566666666667 79.0747222222222,14.2566666666667 79.0747222222222,14.2569444444444 79.0744444444444,14.2569444444444 79.0744444444444,14.2572222222222 79.0747222222222,14.2572222222222 79.0747222222222,14.2575 79.0752777777778,14.2575 79.0752777777778,14.2577777777778 79.0755555555556,14.2577777777778 79.0755555555556,14.2580555555556 79.0758333333333,14.2580555555556 79.0758333333333,14.2586111111111 79.0761111111111,14.2586111111111 79.0761111111111,14.2588888888889 79.0763888888889,14.2588888888889 79.0763888888889,14.2591666666667 79.0766666666667,14.2591666666667 79.0766666666667,14.2594444444444 79.0777777777778,14.2594444444444 79.0777777777778,14.2591666666667 79.0780555555556,14.2591666666667 79.0780555555556,14.2580555555556 79.0777777777778,14.2580555555556 79.0777777777778,14.2575 79.0775,14.2575</coordinates></LinearRing></outerBoundaryIs></Polygon><Polygon><outerBoundaryIs><LinearRing><coordinates>79.0677777777778,14.2580555555556 79.0677777777778,14.2577777777778 79.0672222222222,14.2577777777778 79.0672222222222,14.2575 79.0663888888889,14.2575 79.0663888888889,14.2577777777778 79.0661111111111,14.2577777777778 79.0661111111111,14.2580555555556 79.0658333333333,14.2580555555556 79.0658333333333,14.2588888888889 79.0661111111111,14.2588888888889 79.0661111111111,14.2591666666667 79.0669444444444,14.2591666666667 79.0669444444444,14.2588888888889 79.0672222222222,14.2588888888889 79.0672222222222,14.2586111111111 79.0675,14.2586111111111 79.0675,14.2580555555556 79.0677777777778,14.2580555555556</coordinates></LinearRing></outerBoundaryIs><innerBoundaryIs><LinearRing><coordinates>79.0669444444444,14.2583333333333 79.0663888888889,14.2583333333333 79.0663888888889,14.2580555555556 79.0669444444444,14.2580555555556 79.0669444444444,14.2583333333333</coordinates></LinearRing></innerBoundaryIs></Polygon><Polygon><outerBoundaryIs><LinearRing><coordinates>79.0797222222222,14.2580555555556 79.0791666666667,14.2580555555556 79.0791666666667,14.2586111111111 79.0794444444444,14.2586111111111 79.0794444444444,14.2588888888889 79.0811111111111,14.2588888888889 79.0811111111111,14.2586111111111 79.0813888888889,14.2586111111111 79.0813888888889,14.2580555555556 79.0811111111111,14.2580555555556 79.0811111111111,14.2577777777778 79.0797222222222,14.2577777777778 79.0797222222222,14.2580555555556</coordinates></LinearRing></outerBoundaryIs></Polygon><Polygon><outerBoundaryIs><LinearRing><coordinates>79.1030555555556,14.2605555555556 79.1027777777778,14.2605555555556 79.1027777777778,14.2597222222222 79.1025,14.2597222222222 79.1025,14.2594444444444 79.1022222222222,14.2594444444444 79.1022222222222,14.2591666666667 79.1019444444444,14.2591666666667 79.1019444444444,14.2588888888889 79.1011111111111,14.2588888888889 79.1011111111111,14.2580555555556 79.1008333333333,14.2580555555556 79.1008333333333,14.2575 79.1002777777778,14.2575 79.1002777777778,14.2572222222222 79.0997222222222,14.2572222222222 79.0997222222222,14.2569444444444 79.0991666666667,14.2569444444444 79.0991666666667,14.2566666666667 79.0988888888889,14.2566666666667 79.0988888888889,14.2563888888889 79.0980555555556,14.2563888888889 79.0980555555556,14.2561111111111 79.0975,14.2561111111111 79.0975,14.2558333333333 79.0972222222222,14.2558333333333 79.0972222222222,14.2555555555556 79.0969444444444,14.2555555555556 79.0969444444444,14.2552777777778 79.0966666666667,14.2552777777778 79.0966666666667,14.255 79.0955555555555,14.255 79.0955555555555,14.2558333333333 79.0958333333333,14.2558333333333 79.0958333333333,14.2563888888889 79.0961111111111,14.2563888888889 79.0961111111111,14.2566666666667 79.0963888888889,14.2566666666667 79.0963888888889,14.2569444444444 79.0966666666667,14.2569444444444 79.0966666666667,14.2575 79.0969444444444,14.2575 79.0969444444444,14.2577777777778 79.0966666666667,14.2577777777778 79.0966666666667,14.2583333333333 79.0963888888889,14.2583333333333 79.0963888888889,14.2586111111111 79.0961111111111,14.2586111111111 79.0961111111111,14.2594444444444 79.0963888888889,14.2594444444444 79.0963888888889,14.2602777777778 79.0966666666667,14.2602777777778 79.0966666666667,14.2605555555556 79.0969444444444,14.2605555555556 79.0969444444444,14.2608333333333 79.0972222222222,14.2608333333333 79.0972222222222,14.2611111111111 79.0975,14.2611111111111 79.0975,14.2613888888889 79.0977777777778,14.2613888888889 79.0977777777778,14.2616666666667 79.0980555555556,14.2616666666667 79.0980555555556,14.2619444444444 79.0991666666667,14.2619444444444 79.0991666666667,14.2616666666667 79.1002777777778,14.2616666666667 79.1002777777778,14.2619444444444 79.1008333333333,14.2619444444444 79.1008333333333,14.2622222222222 79.1016666666667,14.2622222222222 79.1016666666667,14.2619444444444 79.1019444444444,14.2619444444444 79.1019444444444,14.2616666666667 79.1030555555556,14.2616666666667 79.1030555555556,14.2619444444444 79.1033333333333,14.2619444444444 79.1033333333333,14.2622222222222 79.1038888888889,14.2622222222222 79.1038888888889,14.2625 79.1041666666667,14.2625 79.1041666666667,14.2622222222222 79.1044444444444,14.2622222222222 79.1044444444444,14.2611111111111 79.1038888888889,14.2611111111111 79.1038888888889,14.2608333333333 79.1030555555556,14.2608333333333 79.1030555555556,14.2605555555556</coordinates></LinearRing></outerBoundaryIs><innerBoundaryIs><LinearRing><coordinates>79.0980555555556,14.2611111111111 79.0980555555556,14.2608333333333 79.0977777777778,14.2608333333333 79.0977777777778,14.2602777777778 79.0975,14.2602777777778 79.0975,14.26 79.0972222222222,14.26 79.0972222222222,14.2597222222222 79.0969444444444,14.2597222222222 79.0969444444444,14.2588888888889 79.0972222222222,14.2588888888889 79.0972222222222,14.2583333333333 79.0975,14.2583333333333 79.0975,14.2569444444444 79.0972222222222,14.2569444444444 79.0972222222222,14.2566666666667 79.0986111111111,14.2566666666667 79.0986111111111,14.2569444444444 79.0988888888889,14.2569444444444 79.0988888888889,14.2572222222222 79.0994444444444,14.2572222222222 79.0994444444444,14.2575 79.0997222222222,14.2575 79.0997222222222,14.2577777777778 79.1,14.2577777777778 79.1,14.2594444444444 79.1002777777778,14.2594444444444 79.1002777777778,14.2597222222222 79.1005555555556,14.2597222222222 79.1005555555556,14.26 79.1011111111111,14.26 79.1011111111111,14.2602777777778 79.1016666666667,14.2602777777778 79.1016666666667,14.2605555555556 79.1019444444444,14.2605555555556 79.1019444444444,14.2608333333333 79.1016666666667,14.2608333333333 79.1016666666667,14.2613888888889 79.1013888888889,14.2613888888889 79.1013888888889,14.2616666666667 79.1008333333333,14.2616666666667 79.1008333333333,14.2613888888889 79.1002777777778,14.2613888888889 79.1002777777778,14.2611111111111 79.0991666666667,14.2611111111111 79.0991666666667,14.2613888888889 79.0983333333333,14.2613888888889 79.0983333333333,14.2611111111111 79.0980555555556,14.2611111111111</coordinates></LinearRing></innerBoundaryIs></Polygon><Polygon><outerBoundaryIs><LinearRing><coordinates>79.0697222222222,14.2588888888889 79.0697222222222,14.2591666666667 79.0694444444444,14.2591666666667 79.0694444444444,14.26 79.0697222222222,14.26 79.0697222222222,14.2602777777778 79.07,14.2602777777778 79.07,14.26 79.0705555555556,14.26 79.0705555555556,14.2594444444444 79.0708333333333,14.2594444444444 79.0708333333333,14.2591666666667 79.0711111111111,14.2591666666667 79.0711111111111,14.2588888888889 79.0719444444444,14.2588888888889 79.0719444444444,14.2586111111111 79.0722222222222,14.2586111111111 79.0722222222222,14.2583333333333 79.0725,14.2583333333333 79.0725,14.2577777777778 79.0722222222222,14.2577777777778 79.0722222222222,14.2575 79.0716666666667,14.2575 79.0716666666667,14.2577777777778 79.0711111111111,14.2577777777778 79.0711111111111,14.2580555555556 79.0705555555556,14.2580555555556 79.0705555555556,14.2583333333333 79.0702777777778,14.2583333333333 79.0702777777778,14.2586111111111 79.07,14.2586111111111 79.07,14.2588888888889 79.0697222222222,14.2588888888889</coordinates></LinearRing></outerBoundaryIs><innerBoundaryIs><LinearRing><coordinates>79.0716666666667,14.2580555555556 79.0716666666667,14.2583333333333 79.0713888888889,14.2583333333333 79.0713888888889,14.2586111111111 79.0711111111111,14.2586111111111 79.0711111111111,14.2580555555556 79.0716666666667,14.2580555555556</coordinates></LinearRing></innerBoundaryIs></Polygon><Polygon><outerBoundaryIs><LinearRing><coordinates>79.0363888888889,14.2677777777778 79.0372222222222,14.2677777777778 79.0372222222222,14.2675 79.0377777777778,14.2675 79.0377777777778,14.2669444444444 79.0380555555556,14.2669444444444 79.0380555555556,14.2666666666667 79.0383333333333,14.2666666666667 79.0383333333333,14.2661111111111 79.0391666666667,14.2661111111111 79.0391666666667,14.2658333333333 79.0394444444444,14.2658333333333 79.0394444444444,14.2652777777778 79.0397222222222,14.2652777777778 79.0397222222222,14.2644444444444 79.0394444444444,14.2644444444444 79.0394444444444,14.2638888888889 79.0388888888889,14.2638888888889 79.0388888888889,14.2636111111111 79.0380555555556,14.2636111111111 79.0380555555556,14.2633333333333 79.0377777777778,14.2633333333333 79.0377777777778,14.2630555555556 79.0375,14.2630555555556 79.0375,14.2627777777778 79.0372222222222,14.2627777777778 79.0372222222222,14.2633333333333 79.0375,14.2633333333333 79.0375,14.2636111111111 79.0377777777778,14.2636111111111 79.0377777777778,14.2638888888889 79.0380555555556,14.2638888888889 79.0380555555556,14.2641666666667 79.0386111111111,14.2641666666667 79.0386111111111,14.2644444444444 79.0388888888889,14.2644444444444 79.0388888888889,14.2647222222222 79.0391666666667,14.2647222222222 79.0391666666667,14.2652777777778 79.0388888888889,14.2652777777778 79.0388888888889,14.2655555555556 79.0383333333333,14.2655555555556 79.0383333333333,14.2658333333333 79.0380555555556,14.2658333333333 79.0380555555556,14.2661111111111 79.0377777777778,14.2661111111111 79.0377777777778,14.2666666666667 79.0375,14.2666666666667 79.0375,14.2669444444444 79.0361111111111,14.2669444444444 79.0361111111111,14.265 79.0358333333333,14.265 79.0358333333333,14.2647222222222 79.0352777777778,14.2647222222222 79.0352777777778,14.265 79.0355555555556,14.265 79.0355555555556,14.2672222222222 79.0358333333333,14.2672222222222 79.0358333333333,14.2675 79.0363888888889,14.2675 79.0363888888889,14.2677777777778</coordinates></LinearRing></outerBoundaryIs></Polygon><Polygon><outerBoundaryIs><LinearRing><coordinates>79.0352777777778,14.2644444444444 79.0344444444444,14.2644444444444 79.0344444444444,14.2647222222222 79.0352777777778,14.2647222222222 79.0352777777778,14.2644444444444</coordinates></LinearRing></outerBoundaryIs></Polygon><Polygon><outerBoundaryIs><LinearRing><coordinates>79.0341666666667,14.2644444444444 79.0344444444444,14.2644444444444 79.0344444444444,14.2641666666667 79.0341666666667,14.2641666666667 79.0341666666667,14.2644444444444</coordinates></LinearRing></outerBoundaryIs></Polygon><Polygon><outerBoundaryIs><LinearRing><coordinates>79.0372222222222,14.2625 79.0369444444444,14.2625 79.0369444444444,14.2627777777778 79.0372222222222,14.2627777777778 79.0372222222222,14.2625</coordinates></LinearRing></outerBoundaryIs></Polygon><Polygon><outerBoundaryIs><LinearRing><coordinates>79.0366666666667,14.2619444444444 79.0366666666667,14.2625 79.0369444444444,14.2625 79.0369444444444,14.2622222222222 79.0380555555556,14.2622222222222 79.0380555555556,14.2619444444444 79.0366666666667,14.2619444444444</coordinates></LinearRing></outerBoundaryIs></Polygon><Polygon><outerBoundaryIs><LinearRing><coordinates>79.0405555555556,14.2608333333333 79.0402777777778,14.2608333333333 79.0402777777778,14.2611111111111 79.0397222222222,14.2611111111111 79.0397222222222,14.2613888888889 79.0386111111111,14.2613888888889 79.0386111111111,14.2616666666667 79.0380555555556,14.2616666666667 79.0380555555556,14.2619444444444 79.0388888888889,14.2619444444444 79.0388888888889,14.2616666666667 79.0402777777778,14.2616666666667 79.0402777777778,14.2613888888889 79.0408333333333,14.2613888888889 79.0408333333333,14.2611111111111 79.0411111111111,14.2611111111111 79.0411111111111,14.2605555555556 79.0413888888889,14.2605555555556 79.0413888888889,14.26 79.0411111111111,14.26 79.0411111111111,14.2594444444444 79.0408333333333,14.2594444444444 79.0408333333333,14.2591666666667 79.0402777777778,14.2591666666667 79.0402777777778,14.2597222222222 79.0405555555556,14.2597222222222 79.0405555555556,14.26 79.0408333333333,14.26 79.0408333333333,14.2605555555556 79.0405555555556,14.2605555555556 79.0405555555556,14.2608333333333</coordinates></LinearRing></outerBoundaryIs></Polygon><Polygon><outerBoundaryIs><LinearRing><coordinates>79.0402777777778,14.2588888888889 79.04,14.2588888888889 79.04,14.2591666666667 79.0402777777778,14.2591666666667 79.0402777777778,14.2588888888889</coordinates></LinearRing></outerBoundaryIs></Polygon><Polygon><outerBoundaryIs><LinearRing><coordinates>79.04,14.2586111111111 79.0397222222222,14.2586111111111 79.0397222222222,14.2588888888889 79.04,14.2588888888889 79.04,14.2586111111111</coordinates></LinearRing></outerBoundaryIs></Polygon><Polygon><outerBoundaryIs><LinearRing><coordinates>79.0436111111111,14.2558333333333 79.0433333333333,14.2558333333333 79.0433333333333,14.2555555555556 79.0425,14.2555555555556 79.0425,14.2552777777778 79.0422222222222,14.2552777777778 79.0422222222222,14.2544444444444 79.0416666666667,14.2544444444444 79.0416666666667,14.2547222222222 79.0413888888889,14.2547222222222 79.0413888888889,14.255 79.0411111111111,14.255 79.0411111111111,14.2552777777778 79.0408333333333,14.2552777777778 79.0408333333333,14.2558333333333 79.0405555555556,14.2558333333333 79.0405555555556,14.2561111111111 79.0408333333333,14.2561111111111 79.0408333333333,14.2569444444444 79.0411111111111,14.2569444444444 79.0411111111111,14.2575 79.0408333333333,14.2575 79.0408333333333,14.2577777777778 79.0405555555556,14.2577777777778 79.0405555555556,14.2580555555556 79.0394444444444,14.2580555555556 79.0394444444444,14.2577777777778 79.0391666666667,14.2577777777778 79.0391666666667,14.2580555555556 79.0388888888889,14.2580555555556 79.0388888888889,14.2583333333333 79.0391666666667,14.2583333333333 79.0391666666667,14.2586111111111 79.0397222222222,14.2586111111111 79.0397222222222,14.2583333333333 79.0411111111111,14.2583333333333 79.0411111111111,14.2580555555556 79.0413888888889,14.2580555555556 79.0413888888889,14.2563888888889 79.0411111111111,14.2563888888889 79.0411111111111,14.2555555555556 79.0416666666667,14.2555555555556 79.0416666666667,14.2561111111111 79.0422222222222,14.2561111111111 79.0422222222222,14.2563888888889 79.0433333333333,14.2563888888889 79.0433333333333,14.2566666666667 79.0436111111111,14.2566666666667 79.0436111111111,14.2580555555556 79.0438888888889,14.2580555555556 79.0438888888889,14.2583333333333 79.0444444444444,14.2583333333333 79.0444444444444,14.2580555555556 79.0441666666667,14.2580555555556 79.0441666666667,14.2577777777778 79.0438888888889,14.2577777777778 79.0438888888889,14.2563888888889 79.0436111111111,14.2563888888889 79.0436111111111,14.2558333333333</coordinates></LinearRing></outerBoundaryIs></Polygon><Polygon><outerBoundaryIs><LinearRing><coordinates>79.045,14.2583333333333 79.0444444444444,14.2583333333333 79.0444444444444,14.2588888888889 79.0447222222222,14.2588888888889 79.0447222222222,14.2611111111111 79.045,14.2611111111111 79.045,14.2583333333333</coordinates></LinearRing></outerBoundaryIs></Polygon><Polygon><outerBoundaryIs><LinearRing><coordinates>79.045,14.2616666666667 79.0452777777778,14.2616666666667 79.0452777777778,14.2611111111111 79.045,14.2611111111111 79.045,14.2616666666667</coordinates></LinearRing></outerBoundaryIs></Polygon><Polygon><outerBoundaryIs><LinearRing><coordinates>79.0452777777778,14.2619444444444 79.0455555555556,14.2619444444444 79.0455555555556,14.2616666666667 79.0452777777778,14.2616666666667 79.0452777777778,14.2619444444444</coordinates></LinearRing></outerBoundaryIs></Polygon><Polygon><outerBoundaryIs><LinearRing><coordinates>79.0458333333333,14.2619444444444 79.0455555555556,14.2619444444444 79.0455555555556,14.2622222222222 79.0458333333333,14.2622222222222 79.0458333333333,14.2619444444444</coordinates></LinearRing></outerBoundaryIs></Polygon><Polygon><outerBoundaryIs><LinearRing><coordinates>79.0266666666667,14.2616666666667 79.0266666666667,14.2619444444444 79.0272222222222,14.2619444444444 79.0272222222222,14.2616666666667 79.0266666666667,14.2616666666667</coordinates></LinearRing></outerBoundaryIs></Polygon><Polygon><outerBoundaryIs><LinearRing><coordinates>79.1086111111111,14.2622222222222 79.1083333333333,14.2622222222222 79.1083333333333,14.2619444444444 79.1077777777778,14.2619444444444 79.1077777777778,14.2616666666667 79.1075,14.2616666666667 79.1075,14.2619444444444 79.1069444444444,14.2619444444444 79.1069444444444,14.2630555555556 79.1091666666667,14.2630555555556 79.1091666666667,14.2633333333333 79.1102777777778,14.2633333333333 79.1102777777778,14.2630555555556 79.1094444444444,14.2630555555556 79.1094444444444,14.2627777777778 79.1088888888889,14.2627777777778 79.1088888888889,14.2625 79.1086111111111,14.2625 79.1086111111111,14.2622222222222</coordinates></LinearRing></outerBoundaryIs></Polygon><Polygon><outerBoundaryIs><LinearRing><coordinates>79.0338888888889,14.2636111111111 79.0338888888889,14.2638888888889 79.0341666666667,14.2638888888889 79.0341666666667,14.2636111111111 79.0338888888889,14.2636111111111</coordinates></LinearRing></outerBoundaryIs></Polygon><Polygon><outerBoundaryIs><LinearRing><coordinates>79.0338888888889,14.2636111111111 79.0338888888889,14.2633333333333 79.0336111111111,14.2633333333333 79.0336111111111,14.2636111111111 79.0338888888889,14.2636111111111</coordinates></LinearRing></outerBoundaryIs></Polygon><Polygon><outerBoundaryIs><LinearRing><coordinates>79.0302777777778,14.265 79.0302777777778,14.2647222222222 79.03,14.2647222222222 79.03,14.265 79.0302777777778,14.265</coordinates></LinearRing></outerBoundaryIs></Polygon><Polygon><outerBoundaryIs><LinearRing><coordinates>79.0305555555556,14.2647222222222 79.0305555555556,14.2644444444444 79.0302777777778,14.2644444444444 79.0302777777778,14.2647222222222 79.0305555555556,14.2647222222222</coordinates></LinearRing></outerBoundaryIs></Polygon><Polygon><outerBoundaryIs><LinearRing><coordinates>79.0327777777778,14.2644444444444 79.0327777777778,14.2641666666667 79.0305555555556,14.2641666666667 79.0305555555556,14.2644444444444 79.0313888888889,14.2644444444444 79.0313888888889,14.2647222222222 79.0319444444444,14.2647222222222 79.0319444444444,14.2644444444444 79.0327777777778,14.2644444444444</coordinates></LinearRing></outerBoundaryIs></Polygon><Polygon><outerBoundaryIs><LinearRing><coordinates>79.0330555555555,14.2641666666667 79.0330555555555,14.2638888888889 79.0327777777778,14.2638888888889 79.0327777777778,14.2641666666667 79.0330555555555,14.2641666666667</coordinates></LinearRing></outerBoundaryIs></Polygon><Polygon><outerBoundaryIs><LinearRing><coordinates>79.0330555555555,14.2636111111111 79.0330555555555,14.2638888888889 79.0333333333333,14.2638888888889 79.0333333333333,14.2636111111111 79.0330555555555,14.2636111111111</coordinates></LinearRing></outerBoundaryIs></Polygon><Polygon><outerBoundaryIs><LinearRing><coordinates>79.1236111111111,14.2644444444444 79.1236111111111,14.2647222222222 79.1238888888889,14.2647222222222 79.1238888888889,14.2644444444444 79.1236111111111,14.2644444444444</coordinates></LinearRing></outerBoundaryIs></Polygon><Polygon><outerBoundaryIs><LinearRing><coordinates>79.0955555555555,14.2697222222222 79.0955555555555,14.2691666666667 79.0958333333333,14.2691666666667 79.0958333333333,14.2683333333333 79.0955555555555,14.2683333333333 79.0955555555555,14.2675 79.0952777777778,14.2675 79.0952777777778,14.2672222222222 79.095,14.2672222222222 79.095,14.2669444444444 79.0947222222222,14.2669444444444 79.0947222222222,14.2666666666667 79.0938888888889,14.2666666666667 79.0938888888889,14.2663888888889 79.0930555555556,14.2663888888889 79.0930555555556,14.2661111111111 79.0927777777778,14.2661111111111 79.0927777777778,14.2658333333333 79.0916666666667,14.2658333333333 79.0916666666667,14.2663888888889 79.0913888888889,14.2663888888889 79.0913888888889,14.2669444444444 79.0911111111111,14.2669444444444 79.0911111111111,14.2672222222222 79.0913888888889,14.2672222222222 79.0913888888889,14.2675 79.0916666666667,14.2675 79.0916666666667,14.2680555555556 79.0919444444444,14.2680555555556 79.0919444444444,14.2683333333333 79.0922222222222,14.2683333333333 79.0922222222222,14.2686111111111 79.0925,14.2686111111111 79.0925,14.2688888888889 79.0927777777778,14.2688888888889 79.0927777777778,14.2691666666667 79.0930555555556,14.2691666666667 79.0930555555556,14.2697222222222 79.0933333333333,14.2697222222222 79.0933333333333,14.2702777777778 79.0936111111111,14.2702777777778 79.0936111111111,14.2705555555556 79.0938888888889,14.2705555555556 79.0938888888889,14.2708333333333 79.0947222222222,14.2708333333333 79.0947222222222,14.2705555555556 79.095,14.2705555555556 79.095,14.27 79.0952777777778,14.27 79.0952777777778,14.2697222222222 79.0955555555555,14.2697222222222</coordinates></LinearRing></outerBoundaryIs><innerBoundaryIs><LinearRing><coordinates>79.0930555555556,14.2680555555556 79.0927777777778,14.2680555555556 79.0927777777778,14.2677777777778 79.0922222222222,14.2677777777778 79.0922222222222,14.2675 79.0919444444444,14.2675 79.0919444444444,14.2663888888889 79.0925,14.2663888888889 79.0925,14.2666666666667 79.0930555555556,14.2666666666667 79.0930555555556,14.2669444444444 79.0944444444444,14.2669444444444 79.0944444444444,14.2672222222222 79.0947222222222,14.2672222222222 79.0947222222222,14.2677777777778 79.095,14.2677777777778 79.095,14.2688888888889 79.0947222222222,14.2688888888889 79.0947222222222,14.2694444444444 79.0944444444444,14.2694444444444 79.0944444444444,14.2697222222222 79.0938888888889,14.2697222222222 79.0938888888889,14.2694444444444 79.0936111111111,14.2694444444444 79.0936111111111,14.2688888888889 79.0933333333333,14.2688888888889 79.0933333333333,14.2683333333333 79.0930555555556,14.2683333333333 79.0930555555556,14.2680555555556</coordinates></LinearRing></innerBoundaryIs></Polygon><Polygon><outerBoundaryIs><LinearRing><coordinates>79.0294444444444,14.2747222222222 79.0288888888889,14.2747222222222 79.0288888888889,14.275 79.0294444444444,14.275 79.0294444444444,14.2747222222222</coordinates></LinearRing></outerBoundaryIs></Polygon><Polygon><outerBoundaryIs><LinearRing><coordinates>79.0297222222222,14.2744444444444 79.0294444444444,14.2744444444444 79.0294444444444,14.2747222222222 79.0297222222222,14.2747222222222 79.0297222222222,14.2744444444444</coordinates></LinearRing></outerBoundaryIs></Polygon><Polygon><outerBoundaryIs><LinearRing><coordinates>79.03,14.2741666666667 79.0297222222222,14.2741666666667 79.0297222222222,14.2744444444444 79.03,14.2744444444444 79.03,14.2741666666667</coordinates></LinearRing></outerBoundaryIs></Polygon><Polygon><outerBoundaryIs><LinearRing><coordinates>79.0302777777778,14.2736111111111 79.03,14.2736111111111 79.03,14.2741666666667 79.0302777777778,14.2741666666667 79.0302777777778,14.2736111111111</coordinates></LinearRing></outerBoundaryIs></Polygon><Polygon><outerBoundaryIs><LinearRing><coordinates>79.0305555555556,14.2733333333333 79.0302777777778,14.2733333333333 79.0302777777778,14.2736111111111 79.0305555555556,14.2736111111111 79.0305555555556,14.2733333333333</coordinates></LinearRing></outerBoundaryIs></Polygon><Polygon><outerBoundaryIs><LinearRing><coordinates>79.03,14.2705555555556 79.03,14.2708333333333 79.0302777777778,14.2708333333333 79.0302777777778,14.2722222222222 79.0305555555556,14.2722222222222 79.0305555555556,14.2733333333333 79.0308333333333,14.2733333333333 79.0308333333333,14.2727777777778 79.0311111111111,14.2727777777778 79.0311111111111,14.2725 79.0308333333333,14.2725 79.0308333333333,14.2719444444444 79.0305555555556,14.2719444444444 79.0305555555556,14.2705555555556 79.0302777777778,14.2705555555556 79.0302777777778,14.2702777777778 79.0297222222222,14.2702777777778 79.0297222222222,14.2686111111111 79.0294444444444,14.2686111111111 79.0294444444444,14.2683333333333 79.0291666666667,14.2683333333333 79.0291666666667,14.2680555555556 79.0294444444444,14.2680555555556 79.0294444444444,14.2677777777778 79.03,14.2677777777778 79.03,14.2675 79.0302777777778,14.2675 79.0302777777778,14.2661111111111 79.03,14.2661111111111 79.03,14.2652777777778 79.0297222222222,14.2652777777778 79.0297222222222,14.2672222222222 79.0294444444444,14.2672222222222 79.0294444444444,14.2675 79.0286111111111,14.2675 79.0286111111111,14.2672222222222 79.0272222222222,14.2672222222222 79.0272222222222,14.2675 79.0275,14.2675 79.0275,14.2677777777778 79.0277777777778,14.2677777777778 79.0277777777778,14.2675 79.0283333333333,14.2675 79.0283333333333,14.2677777777778 79.0288888888889,14.2677777777778 79.0288888888889,14.2680555555556 79.0283333333333,14.2680555555556 79.0283333333333,14.2683333333333 79.0288888888889,14.2683333333333 79.0288888888889,14.2686111111111 79.0291666666667,14.2686111111111 79.0291666666667,14.2688888888889 79.0294444444444,14.2688888888889 79.0294444444444,14.2705555555556 79.03,14.2705555555556</coordinates></LinearRing></outerBoundaryIs></Polygon><Polygon><outerBoundaryIs><LinearRing><coordinates>79.0277777777778,14.2677777777778 79.0277777777778,14.2680555555556 79.0283333333333,14.2680555555556 79.0283333333333,14.2677777777778 79.0277777777778,14.2677777777778</coordinates></LinearRing></outerBoundaryIs></Polygon><Polygon><outerBoundaryIs><LinearRing><coordinates>79.0238888888889,14.2766666666667 79.0241666666667,14.2766666666667 79.0241666666667,14.2769444444444 79.0247222222222,14.2769444444444 79.0247222222222,14.2772222222222 79.0252777777778,14.2772222222222 79.0252777777778,14.2769444444444 79.0258333333333,14.2769444444444 79.0258333333333,14.2766666666667 79.0261111111111,14.2766666666667 79.0261111111111,14.2763888888889 79.0263888888889,14.2763888888889 79.0263888888889,14.2761111111111 79.0266666666667,14.2761111111111 79.0266666666667,14.2758333333333 79.0269444444444,14.2758333333333 79.0269444444444,14.2755555555556 79.0263888888889,14.2755555555556 79.0263888888889,14.2758333333333 79.0261111111111,14.2758333333333 79.0261111111111,14.2761111111111 79.0255555555556,14.2761111111111 79.0255555555556,14.2763888888889 79.0244444444444,14.2763888888889 79.0244444444444,14.275 79.0247222222222,14.275 79.0247222222222,14.2744444444444 79.0241666666667,14.2744444444444 79.0241666666667,14.2747222222222 79.0238888888889,14.2747222222222 79.0238888888889,14.275 79.0236111111111,14.275 79.0236111111111,14.2763888888889 79.0238888888889,14.2763888888889 79.0238888888889,14.2766666666667</coordinates></LinearRing></outerBoundaryIs></Polygon><Polygon><outerBoundaryIs><LinearRing><coordinates>79.0247222222222,14.2744444444444 79.025,14.2744444444444 79.025,14.2730555555556 79.0247222222222,14.2730555555556 79.0247222222222,14.2744444444444</coordinates></LinearRing></outerBoundaryIs></Polygon><Polygon><outerBoundaryIs><LinearRing><coordinates>79.0277777777778,14.2752777777778 79.0269444444444,14.2752777777778 79.0269444444444,14.2755555555556 79.0277777777778,14.2755555555556 79.0277777777778,14.2752777777778</coordinates></LinearRing></outerBoundaryIs></Polygon><Polygon><outerBoundaryIs><LinearRing><coordinates>79.0277777777778,14.2752777777778 79.0286111111111,14.2752777777778 79.0286111111111,14.275 79.0277777777778,14.275 79.0277777777778,14.2752777777778</coordinates></LinearRing></outerBoundaryIs></Polygon></MultiGeometry>
  </Placemark>
  <Placemark id="damage_swesph_depthclass.2">
	<Style><LineStyle><color>ff0000ff</color></LineStyle><PolyStyle><fill>0</fill></PolyStyle></Style>
	<ExtendedData><SchemaData schemaUrl="#damage_swesph_depthclass">
		<SimpleData name="depth_cls">0.5-1.5 m</SimpleData>
	</SchemaData></ExtendedData>
      <MultiGeometry><Polygon><outerBoundaryIs><LinearRing><coordinates>79.0016666666667,14.2316666666667 79.0016666666667,14.2313888888889 79.0011111111111,14.2313888888889 79.0011111111111,14.2316666666667 79.0016666666667,14.2316666666667</coordinates></LinearRing></outerBoundaryIs></Polygon><Polygon><outerBoundaryIs><LinearRing><coordinates>79.0016666666667,14.2311111111111 79.0016666666667,14.2313888888889 79.0019444444444,14.2313888888889 79.0019444444444,14.2311111111111 79.0016666666667,14.2311111111111</coordinates></LinearRing></outerBoundaryIs></Polygon><Polygon><outerBoundaryIs><LinearRing><coordinates>79.0005555555556,14.2322222222222 79.0005555555556,14.2319444444444 79.0002777777778,14.2319444444444 79.0002777777778,14.2322222222222 79.0005555555556,14.2322222222222</coordinates></LinearRing></outerBoundaryIs></Polygon><Polygon><outerBoundaryIs><LinearRing><coordinates>79.0005555555556,14.2316666666667 79.0005555555556,14.2319444444444 79.0008333333333,14.2319444444444 79.0008333333333,14.2316666666667 79.0005555555556,14.2316666666667</coordinates></LinearRing></outerBoundaryIs></Polygon><Polygon><outerBoundaryIs><LinearRing><coordinates>78.9994444444444,14.2330555555556 78.9994444444444,14.2327777777778 78.9991666666667,14.2327777777778 78.9991666666667,14.2330555555556 78.9994444444444,14.2330555555556</coordinates></LinearRing></outerBoundaryIs></Polygon><Polygon><outerBoundaryIs><LinearRing><coordinates>78.9994444444444,14.2325 78.9994444444444,14.2327777777778 78.9997222222222,14.2327777777778 78.9997222222222,14.2325 78.9994444444444,14.2325</coordinates></LinearRing></outerBoundaryIs></Polygon><Polygon><outerBoundaryIs><LinearRing><coordinates>78.9983333333333,14.2336111111111 78.9980555555556,14.2336111111111 78.9980555555556,14.2338888888889 78.9983333333333,14.2338888888889 78.9983333333333,14.2336111111111</coordinates></LinearRing></outerBoundaryIs></Polygon><Polygon><outerBoundaryIs><LinearRing><coordinates>78.9983333333333,14.2336111111111 78.9986111111111,14.2336111111111 78.9986111111111,14.2333333333333 78.9983333333333,14.2333333333333 78.9983333333333,14.2336111111111</coordinates></LinearRing></outerBoundaryIs></Polygon><Polygon><outerBoundaryIs><LinearRing><coordinates>78.9975,14.2341666666667 78.9972222222222,14.2341666666667 78.9972222222222,14.2344444444444 78.9975,14.2344444444444 78.9975,14.2341666666667</coordinates></LinearRing></outerBoundaryIs></Polygon><Polygon><outerBoundaryIs><LinearRing><coordinates>78.9975,14.2341666666667 78.9977777777778,14.2341666666667 78.9977777777778,14.2338888888889 78.9975,14.2338888888889 78.9975,14.2341666666667</coordinates></LinearRing></outerBoundaryIs></Polygon><Polygon><outerBoundaryIs><LinearRing><coordinates>78.9955555555556,14.2361111111111 78.9955555555556,14.2358333333333 78.9952777777778,14.2358333333333 78.9952777777778,14.2361111111111 78.9955555555556,14.2361111111111</coordinates></LinearRing></outerBoundaryIs></Polygon><Polygon><outerBoundaryIs><LinearRing><coordinates>78.9958333333333,14.2358333333333 78.9958333333333,14.2355555555556 78.9955555555556,14.2355555555556 78.9955555555556,14.2358333333333 78.9958333333333,14.2358333333333</coordinates></LinearRing></outerBoundaryIs></Polygon><Polygon><outerBoundaryIs><LinearRing><coordinates>78.9961111111111,14.2355555555556 78.9961111111111,14.2352777777778 78.9958333333333,14.2352777777778 78.9958333333333,14.2355555555556 78.9961111111111,14.2355555555556</coordinates></LinearRing></outerBoundaryIs></Polygon><Polygon><outerBoundaryIs><LinearRing><coordinates>78.9963888888889,14.2352777777778 78.9963888888889,14.235 78.9961111111111,14.235 78.9961111111111,14.2352777777778 78.9963888888889,14.2352777777778</coordinates></LinearRing></outerBoundaryIs></Polygon><Polygon><outerBoundaryIs><LinearRing><coordinates>78.9963888888889,14.2347222222222 78.9963888888889,14.235 78.9966666666667,14.235 78.9966666666667,14.2347222222222 78.9963888888889,14.2347222222222</coordinates></LinearRing></outerBoundaryIs></Polygon><Polygon><outerBoundaryIs><LinearRing><coordinates>78.9997222222222,14.2375 78.9997222222222,14.2380555555556 79.0,14.2380555555556 79.0,14.2377777777778 79.0002777777778,14.2377777777778 79.0002777777778,14.2375 78.9997222222222,14.2375</coordinates></LinearRing></outerBoundaryIs></Polygon><Polygon><outerBoundaryIs><LinearRing><coordinates>79.0005555555556,14.2375 79.0005555555556,14.2372222222222 79.0002777777778,14.2372222222222 79.0002777777778,14.2375 79.0005555555556,14.2375</coordinates></LinearRing></outerBoundaryIs></Polygon><Polygon><outerBoundaryIs><LinearRing><coordinates>79.0008333333333,14.2372222222222 79.0008333333333,14.2366666666667 79.0005555555556,14.2366666666667 79.0005555555556,14.2372222222222 79.0008333333333,14.2372222222222</coordinates></LinearRing></outerBoundaryIs></Polygon><Polygon><outerBoundaryIs><LinearRing><coordinates>79.0011111111111,14.2366666666667 79.0011111111111,14.2358333333333 79.0008333333333,14.2358333333333 79.0008333333333,14.2366666666667 79.0011111111111,14.2366666666667</coordinates></LinearRing></outerBoundaryIs></Polygon><Polygon><outerBoundaryIs><LinearRing><coordinates>79.0016666666667,14.2358333333333 79.0016666666667,14.2355555555556 79.0011111111111,14.2355555555556 79.0011111111111,14.2358333333333 79.0016666666667,14.2358333333333</coordinates></LinearRing></outerBoundaryIs></Polygon><Polygon><outerBoundaryIs><LinearRing><coordinates>79.0022222222222,14.2355555555556 79.0022222222222,14.2352777777778 79.0016666666667,14.2352777777778 79.0016666666667,14.2355555555556 79.0022222222222,14.2355555555556</coordinates></LinearRing></outerBoundaryIs></Polygon><Polygon><outerBoundaryIs><LinearRing><coordinates>79.0022222222222,14.235 79.0022222222222,14.2352777777778 79.0025,14.2352777777778 79.0025,14.235 79.0022222222222,14.235</coordinates></LinearRing></outerBoundaryIs></Polygon><Polygon><outerBoundaryIs><LinearRing><coordinates>78.9947222222222,14.2369444444444 78.9947222222222,14.2366666666667 78.9944444444444,14.2366666666667 78.9944444444444,14.2369444444444 78.9947222222222,14.2369444444444</coordinates></LinearRing></outerBoundaryIs></Polygon><Polygon><outerBoundaryIs><LinearRing><coordinates>78.9947222222222,14.2363888888889 78.9947222222222,14.2366666666667 78.995,14.2366666666667 78.995,14.2363888888889 78.9947222222222,14.2363888888889</coordinates></LinearRing></outerBoundaryIs></Polygon><Polygon><outerBoundaryIs><LinearRing><coordinates>78.9930555555556,14.2383333333333 78.9927777777778,14.2383333333333 78.9927777777778,14.2386111111111 78.9930555555556,14.2386111111111 78.9930555555556,14.2383333333333</coordinates></LinearRing></outerBoundaryIs></Polygon><Polygon><outerBoundaryIs><LinearRing><coordinates>78.9930555555556,14.2383333333333 78.9933333333333,14.2383333333333 78.9933333333333,14.2380555555556 78.9930555555556,14.2380555555556 78.9930555555556,14.2383333333333</coordinates></LinearRing></outerBoundaryIs></Polygon><Polygon><outerBoundaryIs><LinearRing><coordinates>78.9925,14.2408333333333 78.9927777777778,14.2408333333333 78.9927777777778,14.24 78.9925,14.24 78.9925,14.2408333333333</coordinates></LinearRing></outerBoundaryIs></Polygon><Polygon><outerBoundaryIs><LinearRing><coordinates>78.9958333333333,14.2441666666667 78.9958333333333,14.2422222222222 78.9955555555556,14.2422222222222 78.9955555555556,14.2441666666667 78.9958333333333,14.2441666666667</coordinates></LinearRing></outerBoundaryIs></Polygon><Polygon><outerBoundaryIs><LinearRing><coordinates>78.9963888888889,14.2416666666667 78.9963888888889,14.2411111111111 78.9961111111111,14.2411111111111 78.9961111111111,14.2413888888889 78.9958333333333,14.2413888888889 78.9958333333333,14.2422222222222 78.9961111111111,14.2422222222222 78.9961111111111,14.2416666666667 78.9963888888889,14.2416666666667</coordinates></LinearRing></outerBoundaryIs></Polygon><Polygon><outerBoundaryIs><LinearRing><coordinates>78.9966666666667,14.2411111111111 78.9966666666667,14.2405555555556 78.9963888888889,14.2405555555556 78.9963888888889,14.2411111111111 78.9966666666667,14.2411111111111</coordinates></LinearRing></outerBoundaryIs></Polygon><Polygon><outerBoundaryIs><LinearRing><coordinates>78.9966666666667,14.24 78.9966666666667,14.2405555555556 78.9969444444444,14.2405555555556 78.9969444444444,14.2402777777778 78.9972222222222,14.2402777777778 78.9972222222222,14.24 78.9975,14.24 78.9975,14.2397222222222 78.9980555555556,14.2397222222222 78.9980555555556,14.2394444444444 78.9986111111111,14.2394444444444 78.9986111111111,14.2391666666667 78.9977777777778,14.2391666666667 78.9977777777778,14.2394444444444 78.9972222222222,14.2394444444444 78.9972222222222,14.2397222222222 78.9969444444444,14.2397222222222 78.9969444444444,14.24 78.9966666666667,14.24</coordinates></LinearRing></outerBoundaryIs></Polygon><Polygon><outerBoundaryIs><LinearRing><coordinates>78.9991666666667,14.2391666666667 78.9991666666667,14.2388888888889 78.9986111111111,14.2388888888889 78.9986111111111,14.2391666666667 78.9991666666667,14.2391666666667</coordinates></LinearRing></outerBoundaryIs></Polygon><Polygon><outerBoundaryIs><LinearRing><coordinates>78.9994444444444,14.2388888888889 78.9994444444444,14.2386111111111 78.9991666666667,14.2386111111111 78.9991666666667,14.2388888888889 78.9994444444444,14.2388888888889</coordinates></LinearRing></outerBoundaryIs></Polygon><Polygon><outerBoundaryIs><LinearRing><coordinates>78.9994444444444,14.2383333333333 78.9994444444444,14.2386111111111 78.9997222222222,14.2386111111111 78.9997222222222,14.2383333333333 78.9994444444444,14.2383333333333</coordinates></LinearRing></outerBoundaryIs></Polygon><Polygon><outerBoundaryIs><LinearRing><coordinates>78.9922222222222,14.2411111111111 78.9922222222222,14.2416666666667 78.9925,14.2416666666667 78.9925,14.2411111111111 78.9922222222222,14.2411111111111</coordinates></LinearRing></outerBoundaryIs></Polygon><Polygon><outerBoundaryIs><LinearRing><coordinates>78.9919444444444,14.2419444444444 78.9919444444444,14.2422222222222 78.9922222222222,14.2422222222222 78.9922222222222,14.2419444444444 78.9919444444444,14.2419444444444</coordinates></LinearRing></outerBoundaryIs></Polygon><Polygon><outerBoundaryIs><LinearRing><coordinates>78.9916666666667,14.2427777777778 78.9919444444444,14.2427777777778 78.9919444444444,14.2425 78.9916666666667,14.2425 78.9916666666667,14.2427777777778</coordinates></LinearRing></outerBoundaryIs></Polygon><Polygon><outerBoundaryIs><LinearRing><coordinates>78.9919444444444,14.2438888888889 78.9919444444444,14.2441666666667 78.9922222222222,14.2441666666667 78.9922222222222,14.2438888888889 78.9919444444444,14.2438888888889</coordinates></LinearRing></outerBoundaryIs></Polygon><Polygon><outerBoundaryIs><LinearRing><coordinates>78.9919444444444,14.2438888888889 78.9919444444444,14.2436111111111 78.9916666666667,14.2436111111111 78.9916666666667,14.2438888888889 78.9919444444444,14.2438888888889</coordinates></LinearRing></outerBoundaryIs></Polygon><Polygon><outerBoundaryIs><LinearRing><coordinates>78.9958333333333,14.2444444444444 78.9958333333333,14.2447222222222 78.9961111111111,14.2447222222222 78.9961111111111,14.2444444444444 78.9958333333333,14.2444444444444</coordinates></LinearRing></outerBoundaryIs></Polygon><Polygon><outerBoundaryIs><LinearRing><coordinates>78.9922222222222,14.245 78.9925,14.245 78.9925,14.2444444444444 78.9922222222222,14.2444444444444 78.9922222222222,14.245</coordinates></LinearRing></outerBoundaryIs></Polygon><Polygon><outerBoundaryIs><LinearRing><coordinates>78.9925,14.2458333333333 78.9927777777778,14.2458333333333 78.9927777777778,14.2455555555556 78.9925,14.2455555555556 78.9925,14.2458333333333</coordinates></LinearRing></outerBoundaryIs></Polygon><Polygon><outerBoundaryIs><LinearRing><coordinates>78.9988888888889,14.2461111111111 78.9977777777778,14.2461111111111 78.9977777777778,14.2463888888889 78.9975,14.2463888888889 78.9975,14.2461111111111 78.9969444444444,14.2461111111111 78.9969444444444,14.2463888888889 78.9972222222222,14.2463888888889 78.9972222222222,14.2466666666667 78.9980555555556,14.2466666666667 78.9980555555556,14.2463888888889 78.9988888888889,14.2463888888889 78.9988888888889,14.2461111111111</coordinates></LinearRing></outerBoundaryIs></Polygon><Polygon><outerBoundaryIs><LinearRing><coordinates>78.9966666666667,14.2452777777778 78.9963888888889,14.2452777777778 78.9963888888889,14.2458333333333 78.9966666666667,14.2458333333333 78.9966666666667,14.2461111111111 78.9969444444444,14.2461111111111 78.9969444444444,14.2455555555556 78.9966666666667,14.2455555555556 78.9966666666667,14.2452777777778</coordinates></LinearRing></outerBoundaryIs></Polygon><Polygon><outerBoundaryIs><LinearRing><coordinates>78.9961111111111,14.2452777777778 78.9963888888889,14.2452777777778 78.9963888888889,14.245 78.9961111111111,14.245 78.9961111111111,14.2452777777778</coordinates></LinearRing></outerBoundaryIs></Polygon><Polygon><outerBoundaryIs><LinearRing><coordinates>78.9994444444444,14.2463888888889 78.9988888888889,14.2463888888889 78.9988888888889,14.2466666666667 78.9994444444444,14.2466666666667 78.9994444444444,14.2463888888889</coordinates></LinearRing></outerBoundaryIs></Polygon><Polygon><outerBoundaryIs><LinearRing><coordinates>79.0008333333333,14.2463888888889 79.0002777777778,14.2463888888889 79.0002777777778,14.2466666666667 79.0008333333333,14.2466666666667 79.0008333333333,14.2463888888889</coordinates></LinearRing></outerBoundaryIs></Polygon><Polygon><outerBoundaryIs><LinearRing><coordinates>79.0013888888889,14.2461111111111 79.0008333333333,14.2461111111111 79.0008333333333,14.2463888888889 79.0013888888889,14.2463888888889 79.0013888888889,14.2461111111111</coordinates></LinearRing></outerBoundaryIs></Polygon><Polygon><outerBoundaryIs><LinearRing><coordinates>79.0013888888889,14.2461111111111 79.0033333333333,14.2461111111111 79.0033333333333,14.2458333333333 79.0013888888889,14.2458333333333 79.0013888888889,14.2461111111111</coordinates></LinearRing></outerBoundaryIs></Polygon><Polygon><outerBoundaryIs><LinearRing><coordinates>78.9927777777778,14.2466666666667 78.9930555555556,14.2466666666667 78.9930555555556,14.2463888888889 78.9927777777778,14.2463888888889 78.9927777777778,14.2466666666667</coordinates></LinearRing></outerBoundaryIs></Polygon><Polygon><outerBoundaryIs><LinearRing><coordinates>78.9941666666667,14.2480555555556 78.9938888888889,14.2480555555556 78.9938888888889,14.2483333333333 78.9941666666667,14.2483333333333 78.9941666666667,14.2480555555556</coordinates></LinearRing></outerBoundaryIs></Polygon><Polygon><outerBoundaryIs><LinearRing><coordinates>78.9938888888889,14.2477777777778 78.9936111111111,14.2477777777778 78.9936111111111,14.2480555555556 78.9938888888889,14.2480555555556 78.9938888888889,14.2477777777778</coordinates></LinearRing></outerBoundaryIs></Polygon><Polygon><outerBoundaryIs><LinearRing><coordinates>78.9933333333333,14.2477777777778 78.9936111111111,14.2477777777778 78.9936111111111,14.2475 78.9933333333333,14.2475 78.9933333333333,14.2477777777778</coordinates></LinearRing></outerBoundaryIs></Polygon><Polygon><outerBoundaryIs><LinearRing><coordinates>78.9944444444444,14.2483333333333 78.9944444444444,14.2486111111111 78.9947222222222,14.2486111111111 78.9947222222222,14.2483333333333 78.9944444444444,14.2483333333333</coordinates></LinearRing></outerBoundaryIs></Polygon><Polygon><outerBoundaryIs><LinearRing><coordinates>78.9955555555556,14.2486111111111 78.9955555555556,14.2488888888889 78.9958333333333,14.2488888888889 78.9958333333333,14.2486111111111 78.9955555555556,14.2486111111111</coordinates></LinearRing></outerBoundaryIs></Polygon><Polygon><outerBoundaryIs><LinearRing><coordinates>78.9961111111111,14.2491666666667 78.9963888888889,14.2491666666667 78.9963888888889,14.2488888888889 78.9961111111111,14.2488888888889 78.9961111111111,14.2491666666667</coordinates></LinearRing></outerBoundaryIs></Polygon><Polygon><outerBoundaryIs><LinearRing><coordinates>79.0013888888889,14.2505555555556 79.0016666666667,14.2505555555556 79.0016666666667,14.2502777777778 79.0013888888889,14.2502777777778 79.0013888888889,14.2505555555556</coordinates></LinearRing></outerBoundaryIs></Polygon><Polygon><outerBoundaryIs><LinearRing><coordinates>78.9983333333333,14.2505555555556 78.9983333333333,14.2508333333333 78.9988888888889,14.2508333333333 78.9988888888889,14.2505555555556 78.9983333333333,14.2505555555556</coordinates></LinearRing></outerBoundaryIs></Polygon><Polygon><outerBoundaryIs><LinearRing><coordinates>78.995,14.2522222222222 78.9952777777778,14.2522222222222 78.9952777777778,14.2525 78.9963888888889,14.2525 78.9963888888889,14.2522222222222 78.9969444444444,14.2522222222222 78.9969444444444,14.2519444444444 78.9972222222222,14.2519444444444 78.9972222222222,14.2516666666667 78.9975,14.2516666666667 78.9975,14.2513888888889 78.9977777777778,14.2513888888889 78.9977777777778,14.2511111111111 78.9972222222222,14.2511111111111 78.9972222222222,14.2513888888889 78.9966666666667,14.2513888888889 78.9966666666667,14.2516666666667 78.9961111111111,14.2516666666667 78.9961111111111,14.2511111111111 78.9963888888889,14.2511111111111 78.9963888888889,14.2505555555556 78.9958333333333,14.2505555555556 78.9958333333333,14.2508333333333 78.9955555555556,14.2508333333333 78.9955555555556,14.2511111111111 78.9952777777778,14.2511111111111 78.9952777777778,14.2513888888889 78.995,14.2513888888889 78.995,14.2522222222222</coordinates></LinearRing></outerBoundaryIs></Polygon><Polygon><outerBoundaryIs><LinearRing><coordinates>78.9966666666667,14.2502777777778 78.9963888888889,14.2502777777778 78.9963888888889,14.2505555555556 78.9966666666667,14.2505555555556 78.9966666666667,14.2502777777778</coordinates></LinearRing></outerBoundaryIs></Polygon><Polygon><outerBoundaryIs><LinearRing><coordinates>78.9966666666667,14.2502777777778 78.9969444444444,14.2502777777778 78.9969444444444,14.2494444444444 78.9966666666667,14.2494444444444 78.9966666666667,14.2502777777778</coordinates></LinearRing></outerBoundaryIs></Polygon><Polygon><outerBoundaryIs><LinearRing><coordinates>78.9977777777778,14.2511111111111 78.9980555555556,14.2511111111111 78.9980555555556,14.2508333333333 78.9977777777778,14.2508333333333 78.9977777777778,14.2511111111111</coordinates></LinearRing></outerBoundaryIs></Polygon><Polygon><outerBoundaryIs><LinearRing><coordinates>79.0016666666667,14.2613888888889 79.0019444444444,14.2613888888889 79.0019444444444,14.2611111111111 79.0016666666667,14.2611111111111 79.0016666666667,14.2613888888889</coordinates></LinearRing></outerBoundaryIs></Polygon><Polygon><outerBoundaryIs><LinearRing><coordinates>79.0011111111111,14.2625 79.0008333333333,14.2625 79.0008333333333,14.2630555555556 79.0011111111111,14.2630555555556 79.0011111111111,14.2625</coordinates></LinearRing></outerBoundaryIs></Polygon><Polygon><outerBoundaryIs><LinearRing><coordinates>79.0008333333333,14.2625 79.0008333333333,14.2619444444444 79.0005555555556,14.2619444444444 79.0005555555556,14.2625 79.0008333333333,14.2625</coordinates></LinearRing></outerBoundaryIs></Polygon><Polygon><outerBoundaryIs><LinearRing><coordinates>79.0011111111111,14.2619444444444 79.0011111111111,14.2616666666667 79.0008333333333,14.2616666666667 79.0008333333333,14.2619444444444 79.0011111111111,14.2619444444444</coordinates></LinearRing></outerBoundaryIs></Polygon><Polygon><outerBoundaryIs><LinearRing><coordinates>79.0011111111111,14.2613888888889 79.0011111111111,14.2616666666667 79.0013888888889,14.2616666666667 79.0013888888889,14.2613888888889 79.0011111111111,14.2613888888889</coordinates></LinearRing></outerBoundaryIs></Polygon><Polygon><outerBoundaryIs><LinearRing><coordinates>79.0005555555556,14.2636111111111 79.0008333333333,14.2636111111111 79.0008333333333,14.2633333333333 79.0005555555556,14.2633333333333 79.0005555555556,14.2636111111111</coordinates></LinearRing></outerBoundaryIs></Polygon><Polygon><outerBoundaryIs><LinearRing><coordinates>79.0002777777778,14.2641666666667 79.0005555555556,14.2641666666667 79.0005555555556,14.2638888888889 79.0002777777778,14.2638888888889 79.0002777777778,14.2641666666667</coordinates></LinearRing></outerBoundaryIs></Polygon><Polygon><outerBoundaryIs><LinearRing><coordinates>79.0,14.2652777777778 79.0,14.2658333333333 79.0002777777778,14.2658333333333 79.0002777777778,14.2652777777778 79.0,14.2652777777778</coordinates></LinearRing></outerBoundaryIs></Polygon><Polygon><outerBoundaryIs><LinearRing><coordinates>79.0008333333333,14.2666666666667 79.0005555555556,14.2666666666667 79.0005555555556,14.2669444444444 79.0008333333333,14.2669444444444 79.0008333333333,14.2666666666667</coordinates></LinearRing></outerBoundaryIs></Polygon><Polygon><outerBoundaryIs><LinearRing><coordinates>79.0002777777778,14.2666666666667 79.0005555555556,14.2666666666667 79.0005555555556,14.2663888888889 79.0002777777778,14.2663888888889 79.0002777777778,14.2666666666667</coordinates></LinearRing></outerBoundaryIs></Polygon><Polygon><outerBoundaryIs><LinearRing><coordinates>79.0013888888889,14.2675 79.0011111111111,14.2675 79.0011111111111,14.2677777777778 79.0013888888889,14.2677777777778 79.0013888888889,14.2675</coordinates></LinearRing></outerBoundaryIs></Polygon><Polygon><outerBoundaryIs><LinearRing><coordinates>79.0008333333333,14.2675 79.0011111111111,14.2675 79.0011111111111,14.2672222222222 79.0008333333333,14.2672222222222 79.0008333333333,14.2675</coordinates></LinearRing></outerBoundaryIs></Polygon><Polygon><outerBoundaryIs><LinearRing><coordinates>79.0036111111111,14.2283333333333 79.0036111111111,14.2277777777778 79.0038888888889,14.2277777777778 79.0038888888889,14.2275 79.0041666666667,14.2275 79.0041666666667,14.2277777777778 79.0047222222222,14.2277777777778 79.0047222222222,14.2275 79.0044444444444,14.2275 79.0044444444444,14.2272222222222 79.0036111111111,14.2272222222222 79.0036111111111,14.2275 79.0033333333333,14.2275 79.0033333333333,14.2283333333333 79.0036111111111,14.2283333333333</coordinates></LinearRing></outerBoundaryIs></Polygon><Polygon><outerBoundaryIs><LinearRing><coordinates>79.0052777777778,14.2280555555556 79.0052777777778,14.2277777777778 79.0047222222222,14.2277777777778 79.0047222222222,14.2280555555556 79.0052777777778,14.2280555555556</coordinates></LinearRing></outerBoundaryIs></Polygon><Polygon><outerBoundaryIs><LinearRing><coordinates>79.0063888888889,14.2280555555556 79.0052777777778,14.2280555555556 79.0052777777778,14.2283333333333 79.0063888888889,14.2283333333333 79.0063888888889,14.2280555555556</coordinates></LinearRing></outerBoundaryIs></Polygon><Polygon><outerBoundaryIs><LinearRing><coordinates>79.0066666666667,14.2277777777778 79.0063888888889,14.2277777777778 79.0063888888889,14.2280555555556 79.0066666666667,14.2280555555556 79.0066666666667,14.2277777777778</coordinates></LinearRing></outerBoundaryIs></Polygon><Polygon><outerBoundaryIs><LinearRing><coordinates>79.0066666666667,14.2277777777778 79.0072222222222,14.2277777777778 79.0072222222222,14.2275 79.0066666666667,14.2275 79.0066666666667,14.2277777777778</coordinates></LinearRing></outerBoundaryIs></Polygon><Polygon><outerBoundaryIs><LinearRing><coordinates>79.0033333333333,14.2294444444444 79.0036111111111,14.2294444444444 79.0036111111111,14.2291666666667 79.0033333333333,14.2291666666667 79.0033333333333,14.2294444444444</coordinates></LinearRing></outerBoundaryIs></Polygon><Polygon><outerBoundaryIs><LinearRing><coordinates>79.0030555555555,14.2302777777778 79.0030555555555,14.23 79.0027777777778,14.23 79.0027777777778,14.2302777777778 79.0030555555555,14.2302777777778</coordinates></LinearRing></outerBoundaryIs></Polygon><Polygon><outerBoundaryIs><LinearRing><coordinates>79.0030555555555,14.2297222222222 79.0030555555555,14.23 79.0033333333333,14.23 79.0033333333333,14.2297222222222 79.0030555555555,14.2297222222222</coordinates></LinearRing></outerBoundaryIs></Polygon><Polygon><outerBoundaryIs><LinearRing><coordinates>79.0025,14.2308333333333 79.0022222222222,14.2308333333333 79.0022222222222,14.2311111111111 79.0025,14.2311111111111 79.0025,14.2308333333333</coordinates></LinearRing></outerBoundaryIs></Polygon><Polygon><outerBoundaryIs><LinearRing><coordinates>79.0025,14.2308333333333 79.0027777777778,14.2308333333333 79.0027777777778,14.2305555555556 79.0025,14.2305555555556 79.0025,14.2308333333333</coordinates></LinearRing></outerBoundaryIs></Polygon><Polygon><outerBoundaryIs><LinearRing><coordinates>79.0069444444444,14.2316666666667 79.0072222222222,14.2316666666667 79.0072222222222,14.2313888888889 79.0069444444444,14.2313888888889 79.0069444444444,14.2316666666667</coordinates></LinearRing></outerBoundaryIs></Polygon><Polygon><outerBoundaryIs><LinearRing><coordinates>79.0063888888889,14.2316666666667 79.0063888888889,14.2319444444444 79.0066666666667,14.2319444444444 79.0066666666667,14.2316666666667 79.0063888888889,14.2316666666667</coordinates></LinearRing></outerBoundaryIs></Polygon><Polygon><outerBoundaryIs><LinearRing><coordinates>79.0055555555556,14.2322222222222 79.0058333333333,14.2322222222222 79.0058333333333,14.2319444444444 79.0055555555556,14.2319444444444 79.0055555555556,14.2322222222222</coordinates></LinearRing></outerBoundaryIs></Polygon><Polygon><outerBoundaryIs><LinearRing><coordinates>79.005,14.2325 79.0052777777778,14.2325 79.0052777777778,14.2322222222222 79.005,14.2322222222222 79.005,14.2325</coordinates></LinearRing></outerBoundaryIs></Polygon><Polygon><outerBoundaryIs><LinearRing><coordinates>79.0041666666667,14.2325 79.0041666666667,14.2327777777778 79.0044444444444,14.2327777777778 79.0044444444444,14.2325 79.0041666666667,14.2325</coordinates></LinearRing></outerBoundaryIs></Polygon><Polygon><outerBoundaryIs><LinearRing><coordinates>79.0036111111111,14.2333333333333 79.0036111111111,14.2330555555556 79.0033333333333,14.2330555555556 79.0033333333333,14.2333333333333 79.0036111111111,14.2333333333333</coordinates></LinearRing></outerBoundaryIs></Polygon><Polygon><outerBoundaryIs><LinearRing><coordinates>79.0036111111111,14.2327777777778 79.0036111111111,14.2330555555556 79.0038888888889,14.2330555555556 79.0038888888889,14.2327777777778 79.0036111111111,14.2327777777778</coordinates></LinearRing></outerBoundaryIs></Polygon><Polygon><outerBoundaryIs><LinearRing><coordinates>79.0027777777778,14.2347222222222 79.0027777777778,14.2341666666667 79.0025,14.2341666666667 79.0025,14.2347222222222 79.0027777777778,14.2347222222222</coordinates></LinearRing></outerBoundaryIs></Polygon><Polygon><outerBoundaryIs><LinearRing><coordinates>79.0027777777778,14.2338888888889 79.0027777777778,14.2341666666667 79.0030555555555,14.2341666666667 79.0030555555555,14.2338888888889 79.0027777777778,14.2338888888889</coordinates></LinearRing></outerBoundaryIs></Polygon><Polygon><outerBoundaryIs><LinearRing><coordinates>79.0036111111111,14.2458333333333 79.0038888888889,14.2458333333333 79.0038888888889,14.2455555555556 79.0036111111111,14.2455555555556 79.0036111111111,14.2458333333333</coordinates></LinearRing></outerBoundaryIs></Polygon><Polygon><outerBoundaryIs><LinearRing><coordinates>79.0044444444444,14.2461111111111 79.0044444444444,14.2463888888889 79.005,14.2463888888889 79.005,14.2461111111111 79.0044444444444,14.2461111111111</coordinates></LinearRing></outerBoundaryIs></Polygon><Polygon><outerBoundaryIs><LinearRing><coordinates>79.0044444444444,14.2461111111111 79.0044444444444,14.2458333333333 79.0041666666667,14.2458333333333 79.0041666666667,14.2461111111111 79.0044444444444,14.2461111111111</coordinates></LinearRing></outerBoundaryIs></Polygon><Polygon><outerBoundaryIs><LinearRing><coordinates>79.0063888888889,14.2461111111111 79.0063888888889,14.2463888888889 79.0069444444444,14.2463888888889 79.0069444444444,14.2461111111111 79.0063888888889,14.2461111111111</coordinates></LinearRing></outerBoundaryIs></Polygon><Polygon><outerBoundaryIs><LinearRing><coordinates>79.0052777777778,14.2463888888889 79.0052777777778,14.2466666666667 79.0058333333333,14.2466666666667 79.0058333333333,14.2463888888889 79.0052777777778,14.2463888888889</coordinates></LinearRing></outerBoundaryIs></Polygon><Polygon><outerBoundaryIs><LinearRing><coordinates>79.0030555555555,14.2494444444444 79.0030555555555,14.2497222222222 79.0033333333333,14.2497222222222 79.0033333333333,14.2494444444444 79.0030555555555,14.2494444444444</coordinates></LinearRing></outerBoundaryIs></Polygon><Polygon><outerBoundaryIs><LinearRing><coordinates>79.0041666666667,14.2497222222222 79.0041666666667,14.25 79.0047222222222,14.25 79.0047222222222,14.2497222222222 79.0041666666667,14.2497222222222</coordinates></LinearRing></outerBoundaryIs></Polygon><Polygon><outerBoundaryIs><LinearRing><coordinates>79.0041666666667,14.2497222222222 79.0041666666667,14.2494444444444 79.0036111111111,14.2494444444444 79.0036111111111,14.2497222222222 79.0041666666667,14.2497222222222</coordinates></LinearRing></outerBoundaryIs></Polygon><Polygon><outerBoundaryIs><LinearRing><coordinates>79.0025,14.25 79.0027777777778,14.25 79.0027777777778,14.2497222222222 79.0025,14.2497222222222 79.0025,14.25</coordinates></LinearRing></outerBoundaryIs></Polygon><Polygon><outerBoundaryIs><LinearRing><coordinates>79.0052777777778,14.25 79.0052777777778,14.2502777777778 79.0063888888889,14.2502777777778 79.0063888888889,14.25 79.0052777777778,14.25</coordinates></LinearRing></outerBoundaryIs></Polygon><Polygon><outerBoundaryIs><LinearRing><coordinates>79.0019444444444,14.25 79.0019444444444,14.2502777777778 79.0022222222222,14.2502777777778 79.0022222222222,14.25 79.0019444444444,14.25</coordinates></LinearRing></outerBoundaryIs></Polygon><Polygon><outerBoundaryIs><LinearRing><coordinates>79.0072222222222,14.2505555555556 79.0069444444444,14.2505555555556 79.0069444444444,14.2511111111111 79.0072222222222,14.2511111111111 79.0072222222222,14.2505555555556</coordinates></LinearRing></outerBoundaryIs></Polygon><Polygon><outerBoundaryIs><LinearRing><coordinates>79.0066666666667,14.2505555555556 79.0069444444444,14.2505555555556 79.0069444444444,14.2502777777778 79.0066666666667,14.2502777777778 79.0066666666667,14.2505555555556</coordinates></LinearRing></outerBoundaryIs></Polygon><Polygon><outerBoundaryIs><LinearRing><coordinates>79.0038888888889,14.2572222222222 79.0038888888889,14.2575 79.0041666666667,14.2575 79.0041666666667,14.2572222222222 79.0038888888889,14.2572222222222</coordinates></LinearRing></outerBoundaryIs></Polygon><Polygon><outerBoundaryIs><LinearRing><coordinates>79.0041666666667,14.2563888888889 79.005,14.2563888888889 79.005,14.2561111111111 79.0038888888889,14.2561111111111 79.0038888888889,14.2563888888889 79.0036111111111,14.2563888888889 79.0036111111111,14.2572222222222 79.0038888888889,14.2572222222222 79.0038888888889,14.2569444444444 79.0041666666667,14.2569444444444 79.0041666666667,14.2563888888889</coordinates></LinearRing></outerBoundaryIs></Polygon><Polygon><outerBoundaryIs><LinearRing><coordinates>79.0052777777778,14.2558333333333 79.005,14.2558333333333 79.005,14.2561111111111 79.0052777777778,14.2561111111111 79.0052777777778,14.2558333333333</coordinates></LinearRing></outerBoundaryIs></Polygon><Polygon><outerBoundaryIs><LinearRing><coordinates>79.0055555555556,14.2552777777778 79.0052777777778,14.2552777777778 79.0052777777778,14.2558333333333 79.0055555555556,14.2558333333333 79.0055555555556,14.2552777777778</coordinates></LinearRing></outerBoundaryIs></Polygon><Polygon><outerBoundaryIs><LinearRing><coordinates>79.0058333333333,14.2541666666667 79.0055555555556,14.2541666666667 79.0055555555556,14.2552777777778 79.0058333333333,14.2552777777778 79.0058333333333,14.2541666666667</coordinates></LinearRing></outerBoundaryIs></Polygon><Polygon><outerBoundaryIs><LinearRing><coordinates>79.0061111111111,14.2536111111111 79.0058333333333,14.2536111111111 79.0058333333333,14.2541666666667 79.0061111111111,14.2541666666667 79.0061111111111,14.2536111111111</coordinates></LinearRing></outerBoundaryIs></Polygon><Polygon><outerBoundaryIs><LinearRing><coordinates>79.0069444444444,14.2519444444444 79.0072222222222,14.2519444444444 79.0072222222222,14.2513888888889 79.0069444444444,14.2513888888889 79.0069444444444,14.2516666666667 79.0066666666667,14.2516666666667 79.0066666666667,14.2527777777778 79.0063888888889,14.2527777777778 79.0063888888889,14.2530555555556 79.0061111111111,14.2530555555556 79.0061111111111,14.2536111111111 79.0063888888889,14.2536111111111 79.0063888888889,14.2533333333333 79.0066666666667,14.2533333333333 79.0066666666667,14.2530555555556 79.0072222222222,14.2530555555556 79.0072222222222,14.2527777777778 79.0069444444444,14.2527777777778 79.0069444444444,14.2519444444444</coordinates></LinearRing></outerBoundaryIs></Polygon><Polygon><outerBoundaryIs><LinearRing><coordinates>79.0030555555555,14.2594444444444 79.0027777777778,14.2594444444444 79.0027777777778,14.2597222222222 79.0030555555555,14.2597222222222 79.0030555555555,14.2594444444444</coordinates></LinearRing></outerBoundaryIs></Polygon><Polygon><outerBoundaryIs><LinearRing><coordinates>79.0033333333333,14.2588888888889 79.0030555555555,14.2588888888889 79.0030555555555,14.2594444444444 79.0033333333333,14.2594444444444 79.0033333333333,14.2588888888889</coordinates></LinearRing></outerBoundaryIs></Polygon><Polygon><outerBoundaryIs><LinearRing><coordinates>79.0036111111111,14.2583333333333 79.0033333333333,14.2583333333333 79.0033333333333,14.2588888888889 79.0036111111111,14.2588888888889 79.0036111111111,14.2583333333333</coordinates></LinearRing></outerBoundaryIs></Polygon><Polygon><outerBoundaryIs><LinearRing><coordinates>79.0036111111111,14.2583333333333 79.0038888888889,14.2583333333333 79.0038888888889,14.2577777777778 79.0036111111111,14.2577777777778 79.0036111111111,14.2583333333333</coordinates></LinearRing></outerBoundaryIs></Polygon><Polygon><outerBoundaryIs><LinearRing><coordinates>79.0025,14.2608333333333 79.0025,14.2605555555556 79.0022222222222,14.2605555555556 79.0022222222222,14.2608333333333 79.0025,14.2608333333333</coordinates></LinearRing></outerBoundaryIs></Polygon><Polygon><outerBoundaryIs><LinearRing><coordinates>79.0025,14.26 79.0025,14.2605555555556 79.0027777777778,14.2605555555556 79.0027777777778,14.26 79.0025,14.26</coordinates></LinearRing></outerBoundaryIs></Polygon><Polygon><outerBoundaryIs><LinearRing><coordinates>79.0061111111111,14.2622222222222 79.0058333333333,14.2622222222222 79.0058333333333,14.2625 79.0061111111111,14.2625 79.0061111111111,14.2622222222222</coordinates></LinearRing></outerBoundaryIs></Polygon><Polygon><outerBoundaryIs><LinearRing><coordinates>79.0061111111111,14.2622222222222 79.0063888888889,14.2622222222222 79.0063888888889,14.2613888888889 79.0061111111111,14.2613888888889 79.0061111111111,14.2622222222222</coordinates></LinearRing></outerBoundaryIs></Polygon><Polygon><outerBoundaryIs><LinearRing><coordinates>79.0055555555556,14.2630555555556 79.0058333333333,14.2630555555556 79.0058333333333,14.2627777777778 79.0055555555556,14.2627777777778 79.0055555555556,14.2630555555556</coordinates></LinearRing></outerBoundaryIs></Polygon><Polygon><outerBoundaryIs><LinearRing><coordinates>79.0055555555556,14.2636111111111 79.0055555555556,14.2658333333333 79.0058333333333,14.2658333333333 79.0058333333333,14.2636111111111 79.0055555555556,14.2636111111111</coordinates></LinearRing></outerBoundaryIs></Polygon><Polygon><outerBoundaryIs><LinearRing><coordinates>79.0061111111111,14.2663888888889 79.0061111111111,14.2666666666667 79.0063888888889,14.2666666666667 79.0063888888889,14.2663888888889 79.0061111111111,14.2663888888889</coordinates></LinearRing></outerBoundaryIs></Polygon><Polygon><outerBoundaryIs><LinearRing><coordinates>79.0061111111111,14.2663888888889 79.0061111111111,14.2661111111111 79.0058333333333,14.2661111111111 79.0058333333333,14.2663888888889 79.0061111111111,14.2663888888889</coordinates></LinearRing></outerBoundaryIs></Polygon><Polygon><outerBoundaryIs><LinearRing><coordinates>79.0066666666667,14.2666666666667 79.0069444444444,14.2666666666667 79.0069444444444,14.2661111111111 79.0066666666667,14.2661111111111 79.0066666666667,14.2666666666667</coordinates></LinearRing></outerBoundaryIs></Polygon><Polygon><outerBoundaryIs><LinearRing><coordinates>79.0022222222222,14.2686111111111 79.0019444444444,14.2686111111111 79.0019444444444,14.2688888888889 79.0022222222222,14.2688888888889 79.0022222222222,14.2686111111111</coordinates></LinearRing></outerBoundaryIs></Polygon><Polygon><outerBoundaryIs><LinearRing><coordinates>79.0016666666667,14.2686111111111 79.0019444444444,14.2686111111111 79.0019444444444,14.2683333333333 79.0016666666667,14.2683333333333 79.0016666666667,14.2686111111111</coordinates></LinearRing></outerBoundaryIs></Polygon><Polygon><outerBoundaryIs><LinearRing><coordinates>79.0027777777778,14.2694444444444 79.0025,14.2694444444444 79.0025,14.2697222222222 79.0027777777778,14.2697222222222 79.0027777777778,14.2694444444444</coordinates></LinearRing></outerBoundaryIs></Polygon><Polygon><outerBoundaryIs><LinearRing><coordinates>79.0022222222222,14.2694444444444 79.0025,14.2694444444444 79.0025,14.2691666666667 79.0022222222222,14.2691666666667 79.0022222222222,14.2694444444444</coordinates></LinearRing></outerBoundaryIs></Polygon><Polygon><outerBoundaryIs><LinearRing><coordinates>79.0036111111111,14.27 79.0033333333333,14.27 79.0033333333333,14.2702777777778 79.0036111111111,14.2702777777778 79.0036111111111,14.27</coordinates></LinearRing></outerBoundaryIs></Polygon><Polygon><outerBoundaryIs><LinearRing><coordinates>79.0030555555555,14.27 79.0033333333333,14.27 79.0033333333333,14.2697222222222 79.0030555555555,14.2697222222222 79.0030555555555,14.27</coordinates></LinearRing></outerBoundaryIs></Polygon><Polygon><outerBoundaryIs><LinearRing><coordinates>79.0038888888889,14.2705555555556 79.0044444444444,14.2705555555556 79.0044444444444,14.2702777777778 79.0038888888889,14.2702777777778 79.0038888888889,14.2705555555556</coordinates></LinearRing></outerBoundaryIs></Polygon><Polygon><outerBoundaryIs><LinearRing><coordinates>79.0061111111111,14.2705555555556 79.0077777777778,14.2705555555556 79.0077777777778,14.2702777777778 79.0061111111111,14.2702777777778 79.0061111111111,14.2705555555556</coordinates></LinearRing></outerBoundaryIs></Polygon><Polygon><outerBoundaryIs><LinearRing><coordinates>79.005,14.2705555555556 79.005,14.2708333333333 79.0058333333333,14.2708333333333 79.0058333333333,14.2705555555556 79.005,14.2705555555556</coordinates></LinearRing></outerBoundaryIs></Polygon><Polygon><outerBoundaryIs><LinearRing><coordinates>79.0141666666667,14.2202777777778 79.0144444444445,14.2202777777778 79.0144444444445,14.22 79.0141666666667,14.22 79.0141666666667,14.2202777777778</coordinates></LinearRing></outerBoundaryIs></Polygon><Polygon><outerBoundaryIs><LinearRing><coordinates>79.0138888888889,14.2208333333333 79.0141666666667,14.2208333333333 79.0141666666667,14.2205555555556 79.0138888888889,14.2205555555556 79.0138888888889,14.2208333333333</coordinates></LinearRing></outerBoundaryIs></Polygon><Polygon><outerBoundaryIs><LinearRing><coordinates>79.0133333333333,14.2219444444444 79.0133333333333,14.2216666666667 79.0130555555556,14.2216666666667 79.0130555555556,14.2219444444444 79.0133333333333,14.2219444444444</coordinates></LinearRing></outerBoundaryIs></Polygon><Polygon><outerBoundaryIs><LinearRing><coordinates>79.0133333333333,14.2213888888889 79.0133333333333,14.2216666666667 79.0136111111111,14.2216666666667 79.0136111111111,14.2213888888889 79.0133333333333,14.2213888888889</coordinates></LinearRing></outerBoundaryIs></Polygon><Polygon><outerBoundaryIs><LinearRing><coordinates>79.0127777777778,14.2225 79.0130555555556,14.2225 79.0130555555556,14.2222222222222 79.0127777777778,14.2222222222222 79.0127777777778,14.2225</coordinates></LinearRing></outerBoundaryIs></Polygon><Polygon><outerBoundaryIs><LinearRing><coordinates>79.0125,14.2230555555556 79.0127777777778,14.2230555555556 79.0127777777778,14.2227777777778 79.0125,14.2227777777778 79.0125,14.2230555555556</coordinates></LinearRing></outerBoundaryIs></Polygon><Polygon><outerBoundaryIs><LinearRing><coordinates>79.0122222222222,14.2233333333333 79.0122222222222,14.2238888888889 79.0125,14.2238888888889 79.0125,14.2233333333333 79.0122222222222,14.2233333333333</coordinates></LinearRing></outerBoundaryIs></Polygon><Polygon><outerBoundaryIs><LinearRing><coordinates>79.0119444444444,14.2241666666667 79.0119444444444,14.2244444444444 79.0122222222222,14.2244444444444 79.0122222222222,14.2241666666667 79.0119444444444,14.2241666666667</coordinates></LinearRing></outerBoundaryIs></Polygon><Polygon><outerBoundaryIs><LinearRing><coordinates>79.0113888888889,14.2255555555556 79.0113888888889,14.2252777777778 79.0111111111111,14.2252777777778 79.0111111111111,14.2255555555556 79.0113888888889,14.2255555555556</coordinates></LinearRing></outerBoundaryIs></Polygon><Polygon><outerBoundaryIs><LinearRing><coordinates>79.0116666666667,14.2252777777778 79.0116666666667,14.225 79.0113888888889,14.225 79.0113888888889,14.2252777777778 79.0116666666667,14.2252777777778</coordinates></LinearRing></outerBoundaryIs></Polygon><Polygon><outerBoundaryIs><LinearRing><coordinates>79.0116666666667,14.2247222222222 79.0116666666667,14.225 79.0119444444444,14.225 79.0119444444444,14.2247222222222 79.0116666666667,14.2247222222222</coordinates></LinearRing></outerBoundaryIs></Polygon><Polygon><outerBoundaryIs><LinearRing><coordinates>79.01,14.2266666666667 79.0097222222222,14.2266666666667 79.0097222222222,14.2269444444444 79.01,14.2269444444444 79.01,14.2266666666667</coordinates></LinearRing></outerBoundaryIs></Polygon><Polygon><outerBoundaryIs><LinearRing><coordinates>79.0102777777778,14.2263888888889 79.01,14.2263888888889 79.01,14.2266666666667 79.0102777777778,14.2266666666667 79.0102777777778,14.2263888888889</coordinates></LinearRing></outerBoundaryIs></Polygon><Polygon><outerBoundaryIs><LinearRing><coordinates>79.0105555555556,14.2261111111111 79.0102777777778,14.2261111111111 79.0102777777778,14.2263888888889 79.0105555555556,14.2263888888889 79.0105555555556,14.2261111111111</coordinates></LinearRing></outerBoundaryIs></Polygon><Polygon><outerBoundaryIs><LinearRing><coordinates>79.0105555555556,14.2261111111111 79.0108333333333,14.2261111111111 79.0108333333333,14.2258333333333 79.0105555555556,14.2258333333333 79.0105555555556,14.2261111111111</coordinates></LinearRing></outerBoundaryIs></Polygon><Polygon><outerBoundaryIs><LinearRing><coordinates>79.0088888888889,14.2275 79.0091666666667,14.2275 79.0091666666667,14.2272222222222 79.0088888888889,14.2272222222222 79.0088888888889,14.2275</coordinates></LinearRing></outerBoundaryIs></Polygon><Polygon><outerBoundaryIs><LinearRing><coordinates>79.0077777777778,14.2275 79.0077777777778,14.2277777777778 79.0086111111111,14.2277777777778 79.0086111111111,14.2275 79.0077777777778,14.2275</coordinates></LinearRing></outerBoundaryIs></Polygon><Polygon><outerBoundaryIs><LinearRing><coordinates>79.0119444444444,14.2286111111111 79.0116666666667,14.2286111111111 79.0116666666667,14.2288888888889 79.0119444444444,14.2288888888889 79.0119444444444,14.2286111111111</coordinates></LinearRing></outerBoundaryIs></Polygon><Polygon><outerBoundaryIs><LinearRing><coordinates>79.0122222222222,14.2283333333333 79.0119444444444,14.2283333333333 79.0119444444444,14.2286111111111 79.0122222222222,14.2286111111111 79.0122222222222,14.2283333333333</coordinates></LinearRing></outerBoundaryIs></Polygon><Polygon><outerBoundaryIs><LinearRing><coordinates>79.0122222222222,14.2283333333333 79.0125,14.2283333333333 79.0125,14.2280555555556 79.0122222222222,14.2280555555556 79.0122222222222,14.2283333333333</coordinates></LinearRing></outerBoundaryIs></Polygon><Polygon><outerBoundaryIs><LinearRing><coordinates>79.0116666666667,14.2305555555556 79.0116666666667,14.2302777777778 79.0113888888889,14.2302777777778 79.0113888888889,14.23 79.0108333333333,14.23 79.0108333333333,14.2302777777778 79.0111111111111,14.2302777777778 79.0111111111111,14.2305555555556 79.0113888888889,14.2305555555556 79.0113888888889,14.2311111111111 79.0111111111111,14.2311111111111 79.0111111111111,14.2313888888889 79.0105555555556,14.2313888888889 79.0105555555556,14.2311111111111 79.01,14.2311111111111 79.01,14.2313888888889 79.0102777777778,14.2313888888889 79.0102777777778,14.2316666666667 79.0116666666667,14.2316666666667 79.0116666666667,14.2311111111111 79.0119444444444,14.2311111111111 79.0119444444444,14.2305555555556 79.0116666666667,14.2305555555556</coordinates></LinearRing></outerBoundaryIs></Polygon><Polygon><outerBoundaryIs><LinearRing><coordinates>79.01,14.2311111111111 79.01,14.2308333333333 79.0094444444444,14.2308333333333 79.0094444444444,14.2311111111111 79.01,14.2311111111111</coordinates></LinearRing></outerBoundaryIs></Polygon><Polygon><outerBoundaryIs><LinearRing><coordinates>79.0083333333333,14.2308333333333 79.0083333333333,14.2311111111111 79.0086111111111,14.2311111111111 79.0086111111111,14.2308333333333 79.0083333333333,14.2308333333333</coordinates></LinearRing></outerBoundaryIs></Polygon><Polygon><outerBoundaryIs><LinearRing><coordinates>79.0075,14.2313888888889 79.0077777777778,14.2313888888889 79.0077777777778,14.2311111111111 79.0075,14.2311111111111 79.0075,14.2313888888889</coordinates></LinearRing></outerBoundaryIs></Polygon><Polygon><outerBoundaryIs><LinearRing><coordinates>79.0072222222222,14.2466666666667 79.0077777777778,14.2466666666667 79.0077777777778,14.2463888888889 79.0072222222222,14.2463888888889 79.0072222222222,14.2466666666667</coordinates></LinearRing></outerBoundaryIs></Polygon><Polygon><outerBoundaryIs><LinearRing><coordinates>79.0088888888889,14.2472222222222 79.0086111111111,14.2472222222222 79.0086111111111,14.2477777777778 79.0088888888889,14.2477777777778 79.0088888888889,14.2472222222222</coordinates></LinearRing></outerBoundaryIs></Polygon><Polygon><outerBoundaryIs><LinearRing><coordinates>79.0086111111111,14.2469444444444 79.0083333333333,14.2469444444444 79.0083333333333,14.2472222222222 79.0086111111111,14.2472222222222 79.0086111111111,14.2469444444444</coordinates></LinearRing></outerBoundaryIs></Polygon><Polygon><outerBoundaryIs><LinearRing><coordinates>79.0080555555556,14.2469444444444 79.0083333333333,14.2469444444444 79.0083333333333,14.2466666666667 79.0080555555556,14.2466666666667 79.0080555555556,14.2469444444444</coordinates></LinearRing></outerBoundaryIs></Polygon><Polygon><outerBoundaryIs><LinearRing><coordinates>79.0091666666667,14.2477777777778 79.0091666666667,14.2480555555556 79.0094444444444,14.2480555555556 79.0094444444444,14.2477777777778 79.0091666666667,14.2477777777778</coordinates></LinearRing></outerBoundaryIs></Polygon><Polygon><outerBoundaryIs><LinearRing><coordinates>79.0097222222222,14.2480555555556 79.0097222222222,14.2483333333333 79.01,14.2483333333333 79.01,14.2480555555556 79.0097222222222,14.2480555555556</coordinates></LinearRing></outerBoundaryIs></Polygon><Polygon><outerBoundaryIs><LinearRing><coordinates>79.0108333333333,14.2494444444444 79.0108333333333,14.25 79.0111111111111,14.25 79.0111111111111,14.2494444444444 79.0108333333333,14.2494444444444</coordinates></LinearRing></outerBoundaryIs></Polygon><Polygon><outerBoundaryIs><LinearRing><coordinates>79.0105555555556,14.2491666666667 79.0105555555556,14.2494444444444 79.0108333333333,14.2494444444444 79.0108333333333,14.2491666666667 79.0105555555556,14.2491666666667</coordinates></LinearRing></outerBoundaryIs></Polygon><Polygon><outerBoundaryIs><LinearRing><coordinates>79.0105555555556,14.2491666666667 79.0105555555556,14.2488888888889 79.0102777777778,14.2488888888889 79.0102777777778,14.2491666666667 79.0105555555556,14.2491666666667</coordinates></LinearRing></outerBoundaryIs></Polygon><Polygon><outerBoundaryIs><LinearRing><coordinates>79.0108333333333,14.2511111111111 79.0111111111111,14.2511111111111 79.0111111111111,14.2505555555556 79.0108333333333,14.2505555555556 79.0108333333333,14.2511111111111</coordinates></LinearRing></outerBoundaryIs></Polygon><Polygon><outerBoundaryIs><LinearRing><coordinates>79.0105555555556,14.2516666666667 79.0105555555556,14.2519444444444 79.0108333333333,14.2519444444444 79.0108333333333,14.2516666666667 79.0105555555556,14.2516666666667</coordinates></LinearRing></outerBoundaryIs></Polygon><Polygon><outerBoundaryIs><LinearRing><coordinates>79.0102777777778,14.2525 79.0102777777778,14.2530555555556 79.0105555555556,14.2530555555556 79.0105555555556,14.2525 79.0102777777778,14.2525</coordinates></LinearRing></outerBoundaryIs></Polygon><Polygon><outerBoundaryIs><LinearRing><coordinates>79.01,14.2536111111111 79.01,14.2538888888889 79.0102777777778,14.2538888888889 79.0102777777778,14.2536111111111 79.01,14.2536111111111</coordinates></LinearRing></outerBoundaryIs></Polygon><Polygon><outerBoundaryIs><LinearRing><coordinates>79.0097222222222,14.2544444444444 79.01,14.2544444444444 79.01,14.2541666666667 79.0097222222222,14.2541666666667 79.0097222222222,14.2544444444444</coordinates></LinearRing></outerBoundaryIs></Polygon><Polygon><outerBoundaryIs><LinearRing><coordinates>79.0094444444444,14.255 79.0091666666667,14.255 79.0091666666667,14.2552777777778 79.0094444444444,14.2552777777778 79.0094444444444,14.255</coordinates></LinearRing></outerBoundaryIs></Polygon><Polygon><outerBoundaryIs><LinearRing><coordinates>79.0094444444444,14.255 79.0097222222222,14.255 79.0097222222222,14.2547222222222 79.0094444444444,14.2547222222222 79.0094444444444,14.255</coordinates></LinearRing></outerBoundaryIs></Polygon><Polygon><outerBoundaryIs><LinearRing><coordinates>79.0086111111111,14.2563888888889 79.0086111111111,14.2561111111111 79.0083333333333,14.2561111111111 79.0083333333333,14.2563888888889 79.0086111111111,14.2563888888889</coordinates></LinearRing></outerBoundaryIs></Polygon><Polygon><outerBoundaryIs><LinearRing><coordinates>79.0086111111111,14.2558333333333 79.0086111111111,14.2561111111111 79.0088888888889,14.2561111111111 79.0088888888889,14.2558333333333 79.0086111111111,14.2558333333333</coordinates></LinearRing></outerBoundaryIs></Polygon><Polygon><outerBoundaryIs><LinearRing><coordinates>79.0066666666667,14.2611111111111 79.0066666666667,14.2608333333333 79.0063888888889,14.2608333333333 79.0063888888889,14.2611111111111 79.0066666666667,14.2611111111111</coordinates></LinearRing></outerBoundaryIs></Polygon><Polygon><outerBoundaryIs><LinearRing><coordinates>79.0080555555556,14.2608333333333 79.0080555555556,14.2605555555556 79.0083333333333,14.2605555555556 79.0083333333333,14.26 79.0080555555556,14.26 79.0080555555556,14.2569444444444 79.0077777777778,14.2569444444444 79.0077777777778,14.2602777777778 79.0072222222222,14.2602777777778 79.0072222222222,14.2605555555556 79.0066666666667,14.2605555555556 79.0066666666667,14.2608333333333 79.0080555555556,14.2608333333333</coordinates></LinearRing></outerBoundaryIs></Polygon><Polygon><outerBoundaryIs><LinearRing><coordinates>79.0080555555556,14.2566666666667 79.0080555555556,14.2569444444444 79.0083333333333,14.2569444444444 79.0083333333333,14.2566666666667 79.0080555555556,14.2566666666667</coordinates></LinearRing></outerBoundaryIs></Polygon><Polygon><outerBoundaryIs><LinearRing><coordinates>79.0144444444445,14.2655555555556 79.0138888888889,14.2655555555556 79.0138888888889,14.2658333333333 79.0144444444445,14.2658333333333 79.0144444444445,14.2655555555556</coordinates></LinearRing></outerBoundaryIs></Polygon><Polygon><outerBoundaryIs><LinearRing><coordinates>79.0119444444444,14.2641666666667 79.0116666666667,14.2641666666667 79.0116666666667,14.2644444444444 79.0119444444444,14.2644444444444 79.0119444444444,14.265 79.0122222222222,14.265 79.0122222222222,14.2652777777778 79.0127777777778,14.2652777777778 79.0127777777778,14.2655555555556 79.0138888888889,14.2655555555556 79.0138888888889,14.2652777777778 79.0130555555556,14.2652777777778 79.0130555555556,14.265 79.0127777777778,14.265 79.0127777777778,14.2647222222222 79.0125,14.2647222222222 79.0125,14.2641666666667 79.0136111111111,14.2641666666667 79.0136111111111,14.2638888888889 79.0138888888889,14.2638888888889 79.0138888888889,14.2633333333333 79.0136111111111,14.2633333333333 79.0136111111111,14.2630555555556 79.0133333333333,14.2630555555556 79.0133333333333,14.2625 79.0136111111111,14.2625 79.0136111111111,14.2622222222222 79.0141666666667,14.2622222222222 79.0141666666667,14.2625 79.015,14.2625 79.015,14.2622222222222 79.0144444444445,14.2622222222222 79.0144444444445,14.2619444444444 79.0130555555556,14.2619444444444 79.0130555555556,14.2636111111111 79.0119444444444,14.2636111111111 79.0119444444444,14.2641666666667</coordinates></LinearRing></outerBoundaryIs></Polygon><Polygon><outerBoundaryIs><LinearRing><coordinates>79.0155555555556,14.2625 79.015,14.2625 79.015,14.2627777777778 79.0155555555556,14.2627777777778 79.0155555555556,14.2625</coordinates></LinearRing></outerBoundaryIs></Polygon><Polygon><outerBoundaryIs><LinearRing><coordinates>79.0072222222222,14.2652777777778 79.0069444444444,14.2652777777778 79.0069444444444,14.2658333333333 79.0072222222222,14.2658333333333 79.0072222222222,14.2652777777778</coordinates></LinearRing></outerBoundaryIs></Polygon><Polygon><outerBoundaryIs><LinearRing><coordinates>79.0075,14.265 79.0072222222222,14.265 79.0072222222222,14.2652777777778 79.0075,14.2652777777778 79.0075,14.265</coordinates></LinearRing></outerBoundaryIs></Polygon><Polygon><outerBoundaryIs><LinearRing><coordinates>79.0083333333333,14.265 79.0083333333333,14.2647222222222 79.0075,14.2647222222222 79.0075,14.265 79.0083333333333,14.265</coordinates></LinearRing></outerBoundaryIs></Polygon><Polygon><outerBoundaryIs><LinearRing><coordinates>79.0083333333333,14.265 79.0083333333333,14.2652777777778 79.0088888888889,14.2652777777778 79.0088888888889,14.265 79.0083333333333,14.265</coordinates></LinearRing></outerBoundaryIs></Polygon><Polygon><outerBoundaryIs><LinearRing><coordinates>79.0111111111111,14.2669444444444 79.0111111111111,14.2666666666667 79.0108333333333,14.2666666666667 79.0108333333333,14.2663888888889 79.0105555555556,14.2663888888889 79.0105555555556,14.2669444444444 79.0111111111111,14.2669444444444</coordinates></LinearRing></outerBoundaryIs></Polygon><Polygon><outerBoundaryIs><LinearRing><coordinates>79.0102777777778,14.2658333333333 79.0102777777778,14.2663888888889 79.0105555555556,14.2663888888889 79.0105555555556,14.2658333333333 79.0102777777778,14.2658333333333</coordinates></LinearRing></outerBoundaryIs></Polygon><Polygon><outerBoundaryIs><LinearRing><coordinates>79.01,14.2655555555556 79.01,14.2658333333333 79.0102777777778,14.2658333333333 79.0102777777778,14.2655555555556 79.01,14.2655555555556</coordinates></LinearRing></outerBoundaryIs></Polygon><Polygon><outerBoundaryIs><LinearRing><coordinates>79.01,14.2655555555556 79.01,14.2652777777778 79.0091666666667,14.2652777777778 79.0091666666667,14.2655555555556 79.01,14.2655555555556</coordinates></LinearRing></outerBoundaryIs></Polygon><Polygon><outerBoundaryIs><LinearRing><coordinates>79.0113888888889,14.2669444444444 79.0113888888889,14.2672222222222 79.0125,14.2672222222222 79.0125,14.2669444444444 79.0113888888889,14.2669444444444</coordinates></LinearRing></outerBoundaryIs></Polygon><Polygon><outerBoundaryIs><LinearRing><coordinates>79.0133333333333,14.2675 79.0136111111111,14.2675 79.0136111111111,14.2672222222222 79.0133333333333,14.2672222222222 79.0133333333333,14.2675</coordinates></LinearRing></outerBoundaryIs></Polygon><Polygon><outerBoundaryIs><LinearRing><coordinates>79.0141666666667,14.2705555555556 79.0147222222222,14.2705555555556 79.0147222222222,14.2702777777778 79.0141666666667,14.2702777777778 79.0141666666667,14.2705555555556</coordinates></LinearRing></outerBoundaryIs></Polygon><Polygon><outerBoundaryIs><LinearRing><coordinates>79.0086111111111,14.2705555555556 79.0086111111111,14.2708333333333 79.0133333333333,14.2708333333333 79.0133333333333,14.2705555555556 79.0086111111111,14.2705555555556</coordinates></LinearRing></outerBoundaryIs></Polygon><Polygon><outerBoundaryIs><LinearRing><coordinates>79.0183333333333,14.2147222222222 79.0183333333333,14.215 79.0186111111111,14.215 79.0186111111111,14.2147222222222 79.0183333333333,14.2147222222222</coordinates></LinearRing></outerBoundaryIs></Polygon><Polygon><outerBoundaryIs><LinearRing><coordinates>79.0177777777778,14.2144444444444 79.0177777777778,14.2147222222222 79.0183333333333,14.2147222222222 79.0183333333333,14.2144444444444 79.0177777777778,14.2144444444444</coordinates></LinearRing></outerBoundaryIs></Polygon><Polygon><outerBoundaryIs><LinearRing><coordinates>79.0177777777778,14.2144444444444 79.0177777777778,14.2141666666667 79.0175,14.2141666666667 79.0175,14.2144444444444 79.0177777777778,14.2144444444444</coordinates></LinearRing></outerBoundaryIs></Polygon><Polygon><outerBoundaryIs><LinearRing><coordinates>79.0163888888889,14.215 79.0161111111111,14.215 79.0161111111111,14.2152777777778 79.0163888888889,14.2152777777778 79.0163888888889,14.215</coordinates></LinearRing></outerBoundaryIs></Polygon><Polygon><outerBoundaryIs><LinearRing><coordinates>79.0166666666667,14.2147222222222 79.0163888888889,14.2147222222222 79.0163888888889,14.215 79.0166666666667,14.215 79.0166666666667,14.2147222222222</coordinates></LinearRing></outerBoundaryIs></Polygon><Polygon><outerBoundaryIs><LinearRing><coordinates>79.0166666666667,14.2147222222222 79.0172222222222,14.2147222222222 79.0172222222222,14.2144444444444 79.0166666666667,14.2144444444444 79.0166666666667,14.2147222222222</coordinates></LinearRing></outerBoundaryIs></Polygon><Polygon><outerBoundaryIs><LinearRing><coordinates>79.0197222222222,14.2155555555556 79.0194444444444,14.2155555555556 79.0194444444444,14.2166666666667 79.0197222222222,14.2166666666667 79.0197222222222,14.2155555555556</coordinates></LinearRing></outerBoundaryIs></Polygon><Polygon><outerBoundaryIs><LinearRing><coordinates>79.0194444444444,14.2152777777778 79.0191666666667,14.2152777777778 79.0191666666667,14.2155555555556 79.0194444444444,14.2155555555556 79.0194444444444,14.2152777777778</coordinates></LinearRing></outerBoundaryIs></Polygon><Polygon><outerBoundaryIs><LinearRing><coordinates>79.0188888888889,14.2152777777778 79.0191666666667,14.2152777777778 79.0191666666667,14.215 79.0188888888889,14.215 79.0188888888889,14.2152777777778</coordinates></LinearRing></outerBoundaryIs></Polygon><Polygon><outerBoundaryIs><LinearRing><coordinates>79.015,14.2169444444444 79.0147222222222,14.2169444444444 79.0147222222222,14.2175 79.015,14.2175 79.015,14.2180555555556 79.0152777777778,14.2180555555556 79.0152777777778,14.2172222222222 79.015,14.2172222222222 79.015,14.2169444444444</coordinates></LinearRing></outerBoundaryIs></Polygon><Polygon><outerBoundaryIs><LinearRing><coordinates>79.0147222222222,14.2169444444444 79.0147222222222,14.2161111111111 79.0144444444445,14.2161111111111 79.0144444444445,14.2169444444444 79.0147222222222,14.2169444444444</coordinates></LinearRing></outerBoundaryIs></Polygon><Polygon><outerBoundaryIs><LinearRing><coordinates>79.015,14.2161111111111 79.015,14.2158333333333 79.0147222222222,14.2158333333333 79.0147222222222,14.2161111111111 79.015,14.2161111111111</coordinates></LinearRing></outerBoundaryIs></Polygon><Polygon><outerBoundaryIs><LinearRing><coordinates>79.015,14.2158333333333 79.0155555555556,14.2158333333333 79.0155555555556,14.2155555555556 79.015,14.2155555555556 79.015,14.2158333333333</coordinates></LinearRing></outerBoundaryIs></Polygon><Polygon><outerBoundaryIs><LinearRing><coordinates>79.0158333333333,14.2161111111111 79.0158333333333,14.2158333333333 79.0155555555556,14.2158333333333 79.0155555555556,14.2161111111111 79.0158333333333,14.2161111111111</coordinates></LinearRing></outerBoundaryIs></Polygon><Polygon><outerBoundaryIs><LinearRing><coordinates>79.0158333333333,14.2155555555556 79.0158333333333,14.2158333333333 79.0161111111111,14.2158333333333 79.0161111111111,14.2155555555556 79.0158333333333,14.2155555555556</coordinates></LinearRing></outerBoundaryIs></Polygon><Polygon><outerBoundaryIs><LinearRing><coordinates>79.0191666666667,14.2169444444444 79.0191666666667,14.2172222222222 79.0194444444444,14.2172222222222 79.0194444444444,14.2169444444444 79.0191666666667,14.2169444444444</coordinates></LinearRing></outerBoundaryIs></Polygon><Polygon><outerBoundaryIs><LinearRing><coordinates>79.0188888888889,14.2180555555556 79.0191666666667,14.2180555555556 79.0191666666667,14.2175 79.0188888888889,14.2175 79.0188888888889,14.2180555555556</coordinates></LinearRing></outerBoundaryIs></Polygon><Polygon><outerBoundaryIs><LinearRing><coordinates>79.0147222222222,14.2186111111111 79.015,14.2186111111111 79.015,14.2183333333333 79.0147222222222,14.2183333333333 79.0147222222222,14.2186111111111</coordinates></LinearRing></outerBoundaryIs></Polygon><Polygon><outerBoundaryIs><LinearRing><coordinates>79.0191666666667,14.2183333333333 79.0191666666667,14.2186111111111 79.0194444444444,14.2186111111111 79.0194444444444,14.2183333333333 79.0191666666667,14.2183333333333</coordinates></LinearRing></outerBoundaryIs></Polygon><Polygon><outerBoundaryIs><LinearRing><coordinates>79.0144444444445,14.2197222222222 79.0147222222222,14.2197222222222 79.0147222222222,14.2191666666667 79.0144444444445,14.2191666666667 79.0144444444445,14.2197222222222</coordinates></LinearRing></outerBoundaryIs></Polygon><Polygon><outerBoundaryIs><LinearRing><coordinates>79.0188888888889,14.2202777777778 79.0186111111111,14.2202777777778 79.0186111111111,14.2205555555556 79.0188888888889,14.2205555555556 79.0188888888889,14.2202777777778</coordinates></LinearRing></outerBoundaryIs></Polygon><Polygon><outerBoundaryIs><LinearRing><coordinates>79.0191666666667,14.2197222222222 79.0188888888889,14.2197222222222 79.0188888888889,14.2202777777778 79.0191666666667,14.2202777777778 79.0191666666667,14.2197222222222</coordinates></LinearRing></outerBoundaryIs></Polygon><Polygon><outerBoundaryIs><LinearRing><coordinates>79.0191666666667,14.2197222222222 79.0194444444444,14.2197222222222 79.0194444444444,14.2191666666667 79.0191666666667,14.2191666666667 79.0191666666667,14.2197222222222</coordinates></LinearRing></outerBoundaryIs></Polygon><Polygon><outerBoundaryIs><LinearRing><coordinates>79.0183333333333,14.2213888888889 79.0183333333333,14.2211111111111 79.0180555555555,14.2211111111111 79.0180555555555,14.2213888888889 79.0183333333333,14.2213888888889</coordinates></LinearRing></outerBoundaryIs></Polygon><Polygon><outerBoundaryIs><LinearRing><coordinates>79.0183333333333,14.2208333333333 79.0183333333333,14.2211111111111 79.0186111111111,14.2211111111111 79.0186111111111,14.2208333333333 79.0183333333333,14.2208333333333</coordinates></LinearRing></outerBoundaryIs></Polygon><Polygon><outerBoundaryIs><LinearRing><coordinates>79.0169444444444,14.2227777777778 79.0166666666667,14.2227777777778 79.0166666666667,14.2230555555556 79.0169444444444,14.2230555555556 79.0169444444444,14.2227777777778</coordinates></LinearRing></outerBoundaryIs></Polygon><Polygon><outerBoundaryIs><LinearRing><coordinates>79.0172222222222,14.2225 79.0169444444444,14.2225 79.0169444444444,14.2227777777778 79.0172222222222,14.2227777777778 79.0172222222222,14.2225</coordinates></LinearRing></outerBoundaryIs></Polygon><Polygon><outerBoundaryIs><LinearRing><coordinates>79.0175,14.2222222222222 79.0172222222222,14.2222222222222 79.0172222222222,14.2225 79.0175,14.2225 79.0175,14.2222222222222</coordinates></LinearRing></outerBoundaryIs></Polygon><Polygon><outerBoundaryIs><LinearRing><coordinates>79.0177777777778,14.2219444444444 79.0175,14.2219444444444 79.0175,14.2222222222222 79.0177777777778,14.2222222222222 79.0177777777778,14.2219444444444</coordinates></LinearRing></outerBoundaryIs></Polygon><Polygon><outerBoundaryIs><LinearRing><coordinates>79.0177777777778,14.2219444444444 79.0180555555555,14.2219444444444 79.0180555555555,14.2216666666667 79.0177777777778,14.2216666666667 79.0177777777778,14.2219444444444</coordinates></LinearRing></outerBoundaryIs></Polygon><Polygon><outerBoundaryIs><LinearRing><coordinates>79.0175,14.2238888888889 79.0175,14.2241666666667 79.0177777777778,14.2241666666667 79.0177777777778,14.2238888888889 79.0175,14.2238888888889</coordinates></LinearRing></outerBoundaryIs></Polygon><Polygon><outerBoundaryIs><LinearRing><coordinates>79.0169444444444,14.2236111111111 79.0169444444444,14.2238888888889 79.0175,14.2238888888889 79.0175,14.2236111111111 79.0169444444444,14.2236111111111</coordinates></LinearRing></outerBoundaryIs></Polygon><Polygon><outerBoundaryIs><LinearRing><coordinates>79.0169444444444,14.2236111111111 79.0169444444444,14.2233333333333 79.0166666666667,14.2233333333333 79.0166666666667,14.2236111111111 79.0169444444444,14.2236111111111</coordinates></LinearRing></outerBoundaryIs></Polygon><Polygon><outerBoundaryIs><LinearRing><coordinates>79.0180555555555,14.2241666666667 79.0180555555555,14.2244444444444 79.0186111111111,14.2244444444444 79.0186111111111,14.2241666666667 79.0180555555555,14.2241666666667</coordinates></LinearRing></outerBoundaryIs></Polygon><Polygon><outerBoundaryIs><LinearRing><coordinates>79.0202777777778,14.2263888888889 79.0202777777778,14.2261111111111 79.0188888888889,14.2261111111111 79.0188888888889,14.2263888888889 79.0202777777778,14.2263888888889</coordinates></LinearRing></outerBoundaryIs></Polygon><Polygon><outerBoundaryIs><LinearRing><coordinates>79.0213888888889,14.225 79.0213888888889,14.2247222222222 79.0208333333333,14.2247222222222 79.0208333333333,14.2244444444444 79.0188888888889,14.2244444444444 79.0188888888889,14.2247222222222 79.0202777777778,14.2247222222222 79.0202777777778,14.225 79.0208333333333,14.225 79.0208333333333,14.2255555555556 79.0205555555556,14.2255555555556 79.0205555555556,14.2258333333333 79.0202777777778,14.2258333333333 79.0202777777778,14.2261111111111 79.0211111111111,14.2261111111111 79.0211111111111,14.2258333333333 79.0213888888889,14.2258333333333 79.0213888888889,14.2252777777778 79.0216666666667,14.2252777777778 79.0216666666667,14.225 79.0213888888889,14.225</coordinates></LinearRing></outerBoundaryIs></Polygon><Polygon><outerBoundaryIs><LinearRing><coordinates>79.0133333333333,14.2272222222222 79.0133333333333,14.2269444444444 79.0130555555556,14.2269444444444 79.0130555555556,14.2272222222222 79.0133333333333,14.2272222222222</coordinates></LinearRing></outerBoundaryIs></Polygon><Polygon><outerBoundaryIs><LinearRing><coordinates>79.0136111111111,14.2269444444444 79.0136111111111,14.2266666666667 79.0133333333333,14.2266666666667 79.0133333333333,14.2269444444444 79.0136111111111,14.2269444444444</coordinates></LinearRing></outerBoundaryIs></Polygon><Polygon><outerBoundaryIs><LinearRing><coordinates>79.0138888888889,14.2266666666667 79.0138888888889,14.2263888888889 79.0136111111111,14.2263888888889 79.0136111111111,14.2266666666667 79.0138888888889,14.2266666666667</coordinates></LinearRing></outerBoundaryIs></Polygon><Polygon><outerBoundaryIs><LinearRing><coordinates>79.0141666666667,14.2263888888889 79.0141666666667,14.2261111111111 79.0138888888889,14.2261111111111 79.0138888888889,14.2263888888889 79.0141666666667,14.2263888888889</coordinates></LinearRing></outerBoundaryIs></Polygon><Polygon><outerBoundaryIs><LinearRing><coordinates>79.0144444444445,14.2261111111111 79.0144444444445,14.2258333333333 79.0141666666667,14.2258333333333 79.0141666666667,14.2261111111111 79.0144444444445,14.2261111111111</coordinates></LinearRing></outerBoundaryIs></Polygon><Polygon><outerBoundaryIs><LinearRing><coordinates>79.0147222222222,14.2258333333333 79.0147222222222,14.2255555555556 79.0144444444445,14.2255555555556 79.0144444444445,14.2258333333333 79.0147222222222,14.2258333333333</coordinates></LinearRing></outerBoundaryIs></Polygon><Polygon><outerBoundaryIs><LinearRing><coordinates>79.015,14.2255555555556 79.015,14.2252777777778 79.0147222222222,14.2252777777778 79.0147222222222,14.2255555555556 79.015,14.2255555555556</coordinates></LinearRing></outerBoundaryIs></Polygon><Polygon><outerBoundaryIs><LinearRing><coordinates>79.015,14.2252777777778 79.0158333333333,14.2252777777778 79.0158333333333,14.225 79.015,14.225 79.015,14.2252777777778</coordinates></LinearRing></outerBoundaryIs></Polygon><Polygon><outerBoundaryIs><LinearRing><coordinates>79.0161111111111,14.2252777777778 79.0158333333333,14.2252777777778 79.0158333333333,14.2255555555556 79.0161111111111,14.2255555555556 79.0161111111111,14.2252777777778</coordinates></LinearRing></outerBoundaryIs></Polygon><Polygon><outerBoundaryIs><LinearRing><coordinates>79.0163888888889,14.2261111111111 79.0163888888889,14.2263888888889 79.0166666666667,14.2263888888889 79.0166666666667,14.2261111111111 79.0163888888889,14.2261111111111</coordinates></LinearRing></outerBoundaryIs></Polygon><Polygon><outerBoundaryIs><LinearRing><coordinates>79.0163888888889,14.2261111111111 79.0163888888889,14.2258333333333 79.0161111111111,14.2258333333333 79.0161111111111,14.2261111111111 79.0163888888889,14.2261111111111</coordinates></LinearRing></outerBoundaryIs></Polygon><Polygon><outerBoundaryIs><LinearRing><coordinates>79.0177777777778,14.2263888888889 79.0186111111111,14.2263888888889 79.0186111111111,14.2261111111111 79.0177777777778,14.2261111111111 79.0177777777778,14.2263888888889</coordinates></LinearRing></outerBoundaryIs></Polygon><Polygon><outerBoundaryIs><LinearRing><coordinates>79.0169444444444,14.2263888888889 79.0169444444444,14.2266666666667 79.0175,14.2266666666667 79.0175,14.2263888888889 79.0169444444444,14.2263888888889</coordinates></LinearRing></outerBoundaryIs></Polygon><Polygon><outerBoundaryIs><LinearRing><coordinates>79.0275,14.2597222222222 79.0258333333333,14.2597222222222 79.0258333333333,14.26 79.0272222222222,14.26 79.0272222222222,14.2602777777778 79.0277777777778,14.2602777777778 79.0277777777778,14.2605555555556 79.0283333333333,14.2605555555556 79.0283333333333,14.2608333333333 79.0286111111111,14.2608333333333 79.0286111111111,14.2613888888889 79.0288888888889,14.2613888888889 79.0288888888889,14.2605555555556 79.0286111111111,14.2605555555556 79.0286111111111,14.2602777777778 79.0280555555556,14.2602777777778 79.0280555555556,14.26 79.0275,14.26 79.0275,14.2597222222222</coordinates></LinearRing></outerBoundaryIs></Polygon><Polygon><outerBoundaryIs><LinearRing><coordinates>79.0272222222222,14.2619444444444 79.0277777777778,14.2619444444444 79.0277777777778,14.2616666666667 79.0272222222222,14.2616666666667 79.0272222222222,14.2619444444444</coordinates></LinearRing></outerBoundaryIs></Polygon><Polygon><outerBoundaryIs><LinearRing><coordinates>79.0263888888889,14.2619444444444 79.0263888888889,14.2622222222222 79.0269444444444,14.2622222222222 79.0269444444444,14.2619444444444 79.0263888888889,14.2619444444444</coordinates></LinearRing></outerBoundaryIs></Polygon><Polygon><outerBoundaryIs><LinearRing><coordinates>79.0225,14.2613888888889 79.0225,14.2633333333333 79.0227777777778,14.2633333333333 79.0227777777778,14.2619444444444 79.0230555555556,14.2619444444444 79.0230555555556,14.2616666666667 79.0233333333333,14.2616666666667 79.0233333333333,14.2619444444444 79.0236111111111,14.2619444444444 79.0236111111111,14.2622222222222 79.0241666666667,14.2622222222222 79.0241666666667,14.2619444444444 79.0238888888889,14.2619444444444 79.0238888888889,14.2613888888889 79.0236111111111,14.2613888888889 79.0236111111111,14.2611111111111 79.0227777777778,14.2611111111111 79.0227777777778,14.2613888888889 79.0225,14.2613888888889</coordinates></LinearRing></outerBoundaryIs></Polygon><Polygon><outerBoundaryIs><LinearRing><coordinates>79.0241666666667,14.2622222222222 79.0241666666667,14.2625 79.0244444444444,14.2625 79.0244444444444,14.2622222222222 79.0241666666667,14.2622222222222</coordinates></LinearRing></outerBoundaryIs></Polygon><Polygon><outerBoundaryIs><LinearRing><coordinates>79.0252777777778,14.2625 79.0261111111111,14.2625 79.0261111111111,14.2622222222222 79.0252777777778,14.2622222222222 79.0252777777778,14.2625</coordinates></LinearRing></outerBoundaryIs></Polygon><Polygon><outerBoundaryIs><LinearRing><coordinates>79.0163888888889,14.2633333333333 79.0161111111111,14.2633333333333 79.0161111111111,14.2638888888889 79.0163888888889,14.2638888888889 79.0163888888889,14.2633333333333</coordinates></LinearRing></outerBoundaryIs></Polygon><Polygon><outerBoundaryIs><LinearRing><coordinates>79.0158333333333,14.2633333333333 79.0161111111111,14.2633333333333 79.0161111111111,14.2627777777778 79.0158333333333,14.2627777777778 79.0158333333333,14.2633333333333</coordinates></LinearRing></outerBoundaryIs></Polygon><Polygon><outerBoundaryIs><LinearRing><coordinates>79.0188888888889,14.265 79.0188888888889,14.2647222222222 79.0180555555555,14.2647222222222 79.0180555555555,14.265 79.0188888888889,14.265</coordinates></LinearRing></outerBoundaryIs></Polygon><Polygon><outerBoundaryIs><LinearRing><coordinates>79.0194444444444,14.2647222222222 79.0194444444444,14.2644444444444 79.0188888888889,14.2644444444444 79.0188888888889,14.2647222222222 79.0194444444444,14.2647222222222</coordinates></LinearRing></outerBoundaryIs></Polygon><Polygon><outerBoundaryIs><LinearRing><coordinates>79.0191666666667,14.2619444444444 79.0188888888889,14.2619444444444 79.0188888888889,14.2622222222222 79.0186111111111,14.2622222222222 79.0186111111111,14.2627777777778 79.0188888888889,14.2627777777778 79.0188888888889,14.2630555555556 79.0191666666667,14.2630555555556 79.0191666666667,14.2636111111111 79.0194444444444,14.2636111111111 79.0194444444444,14.2644444444444 79.0197222222222,14.2644444444444 79.0197222222222,14.2633333333333 79.0194444444444,14.2633333333333 79.0194444444444,14.2627777777778 79.0191666666667,14.2627777777778 79.0191666666667,14.2625 79.0194444444444,14.2625 79.0194444444444,14.2622222222222 79.0202777777778,14.2622222222222 79.0202777777778,14.2627777777778 79.0205555555556,14.2627777777778 79.0205555555556,14.2633333333333 79.0208333333333,14.2633333333333 79.0208333333333,14.2625 79.0205555555556,14.2625 79.0205555555556,14.2619444444444 79.02,14.2619444444444 79.02,14.2616666666667 79.0191666666667,14.2616666666667 79.0191666666667,14.2619444444444</coordinates></LinearRing></outerBoundaryIs></Polygon><Polygon><outerBoundaryIs><LinearRing><coordinates>79.0208333333333,14.2636111111111 79.0211111111111,14.2636111111111 79.0211111111111,14.2633333333333 79.0208333333333,14.2633333333333 79.0208333333333,14.2636111111111</coordinates></LinearRing></outerBoundaryIs></Polygon><Polygon><outerBoundaryIs><LinearRing><coordinates>79.0211111111111,14.2638888888889 79.0216666666667,14.2638888888889 79.0216666666667,14.2636111111111 79.0211111111111,14.2636111111111 79.0211111111111,14.2638888888889</coordinates></LinearRing></outerBoundaryIs></Polygon><Polygon><outerBoundaryIs><LinearRing><coordinates>79.0225,14.2641666666667 79.0225,14.2638888888889 79.0216666666667,14.2638888888889 79.0216666666667,14.2641666666667 79.0225,14.2641666666667</coordinates></LinearRing></outerBoundaryIs></Polygon><Polygon><outerBoundaryIs><LinearRing><coordinates>79.0225,14.2636111111111 79.0225,14.2638888888889 79.0227777777778,14.2638888888889 79.0227777777778,14.2636111111111 79.0225,14.2636111111111</coordinates></LinearRing></outerBoundaryIs></Polygon><Polygon><outerBoundaryIs><LinearRing><coordinates>79.0177777777778,14.2647222222222 79.0166666666667,14.2647222222222 79.0166666666667,14.265 79.0177777777778,14.265 79.0177777777778,14.2647222222222</coordinates></LinearRing></outerBoundaryIs></Polygon><Polygon><outerBoundaryIs><LinearRing><coordinates>79.0163888888889,14.2647222222222 79.0166666666667,14.2647222222222 79.0166666666667,14.2641666666667 79.0163888888889,14.2641666666667 79.0163888888889,14.2647222222222</coordinates></LinearRing></outerBoundaryIs></Polygon><Polygon><outerBoundaryIs><LinearRing><coordinates>79.0147222222222,14.2669444444444 79.0141666666667,14.2669444444444 79.0141666666667,14.2672222222222 79.0147222222222,14.2672222222222 79.0147222222222,14.2669444444444</coordinates></LinearRing></outerBoundaryIs></Polygon><Polygon><outerBoundaryIs><LinearRing><coordinates>79.0147222222222,14.2669444444444 79.015,14.2669444444444 79.015,14.2658333333333 79.0147222222222,14.2658333333333 79.0147222222222,14.2669444444444</coordinates></LinearRing></outerBoundaryIs></Polygon><Polygon><outerBoundaryIs><LinearRing><coordinates>79.0191666666667,14.2694444444444 79.02,14.2694444444444 79.02,14.2691666666667 79.0191666666667,14.2691666666667 79.0191666666667,14.2694444444444</coordinates></LinearRing></outerBoundaryIs></Polygon><Polygon><outerBoundaryIs><LinearRing><coordinates>79.0177777777778,14.2694444444444 79.0177777777778,14.2697222222222 79.0183333333333,14.2697222222222 79.0183333333333,14.2694444444444 79.0177777777778,14.2694444444444</coordinates></LinearRing></outerBoundaryIs></Polygon><Polygon><outerBoundaryIs><LinearRing><coordinates>79.0163888888889,14.27 79.0172222222222,14.27 79.0172222222222,14.2697222222222 79.0163888888889,14.2697222222222 79.0163888888889,14.27</coordinates></LinearRing></outerBoundaryIs></Polygon><Polygon><outerBoundaryIs><LinearRing><coordinates>79.0152777777778,14.2702777777778 79.0161111111111,14.2702777777778 79.0161111111111,14.27 79.0152777777778,14.27 79.0152777777778,14.2702777777778</coordinates></LinearRing></outerBoundaryIs></Polygon><Polygon><outerBoundaryIs><LinearRing><coordinates>79.0255555555556,14.2705555555556 79.0252777777778,14.2705555555556 79.0252777777778,14.2719444444444 79.0255555555556,14.2719444444444 79.0255555555556,14.2705555555556</coordinates></LinearRing></outerBoundaryIs></Polygon><Polygon><outerBoundaryIs><LinearRing><coordinates>79.0252777777778,14.2702777777778 79.0247222222222,14.2702777777778 79.0247222222222,14.2705555555556 79.0252777777778,14.2705555555556 79.0252777777778,14.2702777777778</coordinates></LinearRing></outerBoundaryIs></Polygon><Polygon><outerBoundaryIs><LinearRing><coordinates>79.0247222222222,14.2697222222222 79.0244444444444,14.2697222222222 79.0244444444444,14.2702777777778 79.0247222222222,14.2702777777778 79.0247222222222,14.2697222222222</coordinates></LinearRing></outerBoundaryIs></Polygon><Polygon><outerBoundaryIs><LinearRing><coordinates>79.0244444444444,14.2694444444444 79.0227777777778,14.2694444444444 79.0227777777778,14.2697222222222 79.0244444444444,14.2697222222222 79.0244444444444,14.2694444444444</coordinates></LinearRing></outerBoundaryIs></Polygon><Polygon><outerBoundaryIs><LinearRing><coordinates>79.0227777777778,14.2691666666667 79.0222222222222,14.2691666666667 79.0222222222222,14.2694444444444 79.0227777777778,14.2694444444444 79.0227777777778,14.2691666666667</coordinates></LinearRing></outerBoundaryIs></Polygon><Polygon><outerBoundaryIs><LinearRing><coordinates>79.0202777777778,14.2691666666667 79.0222222222222,14.2691666666667 79.0222222222222,14.2688888888889 79.0202777777778,14.2688888888889 79.0202777777778,14.2691666666667</coordinates></LinearRing></outerBoundaryIs></Polygon><Polygon><outerBoundaryIs><LinearRing><coordinates>79.025,14.2736111111111 79.0252777777778,14.2736111111111 79.0252777777778,14.2727777777778 79.025,14.2727777777778 79.025,14.2736111111111</coordinates></LinearRing></outerBoundaryIs></Polygon><Polygon><outerBoundaryIs><LinearRing><coordinates>79.0247222222222,14.275 79.0244444444444,14.275 79.0244444444444,14.2763888888889 79.0255555555556,14.2763888888889 79.0255555555556,14.2761111111111 79.0261111111111,14.2761111111111 79.0261111111111,14.2758333333333 79.0263888888889,14.2758333333333 79.0263888888889,14.2755555555556 79.0269444444444,14.2755555555556 79.0269444444444,14.2752777777778 79.0261111111111,14.2752777777778 79.0261111111111,14.2755555555556 79.0252777777778,14.2755555555556 79.0252777777778,14.2747222222222 79.025,14.2747222222222 79.025,14.2744444444444 79.0247222222222,14.2744444444444 79.0247222222222,14.275</coordinates></LinearRing></outerBoundaryIs></Polygon><Polygon><outerBoundaryIs><LinearRing><coordinates>79.0269444444444,14.2752777777778 79.0277777777778,14.2752777777778 79.0277777777778,14.275 79.0269444444444,14.275 79.0269444444444,14.2752777777778</coordinates></LinearRing></outerBoundaryIs></Polygon><Polygon><outerBoundaryIs><LinearRing><coordinates>79.0427777777778,14.2408333333333 79.0427777777778,14.2391666666667 79.0425,14.2391666666667 79.0425,14.2408333333333 79.0427777777778,14.2408333333333</coordinates></LinearRing></outerBoundaryIs></Polygon><Polygon><outerBoundaryIs><LinearRing><coordinates>79.0430555555556,14.2391666666667 79.0430555555556,14.2388888888889 79.0433333333333,14.2388888888889 79.0433333333333,14.2386111111111 79.0436111111111,14.2386111111111 79.0436111111111,14.2377777777778 79.0433333333333,14.2377777777778 79.0433333333333,14.2383333333333 79.0430555555556,14.2383333333333 79.0430555555556,14.2386111111111 79.0427777777778,14.2386111111111 79.0427777777778,14.2391666666667 79.0430555555556,14.2391666666667</coordinates></LinearRing></outerBoundaryIs></Polygon><Polygon><outerBoundaryIs><LinearRing><coordinates>79.0438888888889,14.2377777777778 79.0438888888889,14.2363888888889 79.0436111111111,14.2363888888889 79.0436111111111,14.2377777777778 79.0438888888889,14.2377777777778</coordinates></LinearRing></outerBoundaryIs></Polygon><Polygon><outerBoundaryIs><LinearRing><coordinates>79.0441666666667,14.2363888888889 79.0441666666667,14.2355555555556 79.0438888888889,14.2355555555556 79.0438888888889,14.2363888888889 79.0441666666667,14.2363888888889</coordinates></LinearRing></outerBoundaryIs></Polygon><Polygon><outerBoundaryIs><LinearRing><coordinates>79.0480555555555,14.2347222222222 79.0480555555555,14.2341666666667 79.0483333333333,14.2341666666667 79.0483333333333,14.2336111111111 79.0486111111111,14.2336111111111 79.0486111111111,14.2333333333333 79.0483333333333,14.2333333333333 79.0483333333333,14.2313888888889 79.0480555555555,14.2313888888889 79.0480555555555,14.2311111111111 79.0477777777778,14.2311111111111 79.0477777777778,14.2308333333333 79.0472222222222,14.2308333333333 79.0472222222222,14.2311111111111 79.0466666666667,14.2311111111111 79.0466666666667,14.2313888888889 79.0463888888889,14.2313888888889 79.0463888888889,14.2316666666667 79.0461111111111,14.2316666666667 79.0461111111111,14.2322222222222 79.0458333333333,14.2322222222222 79.0458333333333,14.2327777777778 79.0455555555556,14.2327777777778 79.0455555555556,14.2330555555556 79.0452777777778,14.2330555555556 79.0452777777778,14.2333333333333 79.0447222222222,14.2333333333333 79.0447222222222,14.2336111111111 79.0444444444444,14.2336111111111 79.0444444444444,14.2338888888889 79.0441666666667,14.2338888888889 79.0441666666667,14.2355555555556 79.0444444444444,14.2355555555556 79.0444444444444,14.2347222222222 79.0447222222222,14.2347222222222 79.0447222222222,14.2341666666667 79.045,14.2341666666667 79.045,14.2338888888889 79.0452777777778,14.2338888888889 79.0452777777778,14.2336111111111 79.0455555555556,14.2336111111111 79.0455555555556,14.2333333333333 79.0458333333333,14.2333333333333 79.0458333333333,14.2330555555556 79.0461111111111,14.2330555555556 79.0461111111111,14.2327777777778 79.0463888888889,14.2327777777778 79.0463888888889,14.2322222222222 79.0466666666667,14.2322222222222 79.0466666666667,14.2319444444444 79.0477777777778,14.2319444444444 79.0477777777778,14.2327777777778 79.0480555555555,14.2327777777778 79.0480555555555,14.2338888888889 79.0477777777778,14.2338888888889 79.0477777777778,14.2344444444444 79.0475,14.2344444444444 79.0475,14.235 79.0472222222222,14.235 79.0472222222222,14.2358333333333 79.0469444444444,14.2358333333333 79.0469444444444,14.2363888888889 79.0472222222222,14.2363888888889 79.0472222222222,14.2361111111111 79.0475,14.2361111111111 79.0475,14.2352777777778 79.0477777777778,14.2352777777778 79.0477777777778,14.2347222222222 79.0480555555555,14.2347222222222</coordinates></LinearRing></outerBoundaryIs></Polygon><Polygon><outerBoundaryIs><LinearRing><coordinates>79.0466666666667,14.2363888888889 79.0466666666667,14.2369444444444 79.0469444444444,14.2369444444444 79.0469444444444,14.2363888888889 79.0466666666667,14.2363888888889</coordinates></LinearRing></outerBoundaryIs></Polygon><Polygon><outerBoundaryIs><LinearRing><coordinates>79.0463888888889,14.2369444444444 79.0463888888889,14.2375 79.0466666666667,14.2375 79.0466666666667,14.2369444444444 79.0463888888889,14.2369444444444</coordinates></LinearRing></outerBoundaryIs></Polygon><Polygon><outerBoundaryIs><LinearRing><coordinates>79.0463888888889,14.2380555555556 79.0463888888889,14.2375 79.0461111111111,14.2375 79.0461111111111,14.2380555555556 79.0463888888889,14.2380555555556</coordinates></LinearRing></outerBoundaryIs></Polygon><Polygon><outerBoundaryIs><LinearRing><coordinates>79.0458333333333,14.2383333333333 79.0458333333333,14.2388888888889 79.0461111111111,14.2388888888889 79.0461111111111,14.2383333333333 79.0458333333333,14.2383333333333</coordinates></LinearRing></outerBoundaryIs></Polygon><Polygon><outerBoundaryIs><LinearRing><coordinates>79.0455555555556,14.2391666666667 79.0455555555556,14.24 79.0458333333333,14.24 79.0458333333333,14.2391666666667 79.0455555555556,14.2391666666667</coordinates></LinearRing></outerBoundaryIs></Polygon><Polygon><outerBoundaryIs><LinearRing><coordinates>79.0769444444445,14.2416666666667 79.0769444444445,14.2411111111111 79.0766666666667,14.2411111111111 79.0766666666667,14.2413888888889 79.0763888888889,14.2413888888889 79.0763888888889,14.2416666666667 79.0761111111111,14.2416666666667 79.0761111111111,14.2411111111111 79.0758333333333,14.2411111111111 79.0758333333333,14.2408333333333 79.0755555555556,14.2408333333333 79.0755555555556,14.2413888888889 79.0758333333333,14.2413888888889 79.0758333333333,14.2419444444444 79.0761111111111,14.2419444444444 79.0761111111111,14.2422222222222 79.0766666666667,14.2422222222222 79.0766666666667,14.2416666666667 79.0769444444445,14.2416666666667</coordinates></LinearRing></outerBoundaryIs></Polygon><Polygon><outerBoundaryIs><LinearRing><coordinates>79.0752777777778,14.2405555555556 79.0752777777778,14.2408333333333 79.0755555555556,14.2408333333333 79.0755555555556,14.2405555555556 79.0752777777778,14.2405555555556</coordinates></LinearRing></outerBoundaryIs></Polygon><Polygon><outerBoundaryIs><LinearRing><coordinates>79.075,14.24 79.075,14.2405555555556 79.0752777777778,14.2405555555556 79.0752777777778,14.24 79.075,14.24</coordinates></LinearRing></outerBoundaryIs></Polygon><Polygon><outerBoundaryIs><LinearRing><coordinates>79.075,14.24 79.075,14.2391666666667 79.0747222222222,14.2391666666667 79.0747222222222,14.24 79.075,14.24</coordinates></LinearRing></outerBoundaryIs></Polygon><Polygon><outerBoundaryIs><LinearRing><coordinates>79.0769444444445,14.2411111111111 79.0772222222222,14.2411111111111 79.0772222222222,14.2408333333333 79.0775,14.2408333333333 79.0775,14.24 79.0772222222222,14.24 79.0772222222222,14.2405555555556 79.0769444444445,14.2405555555556 79.0769444444445,14.2411111111111</coordinates></LinearRing></outerBoundaryIs></Polygon><Polygon><outerBoundaryIs><LinearRing><coordinates>79.0447222222222,14.2422222222222 79.0444444444444,14.2422222222222 79.0444444444444,14.2427777777778 79.0447222222222,14.2427777777778 79.0447222222222,14.2422222222222</coordinates></LinearRing></outerBoundaryIs></Polygon><Polygon><outerBoundaryIs><LinearRing><coordinates>79.045,14.2416666666667 79.0447222222222,14.2416666666667 79.0447222222222,14.2422222222222 79.045,14.2422222222222 79.045,14.2416666666667</coordinates></LinearRing></outerBoundaryIs></Polygon><Polygon><outerBoundaryIs><LinearRing><coordinates>79.0452777777778,14.2408333333333 79.045,14.2408333333333 79.045,14.2416666666667 79.0452777777778,14.2416666666667 79.0452777777778,14.2408333333333</coordinates></LinearRing></outerBoundaryIs></Polygon><Polygon><outerBoundaryIs><LinearRing><coordinates>79.0452777777778,14.2408333333333 79.0455555555556,14.2408333333333 79.0455555555556,14.2402777777778 79.0452777777778,14.2402777777778 79.0452777777778,14.2408333333333</coordinates></LinearRing></outerBoundaryIs></Polygon><Polygon><outerBoundaryIs><LinearRing><coordinates>79.0422222222222,14.2422222222222 79.0422222222222,14.2416666666667 79.0419444444444,14.2416666666667 79.0419444444444,14.2422222222222 79.0422222222222,14.2422222222222</coordinates></LinearRing></outerBoundaryIs></Polygon><Polygon><outerBoundaryIs><LinearRing><coordinates>79.0422222222222,14.2411111111111 79.0422222222222,14.2416666666667 79.0425,14.2416666666667 79.0425,14.2411111111111 79.0422222222222,14.2411111111111</coordinates></LinearRing></outerBoundaryIs></Polygon><Polygon><outerBoundaryIs><LinearRing><coordinates>79.0697222222222,14.2372222222222 79.0697222222222,14.2369444444444 79.0694444444444,14.2369444444444 79.0694444444444,14.2363888888889 79.0688888888889,14.2363888888889 79.0688888888889,14.2361111111111 79.0677777777778,14.2361111111111 79.0677777777778,14.2363888888889 79.0669444444444,14.2363888888889 79.0669444444444,14.2361111111111 79.0663888888889,14.2361111111111 79.0663888888889,14.2358333333333 79.0655555555555,14.2358333333333 79.0655555555555,14.2355555555556 79.0638888888889,14.2355555555556 79.0638888888889,14.2369444444444 79.0641666666667,14.2369444444444 79.0641666666667,14.2388888888889 79.0638888888889,14.2388888888889 79.0638888888889,14.2394444444444 79.0636111111111,14.2394444444444 79.0636111111111,14.24 79.0633333333333,14.24 79.0633333333333,14.2411111111111 79.0630555555556,14.2411111111111 79.0630555555556,14.2416666666667 79.0627777777778,14.2416666666667 79.0627777777778,14.2422222222222 79.0625,14.2422222222222 79.0625,14.2425 79.0622222222222,14.2425 79.0622222222222,14.2430555555556 79.0619444444444,14.2430555555556 79.0619444444444,14.2433333333333 79.0616666666667,14.2433333333333 79.0616666666667,14.2436111111111 79.0613888888889,14.2436111111111 79.0613888888889,14.2438888888889 79.0611111111111,14.2438888888889 79.0611111111111,14.2441666666667 79.0608333333333,14.2441666666667 79.0608333333333,14.2444444444444 79.0605555555556,14.2444444444444 79.0605555555556,14.2447222222222 79.0602777777778,14.2447222222222 79.0602777777778,14.2452777777778 79.06,14.2452777777778 79.06,14.2455555555556 79.0597222222222,14.2455555555556 79.0597222222222,14.2463888888889 79.0594444444444,14.2463888888889 79.0594444444444,14.2469444444444 79.0591666666667,14.2469444444444 79.0591666666667,14.2472222222222 79.0588888888889,14.2472222222222 79.0588888888889,14.2475 79.0575,14.2475 79.0575,14.2477777777778 79.0569444444444,14.2477777777778 79.0569444444444,14.2480555555556 79.0563888888889,14.2480555555556 79.0563888888889,14.2483333333333 79.0541666666667,14.2483333333333 79.0541666666667,14.2486111111111 79.0533333333333,14.2486111111111 79.0533333333333,14.2488888888889 79.0530555555556,14.2488888888889 79.0530555555556,14.2491666666667 79.0525,14.2491666666667 79.0525,14.2494444444444 79.0519444444444,14.2494444444444 79.0519444444444,14.2491666666667 79.0516666666667,14.2491666666667 79.0516666666667,14.2486111111111 79.0513888888889,14.2486111111111 79.0513888888889,14.2480555555556 79.0511111111111,14.2480555555556 79.0511111111111,14.2477777777778 79.0505555555555,14.2477777777778 79.0505555555555,14.2472222222222 79.0502777777778,14.2472222222222 79.0502777777778,14.2452777777778 79.05,14.2452777777778 79.05,14.2444444444444 79.0497222222222,14.2444444444444 79.0497222222222,14.2441666666667 79.0494444444444,14.2441666666667 79.0494444444444,14.2438888888889 79.0483333333333,14.2438888888889 79.0483333333333,14.2441666666667 79.0480555555555,14.2441666666667 79.0480555555555,14.2447222222222 79.0477777777778,14.2447222222222 79.0477777777778,14.245 79.0475,14.245 79.0475,14.2452777777778 79.0472222222222,14.2452777777778 79.0472222222222,14.2461111111111 79.0469444444444,14.2461111111111 79.0469444444444,14.2469444444444 79.0466666666667,14.2469444444444 79.0466666666667,14.2472222222222 79.0463888888889,14.2472222222222 79.0463888888889,14.2469444444444 79.0458333333333,14.2469444444444 79.0458333333333,14.2466666666667 79.0447222222222,14.2466666666667 79.0447222222222,14.2469444444444 79.0444444444444,14.2469444444444 79.0444444444444,14.2472222222222 79.0441666666667,14.2472222222222 79.0441666666667,14.2475 79.0433333333333,14.2475 79.0433333333333,14.2463888888889 79.0430555555556,14.2463888888889 79.0430555555556,14.2486111111111 79.0433333333333,14.2486111111111 79.0433333333333,14.2483333333333 79.0436111111111,14.2483333333333 79.0436111111111,14.2480555555556 79.0441666666667,14.2480555555556 79.0441666666667,14.2477777777778 79.0444444444444,14.2477777777778 79.0444444444444,14.2475 79.0447222222222,14.2475 79.0447222222222,14.2472222222222 79.045,14.2472222222222 79.045,14.2469444444444 79.0455555555556,14.2469444444444 79.0455555555556,14.2472222222222 79.0458333333333,14.2472222222222 79.0458333333333,14.2475 79.0461111111111,14.2475 79.0461111111111,14.2477777777778 79.0466666666667,14.2477777777778 79.0466666666667,14.2475 79.0469444444444,14.2475 79.0469444444444,14.2472222222222 79.0472222222222,14.2472222222222 79.0472222222222,14.2463888888889 79.0475,14.2463888888889 79.0475,14.2455555555556 79.0477777777778,14.2455555555556 79.0477777777778,14.2452777777778 79.0480555555555,14.2452777777778 79.0480555555555,14.245 79.0483333333333,14.245 79.0483333333333,14.2447222222222 79.0494444444444,14.2447222222222 79.0494444444444,14.245 79.0497222222222,14.245 79.0497222222222,14.2455555555556 79.05,14.2455555555556 79.05,14.2475 79.0502777777778,14.2475 79.0502777777778,14.2480555555556 79.0505555555555,14.2480555555556 79.0505555555555,14.2483333333333 79.0508333333333,14.2483333333333 79.0508333333333,14.2486111111111 79.0511111111111,14.2486111111111 79.0511111111111,14.2508333333333 79.0513888888889,14.2508333333333 79.0513888888889,14.2505555555556 79.0516666666667,14.2505555555556 79.0516666666667,14.2502777777778 79.0522222222222,14.2502777777778 79.0522222222222,14.25 79.0527777777778,14.25 79.0527777777778,14.2497222222222 79.0530555555556,14.2497222222222 79.0530555555556,14.2494444444444 79.0541666666667,14.2494444444444 79.0541666666667,14.2491666666667 79.055,14.2491666666667 79.055,14.2494444444444 79.0561111111111,14.2494444444444 79.0561111111111,14.2491666666667 79.0566666666667,14.2491666666667 79.0566666666667,14.2488888888889 79.0572222222222,14.2488888888889 79.0572222222222,14.2486111111111 79.0580555555556,14.2486111111111 79.0580555555556,14.2483333333333 79.0583333333333,14.2483333333333 79.0583333333333,14.2480555555556 79.0588888888889,14.2480555555556 79.0588888888889,14.2477777777778 79.0594444444444,14.2477777777778 79.0594444444444,14.2475 79.0597222222222,14.2475 79.0597222222222,14.2469444444444 79.06,14.2469444444444 79.06,14.2463888888889 79.0602777777778,14.2463888888889 79.0602777777778,14.2458333333333 79.0605555555556,14.2458333333333 79.0605555555556,14.2455555555556 79.0608333333333,14.2455555555556 79.0608333333333,14.245 79.0611111111111,14.245 79.0611111111111,14.2447222222222 79.0613888888889,14.2447222222222 79.0613888888889,14.2444444444444 79.0619444444444,14.2444444444444 79.0619444444444,14.2441666666667 79.0625,14.2441666666667 79.0625,14.2436111111111 79.0627777777778,14.2436111111111 79.0627777777778,14.2427777777778 79.0630555555556,14.2427777777778 79.0630555555556,14.2422222222222 79.0633333333333,14.2422222222222 79.0633333333333,14.2419444444444 79.0636111111111,14.2419444444444 79.0636111111111,14.2416666666667 79.0638888888889,14.2416666666667 79.0638888888889,14.2413888888889 79.0641666666667,14.2413888888889 79.0641666666667,14.2411111111111 79.0644444444444,14.2411111111111 79.0644444444444,14.2408333333333 79.0647222222222,14.2408333333333 79.0647222222222,14.24 79.0644444444444,14.24 79.0644444444444,14.2388888888889 79.0647222222222,14.2388888888889 79.0647222222222,14.2380555555556 79.065,14.2380555555556 79.065,14.2369444444444 79.0652777777778,14.2369444444444 79.0652777777778,14.2366666666667 79.0655555555555,14.2366666666667 79.0655555555555,14.2369444444444 79.0661111111111,14.2369444444444 79.0661111111111,14.2366666666667 79.0669444444444,14.2366666666667 79.0669444444444,14.2369444444444 79.0691666666667,14.2369444444444 79.0691666666667,14.2372222222222 79.0694444444444,14.2372222222222 79.0694444444444,14.2375 79.0697222222222,14.2375 79.0697222222222,14.2380555555556 79.07,14.2380555555556 79.07,14.2386111111111 79.0702777777778,14.2386111111111 79.0702777777778,14.2391666666667 79.0705555555556,14.2391666666667 79.0705555555556,14.2394444444444 79.0708333333333,14.2394444444444 79.0708333333333,14.2388888888889 79.0705555555556,14.2388888888889 79.0705555555556,14.2380555555556 79.0702777777778,14.2380555555556 79.0702777777778,14.2375 79.07,14.2375 79.07,14.2372222222222 79.0697222222222,14.2372222222222</coordinates></LinearRing></outerBoundaryIs></Polygon><Polygon><outerBoundaryIs><LinearRing><coordinates>79.0711111111111,14.2397222222222 79.0711111111111,14.2394444444444 79.0708333333333,14.2394444444444 79.0708333333333,14.2397222222222 79.0711111111111,14.2397222222222</coordinates></LinearRing></outerBoundaryIs></Polygon><Polygon><outerBoundaryIs><LinearRing><coordinates>79.0716666666667,14.24 79.0716666666667,14.2397222222222 79.0711111111111,14.2397222222222 79.0711111111111,14.24 79.0716666666667,14.24</coordinates></LinearRing></outerBoundaryIs></Polygon><Polygon><outerBoundaryIs><LinearRing><coordinates>79.0722222222222,14.24 79.0716666666667,14.24 79.0716666666667,14.2402777777778 79.0722222222222,14.2402777777778 79.0722222222222,14.24</coordinates></LinearRing></outerBoundaryIs></Polygon><Polygon><outerBoundaryIs><LinearRing><coordinates>79.0725,14.2397222222222 79.0722222222222,14.2397222222222 79.0722222222222,14.24 79.0725,14.24 79.0725,14.2397222222222</coordinates></LinearRing></outerBoundaryIs></Polygon><Polygon><outerBoundaryIs><LinearRing><coordinates>79.0725,14.2377777777778 79.0725,14.2397222222222 79.0727777777778,14.2397222222222 79.0727777777778,14.2377777777778 79.0725,14.2377777777778</coordinates></LinearRing></outerBoundaryIs></Polygon><Polygon><outerBoundaryIs><LinearRing><coordinates>79.0730555555556,14.2338888888889 79.0730555555556,14.2341666666667 79.0727777777778,14.2341666666667 79.0727777777778,14.235 79.0725,14.235 79.0725,14.2358333333333 79.0722222222222,14.2358333333333 79.0722222222222,14.2377777777778 79.0725,14.2377777777778 79.0725,14.2363888888889 79.0727777777778,14.2363888888889 79.0727777777778,14.2352777777778 79.0730555555556,14.2352777777778 79.0730555555556,14.235 79.0733333333333,14.235 79.0733333333333,14.2347222222222 79.0741666666667,14.2347222222222 79.0741666666667,14.2352777777778 79.0744444444444,14.2352777777778 79.0744444444444,14.2372222222222 79.0747222222222,14.2372222222222 79.0747222222222,14.2347222222222 79.0744444444444,14.2347222222222 79.0744444444444,14.2344444444444 79.0741666666667,14.2344444444444 79.0741666666667,14.2341666666667 79.0738888888889,14.2341666666667 79.0738888888889,14.2338888888889 79.0730555555556,14.2338888888889</coordinates></LinearRing></outerBoundaryIs></Polygon><Polygon><outerBoundaryIs><LinearRing><coordinates>79.0747222222222,14.2372222222222 79.0747222222222,14.2386111111111 79.075,14.2386111111111 79.075,14.2372222222222 79.0747222222222,14.2372222222222</coordinates></LinearRing></outerBoundaryIs></Polygon><Polygon><outerBoundaryIs><LinearRing><coordinates>79.0416666666667,14.2430555555556 79.0419444444444,14.2430555555556 79.0419444444444,14.2425 79.0416666666667,14.2425 79.0416666666667,14.2430555555556</coordinates></LinearRing></outerBoundaryIs></Polygon><Polygon><outerBoundaryIs><LinearRing><coordinates>79.0327777777778,14.2461111111111 79.0327777777778,14.2458333333333 79.0325,14.2458333333333 79.0325,14.2461111111111 79.0327777777778,14.2461111111111</coordinates></LinearRing></outerBoundaryIs></Polygon><Polygon><outerBoundaryIs><LinearRing><coordinates>79.0330555555555,14.2458333333333 79.0330555555555,14.2455555555556 79.0327777777778,14.2455555555556 79.0327777777778,14.2458333333333 79.0330555555555,14.2458333333333</coordinates></LinearRing></outerBoundaryIs></Polygon><Polygon><outerBoundaryIs><LinearRing><coordinates>79.0333333333333,14.2455555555556 79.0333333333333,14.2452777777778 79.0330555555555,14.2452777777778 79.0330555555555,14.2455555555556 79.0333333333333,14.2455555555556</coordinates></LinearRing></outerBoundaryIs></Polygon><Polygon><outerBoundaryIs><LinearRing><coordinates>79.0336111111111,14.2452777777778 79.0336111111111,14.245 79.0333333333333,14.245 79.0333333333333,14.2452777777778 79.0336111111111,14.2452777777778</coordinates></LinearRing></outerBoundaryIs></Polygon><Polygon><outerBoundaryIs><LinearRing><coordinates>79.0338888888889,14.245 79.0338888888889,14.2447222222222 79.0336111111111,14.2447222222222 79.0336111111111,14.245 79.0338888888889,14.245</coordinates></LinearRing></outerBoundaryIs></Polygon><Polygon><outerBoundaryIs><LinearRing><coordinates>79.0341666666667,14.2447222222222 79.0341666666667,14.2444444444444 79.0338888888889,14.2444444444444 79.0338888888889,14.2447222222222 79.0341666666667,14.2447222222222</coordinates></LinearRing></outerBoundaryIs></Polygon><Polygon><outerBoundaryIs><LinearRing><coordinates>79.0344444444444,14.2444444444444 79.0344444444444,14.2438888888889 79.0341666666667,14.2438888888889 79.0341666666667,14.2444444444444 79.0344444444444,14.2444444444444</coordinates></LinearRing></outerBoundaryIs></Polygon><Polygon><outerBoundaryIs><LinearRing><coordinates>79.0347222222222,14.2438888888889 79.0347222222222,14.2433333333333 79.0344444444444,14.2433333333333 79.0344444444444,14.2438888888889 79.0347222222222,14.2438888888889</coordinates></LinearRing></outerBoundaryIs></Polygon><Polygon><outerBoundaryIs><LinearRing><coordinates>79.035,14.2433333333333 79.035,14.2422222222222 79.0363888888889,14.2422222222222 79.0363888888889,14.2419444444444 79.0358333333333,14.2419444444444 79.0358333333333,14.2416666666667 79.035,14.2416666666667 79.035,14.2419444444444 79.0347222222222,14.2419444444444 79.0347222222222,14.2433333333333 79.035,14.2433333333333</coordinates></LinearRing></outerBoundaryIs></Polygon><Polygon><outerBoundaryIs><LinearRing><coordinates>79.0366666666667,14.2419444444444 79.0366666666667,14.2416666666667 79.0363888888889,14.2416666666667 79.0363888888889,14.2419444444444 79.0366666666667,14.2419444444444</coordinates></LinearRing></outerBoundaryIs></Polygon><Polygon><outerBoundaryIs><LinearRing><coordinates>79.0369444444444,14.2416666666667 79.0369444444444,14.2413888888889 79.0366666666667,14.2413888888889 79.0366666666667,14.2416666666667 79.0369444444444,14.2416666666667</coordinates></LinearRing></outerBoundaryIs></Polygon><Polygon><outerBoundaryIs><LinearRing><coordinates>79.0386111111111,14.2416666666667 79.0386111111111,14.2405555555556 79.0383333333333,14.2405555555556 79.0383333333333,14.2402777777778 79.0375,14.2402777777778 79.0375,14.2405555555556 79.0372222222222,14.2405555555556 79.0372222222222,14.2408333333333 79.0369444444444,14.2408333333333 79.0369444444444,14.2413888888889 79.0372222222222,14.2413888888889 79.0372222222222,14.2411111111111 79.0380555555556,14.2411111111111 79.0380555555556,14.2427777777778 79.0383333333333,14.2427777777778 79.0383333333333,14.2416666666667 79.0386111111111,14.2416666666667</coordinates></LinearRing></outerBoundaryIs></Polygon><Polygon><outerBoundaryIs><LinearRing><coordinates>79.0394444444444,14.2441666666667 79.0394444444444,14.2447222222222 79.0397222222222,14.2447222222222 79.0397222222222,14.2441666666667 79.0394444444444,14.2441666666667</coordinates></LinearRing></outerBoundaryIs></Polygon><Polygon><outerBoundaryIs><LinearRing><coordinates>79.0391666666667,14.2436111111111 79.0391666666667,14.2441666666667 79.0394444444444,14.2441666666667 79.0394444444444,14.2436111111111 79.0391666666667,14.2436111111111</coordinates></LinearRing></outerBoundaryIs></Polygon><Polygon><outerBoundaryIs><LinearRing><coordinates>79.0386111111111,14.2433333333333 79.0386111111111,14.2436111111111 79.0391666666667,14.2436111111111 79.0391666666667,14.2433333333333 79.0386111111111,14.2433333333333</coordinates></LinearRing></outerBoundaryIs></Polygon><Polygon><outerBoundaryIs><LinearRing><coordinates>79.0386111111111,14.2433333333333 79.0386111111111,14.2430555555556 79.0383333333333,14.2430555555556 79.0383333333333,14.2433333333333 79.0386111111111,14.2433333333333</coordinates></LinearRing></outerBoundaryIs></Polygon><Polygon><outerBoundaryIs><LinearRing><coordinates>79.0438888888889,14.2447222222222 79.0436111111111,14.2447222222222 79.0436111111111,14.2452777777778 79.0438888888889,14.2452777777778 79.0438888888889,14.2447222222222</coordinates></LinearRing></outerBoundaryIs></Polygon><Polygon><outerBoundaryIs><LinearRing><coordinates>79.0441666666667,14.2438888888889 79.0438888888889,14.2438888888889 79.0438888888889,14.2447222222222 79.0441666666667,14.2447222222222 79.0441666666667,14.2438888888889</coordinates></LinearRing></outerBoundaryIs></Polygon><Polygon><outerBoundaryIs><LinearRing><coordinates>79.0441666666667,14.2438888888889 79.0444444444444,14.2438888888889 79.0444444444444,14.2430555555556 79.0441666666667,14.2430555555556 79.0441666666667,14.2438888888889</coordinates></LinearRing></outerBoundaryIs></Polygon><Polygon><outerBoundaryIs><LinearRing><coordinates>79.0402777777778,14.2452777777778 79.0402777777778,14.245 79.0397222222222,14.245 79.0397222222222,14.2452777777778 79.0402777777778,14.2452777777778</coordinates></LinearRing></outerBoundaryIs></Polygon><Polygon><outerBoundaryIs><LinearRing><coordinates>79.0405555555556,14.245 79.0405555555556,14.2447222222222 79.0402777777778,14.2447222222222 79.0402777777778,14.245 79.0405555555556,14.245</coordinates></LinearRing></outerBoundaryIs></Polygon><Polygon><outerBoundaryIs><LinearRing><coordinates>79.0408333333333,14.2447222222222 79.0408333333333,14.2444444444444 79.0405555555556,14.2444444444444 79.0405555555556,14.2447222222222 79.0408333333333,14.2447222222222</coordinates></LinearRing></outerBoundaryIs></Polygon><Polygon><outerBoundaryIs><LinearRing><coordinates>79.0411111111111,14.2444444444444 79.0411111111111,14.2438888888889 79.0408333333333,14.2438888888889 79.0408333333333,14.2444444444444 79.0411111111111,14.2444444444444</coordinates></LinearRing></outerBoundaryIs></Polygon><Polygon><outerBoundaryIs><LinearRing><coordinates>79.0413888888889,14.2438888888889 79.0413888888889,14.2436111111111 79.0411111111111,14.2436111111111 79.0411111111111,14.2438888888889 79.0413888888889,14.2438888888889</coordinates></LinearRing></outerBoundaryIs></Polygon><Polygon><outerBoundaryIs><LinearRing><coordinates>79.0413888888889,14.2433333333333 79.0413888888889,14.2436111111111 79.0416666666667,14.2436111111111 79.0416666666667,14.2433333333333 79.0413888888889,14.2433333333333</coordinates></LinearRing></outerBoundaryIs></Polygon><Polygon><outerBoundaryIs><LinearRing><coordinates>79.0763888888889,14.2447222222222 79.0763888888889,14.245 79.0766666666667,14.245 79.0766666666667,14.2447222222222 79.0763888888889,14.2447222222222</coordinates></LinearRing></outerBoundaryIs></Polygon><Polygon><outerBoundaryIs><LinearRing><coordinates>79.0433333333333,14.2455555555556 79.0433333333333,14.2461111111111 79.0436111111111,14.2461111111111 79.0436111111111,14.2455555555556 79.0433333333333,14.2455555555556</coordinates></LinearRing></outerBoundaryIs></Polygon><Polygon><outerBoundaryIs><LinearRing><coordinates>79.0313888888889,14.2502777777778 79.0316666666667,14.2502777777778 79.0316666666667,14.2505555555556 79.0319444444444,14.2505555555556 79.0319444444444,14.2513888888889 79.0322222222222,14.2513888888889 79.0322222222222,14.25 79.0313888888889,14.25 79.0313888888889,14.2502777777778</coordinates></LinearRing></outerBoundaryIs></Polygon><Polygon><outerBoundaryIs><LinearRing><coordinates>79.0283333333333,14.2511111111111 79.0283333333333,14.2508333333333 79.0311111111111,14.2508333333333 79.0311111111111,14.2505555555556 79.0313888888889,14.2505555555556 79.0313888888889,14.2502777777778 79.0308333333333,14.2502777777778 79.0308333333333,14.2505555555556 79.0280555555556,14.2505555555556 79.0280555555556,14.2502777777778 79.0277777777778,14.2502777777778 79.0277777777778,14.2480555555556 79.0275,14.2480555555556 79.0275,14.2497222222222 79.0272222222222,14.2497222222222 79.0272222222222,14.2505555555556 79.0275,14.2505555555556 79.0275,14.2508333333333 79.0277777777778,14.2508333333333 79.0277777777778,14.2511111111111 79.0283333333333,14.2511111111111</coordinates></LinearRing></outerBoundaryIs></Polygon><Polygon><outerBoundaryIs><LinearRing><coordinates>79.0263888888889,14.2469444444444 79.0266666666667,14.2469444444444 79.0266666666667,14.2475 79.0269444444444,14.2475 79.0269444444444,14.2477777777778 79.0272222222222,14.2477777777778 79.0272222222222,14.2480555555556 79.0275,14.2480555555556 79.0275,14.2475 79.0272222222222,14.2475 79.0272222222222,14.2472222222222 79.0269444444444,14.2472222222222 79.0269444444444,14.2466666666667 79.0272222222222,14.2466666666667 79.0272222222222,14.2461111111111 79.0277777777778,14.2461111111111 79.0277777777778,14.2458333333333 79.0286111111111,14.2458333333333 79.0286111111111,14.2455555555556 79.0275,14.2455555555556 79.0275,14.2458333333333 79.0269444444444,14.2458333333333 79.0269444444444,14.2461111111111 79.0266666666667,14.2461111111111 79.0266666666667,14.2466666666667 79.0263888888889,14.2466666666667 79.0263888888889,14.2469444444444</coordinates></LinearRing></outerBoundaryIs></Polygon><Polygon><outerBoundaryIs><LinearRing><coordinates>79.0305555555556,14.2422222222222 79.0305555555556,14.2411111111111 79.0302777777778,14.2411111111111 79.0302777777778,14.2408333333333 79.0288888888889,14.2408333333333 79.0288888888889,14.2411111111111 79.0283333333333,14.2411111111111 79.0283333333333,14.2413888888889 79.0277777777778,14.2413888888889 79.0277777777778,14.2416666666667 79.0272222222222,14.2416666666667 79.0272222222222,14.2422222222222 79.0269444444444,14.2422222222222 79.0269444444444,14.2427777777778 79.0266666666667,14.2427777777778 79.0266666666667,14.2438888888889 79.0269444444444,14.2438888888889 79.0269444444444,14.2441666666667 79.0280555555556,14.2441666666667 79.0280555555556,14.2444444444444 79.0283333333333,14.2444444444444 79.0283333333333,14.2447222222222 79.0286111111111,14.2447222222222 79.0286111111111,14.2455555555556 79.0288888888889,14.2455555555556 79.0288888888889,14.2444444444444 79.0286111111111,14.2444444444444 79.0286111111111,14.2441666666667 79.0283333333333,14.2441666666667 79.0283333333333,14.2438888888889 79.0280555555556,14.2438888888889 79.0280555555556,14.2436111111111 79.0275,14.2436111111111 79.0275,14.2430555555556 79.0272222222222,14.2430555555556 79.0272222222222,14.2427777777778 79.0275,14.2427777777778 79.0275,14.2422222222222 79.0277777777778,14.2422222222222 79.0277777777778,14.2419444444444 79.0283333333333,14.2419444444444 79.0283333333333,14.2416666666667 79.0288888888889,14.2416666666667 79.0288888888889,14.2413888888889 79.0297222222222,14.2413888888889 79.0297222222222,14.2419444444444 79.03,14.2419444444444 79.03,14.2427777777778 79.0297222222222,14.2427777777778 79.0297222222222,14.2444444444444 79.03,14.2444444444444 79.03,14.245 79.0302777777778,14.245 79.0302777777778,14.2452777777778 79.0305555555556,14.2452777777778 79.0305555555556,14.2447222222222 79.0302777777778,14.2447222222222 79.0302777777778,14.2441666666667 79.03,14.2441666666667 79.03,14.2430555555556 79.0302777777778,14.2430555555556 79.0302777777778,14.2422222222222 79.0305555555556,14.2422222222222</coordinates></LinearRing></outerBoundaryIs></Polygon><Polygon><outerBoundaryIs><LinearRing><coordinates>79.0308333333333,14.2455555555556 79.0308333333333,14.2452777777778 79.0305555555556,14.2452777777778 79.0305555555556,14.2455555555556 79.0308333333333,14.2455555555556</coordinates></LinearRing></outerBoundaryIs></Polygon><Polygon><outerBoundaryIs><LinearRing><coordinates>79.0313888888889,14.2458333333333 79.0313888888889,14.2455555555556 79.0308333333333,14.2455555555556 79.0308333333333,14.2458333333333 79.0313888888889,14.2458333333333</coordinates></LinearRing></outerBoundaryIs></Polygon><Polygon><outerBoundaryIs><LinearRing><coordinates>79.0313888888889,14.2458333333333 79.0313888888889,14.2461111111111 79.0319444444444,14.2461111111111 79.0319444444444,14.2458333333333 79.0313888888889,14.2458333333333</coordinates></LinearRing></outerBoundaryIs></Polygon><Polygon><outerBoundaryIs><LinearRing><coordinates>79.0725,14.2458333333333 79.0716666666667,14.2458333333333 79.0716666666667,14.2461111111111 79.0713888888889,14.2461111111111 79.0713888888889,14.2466666666667 79.0711111111111,14.2466666666667 79.0711111111111,14.2469444444444 79.0702777777778,14.2469444444444 79.0702777777778,14.2477777777778 79.0736111111111,14.2477777777778 79.0736111111111,14.2475 79.0738888888889,14.2475 79.0738888888889,14.2472222222222 79.0741666666667,14.2472222222222 79.0741666666667,14.2461111111111 79.0725,14.2461111111111 79.0725,14.2458333333333</coordinates></LinearRing></outerBoundaryIs><innerBoundaryIs><LinearRing><coordinates>79.0725,14.2472222222222 79.0725,14.2469444444444 79.0719444444444,14.2469444444444 79.0719444444444,14.2463888888889 79.0725,14.2463888888889 79.0725,14.2466666666667 79.0733333333333,14.2466666666667 79.0733333333333,14.2472222222222 79.0725,14.2472222222222</coordinates></LinearRing></innerBoundaryIs></Polygon><Polygon><outerBoundaryIs><LinearRing><coordinates>79.0297222222222,14.2475 79.0297222222222,14.2472222222222 79.03,14.2472222222222 79.03,14.2466666666667 79.0294444444444,14.2466666666667 79.0294444444444,14.2475 79.0297222222222,14.2475</coordinates></LinearRing></outerBoundaryIs></Polygon><Polygon><outerBoundaryIs><LinearRing><coordinates>79.0380555555556,14.2480555555556 79.0377777777778,14.2480555555556 79.0377777777778,14.2477777777778 79.0375,14.2477777777778 79.0375,14.2472222222222 79.0372222222222,14.2472222222222 79.0372222222222,14.2466666666667 79.0369444444444,14.2466666666667 79.0369444444444,14.2458333333333 79.0361111111111,14.2458333333333 79.0361111111111,14.2469444444444 79.0363888888889,14.2469444444444 79.0363888888889,14.2472222222222 79.0361111111111,14.2472222222222 79.0361111111111,14.2486111111111 79.0363888888889,14.2486111111111 79.0363888888889,14.2488888888889 79.0366666666667,14.2488888888889 79.0366666666667,14.2486111111111 79.0380555555556,14.2486111111111 79.0380555555556,14.2480555555556</coordinates></LinearRing></outerBoundaryIs><innerBoundaryIs><LinearRing><coordinates>79.0366666666667,14.2472222222222 79.0366666666667,14.2469444444444 79.0369444444444,14.2469444444444 79.0369444444444,14.2480555555556 79.0366666666667,14.2480555555556 79.0366666666667,14.2483333333333 79.0363888888889,14.2483333333333 79.0363888888889,14.2472222222222 79.0366666666667,14.2472222222222</coordinates></LinearRing></innerBoundaryIs></Polygon><Polygon><outerBoundaryIs><LinearRing><coordinates>79.1191666666667,14.2544444444444 79.1194444444444,14.2544444444444 79.1194444444444,14.2541666666667 79.1191666666667,14.2541666666667 79.1191666666667,14.2536111111111 79.1188888888889,14.2536111111111 79.1188888888889,14.2527777777778 79.1186111111111,14.2527777777778 79.1186111111111,14.2525 79.1180555555556,14.2525 79.1180555555556,14.2522222222222 79.1175,14.2522222222222 79.1175,14.2519444444444 79.1172222222222,14.2519444444444 79.1172222222222,14.2516666666667 79.1175,14.2516666666667 79.1175,14.2513888888889 79.1194444444444,14.2513888888889 79.1194444444444,14.2494444444444 79.1191666666667,14.2494444444444 79.1191666666667,14.2488888888889 79.1188888888889,14.2488888888889 79.1188888888889,14.2483333333333 79.1186111111111,14.2483333333333 79.1186111111111,14.2480555555556 79.1180555555556,14.2480555555556 79.1180555555556,14.2475 79.1177777777778,14.2475 79.1177777777778,14.2469444444444 79.1175,14.2469444444444 79.1175,14.2466666666667 79.1163888888889,14.2466666666667 79.1163888888889,14.2469444444444 79.1161111111111,14.2469444444444 79.1161111111111,14.2472222222222 79.1158333333333,14.2472222222222 79.1158333333333,14.2477777777778 79.1144444444444,14.2477777777778 79.1144444444444,14.2480555555556 79.1141666666667,14.2480555555556 79.1141666666667,14.2486111111111 79.1138888888889,14.2486111111111 79.1138888888889,14.2491666666667 79.1136111111111,14.2491666666667 79.1136111111111,14.2494444444444 79.1127777777778,14.2494444444444 79.1127777777778,14.2477777777778 79.1130555555555,14.2477777777778 79.1130555555555,14.2463888888889 79.1133333333333,14.2463888888889 79.1133333333333,14.2461111111111 79.1136111111111,14.2461111111111 79.1136111111111,14.2458333333333 79.1144444444444,14.2458333333333 79.1144444444444,14.2461111111111 79.115,14.2461111111111 79.115,14.2463888888889 79.1158333333333,14.2463888888889 79.1158333333333,14.2461111111111 79.1161111111111,14.2461111111111 79.1161111111111,14.2441666666667 79.1158333333333,14.2441666666667 79.1158333333333,14.2436111111111 79.1155555555556,14.2436111111111 79.1155555555556,14.2433333333333 79.1152777777778,14.2433333333333 79.1152777777778,14.2430555555556 79.1147222222222,14.2430555555556 79.1147222222222,14.2433333333333 79.1141666666667,14.2433333333333 79.1141666666667,14.2430555555556 79.1138888888889,14.2430555555556 79.1138888888889,14.2427777777778 79.1136111111111,14.2427777777778 79.1136111111111,14.2422222222222 79.1133333333333,14.2422222222222 79.1133333333333,14.2419444444444 79.1125,14.2419444444444 79.1125,14.2422222222222 79.1113888888889,14.2422222222222 79.1113888888889,14.2425 79.1102777777778,14.2425 79.1102777777778,14.2427777777778 79.11,14.2427777777778 79.11,14.2436111111111 79.1097222222222,14.2436111111111 79.1097222222222,14.2441666666667 79.1094444444444,14.2441666666667 79.1094444444444,14.2447222222222 79.1091666666667,14.2447222222222 79.1091666666667,14.2452777777778 79.1094444444444,14.2452777777778 79.1094444444444,14.2458333333333 79.1097222222222,14.2458333333333 79.1097222222222,14.2463888888889 79.1094444444444,14.2463888888889 79.1094444444444,14.2472222222222 79.1097222222222,14.2472222222222 79.1097222222222,14.2475 79.1108333333333,14.2475 79.1108333333333,14.2472222222222 79.1116666666667,14.2472222222222 79.1116666666667,14.2475 79.1119444444444,14.2475 79.1119444444444,14.2480555555556 79.1116666666667,14.2480555555556 79.1116666666667,14.2486111111111 79.1113888888889,14.2486111111111 79.1113888888889,14.2491666666667 79.1111111111111,14.2491666666667 79.1111111111111,14.2494444444444 79.1105555555555,14.2494444444444 79.1105555555555,14.2497222222222 79.1102777777778,14.2497222222222 79.1102777777778,14.25 79.11,14.25 79.11,14.2502777777778 79.1097222222222,14.2502777777778 79.1097222222222,14.2508333333333 79.11,14.2508333333333 79.11,14.2513888888889 79.1102777777778,14.2513888888889 79.1102777777778,14.2522222222222 79.1105555555555,14.2522222222222 79.1105555555555,14.2527777777778 79.1108333333333,14.2527777777778 79.1108333333333,14.2533333333333 79.1111111111111,14.2533333333333 79.1111111111111,14.2536111111111 79.1113888888889,14.2536111111111 79.1113888888889,14.2538888888889 79.1119444444444,14.2538888888889 79.1119444444444,14.2541666666667 79.1127777777778,14.2541666666667 79.1127777777778,14.2538888888889 79.1141666666667,14.2538888888889 79.1141666666667,14.2541666666667 79.1144444444444,14.2541666666667 79.1144444444444,14.2547222222222 79.115,14.2547222222222 79.115,14.255 79.1166666666667,14.255 79.1166666666667,14.2547222222222 79.1172222222222,14.2547222222222 79.1172222222222,14.255 79.1183333333333,14.255 79.1183333333333,14.2547222222222 79.1191666666667,14.2547222222222 79.1191666666667,14.2544444444444</coordinates></LinearRing></outerBoundaryIs><innerBoundaryIs><LinearRing><coordinates>79.1127777777778,14.2533333333333 79.1127777777778,14.2536111111111 79.1116666666667,14.2536111111111 79.1116666666667,14.2530555555556 79.1113888888889,14.2530555555556 79.1113888888889,14.2525 79.1116666666667,14.2525 79.1116666666667,14.2522222222222 79.1125,14.2522222222222 79.1125,14.2519444444444 79.1127777777778,14.2519444444444 79.1127777777778,14.2511111111111 79.1125,14.2511111111111 79.1125,14.2508333333333 79.1127777777778,14.2508333333333 79.1127777777778,14.2505555555556 79.1138888888889,14.2505555555556 79.1138888888889,14.2508333333333 79.1141666666667,14.2508333333333 79.1141666666667,14.2511111111111 79.1144444444444,14.2511111111111 79.1144444444444,14.2516666666667 79.115,14.2516666666667 79.115,14.2519444444444 79.1161111111111,14.2519444444444 79.1161111111111,14.2525 79.1163888888889,14.2525 79.1163888888889,14.2533333333333 79.1166666666667,14.2533333333333 79.1166666666667,14.2536111111111 79.1180555555556,14.2536111111111 79.1180555555556,14.2541666666667 79.1177777777778,14.2541666666667 79.1177777777778,14.2544444444444 79.115,14.2544444444444 79.115,14.2536111111111 79.1147222222222,14.2536111111111 79.1147222222222,14.2533333333333 79.1141666666667,14.2533333333333 79.1141666666667,14.2530555555556 79.1138888888889,14.2530555555556 79.1138888888889,14.2533333333333 79.1127777777778,14.2533333333333</coordinates></LinearRing></innerBoundaryIs><innerBoundaryIs><LinearRing><coordinates>79.1116666666667,14.2497222222222 79.1116666666667,14.25 79.1122222222222,14.25 79.1122222222222,14.2508333333333 79.1116666666667,14.2508333333333 79.1116666666667,14.2511111111111 79.1108333333333,14.2511111111111 79.1108333333333,14.2505555555556 79.1105555555555,14.2505555555556 79.1105555555555,14.2502777777778 79.1108333333333,14.2502777777778 79.1108333333333,14.25 79.1113888888889,14.25 79.1113888888889,14.2497222222222 79.1116666666667,14.2497222222222</coordinates></LinearRing></innerBoundaryIs><innerBoundaryIs><LinearRing><coordinates>79.115,14.2494444444444 79.115,14.2486111111111 79.1158333333333,14.2486111111111 79.1158333333333,14.2497222222222 79.1152777777778,14.2497222222222 79.1152777777778,14.2494444444444 79.115,14.2494444444444</coordinates></LinearRing></innerBoundaryIs><innerBoundaryIs><LinearRing><coordinates>79.1108333333333,14.2433333333333 79.1108333333333,14.2430555555556 79.1125,14.2430555555556 79.1125,14.2436111111111 79.1127777777778,14.2436111111111 79.1127777777778,14.2452777777778 79.1125,14.2452777777778 79.1125,14.2458333333333 79.1122222222222,14.2458333333333 79.1122222222222,14.2461111111111 79.1119444444444,14.2461111111111 79.1119444444444,14.2463888888889 79.1108333333333,14.2463888888889 79.1108333333333,14.2455555555556 79.1105555555555,14.2455555555556 79.1105555555555,14.245 79.1102777777778,14.245 79.1102777777778,14.2436111111111 79.1105555555555,14.2436111111111 79.1105555555555,14.2433333333333 79.1108333333333,14.2433333333333</coordinates></LinearRing></innerBoundaryIs><innerBoundaryIs><LinearRing><coordinates>79.1152777777778,14.2438888888889 79.1152777777778,14.2441666666667 79.1155555555556,14.2441666666667 79.1155555555556,14.2455555555556 79.1147222222222,14.2455555555556 79.1147222222222,14.2452777777778 79.1144444444444,14.2452777777778 79.1144444444444,14.245 79.1141666666667,14.245 79.1141666666667,14.2441666666667 79.1144444444444,14.2441666666667 79.1144444444444,14.2438888888889 79.1152777777778,14.2438888888889</coordinates></LinearRing></innerBoundaryIs></Polygon><Polygon><outerBoundaryIs><LinearRing><coordinates>79.0680555555556,14.2491666666667 79.0680555555556,14.2488888888889 79.0677777777778,14.2488888888889 79.0677777777778,14.2486111111111 79.0666666666667,14.2486111111111 79.0666666666667,14.2483333333333 79.0663888888889,14.2483333333333 79.0663888888889,14.2480555555556 79.0661111111111,14.2480555555556 79.0661111111111,14.2475 79.0652777777778,14.2475 79.0652777777778,14.2480555555556 79.065,14.2480555555556 79.065,14.2488888888889 79.0652777777778,14.2488888888889 79.0652777777778,14.2494444444444 79.0655555555555,14.2494444444444 79.0655555555555,14.2497222222222 79.0661111111111,14.2497222222222 79.0661111111111,14.25 79.0669444444444,14.25 79.0669444444444,14.2502777777778 79.0675,14.2502777777778 79.0675,14.25 79.0680555555556,14.25 79.0680555555556,14.2497222222222 79.0683333333333,14.2497222222222 79.0683333333333,14.2491666666667 79.0680555555556,14.2491666666667</coordinates></LinearRing></outerBoundaryIs><innerBoundaryIs><LinearRing><coordinates>79.0675,14.2497222222222 79.0666666666667,14.2497222222222 79.0666666666667,14.2491666666667 79.0675,14.2491666666667 79.0675,14.2497222222222</coordinates></LinearRing></innerBoundaryIs></Polygon><Polygon><outerBoundaryIs><LinearRing><coordinates>79.0563888888889,14.2516666666667 79.0569444444444,14.2516666666667 79.0569444444444,14.2513888888889 79.0572222222222,14.2513888888889 79.0572222222222,14.2511111111111 79.0580555555556,14.2511111111111 79.0580555555556,14.2508333333333 79.0586111111111,14.2508333333333 79.0586111111111,14.2505555555556 79.0588888888889,14.2505555555556 79.0588888888889,14.25 79.0575,14.25 79.0575,14.2502777777778 79.0566666666667,14.2502777777778 79.0566666666667,14.2505555555556 79.0561111111111,14.2505555555556 79.0561111111111,14.2508333333333 79.0552777777778,14.2508333333333 79.0552777777778,14.2505555555556 79.0547222222222,14.2505555555556 79.0547222222222,14.2502777777778 79.0541666666667,14.2502777777778 79.0541666666667,14.2505555555556 79.0536111111111,14.2505555555556 79.0536111111111,14.2508333333333 79.0530555555556,14.2508333333333 79.0530555555556,14.2513888888889 79.0527777777778,14.2513888888889 79.0527777777778,14.2522222222222 79.0525,14.2522222222222 79.0525,14.2527777777778 79.055,14.2527777777778 79.055,14.2525 79.0552777777778,14.2525 79.0552777777778,14.2522222222222 79.0558333333333,14.2522222222222 79.0558333333333,14.2519444444444 79.0563888888889,14.2519444444444 79.0563888888889,14.2516666666667</coordinates></LinearRing></outerBoundaryIs><innerBoundaryIs><LinearRing><coordinates>79.0552777777778,14.2513888888889 79.0552777777778,14.2519444444444 79.055,14.2519444444444 79.055,14.2522222222222 79.0547222222222,14.2522222222222 79.0547222222222,14.2525 79.0541666666667,14.2525 79.0541666666667,14.2522222222222 79.0536111111111,14.2522222222222 79.0536111111111,14.2513888888889 79.0538888888889,14.2513888888889 79.0538888888889,14.2511111111111 79.0547222222222,14.2511111111111 79.0547222222222,14.2513888888889 79.0552777777778,14.2513888888889</coordinates></LinearRing></innerBoundaryIs></Polygon><Polygon><outerBoundaryIs><LinearRing><coordinates>79.0608333333333,14.2522222222222 79.0613888888889,14.2522222222222 79.0613888888889,14.2519444444444 79.0608333333333,14.2519444444444 79.0608333333333,14.2522222222222</coordinates></LinearRing></outerBoundaryIs></Polygon><Polygon><outerBoundaryIs><LinearRing><coordinates>79.0572222222222,14.2613888888889 79.0566666666667,14.2613888888889 79.0566666666667,14.2619444444444 79.0563888888889,14.2619444444444 79.0563888888889,14.2625 79.0566666666667,14.2625 79.0566666666667,14.2636111111111 79.0569444444444,14.2636111111111 79.0569444444444,14.2638888888889 79.0572222222222,14.2638888888889 79.0572222222222,14.2641666666667 79.0575,14.2641666666667 79.0575,14.2644444444444 79.0586111111111,14.2644444444444 79.0586111111111,14.2647222222222 79.06,14.2647222222222 79.06,14.2644444444444 79.0602777777778,14.2644444444444 79.0602777777778,14.2636111111111 79.0605555555556,14.2636111111111 79.0605555555556,14.2633333333333 79.0608333333333,14.2633333333333 79.0608333333333,14.2630555555556 79.0613888888889,14.2630555555556 79.0613888888889,14.2627777777778 79.0641666666667,14.2627777777778 79.0641666666667,14.2630555555556 79.0652777777778,14.2630555555556 79.0652777777778,14.2633333333333 79.0669444444444,14.2633333333333 79.0669444444444,14.2630555555556 79.0683333333333,14.2630555555556 79.0683333333333,14.2627777777778 79.0686111111111,14.2627777777778 79.0686111111111,14.2625 79.0688888888889,14.2625 79.0688888888889,14.2622222222222 79.0705555555556,14.2622222222222 79.0705555555556,14.2625 79.0722222222222,14.2625 79.0722222222222,14.2622222222222 79.0727777777778,14.2622222222222 79.0727777777778,14.2619444444444 79.0730555555556,14.2619444444444 79.0730555555556,14.2616666666667 79.0733333333333,14.2616666666667 79.0733333333333,14.2597222222222 79.075,14.2597222222222 79.075,14.26 79.0752777777778,14.26 79.0752777777778,14.2602777777778 79.0758333333333,14.2602777777778 79.0758333333333,14.2605555555556 79.0761111111111,14.2605555555556 79.0761111111111,14.2608333333333 79.0763888888889,14.2608333333333 79.0763888888889,14.2611111111111 79.0766666666667,14.2611111111111 79.0766666666667,14.2613888888889 79.0769444444445,14.2613888888889 79.0769444444445,14.2616666666667 79.0775,14.2616666666667 79.0775,14.2619444444444 79.0777777777778,14.2619444444444 79.0777777777778,14.2622222222222 79.0780555555556,14.2622222222222 79.0780555555556,14.2625 79.0783333333333,14.2625 79.0783333333333,14.2627777777778 79.0786111111111,14.2627777777778 79.0786111111111,14.2630555555556 79.0788888888889,14.2630555555556 79.0788888888889,14.2633333333333 79.0791666666667,14.2633333333333 79.0791666666667,14.2636111111111 79.0794444444444,14.2636111111111 79.0794444444444,14.2641666666667 79.0797222222222,14.2641666666667 79.0797222222222,14.2644444444444 79.0802777777778,14.2644444444444 79.0802777777778,14.2647222222222 79.0816666666667,14.2647222222222 79.0816666666667,14.2644444444444 79.0822222222222,14.2644444444444 79.0822222222222,14.2641666666667 79.0825,14.2641666666667 79.0825,14.2638888888889 79.0830555555556,14.2638888888889 79.0830555555556,14.2641666666667 79.0833333333333,14.2641666666667 79.0833333333333,14.2644444444444 79.0841666666667,14.2644444444444 79.0841666666667,14.2647222222222 79.0844444444444,14.2647222222222 79.0844444444444,14.265 79.0847222222222,14.265 79.0847222222222,14.2658333333333 79.085,14.2658333333333 79.085,14.2661111111111 79.0852777777778,14.2661111111111 79.0852777777778,14.2663888888889 79.0855555555556,14.2663888888889 79.0855555555556,14.2666666666667 79.0858333333333,14.2666666666667 79.0858333333333,14.2669444444444 79.0861111111111,14.2669444444444 79.0861111111111,14.2675 79.0863888888889,14.2675 79.0863888888889,14.2677777777778 79.0866666666667,14.2677777777778 79.0866666666667,14.2680555555556 79.0869444444444,14.2680555555556 79.0869444444444,14.2683333333333 79.0875,14.2683333333333 79.0875,14.2686111111111 79.0877777777778,14.2686111111111 79.0877777777778,14.2688888888889 79.0880555555556,14.2688888888889 79.0880555555556,14.2691666666667 79.0883333333333,14.2691666666667 79.0883333333333,14.27 79.0886111111111,14.27 79.0886111111111,14.2708333333333 79.0888888888889,14.2708333333333 79.0888888888889,14.2711111111111 79.0891666666667,14.2711111111111 79.0891666666667,14.2713888888889 79.0894444444444,14.2713888888889 79.0894444444444,14.2716666666667 79.09,14.2716666666667 79.09,14.2719444444444 79.0905555555556,14.2719444444444 79.0905555555556,14.2716666666667 79.0908333333333,14.2716666666667 79.0908333333333,14.2719444444444 79.0916666666667,14.2719444444444 79.0916666666667,14.2722222222222 79.0919444444444,14.2722222222222 79.0919444444444,14.2725 79.0922222222222,14.2725 79.0922222222222,14.2727777777778 79.0925,14.2727777777778 79.0925,14.2733333333333 79.0927777777778,14.2733333333333 79.0927777777778,14.2736111111111 79.0933333333333,14.2736111111111 79.0933333333333,14.2738888888889 79.0938888888889,14.2738888888889 79.0938888888889,14.2741666666667 79.0944444444444,14.2741666666667 79.0944444444444,14.2744444444444 79.095,14.2744444444444 79.095,14.2747222222222 79.0955555555555,14.2747222222222 79.0955555555555,14.275 79.0969444444444,14.275 79.0969444444444,14.2752777777778 79.0972222222222,14.2752777777778 79.0972222222222,14.2755555555556 79.0977777777778,14.2755555555556 79.0977777777778,14.2758333333333 79.0983333333333,14.2758333333333 79.0983333333333,14.2761111111111 79.0994444444444,14.2761111111111 79.0994444444444,14.2763888888889 79.1,14.2763888888889 79.1,14.2772222222222 79.1002777777778,14.2772222222222 79.1002777777778,14.2777777777778 79.1005555555556,14.2777777777778 79.1005555555556,14.2780555555556 79.1008333333333,14.2780555555556 79.1008333333333,14.2783333333333 79.1013888888889,14.2783333333333 79.1013888888889,14.2788888888889 79.1016666666667,14.2788888888889 79.1016666666667,14.2794444444444 79.1019444444444,14.2794444444444 79.1019444444444,14.2797222222222 79.1022222222222,14.2797222222222 79.1022222222222,14.28 79.1030555555556,14.28 79.1030555555556,14.2797222222222 79.1033333333333,14.2797222222222 79.1033333333333,14.2769444444444 79.1030555555556,14.2769444444444 79.1030555555556,14.2763888888889 79.1027777777778,14.2763888888889 79.1027777777778,14.2761111111111 79.1025,14.2761111111111 79.1025,14.2755555555556 79.1022222222222,14.2755555555556 79.1022222222222,14.275 79.1019444444444,14.275 79.1019444444444,14.2744444444444 79.1016666666667,14.2744444444444 79.1016666666667,14.2741666666667 79.1013888888889,14.2741666666667 79.1013888888889,14.2738888888889 79.1011111111111,14.2738888888889 79.1011111111111,14.2736111111111 79.1008333333333,14.2736111111111 79.1008333333333,14.2733333333333 79.1005555555556,14.2733333333333 79.1005555555556,14.2730555555556 79.1,14.2730555555556 79.1,14.2727777777778 79.0994444444444,14.2727777777778 79.0994444444444,14.2725 79.0977777777778,14.2725 79.0977777777778,14.2722222222222 79.0975,14.2722222222222 79.0975,14.2719444444444 79.0972222222222,14.2719444444444 79.0972222222222,14.2716666666667 79.0969444444444,14.2716666666667 79.0969444444444,14.2713888888889 79.0966666666667,14.2713888888889 79.0966666666667,14.2705555555556 79.0963888888889,14.2705555555556 79.0963888888889,14.2702777777778 79.0966666666667,14.2702777777778 79.0966666666667,14.27 79.0975,14.27 79.0975,14.2697222222222 79.0988888888889,14.2697222222222 79.0988888888889,14.2694444444444 79.0991666666667,14.2694444444444 79.0991666666667,14.2691666666667 79.0997222222222,14.2691666666667 79.0997222222222,14.2688888888889 79.1002777777778,14.2688888888889 79.1002777777778,14.2686111111111 79.1008333333333,14.2686111111111 79.1008333333333,14.2683333333333 79.1013888888889,14.2683333333333 79.1013888888889,14.2686111111111 79.1022222222222,14.2686111111111 79.1022222222222,14.2688888888889 79.1027777777778,14.2688888888889 79.1027777777778,14.2691666666667 79.1047222222222,14.2691666666667 79.1047222222222,14.2688888888889 79.1058333333333,14.2688888888889 79.1058333333333,14.2691666666667 79.1061111111111,14.2691666666667 79.1061111111111,14.2694444444444 79.1066666666667,14.2694444444444 79.1066666666667,14.2697222222222 79.1083333333333,14.2697222222222 79.1083333333333,14.2694444444444 79.1088888888889,14.2694444444444 79.1088888888889,14.2697222222222 79.1105555555555,14.2697222222222 79.1105555555555,14.27 79.1111111111111,14.27 79.1111111111111,14.2702777777778 79.1113888888889,14.2702777777778 79.1113888888889,14.2705555555556 79.1116666666667,14.2705555555556 79.1116666666667,14.2708333333333 79.1119444444444,14.2708333333333 79.1119444444444,14.2713888888889 79.1122222222222,14.2713888888889 79.1122222222222,14.2716666666667 79.1125,14.2716666666667 79.1125,14.2719444444444 79.1127777777778,14.2719444444444 79.1127777777778,14.2722222222222 79.1130555555555,14.2722222222222 79.1130555555555,14.2727777777778 79.1141666666667,14.2727777777778 79.1141666666667,14.2730555555556 79.1144444444444,14.2730555555556 79.1144444444444,14.2733333333333 79.1147222222222,14.2733333333333 79.1147222222222,14.2736111111111 79.115,14.2736111111111 79.115,14.2738888888889 79.1152777777778,14.2738888888889 79.1152777777778,14.2744444444444 79.1155555555556,14.2744444444444 79.1155555555556,14.2747222222222 79.1158333333333,14.2747222222222 79.1158333333333,14.275 79.1163888888889,14.275 79.1163888888889,14.2752777777778 79.1166666666667,14.2752777777778 79.1166666666667,14.2755555555556 79.1172222222222,14.2755555555556 79.1172222222222,14.2758333333333 79.1183333333333,14.2758333333333 79.1183333333333,14.2755555555556 79.1186111111111,14.2755555555556 79.1186111111111,14.275 79.1188888888889,14.275 79.1188888888889,14.2730555555556 79.1191666666667,14.2730555555556 79.1191666666667,14.2727777777778 79.1197222222222,14.2727777777778 79.1197222222222,14.2725 79.12,14.2725 79.12,14.2722222222222 79.1202777777778,14.2722222222222 79.1202777777778,14.2719444444444 79.1205555555556,14.2719444444444 79.1205555555556,14.2713888888889 79.1208333333333,14.2713888888889 79.1208333333333,14.2711111111111 79.1211111111111,14.2711111111111 79.1211111111111,14.2708333333333 79.1216666666667,14.2708333333333 79.1216666666667,14.2705555555556 79.1219444444444,14.2705555555556 79.1219444444444,14.2702777777778 79.1222222222222,14.2702777777778 79.1222222222222,14.2697222222222 79.1219444444444,14.2697222222222 79.1219444444444,14.2694444444444 79.1216666666667,14.2694444444444 79.1216666666667,14.2691666666667 79.1208333333333,14.2691666666667 79.1208333333333,14.2688888888889 79.1194444444444,14.2688888888889 79.1194444444444,14.2686111111111 79.1183333333333,14.2686111111111 79.1183333333333,14.2683333333333 79.1175,14.2683333333333 79.1175,14.2680555555556 79.115,14.2680555555556 79.115,14.2677777777778 79.1147222222222,14.2677777777778 79.1147222222222,14.2644444444444 79.1158333333333,14.2644444444444 79.1158333333333,14.2647222222222 79.1163888888889,14.2647222222222 79.1163888888889,14.265 79.1169444444444,14.265 79.1169444444444,14.2647222222222 79.1175,14.2647222222222 79.1175,14.2644444444444 79.1186111111111,14.2644444444444 79.1186111111111,14.265 79.1175,14.265 79.1175,14.2652777777778 79.1163888888889,14.2652777777778 79.1163888888889,14.2658333333333 79.1161111111111,14.2658333333333 79.1161111111111,14.2661111111111 79.1163888888889,14.2661111111111 79.1163888888889,14.2663888888889 79.1166666666667,14.2663888888889 79.1166666666667,14.2666666666667 79.1191666666667,14.2666666666667 79.1191666666667,14.2663888888889 79.1197222222222,14.2663888888889 79.1197222222222,14.2661111111111 79.1213888888889,14.2661111111111 79.1213888888889,14.2658333333333 79.1219444444444,14.2658333333333 79.1219444444444,14.2655555555556 79.1230555555556,14.2655555555556 79.1230555555556,14.2658333333333 79.1233333333333,14.2658333333333 79.1233333333333,14.2661111111111 79.1238888888889,14.2661111111111 79.1238888888889,14.2663888888889 79.1244444444444,14.2663888888889 79.1244444444444,14.2666666666667 79.125,14.2666666666667 79.125,14.2669444444444 79.1252777777778,14.2669444444444 79.1252777777778,14.2672222222222 79.1255555555556,14.2672222222222 79.1255555555556,14.2677777777778 79.1252777777778,14.2677777777778 79.1252777777778,14.2680555555556 79.125,14.2680555555556 79.125,14.2686111111111 79.1247222222222,14.2686111111111 79.1247222222222,14.2708333333333 79.1244444444444,14.2708333333333 79.1244444444444,14.2722222222222 79.1247222222222,14.2722222222222 79.1247222222222,14.2725 79.1255555555556,14.2725 79.1255555555556,14.2722222222222 79.1258333333333,14.2722222222222 79.1258333333333,14.2716666666667 79.1261111111111,14.2716666666667 79.1261111111111,14.2697222222222 79.1263888888889,14.2697222222222 79.1263888888889,14.2694444444444 79.1266666666667,14.2694444444444 79.1266666666667,14.2688888888889 79.1269444444444,14.2688888888889 79.1269444444444,14.2686111111111 79.1272222222222,14.2686111111111 79.1272222222222,14.2683333333333 79.1277777777778,14.2683333333333 79.1277777777778,14.2680555555556 79.1280555555555,14.2680555555556 79.1280555555555,14.2677777777778 79.1286111111111,14.2677777777778 79.1286111111111,14.2672222222222 79.1288888888889,14.2672222222222 79.1288888888889,14.2669444444444 79.1291666666667,14.2669444444444 79.1291666666667,14.2666666666667 79.1297222222222,14.2666666666667 79.1297222222222,14.2663888888889 79.13,14.2663888888889 79.13,14.2661111111111 79.1302777777778,14.2661111111111 79.1302777777778,14.2652777777778 79.13,14.2652777777778 79.13,14.265 79.1297222222222,14.265 79.1297222222222,14.2647222222222 79.1286111111111,14.2647222222222 79.1286111111111,14.2644444444444 79.1277777777778,14.2644444444444 79.1277777777778,14.2641666666667 79.1275,14.2641666666667 79.1275,14.2636111111111 79.1277777777778,14.2636111111111 79.1277777777778,14.2633333333333 79.1302777777778,14.2633333333333 79.1302777777778,14.2636111111111 79.1311111111111,14.2636111111111 79.1311111111111,14.2633333333333 79.1313888888889,14.2633333333333 79.1313888888889,14.2630555555556 79.1319444444444,14.2630555555556 79.1319444444444,14.2627777777778 79.1322222222222,14.2627777777778 79.1322222222222,14.2625 79.1333333333333,14.2625 79.1333333333333,14.2627777777778 79.135,14.2627777777778 79.135,14.2630555555556 79.1375,14.2630555555556 79.1375,14.2633333333333 79.1377777777778,14.2633333333333 79.1377777777778,14.265 79.1380555555556,14.265 79.1380555555556,14.2652777777778 79.1383333333333,14.2652777777778 79.1383333333333,14.2655555555556 79.1386111111111,14.2655555555556 79.1386111111111,14.2658333333333 79.1391666666667,14.2658333333333 79.1391666666667,14.2661111111111 79.1397222222222,14.2661111111111 79.1397222222222,14.2663888888889 79.1405555555556,14.2663888888889 79.1405555555556,14.2661111111111 79.1413888888889,14.2661111111111 79.1413888888889,14.2658333333333 79.1419444444444,14.2658333333333 79.1419444444444,14.2655555555556 79.1422222222222,14.2655555555556 79.1422222222222,14.2652777777778 79.1425,14.2652777777778 79.1425,14.265 79.1430555555555,14.265 79.1430555555555,14.2647222222222 79.1436111111111,14.2647222222222 79.1436111111111,14.2644444444444 79.1444444444444,14.2644444444444 79.1444444444444,14.2641666666667 79.145,14.2641666666667 79.145,14.2638888888889 79.1452777777778,14.2638888888889 79.1452777777778,14.2636111111111 79.1455555555556,14.2636111111111 79.1455555555556,14.2633333333333 79.1458333333333,14.2633333333333 79.1458333333333,14.2627777777778 79.1461111111111,14.2627777777778 79.1461111111111,14.2541666666667 79.1458333333333,14.2541666666667 79.1458333333333,14.2536111111111 79.1452777777778,14.2536111111111 79.1452777777778,14.2533333333333 79.1425,14.2533333333333 79.1425,14.2536111111111 79.1419444444444,14.2536111111111 79.1419444444444,14.2538888888889 79.1413888888889,14.2538888888889 79.1413888888889,14.2541666666667 79.1405555555556,14.2541666666667 79.1405555555556,14.2544444444444 79.1402777777778,14.2544444444444 79.1402777777778,14.2547222222222 79.1388888888889,14.2547222222222 79.1388888888889,14.255 79.1375,14.255 79.1375,14.2544444444444 79.1366666666667,14.2544444444444 79.1366666666667,14.2541666666667 79.1361111111111,14.2541666666667 79.1361111111111,14.2538888888889 79.1344444444444,14.2538888888889 79.1344444444444,14.2541666666667 79.1333333333333,14.2541666666667 79.1333333333333,14.2544444444444 79.1308333333333,14.2544444444444 79.1308333333333,14.2547222222222 79.13,14.2547222222222 79.13,14.255 79.1288888888889,14.255 79.1288888888889,14.2547222222222 79.1283333333333,14.2547222222222 79.1283333333333,14.2544444444444 79.1277777777778,14.2544444444444 79.1277777777778,14.2541666666667 79.1272222222222,14.2541666666667 79.1272222222222,14.2538888888889 79.1266666666667,14.2538888888889 79.1266666666667,14.2541666666667 79.1261111111111,14.2541666666667 79.1261111111111,14.2544444444444 79.1258333333333,14.2544444444444 79.1258333333333,14.255 79.1255555555556,14.255 79.1255555555556,14.2552777777778 79.1247222222222,14.2552777777778 79.1247222222222,14.255 79.1233333333333,14.255 79.1233333333333,14.2547222222222 79.1230555555556,14.2547222222222 79.1230555555556,14.2544444444444 79.1233333333333,14.2544444444444 79.1233333333333,14.2533333333333 79.1230555555556,14.2533333333333 79.1230555555556,14.2530555555556 79.1227777777778,14.2530555555556 79.1227777777778,14.2525 79.1225,14.2525 79.1225,14.2522222222222 79.1222222222222,14.2522222222222 79.1222222222222,14.2519444444444 79.1219444444444,14.2519444444444 79.1219444444444,14.2516666666667 79.1216666666667,14.2516666666667 79.1216666666667,14.2513888888889 79.1213888888889,14.2513888888889 79.1213888888889,14.2511111111111 79.1211111111111,14.2511111111111 79.1211111111111,14.2502777777778 79.1208333333333,14.2502777777778 79.1208333333333,14.2491666666667 79.1205555555556,14.2491666666667 79.1205555555556,14.2486111111111 79.1202777777778,14.2486111111111 79.1202777777778,14.2469444444444 79.12,14.2469444444444 79.12,14.2463888888889 79.1197222222222,14.2463888888889 79.1197222222222,14.2458333333333 79.1194444444444,14.2458333333333 79.1194444444444,14.2402777777778 79.1191666666667,14.2402777777778 79.1191666666667,14.2422222222222 79.1188888888889,14.2422222222222 79.1188888888889,14.2427777777778 79.1191666666667,14.2427777777778 79.1191666666667,14.2452777777778 79.1188888888889,14.2452777777778 79.1188888888889,14.2461111111111 79.1191666666667,14.2461111111111 79.1191666666667,14.2463888888889 79.1194444444444,14.2463888888889 79.1194444444444,14.2469444444444 79.1197222222222,14.2469444444444 79.1197222222222,14.2483333333333 79.12,14.2483333333333 79.12,14.2491666666667 79.1202777777778,14.2491666666667 79.1202777777778,14.2497222222222 79.1205555555556,14.2497222222222 79.1205555555556,14.2511111111111 79.1208333333333,14.2511111111111 79.1208333333333,14.2513888888889 79.1211111111111,14.2513888888889 79.1211111111111,14.2519444444444 79.1213888888889,14.2519444444444 79.1213888888889,14.2522222222222 79.1216666666667,14.2522222222222 79.1216666666667,14.2525 79.1222222222222,14.2525 79.1222222222222,14.2530555555556 79.1225,14.2530555555556 79.1225,14.2536111111111 79.1227777777778,14.2536111111111 79.1227777777778,14.2538888888889 79.1225,14.2538888888889 79.1225,14.2544444444444 79.1222222222222,14.2544444444444 79.1222222222222,14.255 79.1225,14.255 79.1225,14.2552777777778 79.1238888888889,14.2552777777778 79.1238888888889,14.2555555555556 79.1258333333333,14.2555555555556 79.1258333333333,14.2552777777778 79.1261111111111,14.2552777777778 79.1261111111111,14.255 79.1266666666667,14.255 79.1266666666667,14.2547222222222 79.1269444444444,14.2547222222222 79.1269444444444,14.255 79.1283333333333,14.255 79.1283333333333,14.2552777777778 79.1302777777778,14.2552777777778 79.1302777777778,14.255 79.1330555555556,14.255 79.1330555555556,14.2547222222222 79.1352777777778,14.2547222222222 79.1352777777778,14.255 79.1355555555556,14.255 79.1355555555556,14.2552777777778 79.1358333333333,14.2552777777778 79.1358333333333,14.2555555555556 79.1361111111111,14.2555555555556 79.1361111111111,14.2558333333333 79.1383333333333,14.2558333333333 79.1383333333333,14.2555555555556 79.14,14.2555555555556 79.14,14.2552777777778 79.1405555555556,14.2552777777778 79.1405555555556,14.255 79.1413888888889,14.255 79.1413888888889,14.2547222222222 79.1419444444444,14.2547222222222 79.1419444444444,14.2544444444444 79.1422222222222,14.2544444444444 79.1422222222222,14.2541666666667 79.1427777777778,14.2541666666667 79.1427777777778,14.2538888888889 79.1444444444444,14.2538888888889 79.1444444444444,14.2541666666667 79.145,14.2541666666667 79.145,14.2547222222222 79.1452777777778,14.2547222222222 79.1452777777778,14.2608333333333 79.1455555555556,14.2608333333333 79.1455555555556,14.2616666666667 79.1452777777778,14.2616666666667 79.1452777777778,14.2622222222222 79.145,14.2622222222222 79.145,14.2625 79.1447222222222,14.2625 79.1447222222222,14.2627777777778 79.1444444444444,14.2627777777778 79.1444444444444,14.2630555555556 79.1441666666667,14.2630555555556 79.1441666666667,14.2633333333333 79.1438888888889,14.2633333333333 79.1438888888889,14.2636111111111 79.1433333333333,14.2636111111111 79.1433333333333,14.2638888888889 79.1425,14.2638888888889 79.1425,14.2641666666667 79.1419444444444,14.2641666666667 79.1419444444444,14.2644444444444 79.1416666666667,14.2644444444444 79.1416666666667,14.2647222222222 79.1402777777778,14.2647222222222 79.1402777777778,14.2644444444444 79.1397222222222,14.2644444444444 79.1397222222222,14.2641666666667 79.1394444444445,14.2641666666667 79.1394444444445,14.2638888888889 79.1391666666667,14.2638888888889 79.1391666666667,14.2636111111111 79.1388888888889,14.2636111111111 79.1388888888889,14.2633333333333 79.1383333333333,14.2633333333333 79.1383333333333,14.2630555555556 79.1380555555556,14.2630555555556 79.1380555555556,14.2627777777778 79.1375,14.2627777777778 79.1375,14.2625 79.1338888888889,14.2625 79.1338888888889,14.2622222222222 79.1327777777778,14.2622222222222 79.1327777777778,14.2619444444444 79.1322222222222,14.2619444444444 79.1322222222222,14.2622222222222 79.1316666666667,14.2622222222222 79.1316666666667,14.2625 79.1313888888889,14.2625 79.1313888888889,14.2627777777778 79.1308333333333,14.2627777777778 79.1308333333333,14.2630555555556 79.1291666666667,14.2630555555556 79.1291666666667,14.2627777777778 79.1286111111111,14.2627777777778 79.1286111111111,14.2630555555556 79.1275,14.2630555555556 79.1275,14.2633333333333 79.1266666666667,14.2633333333333 79.1266666666667,14.2636111111111 79.1263888888889,14.2636111111111 79.1263888888889,14.2638888888889 79.1261111111111,14.2638888888889 79.1261111111111,14.2641666666667 79.1258333333333,14.2641666666667 79.1258333333333,14.2647222222222 79.1263888888889,14.2647222222222 79.1263888888889,14.265 79.1272222222222,14.265 79.1272222222222,14.2652777777778 79.1283333333333,14.2652777777778 79.1283333333333,14.265 79.1288888888889,14.265 79.1288888888889,14.2652777777778 79.1294444444444,14.2652777777778 79.1294444444444,14.2655555555556 79.1297222222222,14.2655555555556 79.1297222222222,14.2658333333333 79.1294444444444,14.2658333333333 79.1294444444444,14.2661111111111 79.1291666666667,14.2661111111111 79.1291666666667,14.2663888888889 79.1286111111111,14.2663888888889 79.1286111111111,14.2666666666667 79.1283333333333,14.2666666666667 79.1283333333333,14.2672222222222 79.1277777777778,14.2672222222222 79.1277777777778,14.2675 79.1272222222222,14.2675 79.1272222222222,14.2672222222222 79.1269444444444,14.2672222222222 79.1269444444444,14.2669444444444 79.1266666666667,14.2669444444444 79.1266666666667,14.2663888888889 79.1255555555556,14.2663888888889 79.1255555555556,14.2661111111111 79.125,14.2661111111111 79.125,14.2658333333333 79.1247222222222,14.2658333333333 79.1247222222222,14.265 79.125,14.265 79.125,14.2644444444444 79.1247222222222,14.2644444444444 79.1247222222222,14.2641666666667 79.1244444444444,14.2641666666667 79.1244444444444,14.2638888888889 79.1230555555556,14.2638888888889 79.1230555555556,14.2641666666667 79.1219444444444,14.2641666666667 79.1219444444444,14.2644444444444 79.1208333333333,14.2644444444444 79.1208333333333,14.2647222222222 79.1194444444444,14.2647222222222 79.1194444444444,14.2644444444444 79.1191666666667,14.2644444444444 79.1191666666667,14.2641666666667 79.1186111111111,14.2641666666667 79.1186111111111,14.2638888888889 79.1175,14.2638888888889 79.1175,14.2641666666667 79.1152777777778,14.2641666666667 79.1152777777778,14.2638888888889 79.1138888888889,14.2638888888889 79.1138888888889,14.2641666666667 79.1136111111111,14.2641666666667 79.1136111111111,14.2647222222222 79.1138888888889,14.2647222222222 79.1138888888889,14.2652777777778 79.1141666666667,14.2652777777778 79.1141666666667,14.2688888888889 79.1138888888889,14.2688888888889 79.1138888888889,14.2691666666667 79.1127777777778,14.2691666666667 79.1127777777778,14.2688888888889 79.1125,14.2688888888889 79.1125,14.2686111111111 79.1116666666667,14.2686111111111 79.1116666666667,14.2683333333333 79.1113888888889,14.2683333333333 79.1113888888889,14.2688888888889 79.1111111111111,14.2688888888889 79.1111111111111,14.2691666666667 79.1094444444444,14.2691666666667 79.1094444444444,14.2688888888889 79.1091666666667,14.2688888888889 79.1091666666667,14.2686111111111 79.1080555555556,14.2686111111111 79.1080555555556,14.2688888888889 79.1075,14.2688888888889 79.1075,14.2691666666667 79.1072222222222,14.2691666666667 79.1072222222222,14.2688888888889 79.1063888888889,14.2688888888889 79.1063888888889,14.2683333333333 79.1061111111111,14.2683333333333 79.1061111111111,14.2675 79.1058333333333,14.2675 79.1058333333333,14.2672222222222 79.1055555555556,14.2672222222222 79.1055555555556,14.2669444444444 79.1052777777778,14.2669444444444 79.1052777777778,14.2672222222222 79.105,14.2672222222222 79.105,14.2677777777778 79.1047222222222,14.2677777777778 79.1047222222222,14.2680555555556 79.1044444444444,14.2680555555556 79.1044444444444,14.2683333333333 79.1041666666667,14.2683333333333 79.1041666666667,14.2686111111111 79.1027777777778,14.2686111111111 79.1027777777778,14.2683333333333 79.1022222222222,14.2683333333333 79.1022222222222,14.2680555555556 79.1013888888889,14.2680555555556 79.1013888888889,14.2677777777778 79.1002777777778,14.2677777777778 79.1002777777778,14.2680555555556 79.1,14.2680555555556 79.1,14.2683333333333 79.0994444444444,14.2683333333333 79.0994444444444,14.2686111111111 79.0988888888889,14.2686111111111 79.0988888888889,14.2688888888889 79.0966666666667,14.2688888888889 79.0966666666667,14.2683333333333 79.0963888888889,14.2683333333333 79.0963888888889,14.2677777777778 79.0961111111111,14.2677777777778 79.0961111111111,14.2672222222222 79.0958333333333,14.2672222222222 79.0958333333333,14.2669444444444 79.0955555555555,14.2669444444444 79.0955555555555,14.2666666666667 79.0952777777778,14.2666666666667 79.0952777777778,14.2663888888889 79.095,14.2663888888889 79.095,14.2661111111111 79.0947222222222,14.2661111111111 79.0947222222222,14.2658333333333 79.0933333333333,14.2658333333333 79.0933333333333,14.2655555555556 79.0927777777778,14.2655555555556 79.0927777777778,14.2652777777778 79.0916666666667,14.2652777777778 79.0916666666667,14.2655555555556 79.0913888888889,14.2655555555556 79.0913888888889,14.2658333333333 79.0908333333333,14.2658333333333 79.0908333333333,14.2663888888889 79.0905555555556,14.2663888888889 79.0905555555556,14.2666666666667 79.0902777777778,14.2666666666667 79.0902777777778,14.2669444444444 79.09,14.2669444444444 79.09,14.2672222222222 79.0888888888889,14.2672222222222 79.0888888888889,14.2669444444444 79.0886111111111,14.2669444444444 79.0886111111111,14.2666666666667 79.0883333333333,14.2666666666667 79.0883333333333,14.2661111111111 79.0880555555556,14.2661111111111 79.0880555555556,14.2658333333333 79.0872222222222,14.2658333333333 79.0872222222222,14.2661111111111 79.0858333333333,14.2661111111111 79.0858333333333,14.2658333333333 79.0855555555556,14.2658333333333 79.0855555555556,14.2652777777778 79.0852777777778,14.2652777777778 79.0852777777778,14.2647222222222 79.085,14.2647222222222 79.085,14.2641666666667 79.0844444444444,14.2641666666667 79.0844444444444,14.2638888888889 79.0836111111111,14.2638888888889 79.0836111111111,14.2636111111111 79.0833333333333,14.2636111111111 79.0833333333333,14.2633333333333 79.0827777777778,14.2633333333333 79.0827777777778,14.2630555555556 79.0822222222222,14.2630555555556 79.0822222222222,14.2633333333333 79.0819444444444,14.2633333333333 79.0819444444444,14.2636111111111 79.0816666666667,14.2636111111111 79.0816666666667,14.2638888888889 79.0811111111111,14.2638888888889 79.0811111111111,14.2636111111111 79.0805555555555,14.2636111111111 79.0805555555555,14.2633333333333 79.0802777777778,14.2633333333333 79.0802777777778,14.2630555555556 79.08,14.2630555555556 79.08,14.2627777777778 79.0794444444444,14.2627777777778 79.0794444444444,14.2625 79.0791666666667,14.2625 79.0791666666667,14.2622222222222 79.0788888888889,14.2622222222222 79.0788888888889,14.2619444444444 79.0786111111111,14.2619444444444 79.0786111111111,14.2616666666667 79.0783333333333,14.2616666666667 79.0783333333333,14.2605555555556 79.0791666666667,14.2605555555556 79.0791666666667,14.2602777777778 79.0794444444444,14.2602777777778 79.0794444444444,14.26 79.08,14.26 79.08,14.2597222222222 79.0808333333333,14.2597222222222 79.0808333333333,14.2594444444444 79.0816666666667,14.2594444444444 79.0816666666667,14.2591666666667 79.0819444444444,14.2591666666667 79.0819444444444,14.2580555555556 79.0816666666667,14.2580555555556 79.0816666666667,14.2577777777778 79.0813888888889,14.2577777777778 79.0813888888889,14.2575 79.0811111111111,14.2575 79.0811111111111,14.2572222222222 79.0802777777778,14.2572222222222 79.0802777777778,14.2575 79.08,14.2575 79.08,14.2572222222222 79.0786111111111,14.2572222222222 79.0786111111111,14.2569444444444 79.0783333333333,14.2569444444444 79.0783333333333,14.2563888888889 79.0780555555556,14.2563888888889 79.0780555555556,14.2561111111111 79.0772222222222,14.2561111111111 79.0772222222222,14.2558333333333 79.0769444444445,14.2558333333333 79.0769444444445,14.2555555555556 79.0766666666667,14.2555555555556 79.0766666666667,14.255 79.0755555555556,14.255 79.0755555555556,14.2552777777778 79.0752777777778,14.2552777777778 79.0752777777778,14.2555555555556 79.0747222222222,14.2555555555556 79.0747222222222,14.2558333333333 79.0741666666667,14.2558333333333 79.0741666666667,14.2561111111111 79.0738888888889,14.2561111111111 79.0738888888889,14.2577777777778 79.0741666666667,14.2577777777778 79.0741666666667,14.2580555555556 79.0744444444444,14.2580555555556 79.0744444444444,14.2588888888889 79.0738888888889,14.2588888888889 79.0738888888889,14.2591666666667 79.0730555555556,14.2591666666667 79.0730555555556,14.2594444444444 79.0727777777778,14.2594444444444 79.0727777777778,14.2611111111111 79.0725,14.2611111111111 79.0725,14.2616666666667 79.0722222222222,14.2616666666667 79.0722222222222,14.2619444444444 79.0711111111111,14.2619444444444 79.0711111111111,14.2616666666667 79.0705555555556,14.2616666666667 79.0705555555556,14.2613888888889 79.0702777777778,14.2613888888889 79.0702777777778,14.2605555555556 79.0705555555556,14.2605555555556 79.0705555555556,14.2602777777778 79.0708333333333,14.2602777777778 79.0708333333333,14.26 79.0711111111111,14.26 79.0711111111111,14.2597222222222 79.0713888888889,14.2597222222222 79.0713888888889,14.2594444444444 79.0719444444444,14.2594444444444 79.0719444444444,14.2591666666667 79.0727777777778,14.2591666666667 79.0727777777778,14.2583333333333 79.0730555555556,14.2583333333333 79.0730555555556,14.2575 79.0727777777778,14.2575 79.0727777777778,14.2572222222222 79.0716666666667,14.2572222222222 79.0716666666667,14.2575 79.0722222222222,14.2575 79.0722222222222,14.2577777777778 79.0725,14.2577777777778 79.0725,14.2583333333333 79.0722222222222,14.2583333333333 79.0722222222222,14.2586111111111 79.0719444444444,14.2586111111111 79.0719444444444,14.2588888888889 79.0711111111111,14.2588888888889 79.0711111111111,14.2591666666667 79.0708333333333,14.2591666666667 79.0708333333333,14.2594444444444 79.0705555555556,14.2594444444444 79.0705555555556,14.26 79.07,14.26 79.07,14.2602777777778 79.0697222222222,14.2602777777778 79.0697222222222,14.26 79.0694444444444,14.26 79.0694444444444,14.2591666666667 79.0697222222222,14.2591666666667 79.0697222222222,14.2588888888889 79.07,14.2588888888889 79.07,14.2586111111111 79.0702777777778,14.2586111111111 79.0702777777778,14.2583333333333 79.0705555555556,14.2583333333333 79.0705555555556,14.2580555555556 79.07,14.2580555555556 79.07,14.2583333333333 79.0697222222222,14.2583333333333 79.0697222222222,14.2586111111111 79.0694444444444,14.2586111111111 79.0694444444444,14.2588888888889 79.0691666666667,14.2588888888889 79.0691666666667,14.2591666666667 79.0688888888889,14.2591666666667 79.0688888888889,14.2602777777778 79.0686111111111,14.2602777777778 79.0686111111111,14.2605555555556 79.0683333333333,14.2605555555556 79.0683333333333,14.2608333333333 79.0680555555556,14.2608333333333 79.0680555555556,14.2611111111111 79.0677777777778,14.2611111111111 79.0677777777778,14.2619444444444 79.0675,14.2619444444444 79.0675,14.2625 79.0669444444444,14.2625 79.0669444444444,14.2627777777778 79.0661111111111,14.2627777777778 79.0661111111111,14.2630555555556 79.0655555555555,14.2630555555556 79.0655555555555,14.2627777777778 79.0644444444444,14.2627777777778 79.0644444444444,14.2625 79.0630555555556,14.2625 79.0630555555556,14.2622222222222 79.0619444444444,14.2622222222222 79.0619444444444,14.2619444444444 79.0613888888889,14.2619444444444 79.0613888888889,14.2622222222222 79.0611111111111,14.2622222222222 79.0611111111111,14.2625 79.0608333333333,14.2625 79.0608333333333,14.2627777777778 79.0605555555556,14.2627777777778 79.0605555555556,14.2630555555556 79.0602777777778,14.2630555555556 79.0602777777778,14.2633333333333 79.06,14.2633333333333 79.06,14.2636111111111 79.0597222222222,14.2636111111111 79.0597222222222,14.2638888888889 79.0594444444444,14.2638888888889 79.0594444444444,14.2641666666667 79.0583333333333,14.2641666666667 79.0583333333333,14.2638888888889 79.0575,14.2638888888889 79.0575,14.2636111111111 79.0572222222222,14.2636111111111 79.0572222222222,14.2633333333333 79.0569444444444,14.2633333333333 79.0569444444444,14.2616666666667 79.0575,14.2616666666667 79.0575,14.2613888888889 79.0577777777778,14.2613888888889 79.0577777777778,14.2611111111111 79.0580555555556,14.2611111111111 79.0580555555556,14.2605555555556 79.0577777777778,14.2605555555556 79.0577777777778,14.26 79.0575,14.26 79.0575,14.2594444444444 79.0572222222222,14.2594444444444 79.0572222222222,14.2591666666667 79.0569444444444,14.2591666666667 79.0569444444444,14.2597222222222 79.0572222222222,14.2597222222222 79.0572222222222,14.2602777777778 79.0575,14.2602777777778 79.0575,14.2611111111111 79.0572222222222,14.2611111111111 79.0572222222222,14.2613888888889</coordinates></LinearRing></outerBoundaryIs><innerBoundaryIs><LinearRing><coordinates>79.1008333333333,14.2761111111111 79.1005555555556,14.2761111111111 79.1005555555556,14.2758333333333 79.1002777777778,14.2758333333333 79.1002777777778,14.2755555555556 79.0997222222222,14.2755555555556 79.0997222222222,14.2752777777778 79.0983333333333,14.2752777777778 79.0983333333333,14.275 79.0980555555556,14.275 79.0980555555556,14.2747222222222 79.0977777777778,14.2747222222222 79.0977777777778,14.2741666666667 79.0988888888889,14.2741666666667 79.0988888888889,14.2738888888889 79.0997222222222,14.2738888888889 79.0997222222222,14.2741666666667 79.1,14.2741666666667 79.1,14.2744444444444 79.1002777777778,14.2744444444444 79.1002777777778,14.2747222222222 79.1008333333333,14.2747222222222 79.1008333333333,14.275 79.1011111111111,14.275 79.1011111111111,14.2752777777778 79.1013888888889,14.2752777777778 79.1013888888889,14.2755555555556 79.1016666666667,14.2755555555556 79.1016666666667,14.2761111111111 79.1019444444444,14.2761111111111 79.1019444444444,14.2766666666667 79.1022222222222,14.2766666666667 79.1022222222222,14.2769444444444 79.1025,14.2769444444444 79.1025,14.2775 79.1027777777778,14.2775 79.1027777777778,14.2777777777778 79.1025,14.2777777777778 79.1025,14.2780555555556 79.1019444444444,14.2780555555556 79.1019444444444,14.2777777777778 79.1016666666667,14.2777777777778 79.1016666666667,14.2775 79.1011111111111,14.2775 79.1011111111111,14.2772222222222 79.1008333333333,14.2772222222222 79.1008333333333,14.2761111111111</coordinates></LinearRing></innerBoundaryIs><innerBoundaryIs><LinearRing><coordinates>79.0933333333333,14.2725 79.0930555555556,14.2725 79.0930555555556,14.2722222222222 79.0927777777778,14.2722222222222 79.0927777777778,14.2719444444444 79.0925,14.2719444444444 79.0925,14.2713888888889 79.0936111111111,14.2713888888889 79.0936111111111,14.2716666666667 79.095,14.2716666666667 79.095,14.2713888888889 79.0958333333333,14.2713888888889 79.0958333333333,14.2716666666667 79.0961111111111,14.2716666666667 79.0961111111111,14.2725 79.0963888888889,14.2725 79.0963888888889,14.2733333333333 79.0961111111111,14.2733333333333 79.0961111111111,14.2738888888889 79.0947222222222,14.2738888888889 79.0947222222222,14.2736111111111 79.0941666666667,14.2736111111111 79.0941666666667,14.2730555555556 79.0938888888889,14.2730555555556 79.0938888888889,14.2727777777778 79.0933333333333,14.2727777777778 79.0933333333333,14.2725</coordinates></LinearRing></innerBoundaryIs><innerBoundaryIs><LinearRing><coordinates>79.1141666666667,14.2697222222222 79.1144444444444,14.2697222222222 79.1144444444444,14.27 79.115,14.27 79.115,14.2708333333333 79.1152777777778,14.2708333333333 79.1152777777778,14.2716666666667 79.1144444444444,14.2716666666667 79.1144444444444,14.2713888888889 79.1141666666667,14.2713888888889 79.1141666666667,14.2711111111111 79.1138888888889,14.2711111111111 79.1138888888889,14.27 79.1141666666667,14.27 79.1141666666667,14.2697222222222</coordinates></LinearRing></innerBoundaryIs><innerBoundaryIs><LinearRing><coordinates>79.09,14.2697222222222 79.0902777777778,14.2697222222222 79.0902777777778,14.2691666666667 79.0905555555556,14.2691666666667 79.0905555555556,14.2683333333333 79.0911111111111,14.2683333333333 79.0911111111111,14.2694444444444 79.0913888888889,14.2694444444444 79.0913888888889,14.2697222222222 79.0916666666667,14.2697222222222 79.0916666666667,14.27 79.0919444444444,14.27 79.0919444444444,14.2702777777778 79.0922222222222,14.2702777777778 79.0922222222222,14.2711111111111 79.0916666666667,14.2711111111111 79.0916666666667,14.2708333333333 79.0908333333333,14.2708333333333 79.0908333333333,14.2705555555556 79.0902777777778,14.2705555555556 79.0902777777778,14.2702777777778 79.09,14.2702777777778 79.09,14.2697222222222</coordinates></LinearRing></innerBoundaryIs><innerBoundaryIs><LinearRing><coordinates>79.0930555555556,14.2691666666667 79.0927777777778,14.2691666666667 79.0927777777778,14.2688888888889 79.0925,14.2688888888889 79.0925,14.2686111111111 79.0922222222222,14.2686111111111 79.0922222222222,14.2683333333333 79.0919444444444,14.2683333333333 79.0919444444444,14.2680555555556 79.0916666666667,14.2680555555556 79.0916666666667,14.2675 79.0913888888889,14.2675 79.0913888888889,14.2672222222222 79.0911111111111,14.2672222222222 79.0911111111111,14.2669444444444 79.0913888888889,14.2669444444444 79.0913888888889,14.2663888888889 79.0916666666667,14.2663888888889 79.0916666666667,14.2658333333333 79.0927777777778,14.2658333333333 79.0927777777778,14.2661111111111 79.0930555555556,14.2661111111111 79.0930555555556,14.2663888888889 79.0938888888889,14.2663888888889 79.0938888888889,14.2666666666667 79.0947222222222,14.2666666666667 79.0947222222222,14.2669444444444 79.095,14.2669444444444 79.095,14.2672222222222 79.0952777777778,14.2672222222222 79.0952777777778,14.2675 79.0955555555555,14.2675 79.0955555555555,14.2683333333333 79.0958333333333,14.2683333333333 79.0958333333333,14.2691666666667 79.0955555555555,14.2691666666667 79.0955555555555,14.2697222222222 79.0952777777778,14.2697222222222 79.0952777777778,14.27 79.095,14.27 79.095,14.2705555555556 79.0947222222222,14.2705555555556 79.0947222222222,14.2708333333333 79.0938888888889,14.2708333333333 79.0938888888889,14.2705555555556 79.0936111111111,14.2705555555556 79.0936111111111,14.2702777777778 79.0933333333333,14.2702777777778 79.0933333333333,14.2697222222222 79.0930555555556,14.2697222222222 79.0930555555556,14.2691666666667</coordinates></LinearRing></innerBoundaryIs><innerBoundaryIs><LinearRing><coordinates>79.1238888888889,14.2647222222222 79.1236111111111,14.2647222222222 79.1236111111111,14.2644444444444 79.1238888888889,14.2644444444444 79.1238888888889,14.2647222222222</coordinates></LinearRing></innerBoundaryIs><innerBoundaryIs><LinearRing><coordinates>79.0758333333333,14.2580555555556 79.0755555555556,14.2580555555556 79.0755555555556,14.2577777777778 79.0752777777778,14.2577777777778 79.0752777777778,14.2575 79.0747222222222,14.2575 79.0747222222222,14.2572222222222 79.0744444444444,14.2572222222222 79.0744444444444,14.2569444444444 79.0747222222222,14.2569444444444 79.0747222222222,14.2566666666667 79.0755555555556,14.2566666666667 79.0755555555556,14.2569444444444 79.0758333333333,14.2569444444444 79.0758333333333,14.2572222222222 79.0775,14.2572222222222 79.0775,14.2575 79.0777777777778,14.2575 79.0777777777778,14.2580555555556 79.0780555555556,14.2580555555556 79.0780555555556,14.2591666666667 79.0777777777778,14.2591666666667 79.0777777777778,14.2594444444444 79.0766666666667,14.2594444444444 79.0766666666667,14.2591666666667 79.0763888888889,14.2591666666667 79.0763888888889,14.2588888888889 79.0761111111111,14.2588888888889 79.0761111111111,14.2586111111111 79.0758333333333,14.2586111111111 79.0758333333333,14.2580555555556</coordinates></LinearRing></innerBoundaryIs><innerBoundaryIs><LinearRing><coordinates>79.0811111111111,14.2580555555556 79.0813888888889,14.2580555555556 79.0813888888889,14.2586111111111 79.0811111111111,14.2586111111111 79.0811111111111,14.2588888888889 79.0794444444444,14.2588888888889 79.0794444444444,14.2586111111111 79.0791666666667,14.2586111111111 79.0791666666667,14.2580555555556 79.0797222222222,14.2580555555556 79.0797222222222,14.2577777777778 79.0811111111111,14.2577777777778 79.0811111111111,14.2580555555556</coordinates></LinearRing></innerBoundaryIs></Polygon><Polygon><outerBoundaryIs><LinearRing><coordinates>79.0569444444444,14.2588888888889 79.0566666666667,14.2588888888889 79.0566666666667,14.2591666666667 79.0569444444444,14.2591666666667 79.0569444444444,14.2588888888889</coordinates></LinearRing></outerBoundaryIs></Polygon><Polygon><outerBoundaryIs><LinearRing><coordinates>79.0555555555556,14.2588888888889 79.0566666666667,14.2588888888889 79.0566666666667,14.2586111111111 79.0555555555556,14.2586111111111 79.0555555555556,14.2588888888889</coordinates></LinearRing></outerBoundaryIs></Polygon><Polygon><outerBoundaryIs><LinearRing><coordinates>79.0716666666667,14.2577777777778 79.0716666666667,14.2575 79.0708333333333,14.2575 79.0708333333333,14.2577777777778 79.0705555555556,14.2577777777778 79.0705555555556,14.2580555555556 79.0711111111111,14.2580555555556 79.0711111111111,14.2577777777778 79.0716666666667,14.2577777777778</coordinates></LinearRing></outerBoundaryIs></Polygon><Polygon><outerBoundaryIs><LinearRing><coordinates>79.1105555555555,14.2675 79.1108333333333,14.2675 79.1108333333333,14.2680555555556 79.1111111111111,14.2680555555556 79.1111111111111,14.2683333333333 79.1113888888889,14.2683333333333 79.1113888888889,14.2675 79.1111111111111,14.2675 79.1111111111111,14.2666666666667 79.1108333333333,14.2666666666667 79.1108333333333,14.2663888888889 79.1105555555555,14.2663888888889 79.1105555555555,14.2675</coordinates></LinearRing></outerBoundaryIs></Polygon><Polygon><outerBoundaryIs><LinearRing><coordinates>79.0863888888889,14.2477777777778 79.0866666666667,14.2477777777778 79.0866666666667,14.2480555555556 79.0877777777778,14.2480555555556 79.0877777777778,14.2477777777778 79.0880555555556,14.2477777777778 79.0880555555556,14.2475 79.0883333333333,14.2475 79.0883333333333,14.2472222222222 79.0888888888889,14.2472222222222 79.0888888888889,14.2469444444444 79.0902777777778,14.2469444444444 79.0902777777778,14.2466666666667 79.0911111111111,14.2466666666667 79.0911111111111,14.2463888888889 79.0933333333333,14.2463888888889 79.0933333333333,14.2461111111111 79.0938888888889,14.2461111111111 79.0938888888889,14.2458333333333 79.0941666666667,14.2458333333333 79.0941666666667,14.2455555555556 79.0947222222222,14.2455555555556 79.0947222222222,14.2452777777778 79.0963888888889,14.2452777777778 79.0963888888889,14.245 79.0969444444444,14.245 79.0969444444444,14.2447222222222 79.0972222222222,14.2447222222222 79.0972222222222,14.2444444444444 79.0977777777778,14.2444444444444 79.0977777777778,14.2441666666667 79.0983333333333,14.2441666666667 79.0983333333333,14.2438888888889 79.0997222222222,14.2438888888889 79.0997222222222,14.2436111111111 79.1013888888889,14.2436111111111 79.1013888888889,14.2438888888889 79.1016666666667,14.2438888888889 79.1016666666667,14.2447222222222 79.1013888888889,14.2447222222222 79.1013888888889,14.2455555555556 79.1011111111111,14.2455555555556 79.1011111111111,14.2461111111111 79.1013888888889,14.2461111111111 79.1013888888889,14.2463888888889 79.1016666666667,14.2463888888889 79.1016666666667,14.2466666666667 79.1019444444444,14.2466666666667 79.1019444444444,14.2469444444444 79.1022222222222,14.2469444444444 79.1022222222222,14.2472222222222 79.1025,14.2472222222222 79.1025,14.2483333333333 79.1027777777778,14.2483333333333 79.1027777777778,14.2486111111111 79.1038888888889,14.2486111111111 79.1038888888889,14.2480555555556 79.1047222222222,14.2480555555556 79.1047222222222,14.2483333333333 79.105,14.2483333333333 79.105,14.2486111111111 79.1055555555556,14.2486111111111 79.1055555555556,14.2488888888889 79.1063888888889,14.2488888888889 79.1063888888889,14.2491666666667 79.1075,14.2491666666667 79.1075,14.2488888888889 79.1077777777778,14.2488888888889 79.1077777777778,14.2486111111111 79.1080555555556,14.2486111111111 79.1080555555556,14.2483333333333 79.1083333333333,14.2483333333333 79.1083333333333,14.2461111111111 79.1080555555556,14.2461111111111 79.1080555555556,14.2458333333333 79.1077777777778,14.2458333333333 79.1077777777778,14.2455555555556 79.1075,14.2455555555556 79.1075,14.2452777777778 79.1072222222222,14.2452777777778 79.1072222222222,14.245 79.1069444444444,14.245 79.1069444444444,14.2438888888889 79.1072222222222,14.2438888888889 79.1072222222222,14.2433333333333 79.1075,14.2433333333333 79.1075,14.2430555555556 79.1077777777778,14.2430555555556 79.1077777777778,14.2427777777778 79.1083333333333,14.2427777777778 79.1083333333333,14.2425 79.1086111111111,14.2425 79.1086111111111,14.2422222222222 79.1094444444444,14.2422222222222 79.1094444444444,14.2419444444444 79.1105555555555,14.2419444444444 79.1105555555555,14.2416666666667 79.1111111111111,14.2416666666667 79.1111111111111,14.2413888888889 79.1116666666667,14.2413888888889 79.1116666666667,14.2411111111111 79.1119444444444,14.2411111111111 79.1119444444444,14.2408333333333 79.1122222222222,14.2408333333333 79.1122222222222,14.2402777777778 79.1127777777778,14.2402777777778 79.1127777777778,14.24 79.1136111111111,14.24 79.1136111111111,14.2397222222222 79.1141666666667,14.2397222222222 79.1141666666667,14.2394444444444 79.1147222222222,14.2394444444444 79.1147222222222,14.2391666666667 79.115,14.2391666666667 79.115,14.2386111111111 79.1152777777778,14.2386111111111 79.1152777777778,14.2375 79.1155555555556,14.2375 79.1155555555556,14.2366666666667 79.1158333333333,14.2366666666667 79.1158333333333,14.2361111111111 79.1161111111111,14.2361111111111 79.1161111111111,14.2355555555556 79.1163888888889,14.2355555555556 79.1163888888889,14.2352777777778 79.1166666666667,14.2352777777778 79.1166666666667,14.2347222222222 79.1172222222222,14.2347222222222 79.1172222222222,14.2344444444444 79.1175,14.2344444444444 79.1175,14.2347222222222 79.1180555555556,14.2347222222222 79.1180555555556,14.235 79.1188888888889,14.235 79.1188888888889,14.2352777777778 79.1191666666667,14.2352777777778 79.1191666666667,14.2361111111111 79.1194444444444,14.2361111111111 79.1194444444444,14.2369444444444 79.1197222222222,14.2369444444444 79.1197222222222,14.2388888888889 79.1194444444444,14.2388888888889 79.1194444444444,14.2402777777778 79.1197222222222,14.2402777777778 79.1197222222222,14.2394444444444 79.12,14.2394444444444 79.12,14.2383333333333 79.1202777777778,14.2383333333333 79.1202777777778,14.2366666666667 79.12,14.2366666666667 79.12,14.2344444444444 79.1197222222222,14.2344444444444 79.1197222222222,14.2341666666667 79.1180555555556,14.2341666666667 79.1180555555556,14.2338888888889 79.1175,14.2338888888889 79.1175,14.2336111111111 79.1163888888889,14.2336111111111 79.1163888888889,14.2338888888889 79.1161111111111,14.2338888888889 79.1161111111111,14.2344444444444 79.1158333333333,14.2344444444444 79.1158333333333,14.235 79.1155555555556,14.235 79.1155555555556,14.2352777777778 79.1152777777778,14.2352777777778 79.1152777777778,14.2358333333333 79.115,14.2358333333333 79.115,14.2363888888889 79.1147222222222,14.2363888888889 79.1147222222222,14.2369444444444 79.1144444444444,14.2369444444444 79.1144444444444,14.2372222222222 79.1141666666667,14.2372222222222 79.1141666666667,14.2377777777778 79.1138888888889,14.2377777777778 79.1138888888889,14.2386111111111 79.1136111111111,14.2386111111111 79.1136111111111,14.2388888888889 79.1133333333333,14.2388888888889 79.1133333333333,14.2391666666667 79.1127777777778,14.2391666666667 79.1127777777778,14.2394444444444 79.1122222222222,14.2394444444444 79.1122222222222,14.2397222222222 79.1119444444444,14.2397222222222 79.1119444444444,14.2402777777778 79.1116666666667,14.2402777777778 79.1116666666667,14.2405555555556 79.1113888888889,14.2405555555556 79.1113888888889,14.2408333333333 79.1108333333333,14.2408333333333 79.1108333333333,14.2411111111111 79.1097222222222,14.2411111111111 79.1097222222222,14.2413888888889 79.1094444444444,14.2413888888889 79.1094444444444,14.2411111111111 79.1088888888889,14.2411111111111 79.1088888888889,14.2413888888889 79.1080555555556,14.2413888888889 79.1080555555556,14.2416666666667 79.1069444444444,14.2416666666667 79.1069444444444,14.2419444444444 79.1066666666667,14.2419444444444 79.1066666666667,14.2422222222222 79.1058333333333,14.2422222222222 79.1058333333333,14.2425 79.1052777777778,14.2425 79.1052777777778,14.2427777777778 79.105,14.2427777777778 79.105,14.2430555555556 79.1047222222222,14.2430555555556 79.1047222222222,14.2438888888889 79.105,14.2438888888889 79.105,14.2441666666667 79.1052777777778,14.2441666666667 79.1052777777778,14.2452777777778 79.1041666666667,14.2452777777778 79.1041666666667,14.2455555555556 79.1030555555556,14.2455555555556 79.1030555555556,14.2458333333333 79.1027777777778,14.2458333333333 79.1027777777778,14.2461111111111 79.1022222222222,14.2461111111111 79.1022222222222,14.2458333333333 79.1019444444444,14.2458333333333 79.1019444444444,14.2455555555556 79.1022222222222,14.2455555555556 79.1022222222222,14.2452777777778 79.1025,14.2452777777778 79.1025,14.245 79.1027777777778,14.245 79.1027777777778,14.2447222222222 79.1030555555556,14.2447222222222 79.1030555555556,14.2441666666667 79.1033333333333,14.2441666666667 79.1033333333333,14.2430555555556 79.1030555555556,14.2430555555556 79.1030555555556,14.2427777777778 79.1008333333333,14.2427777777778 79.1008333333333,14.2430555555556 79.0986111111111,14.2430555555556 79.0986111111111,14.2433333333333 79.0980555555556,14.2433333333333 79.0980555555556,14.2436111111111 79.0975,14.2436111111111 79.0975,14.2438888888889 79.0972222222222,14.2438888888889 79.0972222222222,14.2441666666667 79.0966666666667,14.2441666666667 79.0966666666667,14.2444444444444 79.0961111111111,14.2444444444444 79.0961111111111,14.2447222222222 79.0955555555555,14.2447222222222 79.0955555555555,14.2444444444444 79.0952777777778,14.2444444444444 79.0952777777778,14.2447222222222 79.0944444444444,14.2447222222222 79.0944444444444,14.245 79.0941666666667,14.245 79.0941666666667,14.2452777777778 79.0936111111111,14.2452777777778 79.0936111111111,14.2455555555556 79.0913888888889,14.2455555555556 79.0913888888889,14.2458333333333 79.0908333333333,14.2458333333333 79.0908333333333,14.2461111111111 79.09,14.2461111111111 79.09,14.2463888888889 79.0888888888889,14.2463888888889 79.0888888888889,14.2466666666667 79.0883333333333,14.2466666666667 79.0883333333333,14.2469444444444 79.0880555555556,14.2469444444444 79.0880555555556,14.2472222222222 79.0877777777778,14.2472222222222 79.0877777777778,14.2475 79.0875,14.2475 79.0875,14.2477777777778 79.0869444444444,14.2477777777778 79.0869444444444,14.2475 79.0866666666667,14.2475 79.0866666666667,14.2463888888889 79.0863888888889,14.2463888888889 79.0863888888889,14.2461111111111 79.0861111111111,14.2461111111111 79.0861111111111,14.2458333333333 79.0847222222222,14.2458333333333 79.0847222222222,14.2461111111111 79.0858333333333,14.2461111111111 79.0858333333333,14.2463888888889 79.0861111111111,14.2463888888889 79.0861111111111,14.2469444444444 79.0863888888889,14.2469444444444 79.0863888888889,14.2477777777778</coordinates></LinearRing></outerBoundaryIs><innerBoundaryIs><LinearRing><coordinates>79.105,14.2463888888889 79.1052777777778,14.2463888888889 79.1052777777778,14.2455555555556 79.1061111111111,14.2455555555556 79.1061111111111,14.2458333333333 79.1066666666667,14.2458333333333 79.1066666666667,14.2461111111111 79.1069444444444,14.2461111111111 79.1069444444444,14.2463888888889 79.1072222222222,14.2463888888889 79.1072222222222,14.2469444444444 79.1075,14.2469444444444 79.1075,14.2483333333333 79.1072222222222,14.2483333333333 79.1072222222222,14.2486111111111 79.1061111111111,14.2486111111111 79.1061111111111,14.2483333333333 79.1055555555556,14.2483333333333 79.1055555555556,14.2480555555556 79.1052777777778,14.2480555555556 79.1052777777778,14.2475 79.105,14.2475 79.105,14.2463888888889</coordinates></LinearRing></innerBoundaryIs></Polygon><Polygon><outerBoundaryIs><LinearRing><coordinates>79.0847222222222,14.2455555555556 79.0838888888889,14.2455555555556 79.0838888888889,14.2458333333333 79.0847222222222,14.2458333333333 79.0847222222222,14.2455555555556</coordinates></LinearRing></outerBoundaryIs></Polygon><Polygon><outerBoundaryIs><LinearRing><coordinates>79.0838888888889,14.2452777777778 79.0825,14.2452777777778 79.0825,14.2455555555556 79.0838888888889,14.2455555555556 79.0838888888889,14.2452777777778</coordinates></LinearRing></outerBoundaryIs></Polygon><Polygon><outerBoundaryIs><LinearRing><coordinates>79.0822222222222,14.2447222222222 79.0805555555555,14.2447222222222 79.0805555555555,14.2441666666667 79.0802777777778,14.2441666666667 79.0802777777778,14.245 79.0819444444444,14.245 79.0819444444444,14.2452777777778 79.0825,14.2452777777778 79.0825,14.245 79.0822222222222,14.245 79.0822222222222,14.2447222222222</coordinates></LinearRing></outerBoundaryIs></Polygon><Polygon><outerBoundaryIs><LinearRing><coordinates>79.0802777777778,14.2441666666667 79.0802777777778,14.2422222222222 79.08,14.2422222222222 79.08,14.2441666666667 79.0802777777778,14.2441666666667</coordinates></LinearRing></outerBoundaryIs></Polygon><Polygon><outerBoundaryIs><LinearRing><coordinates>79.0805555555555,14.2422222222222 79.0805555555555,14.2416666666667 79.0802777777778,14.2416666666667 79.0802777777778,14.2422222222222 79.0805555555555,14.2422222222222</coordinates></LinearRing></outerBoundaryIs></Polygon><Polygon><outerBoundaryIs><LinearRing><coordinates>79.0808333333333,14.2416666666667 79.0808333333333,14.2413888888889 79.0805555555555,14.2413888888889 79.0805555555555,14.2416666666667 79.0808333333333,14.2416666666667</coordinates></LinearRing></outerBoundaryIs></Polygon><Polygon><outerBoundaryIs><LinearRing><coordinates>79.0813888888889,14.2413888888889 79.0813888888889,14.2411111111111 79.0808333333333,14.2411111111111 79.0808333333333,14.2413888888889 79.0813888888889,14.2413888888889</coordinates></LinearRing></outerBoundaryIs></Polygon><Polygon><outerBoundaryIs><LinearRing><coordinates>79.0819444444444,14.2411111111111 79.0819444444444,14.2408333333333 79.0813888888889,14.2408333333333 79.0813888888889,14.2411111111111 79.0819444444444,14.2411111111111</coordinates></LinearRing></outerBoundaryIs></Polygon><Polygon><outerBoundaryIs><LinearRing><coordinates>79.0825,14.2408333333333 79.0825,14.2405555555556 79.0819444444444,14.2405555555556 79.0819444444444,14.2408333333333 79.0825,14.2408333333333</coordinates></LinearRing></outerBoundaryIs></Polygon><Polygon><outerBoundaryIs><LinearRing><coordinates>79.0791666666667,14.2336111111111 79.0791666666667,14.2333333333333 79.0794444444444,14.2333333333333 79.0794444444444,14.2327777777778 79.0797222222222,14.2327777777778 79.0797222222222,14.2325 79.08,14.2325 79.08,14.2322222222222 79.0808333333333,14.2322222222222 79.0808333333333,14.2325 79.0819444444444,14.2325 79.0819444444444,14.2322222222222 79.0825,14.2322222222222 79.0825,14.2316666666667 79.0827777777778,14.2316666666667 79.0827777777778,14.2302777777778 79.0830555555556,14.2302777777778 79.0830555555556,14.2297222222222 79.0833333333333,14.2297222222222 79.0833333333333,14.2294444444444 79.0838888888889,14.2294444444444 79.0838888888889,14.2291666666667 79.0844444444444,14.2291666666667 79.0844444444444,14.2288888888889 79.0847222222222,14.2288888888889 79.0847222222222,14.2286111111111 79.085,14.2286111111111 79.085,14.2283333333333 79.0852777777778,14.2283333333333 79.0852777777778,14.2280555555556 79.0863888888889,14.2280555555556 79.0863888888889,14.2302777777778 79.0866666666667,14.2302777777778 79.0866666666667,14.2305555555556 79.0869444444444,14.2305555555556 79.0869444444444,14.2308333333333 79.0872222222222,14.2308333333333 79.0872222222222,14.2325 79.0869444444444,14.2325 79.0869444444444,14.2330555555556 79.0866666666667,14.2330555555556 79.0866666666667,14.2333333333333 79.0863888888889,14.2333333333333 79.0863888888889,14.2338888888889 79.0861111111111,14.2338888888889 79.0861111111111,14.2355555555556 79.0863888888889,14.2355555555556 79.0863888888889,14.2361111111111 79.0861111111111,14.2361111111111 79.0861111111111,14.2363888888889 79.0858333333333,14.2363888888889 79.0858333333333,14.2366666666667 79.0855555555556,14.2366666666667 79.0855555555556,14.2375 79.0852777777778,14.2375 79.0852777777778,14.2383333333333 79.085,14.2383333333333 79.085,14.2386111111111 79.0847222222222,14.2386111111111 79.0847222222222,14.2391666666667 79.0844444444444,14.2391666666667 79.0844444444444,14.2394444444444 79.0841666666667,14.2394444444444 79.0841666666667,14.2397222222222 79.0836111111111,14.2397222222222 79.0836111111111,14.24 79.0830555555556,14.24 79.0830555555556,14.2402777777778 79.0825,14.2402777777778 79.0825,14.2405555555556 79.0836111111111,14.2405555555556 79.0836111111111,14.2402777777778 79.0841666666667,14.2402777777778 79.0841666666667,14.24 79.0844444444444,14.24 79.0844444444444,14.2397222222222 79.0847222222222,14.2397222222222 79.0847222222222,14.2394444444444 79.085,14.2394444444444 79.085,14.2391666666667 79.0852777777778,14.2391666666667 79.0852777777778,14.2386111111111 79.0855555555556,14.2386111111111 79.0855555555556,14.2380555555556 79.0858333333333,14.2380555555556 79.0858333333333,14.2372222222222 79.0861111111111,14.2372222222222 79.0861111111111,14.2369444444444 79.0863888888889,14.2369444444444 79.0863888888889,14.2366666666667 79.0869444444444,14.2366666666667 79.0869444444444,14.2363888888889 79.0872222222222,14.2363888888889 79.0872222222222,14.2355555555556 79.0869444444444,14.2355555555556 79.0869444444444,14.2352777777778 79.0866666666667,14.2352777777778 79.0866666666667,14.2341666666667 79.0869444444444,14.2341666666667 79.0869444444444,14.2336111111111 79.0872222222222,14.2336111111111 79.0872222222222,14.2330555555556 79.0875,14.2330555555556 79.0875,14.2327777777778 79.0877777777778,14.2327777777778 79.0877777777778,14.23 79.0872222222222,14.23 79.0872222222222,14.2297222222222 79.0869444444444,14.2297222222222 79.0869444444444,14.2275 79.0866666666667,14.2275 79.0866666666667,14.2272222222222 79.0863888888889,14.2272222222222 79.0863888888889,14.2269444444444 79.0855555555556,14.2269444444444 79.0855555555556,14.2272222222222 79.0852777777778,14.2272222222222 79.0852777777778,14.2275 79.085,14.2275 79.085,14.2277777777778 79.0847222222222,14.2277777777778 79.0847222222222,14.2280555555556 79.0844444444444,14.2280555555556 79.0844444444444,14.2283333333333 79.0830555555556,14.2283333333333 79.0830555555556,14.2286111111111 79.0827777777778,14.2286111111111 79.0827777777778,14.2291666666667 79.0825,14.2291666666667 79.0825,14.2297222222222 79.0822222222222,14.2297222222222 79.0822222222222,14.2302777777778 79.0819444444444,14.2302777777778 79.0819444444444,14.2311111111111 79.0813888888889,14.2311111111111 79.0813888888889,14.2313888888889 79.0811111111111,14.2313888888889 79.0811111111111,14.2311111111111 79.0802777777778,14.2311111111111 79.0802777777778,14.2313888888889 79.08,14.2313888888889 79.08,14.2316666666667 79.0797222222222,14.2316666666667 79.0797222222222,14.2319444444444 79.0794444444444,14.2319444444444 79.0794444444444,14.2322222222222 79.0791666666667,14.2322222222222 79.0791666666667,14.2327777777778 79.0788888888889,14.2327777777778 79.0788888888889,14.2333333333333 79.0786111111111,14.2333333333333 79.0786111111111,14.2336111111111 79.0783333333333,14.2336111111111 79.0783333333333,14.2352777777778 79.0780555555556,14.2352777777778 79.0780555555556,14.2369444444444 79.0783333333333,14.2369444444444 79.0783333333333,14.2361111111111 79.0786111111111,14.2361111111111 79.0786111111111,14.2344444444444 79.0788888888889,14.2344444444444 79.0788888888889,14.2336111111111 79.0791666666667,14.2336111111111</coordinates></LinearRing></outerBoundaryIs></Polygon><Polygon><outerBoundaryIs><LinearRing><coordinates>79.0780555555556,14.2377777777778 79.0780555555556,14.2369444444444 79.0777777777778,14.2369444444444 79.0777777777778,14.2375 79.0775,14.2375 79.0775,14.2397222222222 79.0777777777778,14.2397222222222 79.0777777777778,14.2377777777778 79.0780555555556,14.2377777777778</coordinates></LinearRing></outerBoundaryIs></Polygon><Polygon><outerBoundaryIs><LinearRing><coordinates>79.0480555555555,14.2558333333333 79.0480555555555,14.2552777777778 79.0472222222222,14.2552777777778 79.0472222222222,14.2555555555556 79.0475,14.2555555555556 79.0475,14.2558333333333 79.0480555555555,14.2558333333333</coordinates></LinearRing></outerBoundaryIs></Polygon><Polygon><outerBoundaryIs><LinearRing><coordinates>79.0233333333333,14.2552777777778 79.0227777777778,14.2552777777778 79.0227777777778,14.2558333333333 79.0225,14.2558333333333 79.0225,14.2563888888889 79.0227777777778,14.2563888888889 79.0227777777778,14.2566666666667 79.0225,14.2566666666667 79.0225,14.2569444444444 79.0222222222222,14.2569444444444 79.0222222222222,14.2572222222222 79.0219444444444,14.2572222222222 79.0219444444444,14.2580555555556 79.0222222222222,14.2580555555556 79.0222222222222,14.2583333333333 79.0227777777778,14.2583333333333 79.0227777777778,14.2586111111111 79.0233333333333,14.2586111111111 79.0233333333333,14.2588888888889 79.0236111111111,14.2588888888889 79.0236111111111,14.2591666666667 79.0238888888889,14.2591666666667 79.0238888888889,14.2594444444444 79.0241666666667,14.2594444444444 79.0241666666667,14.2597222222222 79.025,14.2597222222222 79.025,14.2594444444444 79.0244444444444,14.2594444444444 79.0244444444444,14.2591666666667 79.0241666666667,14.2591666666667 79.0241666666667,14.2588888888889 79.0238888888889,14.2588888888889 79.0238888888889,14.2586111111111 79.0236111111111,14.2586111111111 79.0236111111111,14.2583333333333 79.0230555555556,14.2583333333333 79.0230555555556,14.2580555555556 79.0227777777778,14.2580555555556 79.0227777777778,14.2577777777778 79.0225,14.2577777777778 79.0225,14.2575 79.0227777777778,14.2575 79.0227777777778,14.2569444444444 79.0230555555556,14.2569444444444 79.0230555555556,14.2561111111111 79.0233333333333,14.2561111111111 79.0233333333333,14.2555555555556 79.0238888888889,14.2555555555556 79.0238888888889,14.2552777777778 79.025,14.2552777777778 79.025,14.2558333333333 79.0252777777778,14.2558333333333 79.0252777777778,14.255 79.025,14.255 79.025,14.2547222222222 79.0238888888889,14.2547222222222 79.0238888888889,14.255 79.0233333333333,14.255 79.0233333333333,14.2552777777778</coordinates></LinearRing></outerBoundaryIs></Polygon><Polygon><outerBoundaryIs><LinearRing><coordinates>79.0252777777778,14.2563888888889 79.0255555555556,14.2563888888889 79.0255555555556,14.2558333333333 79.0252777777778,14.2558333333333 79.0252777777778,14.2563888888889</coordinates></LinearRing></outerBoundaryIs></Polygon><Polygon><outerBoundaryIs><LinearRing><coordinates>79.0255555555556,14.2569444444444 79.0258333333333,14.2569444444444 79.0258333333333,14.2563888888889 79.0255555555556,14.2563888888889 79.0255555555556,14.2569444444444</coordinates></LinearRing></outerBoundaryIs></Polygon><Polygon><outerBoundaryIs><LinearRing><coordinates>79.0258333333333,14.2572222222222 79.0261111111111,14.2572222222222 79.0261111111111,14.2569444444444 79.0258333333333,14.2569444444444 79.0258333333333,14.2572222222222</coordinates></LinearRing></outerBoundaryIs></Polygon><Polygon><outerBoundaryIs><LinearRing><coordinates>79.0261111111111,14.2575 79.0263888888889,14.2575 79.0263888888889,14.2572222222222 79.0261111111111,14.2572222222222 79.0261111111111,14.2575</coordinates></LinearRing></outerBoundaryIs></Polygon><Polygon><outerBoundaryIs><LinearRing><coordinates>79.0269444444444,14.2575 79.0263888888889,14.2575 79.0263888888889,14.2577777777778 79.0266666666667,14.2577777777778 79.0266666666667,14.2580555555556 79.0269444444444,14.2580555555556 79.0269444444444,14.2575</coordinates></LinearRing></outerBoundaryIs></Polygon><Polygon><outerBoundaryIs><LinearRing><coordinates>79.0269444444444,14.2583333333333 79.0272222222222,14.2583333333333 79.0272222222222,14.2580555555556 79.0269444444444,14.2580555555556 79.0269444444444,14.2583333333333</coordinates></LinearRing></outerBoundaryIs></Polygon><Polygon><outerBoundaryIs><LinearRing><coordinates>79.0277777777778,14.2586111111111 79.0275,14.2586111111111 79.0275,14.2583333333333 79.0272222222222,14.2583333333333 79.0272222222222,14.2588888888889 79.0277777777778,14.2588888888889 79.0277777777778,14.2586111111111</coordinates></LinearRing></outerBoundaryIs></Polygon><Polygon><outerBoundaryIs><LinearRing><coordinates>79.0277777777778,14.2588888888889 79.0277777777778,14.2591666666667 79.0283333333333,14.2591666666667 79.0283333333333,14.2594444444444 79.0288888888889,14.2594444444444 79.0288888888889,14.2591666666667 79.03,14.2591666666667 79.03,14.2588888888889 79.0302777777778,14.2588888888889 79.0302777777778,14.2586111111111 79.0308333333333,14.2586111111111 79.0308333333333,14.2583333333333 79.0330555555555,14.2583333333333 79.0330555555555,14.2580555555556 79.0305555555556,14.2580555555556 79.0305555555556,14.2583333333333 79.03,14.2583333333333 79.03,14.2586111111111 79.0294444444444,14.2586111111111 79.0294444444444,14.2588888888889 79.0277777777778,14.2588888888889</coordinates></LinearRing></outerBoundaryIs></Polygon><Polygon><outerBoundaryIs><LinearRing><coordinates>79.0336111111111,14.2580555555556 79.0336111111111,14.2577777777778 79.0330555555555,14.2577777777778 79.0330555555555,14.2580555555556 79.0336111111111,14.2580555555556</coordinates></LinearRing></outerBoundaryIs></Polygon><Polygon><outerBoundaryIs><LinearRing><coordinates>79.0338888888889,14.2577777777778 79.0338888888889,14.2575 79.0336111111111,14.2575 79.0336111111111,14.2577777777778 79.0338888888889,14.2577777777778</coordinates></LinearRing></outerBoundaryIs></Polygon><Polygon><outerBoundaryIs><LinearRing><coordinates>79.0341666666667,14.2572222222222 79.0344444444444,14.2572222222222 79.0344444444444,14.2566666666667 79.0341666666667,14.2566666666667 79.0341666666667,14.2563888888889 79.0338888888889,14.2563888888889 79.0338888888889,14.2561111111111 79.0336111111111,14.2561111111111 79.0336111111111,14.2558333333333 79.0333333333333,14.2558333333333 79.0333333333333,14.2563888888889 79.0336111111111,14.2563888888889 79.0336111111111,14.2566666666667 79.0338888888889,14.2566666666667 79.0338888888889,14.2575 79.0341666666667,14.2575 79.0341666666667,14.2572222222222</coordinates></LinearRing></outerBoundaryIs></Polygon><Polygon><outerBoundaryIs><LinearRing><coordinates>79.0325,14.2530555555556 79.0322222222222,14.2530555555556 79.0322222222222,14.2519444444444 79.0319444444444,14.2519444444444 79.0319444444444,14.2536111111111 79.0322222222222,14.2536111111111 79.0322222222222,14.2538888888889 79.0325,14.2538888888889 79.0325,14.255 79.0327777777778,14.255 79.0327777777778,14.2555555555556 79.0330555555555,14.2555555555556 79.0330555555555,14.2558333333333 79.0333333333333,14.2558333333333 79.0333333333333,14.2552777777778 79.0330555555555,14.2552777777778 79.0330555555555,14.2547222222222 79.0327777777778,14.2547222222222 79.0327777777778,14.2536111111111 79.0325,14.2536111111111 79.0325,14.2530555555556</coordinates></LinearRing></outerBoundaryIs></Polygon><Polygon><outerBoundaryIs><LinearRing><coordinates>79.05,14.2561111111111 79.0497222222222,14.2561111111111 79.0497222222222,14.2566666666667 79.0494444444444,14.2566666666667 79.0494444444444,14.2572222222222 79.0497222222222,14.2572222222222 79.0497222222222,14.2575 79.05,14.2575 79.05,14.2577777777778 79.0508333333333,14.2577777777778 79.0508333333333,14.2572222222222 79.0505555555555,14.2572222222222 79.0505555555555,14.2566666666667 79.0502777777778,14.2566666666667 79.0502777777778,14.2563888888889 79.05,14.2563888888889 79.05,14.2561111111111</coordinates></LinearRing></outerBoundaryIs><innerBoundaryIs><LinearRing><coordinates>79.05,14.2572222222222 79.05,14.2569444444444 79.0502777777778,14.2569444444444 79.0502777777778,14.2572222222222 79.05,14.2572222222222</coordinates></LinearRing></innerBoundaryIs></Polygon><Polygon><outerBoundaryIs><LinearRing><coordinates>79.0675,14.2588888888889 79.0677777777778,14.2588888888889 79.0677777777778,14.2586111111111 79.0680555555556,14.2586111111111 79.0680555555556,14.2583333333333 79.0683333333333,14.2583333333333 79.0683333333333,14.2580555555556 79.0686111111111,14.2580555555556 79.0686111111111,14.2577777777778 79.0688888888889,14.2577777777778 79.0688888888889,14.2575 79.0675,14.2575 79.0675,14.2572222222222 79.0661111111111,14.2572222222222 79.0661111111111,14.2575 79.0658333333333,14.2575 79.0658333333333,14.2577777777778 79.0655555555555,14.2577777777778 79.0655555555555,14.2580555555556 79.0652777777778,14.2580555555556 79.0652777777778,14.2588888888889 79.065,14.2588888888889 79.065,14.26 79.0666666666667,14.26 79.0666666666667,14.2597222222222 79.0669444444444,14.2597222222222 79.0669444444444,14.2594444444444 79.0672222222222,14.2594444444444 79.0672222222222,14.2591666666667 79.0675,14.2591666666667 79.0675,14.2588888888889</coordinates></LinearRing></outerBoundaryIs><innerBoundaryIs><LinearRing><coordinates>79.0672222222222,14.2575 79.0672222222222,14.2577777777778 79.0677777777778,14.2577777777778 79.0677777777778,14.2580555555556 79.0675,14.2580555555556 79.0675,14.2586111111111 79.0672222222222,14.2586111111111 79.0672222222222,14.2588888888889 79.0669444444444,14.2588888888889 79.0669444444444,14.2591666666667 79.0661111111111,14.2591666666667 79.0661111111111,14.2588888888889 79.0658333333333,14.2588888888889 79.0658333333333,14.2580555555556 79.0661111111111,14.2580555555556 79.0661111111111,14.2577777777778 79.0663888888889,14.2577777777778 79.0663888888889,14.2575 79.0672222222222,14.2575</coordinates></LinearRing></innerBoundaryIs></Polygon><Polygon><outerBoundaryIs><LinearRing><coordinates>79.1047222222222,14.2627777777778 79.1047222222222,14.2625 79.105,14.2625 79.105,14.2622222222222 79.1052777777778,14.2622222222222 79.1052777777778,14.2611111111111 79.105,14.2611111111111 79.105,14.2608333333333 79.1044444444444,14.2608333333333 79.1044444444444,14.2605555555556 79.1038888888889,14.2605555555556 79.1038888888889,14.2602777777778 79.1036111111111,14.2602777777778 79.1036111111111,14.26 79.1033333333333,14.26 79.1033333333333,14.2594444444444 79.1030555555556,14.2594444444444 79.1030555555556,14.2588888888889 79.1027777777778,14.2588888888889 79.1027777777778,14.2586111111111 79.1025,14.2586111111111 79.1025,14.2583333333333 79.1022222222222,14.2583333333333 79.1022222222222,14.2580555555556 79.1016666666667,14.2580555555556 79.1016666666667,14.2577777777778 79.1013888888889,14.2577777777778 79.1013888888889,14.2575 79.1011111111111,14.2575 79.1011111111111,14.2572222222222 79.1005555555556,14.2572222222222 79.1005555555556,14.2569444444444 79.1,14.2569444444444 79.1,14.2566666666667 79.0994444444444,14.2566666666667 79.0994444444444,14.2563888888889 79.0991666666667,14.2563888888889 79.0991666666667,14.2561111111111 79.0986111111111,14.2561111111111 79.0986111111111,14.2558333333333 79.0977777777778,14.2558333333333 79.0977777777778,14.2555555555556 79.0975,14.2555555555556 79.0975,14.2552777777778 79.0972222222222,14.2552777777778 79.0972222222222,14.255 79.0969444444444,14.255 79.0969444444444,14.2547222222222 79.0963888888889,14.2547222222222 79.0963888888889,14.2544444444444 79.0952777777778,14.2544444444444 79.0952777777778,14.2547222222222 79.0947222222222,14.2547222222222 79.0947222222222,14.255 79.0944444444444,14.255 79.0944444444444,14.2555555555556 79.0922222222222,14.2555555555556 79.0922222222222,14.2552777777778 79.0919444444444,14.2552777777778 79.0919444444444,14.255 79.0916666666667,14.255 79.0916666666667,14.2547222222222 79.0908333333333,14.2547222222222 79.0908333333333,14.2552777777778 79.0911111111111,14.2552777777778 79.0911111111111,14.2558333333333 79.0908333333333,14.2558333333333 79.0908333333333,14.2555555555556 79.0897222222222,14.2555555555556 79.0897222222222,14.2552777777778 79.0875,14.2552777777778 79.0875,14.255 79.0863888888889,14.255 79.0863888888889,14.2547222222222 79.085,14.2547222222222 79.085,14.255 79.0841666666667,14.255 79.0841666666667,14.2552777777778 79.0838888888889,14.2552777777778 79.0838888888889,14.2555555555556 79.0836111111111,14.2555555555556 79.0836111111111,14.2563888888889 79.0838888888889,14.2563888888889 79.0838888888889,14.2569444444444 79.0841666666667,14.2569444444444 79.0841666666667,14.2572222222222 79.0844444444444,14.2572222222222 79.0844444444444,14.2575 79.0847222222222,14.2575 79.0847222222222,14.2577777777778 79.085,14.2577777777778 79.085,14.2580555555556 79.0852777777778,14.2580555555556 79.0852777777778,14.2588888888889 79.0855555555556,14.2588888888889 79.0855555555556,14.2591666666667 79.0858333333333,14.2591666666667 79.0858333333333,14.2594444444444 79.0863888888889,14.2594444444444 79.0863888888889,14.2597222222222 79.0875,14.2597222222222 79.0875,14.2594444444444 79.0883333333333,14.2594444444444 79.0883333333333,14.2597222222222 79.0886111111111,14.2597222222222 79.0886111111111,14.26 79.0891666666667,14.26 79.0891666666667,14.2602777777778 79.09,14.2602777777778 79.09,14.26 79.0911111111111,14.26 79.0911111111111,14.2597222222222 79.0922222222222,14.2597222222222 79.0922222222222,14.2594444444444 79.0925,14.2594444444444 79.0925,14.2588888888889 79.0930555555556,14.2588888888889 79.0930555555556,14.2586111111111 79.0936111111111,14.2586111111111 79.0936111111111,14.2583333333333 79.0938888888889,14.2583333333333 79.0938888888889,14.2580555555556 79.095,14.2580555555556 79.095,14.2586111111111 79.0952777777778,14.2586111111111 79.0952777777778,14.2591666666667 79.0955555555555,14.2591666666667 79.0955555555555,14.2602777777778 79.0958333333333,14.2602777777778 79.0958333333333,14.2605555555556 79.0961111111111,14.2605555555556 79.0961111111111,14.2608333333333 79.0963888888889,14.2608333333333 79.0963888888889,14.2611111111111 79.0966666666667,14.2611111111111 79.0966666666667,14.2613888888889 79.0969444444444,14.2613888888889 79.0969444444444,14.2616666666667 79.0972222222222,14.2616666666667 79.0972222222222,14.2619444444444 79.0975,14.2619444444444 79.0975,14.2622222222222 79.0980555555556,14.2622222222222 79.0980555555556,14.2625 79.0994444444444,14.2625 79.0994444444444,14.2622222222222 79.1002777777778,14.2622222222222 79.1002777777778,14.2625 79.1005555555556,14.2625 79.1005555555556,14.2627777777778 79.1008333333333,14.2627777777778 79.1008333333333,14.2630555555556 79.1016666666667,14.2630555555556 79.1016666666667,14.2627777777778 79.1019444444444,14.2627777777778 79.1019444444444,14.2625 79.1033333333333,14.2625 79.1033333333333,14.2627777777778 79.1047222222222,14.2627777777778</coordinates></LinearRing></outerBoundaryIs><innerBoundaryIs><LinearRing><coordinates>79.1019444444444,14.2619444444444 79.1016666666667,14.2619444444444 79.1016666666667,14.2622222222222 79.1008333333333,14.2622222222222 79.1008333333333,14.2619444444444 79.1002777777778,14.2619444444444 79.1002777777778,14.2616666666667 79.0991666666667,14.2616666666667 79.0991666666667,14.2619444444444 79.0980555555556,14.2619444444444 79.0980555555556,14.2616666666667 79.0977777777778,14.2616666666667 79.0977777777778,14.2613888888889 79.0975,14.2613888888889 79.0975,14.2611111111111 79.0972222222222,14.2611111111111 79.0972222222222,14.2608333333333 79.0969444444444,14.2608333333333 79.0969444444444,14.2605555555556 79.0966666666667,14.2605555555556 79.0966666666667,14.2602777777778 79.0963888888889,14.2602777777778 79.0963888888889,14.2594444444444 79.0961111111111,14.2594444444444 79.0961111111111,14.2586111111111 79.0963888888889,14.2586111111111 79.0963888888889,14.2583333333333 79.0966666666667,14.2583333333333 79.0966666666667,14.2577777777778 79.0969444444444,14.2577777777778 79.0969444444444,14.2575 79.0966666666667,14.2575 79.0966666666667,14.2569444444444 79.0963888888889,14.2569444444444 79.0963888888889,14.2566666666667 79.0961111111111,14.2566666666667 79.0961111111111,14.2563888888889 79.0958333333333,14.2563888888889 79.0958333333333,14.2558333333333 79.0955555555555,14.2558333333333 79.0955555555555,14.255 79.0966666666667,14.255 79.0966666666667,14.2552777777778 79.0969444444444,14.2552777777778 79.0969444444444,14.2555555555556 79.0972222222222,14.2555555555556 79.0972222222222,14.2558333333333 79.0975,14.2558333333333 79.0975,14.2561111111111 79.0980555555556,14.2561111111111 79.0980555555556,14.2563888888889 79.0988888888889,14.2563888888889 79.0988888888889,14.2566666666667 79.0991666666667,14.2566666666667 79.0991666666667,14.2569444444444 79.0997222222222,14.2569444444444 79.0997222222222,14.2572222222222 79.1002777777778,14.2572222222222 79.1002777777778,14.2575 79.1008333333333,14.2575 79.1008333333333,14.2580555555556 79.1011111111111,14.2580555555556 79.1011111111111,14.2588888888889 79.1019444444444,14.2588888888889 79.1019444444444,14.2591666666667 79.1022222222222,14.2591666666667 79.1022222222222,14.2594444444444 79.1025,14.2594444444444 79.1025,14.2597222222222 79.1027777777778,14.2597222222222 79.1027777777778,14.2605555555556 79.1030555555556,14.2605555555556 79.1030555555556,14.2608333333333 79.1038888888889,14.2608333333333 79.1038888888889,14.2611111111111 79.1044444444444,14.2611111111111 79.1044444444444,14.2622222222222 79.1041666666667,14.2622222222222 79.1041666666667,14.2625 79.1038888888889,14.2625 79.1038888888889,14.2622222222222 79.1033333333333,14.2622222222222 79.1033333333333,14.2619444444444 79.1030555555556,14.2619444444444 79.1030555555556,14.2616666666667 79.1019444444444,14.2616666666667 79.1019444444444,14.2619444444444</coordinates></LinearRing></innerBoundaryIs><innerBoundaryIs><LinearRing><coordinates>79.0886111111111,14.2580555555556 79.0880555555556,14.2580555555556 79.0880555555556,14.2577777777778 79.0872222222222,14.2577777777778 79.0872222222222,14.2575 79.0861111111111,14.2575 79.0861111111111,14.2572222222222 79.0852777777778,14.2572222222222 79.0852777777778,14.2569444444444 79.0847222222222,14.2569444444444 79.0847222222222,14.2566666666667 79.0844444444444,14.2566666666667 79.0844444444444,14.2555555555556 79.0847222222222,14.2555555555556 79.0847222222222,14.2552777777778 79.0855555555556,14.2552777777778 79.0855555555556,14.255 79.0858333333333,14.255 79.0858333333333,14.2552777777778 79.0866666666667,14.2552777777778 79.0866666666667,14.2555555555556 79.0872222222222,14.2555555555556 79.0872222222222,14.2558333333333 79.0877777777778,14.2558333333333 79.0877777777778,14.2561111111111 79.09,14.2561111111111 79.09,14.2563888888889 79.0905555555556,14.2563888888889 79.0905555555556,14.2566666666667 79.0908333333333,14.2566666666667 79.0908333333333,14.2569444444444 79.0913888888889,14.2569444444444 79.0913888888889,14.2572222222222 79.0922222222222,14.2572222222222 79.0922222222222,14.2575 79.0925,14.2575 79.0925,14.2580555555556 79.0919444444444,14.2580555555556 79.0919444444444,14.2583333333333 79.0913888888889,14.2583333333333 79.0913888888889,14.2586111111111 79.0911111111111,14.2586111111111 79.0911111111111,14.2588888888889 79.0902777777778,14.2588888888889 79.0902777777778,14.2591666666667 79.09,14.2591666666667 79.09,14.2588888888889 79.0891666666667,14.2588888888889 79.0891666666667,14.2586111111111 79.0888888888889,14.2586111111111 79.0888888888889,14.2583333333333 79.0886111111111,14.2583333333333 79.0886111111111,14.2580555555556</coordinates></LinearRing></innerBoundaryIs><innerBoundaryIs><LinearRing><coordinates>79.0919444444444,14.2561111111111 79.0913888888889,14.2561111111111 79.0913888888889,14.2558333333333 79.0919444444444,14.2558333333333 79.0919444444444,14.2561111111111</coordinates></LinearRing></innerBoundaryIs></Polygon><Polygon><outerBoundaryIs><LinearRing><coordinates>79.0383333333333,14.2658333333333 79.0383333333333,14.2655555555556 79.0388888888889,14.2655555555556 79.0388888888889,14.2652777777778 79.0391666666667,14.2652777777778 79.0391666666667,14.2647222222222 79.0388888888889,14.2647222222222 79.0388888888889,14.2644444444444 79.0386111111111,14.2644444444444 79.0386111111111,14.2641666666667 79.0380555555556,14.2641666666667 79.0380555555556,14.2638888888889 79.0377777777778,14.2638888888889 79.0377777777778,14.2636111111111 79.0375,14.2636111111111 79.0375,14.2641666666667 79.0377777777778,14.2641666666667 79.0377777777778,14.2644444444444 79.0380555555556,14.2644444444444 79.0380555555556,14.2652777777778 79.0377777777778,14.2652777777778 79.0377777777778,14.2655555555556 79.0375,14.2655555555556 79.0375,14.2658333333333 79.0372222222222,14.2658333333333 79.0372222222222,14.2661111111111 79.0366666666667,14.2661111111111 79.0366666666667,14.2658333333333 79.0363888888889,14.2658333333333 79.0363888888889,14.265 79.0361111111111,14.265 79.0361111111111,14.2669444444444 79.0375,14.2669444444444 79.0375,14.2666666666667 79.0377777777778,14.2666666666667 79.0377777777778,14.2661111111111 79.0380555555556,14.2661111111111 79.0380555555556,14.2658333333333 79.0383333333333,14.2658333333333</coordinates></LinearRing></outerBoundaryIs></Polygon><Polygon><outerBoundaryIs><LinearRing><coordinates>79.0358333333333,14.2647222222222 79.0358333333333,14.265 79.0361111111111,14.265 79.0361111111111,14.2647222222222 79.0358333333333,14.2647222222222</coordinates></LinearRing></outerBoundaryIs></Polygon><Polygon><outerBoundaryIs><LinearRing><coordinates>79.0358333333333,14.2647222222222 79.0358333333333,14.2644444444444 79.0352777777778,14.2644444444444 79.0352777777778,14.2647222222222 79.0358333333333,14.2647222222222</coordinates></LinearRing></outerBoundaryIs></Polygon><Polygon><outerBoundaryIs><LinearRing><coordinates>79.0372222222222,14.2633333333333 79.0372222222222,14.2636111111111 79.0375,14.2636111111111 79.0375,14.2633333333333 79.0372222222222,14.2633333333333</coordinates></LinearRing></outerBoundaryIs></Polygon><Polygon><outerBoundaryIs><LinearRing><coordinates>79.0369444444444,14.2627777777778 79.0369444444444,14.2633333333333 79.0372222222222,14.2633333333333 79.0372222222222,14.2627777777778 79.0369444444444,14.2627777777778</coordinates></LinearRing></outerBoundaryIs></Polygon><Polygon><outerBoundaryIs><LinearRing><coordinates>79.0366666666667,14.2625 79.0366666666667,14.2627777777778 79.0369444444444,14.2627777777778 79.0369444444444,14.2625 79.0366666666667,14.2625</coordinates></LinearRing></outerBoundaryIs></Polygon><Polygon><outerBoundaryIs><LinearRing><coordinates>79.0366666666667,14.2619444444444 79.0363888888889,14.2619444444444 79.0363888888889,14.2625 79.0366666666667,14.2625 79.0366666666667,14.2619444444444</coordinates></LinearRing></outerBoundaryIs></Polygon><Polygon><outerBoundaryIs><LinearRing><coordinates>79.0386111111111,14.2613888888889 79.0377777777778,14.2613888888889 79.0377777777778,14.2616666666667 79.0366666666667,14.2616666666667 79.0366666666667,14.2619444444444 79.0380555555556,14.2619444444444 79.0380555555556,14.2616666666667 79.0386111111111,14.2616666666667 79.0386111111111,14.2613888888889</coordinates></LinearRing></outerBoundaryIs></Polygon><Polygon><outerBoundaryIs><LinearRing><coordinates>79.0397222222222,14.2605555555556 79.0397222222222,14.2608333333333 79.0394444444444,14.2608333333333 79.0394444444444,14.2611111111111 79.0386111111111,14.2611111111111 79.0386111111111,14.2613888888889 79.0397222222222,14.2613888888889 79.0397222222222,14.2611111111111 79.0402777777778,14.2611111111111 79.0402777777778,14.2608333333333 79.0405555555556,14.2608333333333 79.0405555555556,14.2605555555556 79.0408333333333,14.2605555555556 79.0408333333333,14.26 79.0405555555556,14.26 79.0405555555556,14.2597222222222 79.0402777777778,14.2597222222222 79.0402777777778,14.2591666666667 79.04,14.2591666666667 79.04,14.2588888888889 79.0397222222222,14.2588888888889 79.0397222222222,14.2586111111111 79.0391666666667,14.2586111111111 79.0391666666667,14.2588888888889 79.0394444444444,14.2588888888889 79.0394444444444,14.2591666666667 79.0397222222222,14.2591666666667 79.0397222222222,14.2594444444444 79.04,14.2594444444444 79.04,14.2605555555556 79.0397222222222,14.2605555555556</coordinates></LinearRing></outerBoundaryIs></Polygon><Polygon><outerBoundaryIs><LinearRing><coordinates>79.0386111111111,14.2586111111111 79.0391666666667,14.2586111111111 79.0391666666667,14.2583333333333 79.0388888888889,14.2583333333333 79.0388888888889,14.2580555555556 79.0391666666667,14.2580555555556 79.0391666666667,14.2577777777778 79.0394444444444,14.2577777777778 79.0394444444444,14.2580555555556 79.0405555555556,14.2580555555556 79.0405555555556,14.2577777777778 79.0408333333333,14.2577777777778 79.0408333333333,14.2575 79.0411111111111,14.2575 79.0411111111111,14.2569444444444 79.0408333333333,14.2569444444444 79.0408333333333,14.2561111111111 79.0405555555556,14.2561111111111 79.0405555555556,14.2558333333333 79.0402777777778,14.2558333333333 79.0402777777778,14.2569444444444 79.0405555555556,14.2569444444444 79.0405555555556,14.2572222222222 79.0402777777778,14.2572222222222 79.0402777777778,14.2575 79.0386111111111,14.2575 79.0386111111111,14.2586111111111</coordinates></LinearRing></outerBoundaryIs></Polygon><Polygon><outerBoundaryIs><LinearRing><coordinates>79.0408333333333,14.2552777777778 79.0405555555556,14.2552777777778 79.0405555555556,14.2558333333333 79.0408333333333,14.2558333333333 79.0408333333333,14.2552777777778</coordinates></LinearRing></outerBoundaryIs></Polygon><Polygon><outerBoundaryIs><LinearRing><coordinates>79.0411111111111,14.255 79.0408333333333,14.255 79.0408333333333,14.2552777777778 79.0411111111111,14.2552777777778 79.0411111111111,14.255</coordinates></LinearRing></outerBoundaryIs></Polygon><Polygon><outerBoundaryIs><LinearRing><coordinates>79.0413888888889,14.2547222222222 79.0411111111111,14.2547222222222 79.0411111111111,14.255 79.0413888888889,14.255 79.0413888888889,14.2547222222222</coordinates></LinearRing></outerBoundaryIs></Polygon><Polygon><outerBoundaryIs><LinearRing><coordinates>79.0416666666667,14.2544444444444 79.0413888888889,14.2544444444444 79.0413888888889,14.2547222222222 79.0416666666667,14.2547222222222 79.0416666666667,14.2544444444444</coordinates></LinearRing></outerBoundaryIs></Polygon><Polygon><outerBoundaryIs><LinearRing><coordinates>79.0438888888889,14.2558333333333 79.0438888888889,14.255 79.0441666666667,14.255 79.0441666666667,14.2544444444444 79.0438888888889,14.2544444444444 79.0438888888889,14.2541666666667 79.0433333333333,14.2541666666667 79.0433333333333,14.2538888888889 79.0422222222222,14.2538888888889 79.0422222222222,14.2541666666667 79.0416666666667,14.2541666666667 79.0416666666667,14.2544444444444 79.0422222222222,14.2544444444444 79.0422222222222,14.2552777777778 79.0425,14.2552777777778 79.0425,14.2555555555556 79.0433333333333,14.2555555555556 79.0433333333333,14.2558333333333 79.0436111111111,14.2558333333333 79.0436111111111,14.2563888888889 79.0438888888889,14.2563888888889 79.0438888888889,14.2577777777778 79.0441666666667,14.2577777777778 79.0441666666667,14.2580555555556 79.0444444444444,14.2580555555556 79.0444444444444,14.2583333333333 79.045,14.2583333333333 79.045,14.2580555555556 79.0447222222222,14.2580555555556 79.0447222222222,14.2577777777778 79.0444444444444,14.2577777777778 79.0444444444444,14.2563888888889 79.0441666666667,14.2563888888889 79.0441666666667,14.2558333333333 79.0438888888889,14.2558333333333</coordinates></LinearRing></outerBoundaryIs></Polygon><Polygon><outerBoundaryIs><LinearRing><coordinates>79.0452777777778,14.2611111111111 79.0452777777778,14.2616666666667 79.0455555555556,14.2616666666667 79.0455555555556,14.2619444444444 79.0458333333333,14.2619444444444 79.0458333333333,14.2613888888889 79.0455555555556,14.2613888888889 79.0455555555556,14.2608333333333 79.0452777777778,14.2608333333333 79.0452777777778,14.2583333333333 79.045,14.2583333333333 79.045,14.2611111111111 79.0452777777778,14.2611111111111</coordinates></LinearRing></outerBoundaryIs></Polygon><Polygon><outerBoundaryIs><LinearRing><coordinates>79.0461111111111,14.2625 79.0461111111111,14.2619444444444 79.0458333333333,14.2619444444444 79.0458333333333,14.2625 79.0461111111111,14.2625</coordinates></LinearRing></outerBoundaryIs></Polygon><Polygon><outerBoundaryIs><LinearRing><coordinates>79.0463888888889,14.2630555555556 79.0463888888889,14.2625 79.0461111111111,14.2625 79.0461111111111,14.2630555555556 79.0463888888889,14.2630555555556</coordinates></LinearRing></outerBoundaryIs></Polygon><Polygon><outerBoundaryIs><LinearRing><coordinates>79.0491666666667,14.2622222222222 79.0486111111111,14.2622222222222 79.0486111111111,14.2630555555556 79.0480555555555,14.2630555555556 79.0480555555555,14.2633333333333 79.0475,14.2633333333333 79.0475,14.2636111111111 79.0469444444444,14.2636111111111 79.0469444444444,14.2633333333333 79.0466666666667,14.2633333333333 79.0466666666667,14.2630555555556 79.0463888888889,14.2630555555556 79.0463888888889,14.2636111111111 79.0466666666667,14.2636111111111 79.0466666666667,14.2638888888889 79.0477777777778,14.2638888888889 79.0477777777778,14.2636111111111 79.0488888888889,14.2636111111111 79.0488888888889,14.2638888888889 79.0494444444444,14.2638888888889 79.0494444444444,14.2636111111111 79.05,14.2636111111111 79.05,14.2633333333333 79.0505555555555,14.2633333333333 79.0505555555555,14.2630555555556 79.0508333333333,14.2630555555556 79.0508333333333,14.2627777777778 79.0502777777778,14.2627777777778 79.0502777777778,14.2630555555556 79.0497222222222,14.2630555555556 79.0497222222222,14.2633333333333 79.0494444444444,14.2633333333333 79.0494444444444,14.2630555555556 79.0491666666667,14.2630555555556 79.0491666666667,14.2622222222222</coordinates></LinearRing></outerBoundaryIs></Polygon><Polygon><outerBoundaryIs><LinearRing><coordinates>79.0508333333333,14.2627777777778 79.0513888888889,14.2627777777778 79.0513888888889,14.2625 79.0516666666667,14.2625 79.0516666666667,14.2622222222222 79.0511111111111,14.2622222222222 79.0511111111111,14.2625 79.0508333333333,14.2625 79.0508333333333,14.2627777777778</coordinates></LinearRing></outerBoundaryIs></Polygon><Polygon><outerBoundaryIs><LinearRing><coordinates>79.0533333333333,14.2619444444444 79.0530555555556,14.2619444444444 79.0530555555556,14.2622222222222 79.0522222222222,14.2622222222222 79.0522222222222,14.2619444444444 79.0519444444444,14.2619444444444 79.0519444444444,14.2625 79.0533333333333,14.2625 79.0533333333333,14.2619444444444</coordinates></LinearRing></outerBoundaryIs></Polygon><Polygon><outerBoundaryIs><LinearRing><coordinates>79.0536111111111,14.2613888888889 79.0533333333333,14.2613888888889 79.0533333333333,14.2619444444444 79.0536111111111,14.2619444444444 79.0536111111111,14.2613888888889</coordinates></LinearRing></outerBoundaryIs></Polygon><Polygon><outerBoundaryIs><LinearRing><coordinates>79.0538888888889,14.2608333333333 79.0536111111111,14.2608333333333 79.0536111111111,14.2613888888889 79.0538888888889,14.2613888888889 79.0538888888889,14.2608333333333</coordinates></LinearRing></outerBoundaryIs></Polygon><Polygon><outerBoundaryIs><LinearRing><coordinates>79.0541666666667,14.2602777777778 79.0538888888889,14.2602777777778 79.0538888888889,14.2608333333333 79.0541666666667,14.2608333333333 79.0541666666667,14.2602777777778</coordinates></LinearRing></outerBoundaryIs></Polygon><Polygon><outerBoundaryIs><LinearRing><coordinates>79.0544444444444,14.26 79.0541666666667,14.26 79.0541666666667,14.2602777777778 79.0544444444444,14.2602777777778 79.0544444444444,14.26</coordinates></LinearRing></outerBoundaryIs></Polygon><Polygon><outerBoundaryIs><LinearRing><coordinates>79.0547222222222,14.2594444444444 79.0544444444444,14.2594444444444 79.0544444444444,14.26 79.0547222222222,14.26 79.0547222222222,14.2594444444444</coordinates></LinearRing></outerBoundaryIs></Polygon><Polygon><outerBoundaryIs><LinearRing><coordinates>79.055,14.2591666666667 79.0547222222222,14.2591666666667 79.0547222222222,14.2594444444444 79.055,14.2594444444444 79.055,14.2591666666667</coordinates></LinearRing></outerBoundaryIs></Polygon><Polygon><outerBoundaryIs><LinearRing><coordinates>79.055,14.2591666666667 79.0552777777778,14.2591666666667 79.0552777777778,14.2588888888889 79.055,14.2588888888889 79.055,14.2591666666667</coordinates></LinearRing></outerBoundaryIs></Polygon><Polygon><outerBoundaryIs><LinearRing><coordinates>79.0280555555556,14.2613888888889 79.0280555555556,14.2616666666667 79.0283333333333,14.2616666666667 79.0283333333333,14.2613888888889 79.0280555555556,14.2613888888889</coordinates></LinearRing></outerBoundaryIs></Polygon><Polygon><outerBoundaryIs><LinearRing><coordinates>79.1119444444444,14.2641666666667 79.1122222222222,14.2641666666667 79.1122222222222,14.2633333333333 79.1119444444444,14.2633333333333 79.1119444444444,14.2630555555556 79.1108333333333,14.2630555555556 79.1108333333333,14.2627777777778 79.1102777777778,14.2627777777778 79.1102777777778,14.2625 79.1097222222222,14.2625 79.1097222222222,14.2622222222222 79.1091666666667,14.2622222222222 79.1091666666667,14.2619444444444 79.1088888888889,14.2619444444444 79.1088888888889,14.2616666666667 79.1086111111111,14.2616666666667 79.1086111111111,14.2613888888889 79.1083333333333,14.2613888888889 79.1083333333333,14.2611111111111 79.1075,14.2611111111111 79.1075,14.2613888888889 79.1069444444444,14.2613888888889 79.1069444444444,14.2616666666667 79.1066666666667,14.2616666666667 79.1066666666667,14.2619444444444 79.1063888888889,14.2619444444444 79.1063888888889,14.2636111111111 79.1066666666667,14.2636111111111 79.1066666666667,14.2638888888889 79.1075,14.2638888888889 79.1075,14.2636111111111 79.1094444444444,14.2636111111111 79.1094444444444,14.2638888888889 79.1102777777778,14.2638888888889 79.1102777777778,14.2641666666667 79.1105555555555,14.2641666666667 79.1105555555555,14.265 79.1108333333333,14.265 79.1108333333333,14.2652777777778 79.1111111111111,14.2652777777778 79.1111111111111,14.265 79.1113888888889,14.265 79.1113888888889,14.2647222222222 79.1116666666667,14.2647222222222 79.1116666666667,14.2644444444444 79.1119444444444,14.2644444444444 79.1119444444444,14.2641666666667</coordinates></LinearRing></outerBoundaryIs><innerBoundaryIs><LinearRing><coordinates>79.1083333333333,14.2619444444444 79.1083333333333,14.2622222222222 79.1086111111111,14.2622222222222 79.1086111111111,14.2625 79.1088888888889,14.2625 79.1088888888889,14.2627777777778 79.1094444444444,14.2627777777778 79.1094444444444,14.2630555555556 79.1102777777778,14.2630555555556 79.1102777777778,14.2633333333333 79.1091666666667,14.2633333333333 79.1091666666667,14.2630555555556 79.1069444444444,14.2630555555556 79.1069444444444,14.2619444444444 79.1075,14.2619444444444 79.1075,14.2616666666667 79.1077777777778,14.2616666666667 79.1077777777778,14.2619444444444 79.1083333333333,14.2619444444444</coordinates></LinearRing></innerBoundaryIs></Polygon><Polygon><outerBoundaryIs><LinearRing><coordinates>79.0288888888889,14.2747222222222 79.0280555555556,14.2747222222222 79.0280555555556,14.275 79.0288888888889,14.275 79.0288888888889,14.2747222222222</coordinates></LinearRing></outerBoundaryIs></Polygon><Polygon><outerBoundaryIs><LinearRing><coordinates>79.0288888888889,14.2747222222222 79.0294444444444,14.2747222222222 79.0294444444444,14.2744444444444 79.0297222222222,14.2744444444444 79.0297222222222,14.2741666666667 79.03,14.2741666666667 79.03,14.2736111111111 79.0297222222222,14.2736111111111 79.0297222222222,14.2738888888889 79.0294444444444,14.2738888888889 79.0294444444444,14.2741666666667 79.0291666666667,14.2741666666667 79.0291666666667,14.2744444444444 79.0288888888889,14.2744444444444 79.0288888888889,14.2747222222222</coordinates></LinearRing></outerBoundaryIs></Polygon><Polygon><outerBoundaryIs><LinearRing><coordinates>79.0297222222222,14.2711111111111 79.0297222222222,14.2713888888889 79.03,14.2713888888889 79.03,14.2736111111111 79.0302777777778,14.2736111111111 79.0302777777778,14.2733333333333 79.0305555555556,14.2733333333333 79.0305555555556,14.2722222222222 79.0302777777778,14.2722222222222 79.0302777777778,14.2708333333333 79.03,14.2708333333333 79.03,14.2705555555556 79.0294444444444,14.2705555555556 79.0294444444444,14.2688888888889 79.0291666666667,14.2688888888889 79.0291666666667,14.2697222222222 79.0288888888889,14.2697222222222 79.0288888888889,14.2705555555556 79.0291666666667,14.2705555555556 79.0291666666667,14.2708333333333 79.0294444444444,14.2708333333333 79.0294444444444,14.2711111111111 79.0297222222222,14.2711111111111</coordinates></LinearRing></outerBoundaryIs></Polygon><Polygon><outerBoundaryIs><LinearRing><coordinates>79.0288888888889,14.2686111111111 79.0288888888889,14.2688888888889 79.0291666666667,14.2688888888889 79.0291666666667,14.2686111111111 79.0288888888889,14.2686111111111</coordinates></LinearRing></outerBoundaryIs></Polygon><Polygon><outerBoundaryIs><LinearRing><coordinates>79.0283333333333,14.2683333333333 79.0283333333333,14.2686111111111 79.0288888888889,14.2686111111111 79.0288888888889,14.2683333333333 79.0283333333333,14.2683333333333</coordinates></LinearRing></outerBoundaryIs></Polygon><Polygon><outerBoundaryIs><LinearRing><coordinates>79.0277777777778,14.2680555555556 79.0277777777778,14.2683333333333 79.0283333333333,14.2683333333333 79.0283333333333,14.2680555555556 79.0277777777778,14.2680555555556</coordinates></LinearRing></outerBoundaryIs></Polygon><Polygon><outerBoundaryIs><LinearRing><coordinates>79.0275,14.2675 79.0272222222222,14.2675 79.0272222222222,14.2672222222222 79.0269444444444,14.2672222222222 79.0269444444444,14.2677777777778 79.0272222222222,14.2677777777778 79.0272222222222,14.2680555555556 79.0277777777778,14.2680555555556 79.0277777777778,14.2677777777778 79.0275,14.2677777777778 79.0275,14.2675</coordinates></LinearRing></outerBoundaryIs></Polygon><Polygon><outerBoundaryIs><LinearRing><coordinates>79.0286111111111,14.2675 79.0294444444444,14.2675 79.0294444444444,14.2672222222222 79.0297222222222,14.2672222222222 79.0297222222222,14.2652777777778 79.0294444444444,14.2652777777778 79.0294444444444,14.2666666666667 79.0291666666667,14.2666666666667 79.0291666666667,14.2669444444444 79.0272222222222,14.2669444444444 79.0272222222222,14.2672222222222 79.0286111111111,14.2672222222222 79.0286111111111,14.2675</coordinates></LinearRing></outerBoundaryIs></Polygon><Polygon><outerBoundaryIs><LinearRing><coordinates>79.03,14.2647222222222 79.0297222222222,14.2647222222222 79.0297222222222,14.2652777777778 79.03,14.2652777777778 79.03,14.2647222222222</coordinates></LinearRing></outerBoundaryIs></Polygon><Polygon><outerBoundaryIs><LinearRing><coordinates>79.0302777777778,14.2644444444444 79.03,14.2644444444444 79.03,14.2647222222222 79.0302777777778,14.2647222222222 79.0302777777778,14.2644444444444</coordinates></LinearRing></outerBoundaryIs></Polygon><Polygon><outerBoundaryIs><LinearRing><coordinates>79.0305555555556,14.2641666666667 79.0302777777778,14.2641666666667 79.0302777777778,14.2644444444444 79.0305555555556,14.2644444444444 79.0305555555556,14.2641666666667</coordinates></LinearRing></outerBoundaryIs></Polygon><Polygon><outerBoundaryIs><LinearRing><coordinates>79.0330555555555,14.2636111111111 79.0325,14.2636111111111 79.0325,14.2638888888889 79.0305555555556,14.2638888888889 79.0305555555556,14.2641666666667 79.0327777777778,14.2641666666667 79.0327777777778,14.2638888888889 79.0330555555555,14.2638888888889 79.0330555555555,14.2636111111111</coordinates></LinearRing></outerBoundaryIs></Polygon><Polygon><outerBoundaryIs><LinearRing><coordinates>79.0336111111111,14.2633333333333 79.0330555555555,14.2633333333333 79.0330555555555,14.2636111111111 79.0336111111111,14.2636111111111 79.0336111111111,14.2633333333333</coordinates></LinearRing></outerBoundaryIs></Polygon><Polygon><outerBoundaryIs><LinearRing><coordinates>79.0338888888889,14.2633333333333 79.0338888888889,14.2630555555556 79.0336111111111,14.2630555555556 79.0336111111111,14.2633333333333 79.0338888888889,14.2633333333333</coordinates></LinearRing></outerBoundaryIs></Polygon><Polygon><outerBoundaryIs><LinearRing><coordinates>79.0341666666667,14.2636111111111 79.0341666666667,14.2633333333333 79.0338888888889,14.2633333333333 79.0338888888889,14.2636111111111 79.0341666666667,14.2636111111111</coordinates></LinearRing></outerBoundaryIs></Polygon><Polygon><outerBoundaryIs><LinearRing><coordinates>79.0344444444444,14.2638888888889 79.0344444444444,14.2636111111111 79.0341666666667,14.2636111111111 79.0341666666667,14.2641666666667 79.0344444444444,14.2641666666667 79.0344444444444,14.2644444444444 79.035,14.2644444444444 79.035,14.2641666666667 79.0347222222222,14.2641666666667 79.0347222222222,14.2638888888889 79.0344444444444,14.2638888888889</coordinates></LinearRing></outerBoundaryIs></Polygon></MultiGeometry>
  </Placemark>
  <Placemark id="damage_swesph_depthclass.3">
	<Style><LineStyle><color>ff0000ff</color></LineStyle><PolyStyle><fill>0</fill></PolyStyle></Style>
	<ExtendedData><SchemaData schemaUrl="#damage_swesph_depthclass">
		<SimpleData name="depth_cls">&gt;1.5 m</SimpleData>
	</SchemaData></ExtendedData>
      <MultiGeometry><Polygon><outerBoundaryIs><LinearRing><coordinates>79.1116666666667,14.2686111111111 79.1125,14.2686111111111 79.1125,14.2688888888889 79.1127777777778,14.2688888888889 79.1127777777778,14.2691666666667 79.1138888888889,14.2691666666667 79.1138888888889,14.2688888888889 79.1141666666667,14.2688888888889 79.1141666666667,14.2652777777778 79.1138888888889,14.2652777777778 79.1138888888889,14.2647222222222 79.1136111111111,14.2647222222222 79.1136111111111,14.2641666666667 79.1138888888889,14.2641666666667 79.1138888888889,14.2638888888889 79.1152777777778,14.2638888888889 79.1152777777778,14.2641666666667 79.1175,14.2641666666667 79.1175,14.2638888888889 79.1186111111111,14.2638888888889 79.1186111111111,14.2641666666667 79.1191666666667,14.2641666666667 79.1191666666667,14.2644444444444 79.1194444444444,14.2644444444444 79.1194444444444,14.2647222222222 79.1208333333333,14.2647222222222 79.1208333333333,14.2644444444444 79.1219444444444,14.2644444444444 79.1219444444444,14.2641666666667 79.1230555555556,14.2641666666667 79.1230555555556,14.2638888888889 79.1244444444444,14.2638888888889 79.1244444444444,14.2641666666667 79.1247222222222,14.2641666666667 79.1247222222222,14.2644444444444 79.125,14.2644444444444 79.125,14.265 79.1247222222222,14.265 79.1247222222222,14.2658333333333 79.125,14.2658333333333 79.125,14.2661111111111 79.1255555555556,14.2661111111111 79.1255555555556,14.2663888888889 79.1266666666667,14.2663888888889 79.1266666666667,14.2669444444444 79.1269444444444,14.2669444444444 79.1269444444444,14.2672222222222 79.1272222222222,14.2672222222222 79.1272222222222,14.2675 79.1277777777778,14.2675 79.1277777777778,14.2672222222222 79.1283333333333,14.2672222222222 79.1283333333333,14.2666666666667 79.1286111111111,14.2666666666667 79.1286111111111,14.2663888888889 79.1291666666667,14.2663888888889 79.1291666666667,14.2661111111111 79.1294444444444,14.2661111111111 79.1294444444444,14.2658333333333 79.1297222222222,14.2658333333333 79.1297222222222,14.2655555555556 79.1294444444444,14.2655555555556 79.1294444444444,14.2652777777778 79.1288888888889,14.2652777777778 79.1288888888889,14.265 79.1283333333333,14.265 79.1283333333333,14.2652777777778 79.1272222222222,14.2652777777778 79.1272222222222,14.265 79.1263888888889,14.265 79.1263888888889,14.2647222222222 79.1258333333333,14.2647222222222 79.1258333333333,14.2641666666667 79.1261111111111,14.2641666666667 79.1261111111111,14.2638888888889 79.1263888888889,14.2638888888889 79.1263888888889,14.2636111111111 79.1266666666667,14.2636111111111 79.1266666666667,14.2633333333333 79.1275,14.2633333333333 79.1275,14.2630555555556 79.1286111111111,14.2630555555556 79.1286111111111,14.2627777777778 79.1291666666667,14.2627777777778 79.1291666666667,14.2630555555556 79.1308333333333,14.2630555555556 79.1308333333333,14.2627777777778 79.1313888888889,14.2627777777778 79.1313888888889,14.2625 79.1316666666667,14.2625 79.1316666666667,14.2622222222222 79.1322222222222,14.2622222222222 79.1322222222222,14.2619444444444 79.1327777777778,14.2619444444444 79.1327777777778,14.2622222222222 79.1338888888889,14.2622222222222 79.1338888888889,14.2625 79.1375,14.2625 79.1375,14.2627777777778 79.1380555555556,14.2627777777778 79.1380555555556,14.2630555555556 79.1383333333333,14.2630555555556 79.1383333333333,14.2633333333333 79.1388888888889,14.2633333333333 79.1388888888889,14.2636111111111 79.1391666666667,14.2636111111111 79.1391666666667,14.2638888888889 79.1394444444445,14.2638888888889 79.1394444444445,14.2641666666667 79.1397222222222,14.2641666666667 79.1397222222222,14.2644444444444 79.1402777777778,14.2644444444444 79.1402777777778,14.2647222222222 79.1416666666667,14.2647222222222 79.1416666666667,14.2644444444444 79.1419444444444,14.2644444444444 79.1419444444444,14.2641666666667 79.1425,14.2641666666667 79.1425,14.2638888888889 79.1433333333333,14.2638888888889 79.1433333333333,14.2636111111111 79.1438888888889,14.2636111111111 79.1438888888889,14.2633333333333 79.1441666666667,14.2633333333333 79.1441666666667,14.2630555555556 79.1444444444444,14.2630555555556 79.1444444444444,14.2627777777778 79.1447222222222,14.2627777777778 79.1447222222222,14.2625 79.145,14.2625 79.145,14.2622222222222 79.1452777777778,14.2622222222222 79.1452777777778,14.2616666666667 79.1455555555556,14.2616666666667 79.1455555555556,14.2608333333333 79.1452777777778,14.2608333333333 79.1452777777778,14.2547222222222 79.145,14.2547222222222 79.145,14.2541666666667 79.1444444444444,14.2541666666667 79.1444444444444,14.2538888888889 79.1427777777778,14.2538888888889 79.1427777777778,14.2541666666667 79.1422222222222,14.2541666666667 79.1422222222222,14.2544444444444 79.1419444444444,14.2544444444444 79.1419444444444,14.2547222222222 79.1413888888889,14.2547222222222 79.1413888888889,14.255 79.1405555555556,14.255 79.1405555555556,14.2552777777778 79.14,14.2552777777778 79.14,14.2555555555556 79.1383333333333,14.2555555555556 79.1383333333333,14.2558333333333 79.1361111111111,14.2558333333333 79.1361111111111,14.2555555555556 79.1358333333333,14.2555555555556 79.1358333333333,14.2552777777778 79.1355555555556,14.2552777777778 79.1355555555556,14.255 79.1352777777778,14.255 79.1352777777778,14.2547222222222 79.1330555555556,14.2547222222222 79.1330555555556,14.255 79.1302777777778,14.255 79.1302777777778,14.2552777777778 79.1283333333333,14.2552777777778 79.1283333333333,14.255 79.1269444444444,14.255 79.1269444444444,14.2547222222222 79.1266666666667,14.2547222222222 79.1266666666667,14.255 79.1261111111111,14.255 79.1261111111111,14.2552777777778 79.1258333333333,14.2552777777778 79.1258333333333,14.2555555555556 79.1238888888889,14.2555555555556 79.1238888888889,14.2552777777778 79.1225,14.2552777777778 79.1225,14.255 79.1222222222222,14.255 79.1222222222222,14.2544444444444 79.1225,14.2544444444444 79.1225,14.2538888888889 79.1227777777778,14.2538888888889 79.1227777777778,14.2536111111111 79.1225,14.2536111111111 79.1225,14.2530555555556 79.1222222222222,14.2530555555556 79.1222222222222,14.2525 79.1216666666667,14.2525 79.1216666666667,14.2522222222222 79.1213888888889,14.2522222222222 79.1213888888889,14.2519444444444 79.1211111111111,14.2519444444444 79.1211111111111,14.2513888888889 79.1208333333333,14.2513888888889 79.1208333333333,14.2511111111111 79.1205555555556,14.2511111111111 79.1205555555556,14.2497222222222 79.1202777777778,14.2497222222222 79.1202777777778,14.2491666666667 79.12,14.2491666666667 79.12,14.2483333333333 79.1197222222222,14.2483333333333 79.1197222222222,14.2469444444444 79.1194444444444,14.2469444444444 79.1194444444444,14.2463888888889 79.1191666666667,14.2463888888889 79.1191666666667,14.2461111111111 79.1188888888889,14.2461111111111 79.1188888888889,14.2452777777778 79.1191666666667,14.2452777777778 79.1191666666667,14.2427777777778 79.1188888888889,14.2427777777778 79.1188888888889,14.2422222222222 79.1191666666667,14.2422222222222 79.1191666666667,14.2402777777778 79.1194444444444,14.2402777777778 79.1194444444444,14.2388888888889 79.1197222222222,14.2388888888889 79.1197222222222,14.2369444444444 79.1194444444444,14.2369444444444 79.1194444444444,14.2361111111111 79.1191666666667,14.2361111111111 79.1191666666667,14.2352777777778 79.1188888888889,14.2352777777778 79.1188888888889,14.235 79.1180555555556,14.235 79.1180555555556,14.2347222222222 79.1175,14.2347222222222 79.1175,14.2344444444444 79.1172222222222,14.2344444444444 79.1172222222222,14.2347222222222 79.1166666666667,14.2347222222222 79.1166666666667,14.2352777777778 79.1163888888889,14.2352777777778 79.1163888888889,14.2355555555556 79.1161111111111,14.2355555555556 79.1161111111111,14.2361111111111 79.1158333333333,14.2361111111111 79.1158333333333,14.2366666666667 79.1155555555556,14.2366666666667 79.1155555555556,14.2375 79.1152777777778,14.2375 79.1152777777778,14.2386111111111 79.115,14.2386111111111 79.115,14.2391666666667 79.1147222222222,14.2391666666667 79.1147222222222,14.2394444444444 79.1141666666667,14.2394444444444 79.1141666666667,14.2397222222222 79.1136111111111,14.2397222222222 79.1136111111111,14.24 79.1127777777778,14.24 79.1127777777778,14.2402777777778 79.1122222222222,14.2402777777778 79.1122222222222,14.2408333333333 79.1119444444444,14.2408333333333 79.1119444444444,14.2411111111111 79.1116666666667,14.2411111111111 79.1116666666667,14.2413888888889 79.1111111111111,14.2413888888889 79.1111111111111,14.2416666666667 79.1105555555555,14.2416666666667 79.1105555555555,14.2419444444444 79.1094444444444,14.2419444444444 79.1094444444444,14.2422222222222 79.1086111111111,14.2422222222222 79.1086111111111,14.2425 79.1083333333333,14.2425 79.1083333333333,14.2427777777778 79.1077777777778,14.2427777777778 79.1077777777778,14.2430555555556 79.1075,14.2430555555556 79.1075,14.2433333333333 79.1072222222222,14.2433333333333 79.1072222222222,14.2438888888889 79.1069444444444,14.2438888888889 79.1069444444444,14.245 79.1072222222222,14.245 79.1072222222222,14.2452777777778 79.1075,14.2452777777778 79.1075,14.2455555555556 79.1077777777778,14.2455555555556 79.1077777777778,14.2458333333333 79.1080555555556,14.2458333333333 79.1080555555556,14.2461111111111 79.1083333333333,14.2461111111111 79.1083333333333,14.2483333333333 79.1080555555556,14.2483333333333 79.1080555555556,14.2486111111111 79.1077777777778,14.2486111111111 79.1077777777778,14.2488888888889 79.1075,14.2488888888889 79.1075,14.2491666666667 79.1063888888889,14.2491666666667 79.1063888888889,14.2488888888889 79.1055555555556,14.2488888888889 79.1055555555556,14.2486111111111 79.105,14.2486111111111 79.105,14.2483333333333 79.1047222222222,14.2483333333333 79.1047222222222,14.2480555555556 79.1038888888889,14.2480555555556 79.1038888888889,14.2486111111111 79.1027777777778,14.2486111111111 79.1027777777778,14.2483333333333 79.1025,14.2483333333333 79.1025,14.2472222222222 79.1022222222222,14.2472222222222 79.1022222222222,14.2469444444444 79.1019444444444,14.2469444444444 79.1019444444444,14.2466666666667 79.1016666666667,14.2466666666667 79.1016666666667,14.2463888888889 79.1013888888889,14.2463888888889 79.1013888888889,14.2461111111111 79.1011111111111,14.2461111111111 79.1011111111111,14.2455555555556 79.1013888888889,14.2455555555556 79.1013888888889,14.2447222222222 79.1016666666667,14.2447222222222 79.1016666666667,14.2438888888889 79.1013888888889,14.2438888888889 79.1013888888889,14.2436111111111 79.0997222222222,14.2436111111111 79.0997222222222,14.2438888888889 79.0983333333333,14.2438888888889 79.0983333333333,14.2441666666667 79.0977777777778,14.2441666666667 79.0977777777778,14.2444444444444 79.0972222222222,14.2444444444444 79.0972222222222,14.2447222222222 79.0969444444444,14.2447222222222 79.0969444444444,14.245 79.0963888888889,14.245 79.0963888888889,14.2452777777778 79.0947222222222,14.2452777777778 79.0947222222222,14.2455555555556 79.0941666666667,14.2455555555556 79.0941666666667,14.2458333333333 79.0938888888889,14.2458333333333 79.0938888888889,14.2461111111111 79.0933333333333,14.2461111111111 79.0933333333333,14.2463888888889 79.0911111111111,14.2463888888889 79.0911111111111,14.2466666666667 79.0902777777778,14.2466666666667 79.0902777777778,14.2469444444444 79.0888888888889,14.2469444444444 79.0888888888889,14.2472222222222 79.0883333333333,14.2472222222222 79.0883333333333,14.2475 79.0880555555556,14.2475 79.0880555555556,14.2477777777778 79.0877777777778,14.2477777777778 79.0877777777778,14.2480555555556 79.0866666666667,14.2480555555556 79.0866666666667,14.2477777777778 79.0863888888889,14.2477777777778 79.0863888888889,14.2469444444444 79.0861111111111,14.2469444444444 79.0861111111111,14.2463888888889 79.0858333333333,14.2463888888889 79.0858333333333,14.2461111111111 79.0847222222222,14.2461111111111 79.0847222222222,14.2458333333333 79.0838888888889,14.2458333333333 79.0838888888889,14.2455555555556 79.0825,14.2455555555556 79.0825,14.2452777777778 79.0819444444444,14.2452777777778 79.0819444444444,14.245 79.0802777777778,14.245 79.0802777777778,14.2441666666667 79.08,14.2441666666667 79.08,14.2422222222222 79.0802777777778,14.2422222222222 79.0802777777778,14.2416666666667 79.0805555555555,14.2416666666667 79.0805555555555,14.2413888888889 79.0808333333333,14.2413888888889 79.0808333333333,14.2411111111111 79.0813888888889,14.2411111111111 79.0813888888889,14.2408333333333 79.0819444444444,14.2408333333333 79.0819444444444,14.2405555555556 79.0825,14.2405555555556 79.0825,14.2402777777778 79.0830555555556,14.2402777777778 79.0830555555556,14.24 79.0836111111111,14.24 79.0836111111111,14.2397222222222 79.0841666666667,14.2397222222222 79.0841666666667,14.2394444444444 79.0844444444444,14.2394444444444 79.0844444444444,14.2391666666667 79.0847222222222,14.2391666666667 79.0847222222222,14.2386111111111 79.085,14.2386111111111 79.085,14.2383333333333 79.0852777777778,14.2383333333333 79.0852777777778,14.2375 79.0855555555556,14.2375 79.0855555555556,14.2366666666667 79.0858333333333,14.2366666666667 79.0858333333333,14.2363888888889 79.0861111111111,14.2363888888889 79.0861111111111,14.2361111111111 79.0863888888889,14.2361111111111 79.0863888888889,14.2355555555556 79.0861111111111,14.2355555555556 79.0861111111111,14.2338888888889 79.0863888888889,14.2338888888889 79.0863888888889,14.2333333333333 79.0866666666667,14.2333333333333 79.0866666666667,14.2330555555556 79.0869444444444,14.2330555555556 79.0869444444444,14.2325 79.0872222222222,14.2325 79.0872222222222,14.2308333333333 79.0869444444444,14.2308333333333 79.0869444444444,14.2305555555556 79.0866666666667,14.2305555555556 79.0866666666667,14.2302777777778 79.0863888888889,14.2302777777778 79.0863888888889,14.2280555555556 79.0852777777778,14.2280555555556 79.0852777777778,14.2283333333333 79.085,14.2283333333333 79.085,14.2286111111111 79.0847222222222,14.2286111111111 79.0847222222222,14.2288888888889 79.0844444444444,14.2288888888889 79.0844444444444,14.2291666666667 79.0838888888889,14.2291666666667 79.0838888888889,14.2294444444444 79.0833333333333,14.2294444444444 79.0833333333333,14.2297222222222 79.0830555555556,14.2297222222222 79.0830555555556,14.2302777777778 79.0827777777778,14.2302777777778 79.0827777777778,14.2316666666667 79.0825,14.2316666666667 79.0825,14.2322222222222 79.0819444444444,14.2322222222222 79.0819444444444,14.2325 79.0808333333333,14.2325 79.0808333333333,14.2322222222222 79.08,14.2322222222222 79.08,14.2325 79.0797222222222,14.2325 79.0797222222222,14.2327777777778 79.0794444444444,14.2327777777778 79.0794444444444,14.2333333333333 79.0791666666667,14.2333333333333 79.0791666666667,14.2336111111111 79.0788888888889,14.2336111111111 79.0788888888889,14.2344444444444 79.0786111111111,14.2344444444444 79.0786111111111,14.2361111111111 79.0783333333333,14.2361111111111 79.0783333333333,14.2369444444444 79.0780555555556,14.2369444444444 79.0780555555556,14.2377777777778 79.0777777777778,14.2377777777778 79.0777777777778,14.2397222222222 79.0775,14.2397222222222 79.0775,14.2408333333333 79.0772222222222,14.2408333333333 79.0772222222222,14.2411111111111 79.0769444444445,14.2411111111111 79.0769444444445,14.2416666666667 79.0766666666667,14.2416666666667 79.0766666666667,14.2422222222222 79.0761111111111,14.2422222222222 79.0761111111111,14.2419444444444 79.0758333333333,14.2419444444444 79.0758333333333,14.2413888888889 79.0755555555556,14.2413888888889 79.0755555555556,14.2408333333333 79.0752777777778,14.2408333333333 79.0752777777778,14.2405555555556 79.075,14.2405555555556 79.075,14.24 79.0747222222222,14.24 79.0747222222222,14.2372222222222 79.0744444444444,14.2372222222222 79.0744444444444,14.2352777777778 79.0741666666667,14.2352777777778 79.0741666666667,14.2347222222222 79.0733333333333,14.2347222222222 79.0733333333333,14.235 79.0730555555556,14.235 79.0730555555556,14.2352777777778 79.0727777777778,14.2352777777778 79.0727777777778,14.2363888888889 79.0725,14.2363888888889 79.0725,14.2377777777778 79.0727777777778,14.2377777777778 79.0727777777778,14.2397222222222 79.0725,14.2397222222222 79.0725,14.24 79.0722222222222,14.24 79.0722222222222,14.2402777777778 79.0716666666667,14.2402777777778 79.0716666666667,14.24 79.0711111111111,14.24 79.0711111111111,14.2397222222222 79.0708333333333,14.2397222222222 79.0708333333333,14.2394444444444 79.0705555555556,14.2394444444444 79.0705555555556,14.2391666666667 79.0702777777778,14.2391666666667 79.0702777777778,14.2386111111111 79.07,14.2386111111111 79.07,14.2380555555556 79.0697222222222,14.2380555555556 79.0697222222222,14.2375 79.0694444444444,14.2375 79.0694444444444,14.2372222222222 79.0691666666667,14.2372222222222 79.0691666666667,14.2369444444444 79.0669444444444,14.2369444444444 79.0669444444444,14.2366666666667 79.0661111111111,14.2366666666667 79.0661111111111,14.2369444444444 79.0655555555555,14.2369444444444 79.0655555555555,14.2366666666667 79.0652777777778,14.2366666666667 79.0652777777778,14.2369444444444 79.065,14.2369444444444 79.065,14.2380555555556 79.0647222222222,14.2380555555556 79.0647222222222,14.2388888888889 79.0644444444444,14.2388888888889 79.0644444444444,14.24 79.0647222222222,14.24 79.0647222222222,14.2408333333333 79.0644444444444,14.2408333333333 79.0644444444444,14.2411111111111 79.0641666666667,14.2411111111111 79.0641666666667,14.2413888888889 79.0638888888889,14.2413888888889 79.0638888888889,14.2416666666667 79.0636111111111,14.2416666666667 79.0636111111111,14.2419444444444 79.0633333333333,14.2419444444444 79.0633333333333,14.2422222222222 79.0630555555556,14.2422222222222 79.0630555555556,14.2427777777778 79.0627777777778,14.2427777777778 79.0627777777778,14.2436111111111 79.0625,14.2436111111111 79.0625,14.2441666666667 79.0619444444444,14.2441666666667 79.0619444444444,14.2444444444444 79.0613888888889,14.2444444444444 79.0613888888889,14.2447222222222 79.0611111111111,14.2447222222222 79.0611111111111,14.245 79.0608333333333,14.245 79.0608333333333,14.2455555555556 79.0605555555556,14.2455555555556 79.0605555555556,14.2458333333333 79.0602777777778,14.2458333333333 79.0602777777778,14.2463888888889 79.06,14.2463888888889 79.06,14.2469444444444 79.0597222222222,14.2469444444444 79.0597222222222,14.2475 79.0594444444444,14.2475 79.0594444444444,14.2477777777778 79.0588888888889,14.2477777777778 79.0588888888889,14.2480555555556 79.0583333333333,14.2480555555556 79.0583333333333,14.2483333333333 79.0580555555556,14.2483333333333 79.0580555555556,14.2486111111111 79.0572222222222,14.2486111111111 79.0572222222222,14.2488888888889 79.0566666666667,14.2488888888889 79.0566666666667,14.2491666666667 79.0561111111111,14.2491666666667 79.0561111111111,14.2494444444444 79.055,14.2494444444444 79.055,14.2491666666667 79.0541666666667,14.2491666666667 79.0541666666667,14.2494444444444 79.0530555555556,14.2494444444444 79.0530555555556,14.2497222222222 79.0527777777778,14.2497222222222 79.0527777777778,14.25 79.0522222222222,14.25 79.0522222222222,14.2502777777778 79.0516666666667,14.2502777777778 79.0516666666667,14.2505555555556 79.0513888888889,14.2505555555556 79.0513888888889,14.2508333333333 79.0511111111111,14.2508333333333 79.0511111111111,14.2486111111111 79.0508333333333,14.2486111111111 79.0508333333333,14.2483333333333 79.0505555555555,14.2483333333333 79.0505555555555,14.2480555555556 79.0502777777778,14.2480555555556 79.0502777777778,14.2475 79.05,14.2475 79.05,14.2455555555556 79.0497222222222,14.2455555555556 79.0497222222222,14.245 79.0494444444444,14.245 79.0494444444444,14.2447222222222 79.0483333333333,14.2447222222222 79.0483333333333,14.245 79.0480555555555,14.245 79.0480555555555,14.2452777777778 79.0477777777778,14.2452777777778 79.0477777777778,14.2455555555556 79.0475,14.2455555555556 79.0475,14.2463888888889 79.0472222222222,14.2463888888889 79.0472222222222,14.2472222222222 79.0469444444444,14.2472222222222 79.0469444444444,14.2475 79.0466666666667,14.2475 79.0466666666667,14.2477777777778 79.0461111111111,14.2477777777778 79.0461111111111,14.2475 79.0458333333333,14.2475 79.0458333333333,14.2472222222222 79.0455555555556,14.2472222222222 79.0455555555556,14.2469444444444 79.045,14.2469444444444 79.045,14.2472222222222 79.0447222222222,14.2472222222222 79.0447222222222,14.2475 79.0444444444444,14.2475 79.0444444444444,14.2477777777778 79.0441666666667,14.2477777777778 79.0441666666667,14.2480555555556 79.0436111111111,14.2480555555556 79.0436111111111,14.2483333333333 79.0433333333333,14.2483333333333 79.0433333333333,14.2486111111111 79.0430555555556,14.2486111111111 79.0430555555556,14.2463888888889 79.0433333333333,14.2463888888889 79.0433333333333,14.2455555555556 79.0436111111111,14.2455555555556 79.0436111111111,14.2447222222222 79.0438888888889,14.2447222222222 79.0438888888889,14.2438888888889 79.0441666666667,14.2438888888889 79.0441666666667,14.2430555555556 79.0444444444444,14.2430555555556 79.0444444444444,14.2422222222222 79.0447222222222,14.2422222222222 79.0447222222222,14.2416666666667 79.045,14.2416666666667 79.045,14.2408333333333 79.0452777777778,14.2408333333333 79.0452777777778,14.2402777777778 79.0455555555556,14.2402777777778 79.0455555555556,14.2391666666667 79.0458333333333,14.2391666666667 79.0458333333333,14.2383333333333 79.0461111111111,14.2383333333333 79.0461111111111,14.2375 79.0463888888889,14.2375 79.0463888888889,14.2369444444444 79.0466666666667,14.2369444444444 79.0466666666667,14.2363888888889 79.0469444444444,14.2363888888889 79.0469444444444,14.2358333333333 79.0472222222222,14.2358333333333 79.0472222222222,14.235 79.0475,14.235 79.0475,14.2344444444444 79.0477777777778,14.2344444444444 79.0477777777778,14.2338888888889 79.0480555555555,14.2338888888889 79.0480555555555,14.2327777777778 79.0477777777778,14.2327777777778 79.0477777777778,14.2319444444444 79.0466666666667,14.2319444444444 79.0466666666667,14.2322222222222 79.0463888888889,14.2322222222222 79.0463888888889,14.2327777777778 79.0461111111111,14.2327777777778 79.0461111111111,14.2330555555556 79.0458333333333,14.2330555555556 79.0458333333333,14.2333333333333 79.0455555555556,14.2333333333333 79.0455555555556,14.2336111111111 79.0452777777778,14.2336111111111 79.0452777777778,14.2338888888889 79.045,14.2338888888889 79.045,14.2341666666667 79.0447222222222,14.2341666666667 79.0447222222222,14.2347222222222 79.0444444444444,14.2347222222222 79.0444444444444,14.2355555555556 79.0441666666667,14.2355555555556 79.0441666666667,14.2363888888889 79.0438888888889,14.2363888888889 79.0438888888889,14.2377777777778 79.0436111111111,14.2377777777778 79.0436111111111,14.2386111111111 79.0433333333333,14.2386111111111 79.0433333333333,14.2388888888889 79.0430555555556,14.2388888888889 79.0430555555556,14.2391666666667 79.0427777777778,14.2391666666667 79.0427777777778,14.2408333333333 79.0425,14.2408333333333 79.0425,14.2416666666667 79.0422222222222,14.2416666666667 79.0422222222222,14.2422222222222 79.0419444444444,14.2422222222222 79.0419444444444,14.2430555555556 79.0416666666667,14.2430555555556 79.0416666666667,14.2436111111111 79.0413888888889,14.2436111111111 79.0413888888889,14.2438888888889 79.0411111111111,14.2438888888889 79.0411111111111,14.2444444444444 79.0408333333333,14.2444444444444 79.0408333333333,14.2447222222222 79.0405555555556,14.2447222222222 79.0405555555556,14.245 79.0402777777778,14.245 79.0402777777778,14.2452777777778 79.0397222222222,14.2452777777778 79.0397222222222,14.2447222222222 79.0394444444444,14.2447222222222 79.0394444444444,14.2441666666667 79.0391666666667,14.2441666666667 79.0391666666667,14.2436111111111 79.0386111111111,14.2436111111111 79.0386111111111,14.2433333333333 79.0383333333333,14.2433333333333 79.0383333333333,14.2427777777778 79.0380555555556,14.2427777777778 79.0380555555556,14.2411111111111 79.0372222222222,14.2411111111111 79.0372222222222,14.2413888888889 79.0369444444444,14.2413888888889 79.0369444444444,14.2416666666667 79.0366666666667,14.2416666666667 79.0366666666667,14.2419444444444 79.0363888888889,14.2419444444444 79.0363888888889,14.2422222222222 79.035,14.2422222222222 79.035,14.2433333333333 79.0347222222222,14.2433333333333 79.0347222222222,14.2438888888889 79.0344444444444,14.2438888888889 79.0344444444444,14.2444444444444 79.0341666666667,14.2444444444444 79.0341666666667,14.2447222222222 79.0338888888889,14.2447222222222 79.0338888888889,14.245 79.0336111111111,14.245 79.0336111111111,14.2452777777778 79.0333333333333,14.2452777777778 79.0333333333333,14.2455555555556 79.0330555555555,14.2455555555556 79.0330555555555,14.2458333333333 79.0327777777778,14.2458333333333 79.0327777777778,14.2461111111111 79.0313888888889,14.2461111111111 79.0313888888889,14.2458333333333 79.0308333333333,14.2458333333333 79.0308333333333,14.2455555555556 79.0305555555556,14.2455555555556 79.0305555555556,14.2452777777778 79.0302777777778,14.2452777777778 79.0302777777778,14.245 79.03,14.245 79.03,14.2444444444444 79.0297222222222,14.2444444444444 79.0297222222222,14.2427777777778 79.03,14.2427777777778 79.03,14.2419444444444 79.0297222222222,14.2419444444444 79.0297222222222,14.2413888888889 79.0288888888889,14.2413888888889 79.0288888888889,14.2416666666667 79.0283333333333,14.2416666666667 79.0283333333333,14.2419444444444 79.0277777777778,14.2419444444444 79.0277777777778,14.2422222222222 79.0275,14.2422222222222 79.0275,14.2427777777778 79.0272222222222,14.2427777777778 79.0272222222222,14.2430555555556 79.0275,14.2430555555556 79.0275,14.2436111111111 79.0280555555556,14.2436111111111 79.0280555555556,14.2438888888889 79.0283333333333,14.2438888888889 79.0283333333333,14.2441666666667 79.0286111111111,14.2441666666667 79.0286111111111,14.2444444444444 79.0288888888889,14.2444444444444 79.0288888888889,14.2455555555556 79.0286111111111,14.2455555555556 79.0286111111111,14.2458333333333 79.0277777777778,14.2458333333333 79.0277777777778,14.2461111111111 79.0272222222222,14.2461111111111 79.0272222222222,14.2466666666667 79.0269444444444,14.2466666666667 79.0269444444444,14.2472222222222 79.0272222222222,14.2472222222222 79.0272222222222,14.2475 79.0275,14.2475 79.0275,14.2480555555556 79.0277777777778,14.2480555555556 79.0277777777778,14.2502777777778 79.0280555555556,14.2502777777778 79.0280555555556,14.2505555555556 79.0308333333333,14.2505555555556 79.0308333333333,14.2502777777778 79.0313888888889,14.2502777777778 79.0313888888889,14.25 79.0322222222222,14.25 79.0322222222222,14.2530555555556 79.0325,14.2530555555556 79.0325,14.2536111111111 79.0327777777778,14.2536111111111 79.0327777777778,14.2547222222222 79.0330555555555,14.2547222222222 79.0330555555555,14.2552777777778 79.0333333333333,14.2552777777778 79.0333333333333,14.2558333333333 79.0336111111111,14.2558333333333 79.0336111111111,14.2561111111111 79.0338888888889,14.2561111111111 79.0338888888889,14.2563888888889 79.0341666666667,14.2563888888889 79.0341666666667,14.2566666666667 79.0344444444444,14.2566666666667 79.0344444444444,14.2572222222222 79.0341666666667,14.2572222222222 79.0341666666667,14.2575 79.0338888888889,14.2575 79.0338888888889,14.2577777777778 79.0336111111111,14.2577777777778 79.0336111111111,14.2580555555556 79.0330555555555,14.2580555555556 79.0330555555555,14.2583333333333 79.0308333333333,14.2583333333333 79.0308333333333,14.2586111111111 79.0302777777778,14.2586111111111 79.0302777777778,14.2588888888889 79.03,14.2588888888889 79.03,14.2591666666667 79.0288888888889,14.2591666666667 79.0288888888889,14.2594444444444 79.0283333333333,14.2594444444444 79.0283333333333,14.2591666666667 79.0277777777778,14.2591666666667 79.0277777777778,14.2588888888889 79.0272222222222,14.2588888888889 79.0272222222222,14.2583333333333 79.0269444444444,14.2583333333333 79.0269444444444,14.2580555555556 79.0266666666667,14.2580555555556 79.0266666666667,14.2577777777778 79.0263888888889,14.2577777777778 79.0263888888889,14.2575 79.0261111111111,14.2575 79.0261111111111,14.2572222222222 79.0258333333333,14.2572222222222 79.0258333333333,14.2569444444444 79.0255555555556,14.2569444444444 79.0255555555556,14.2563888888889 79.0252777777778,14.2563888888889 79.0252777777778,14.2558333333333 79.025,14.2558333333333 79.025,14.2552777777778 79.0238888888889,14.2552777777778 79.0238888888889,14.2555555555556 79.0233333333333,14.2555555555556 79.0233333333333,14.2561111111111 79.0230555555556,14.2561111111111 79.0230555555556,14.2569444444444 79.0227777777778,14.2569444444444 79.0227777777778,14.2575 79.0225,14.2575 79.0225,14.2577777777778 79.0227777777778,14.2577777777778 79.0227777777778,14.2580555555556 79.0230555555556,14.2580555555556 79.0230555555556,14.2583333333333 79.0236111111111,14.2583333333333 79.0236111111111,14.2586111111111 79.0238888888889,14.2586111111111 79.0238888888889,14.2588888888889 79.0241666666667,14.2588888888889 79.0241666666667,14.2591666666667 79.0244444444444,14.2591666666667 79.0244444444444,14.2594444444444 79.025,14.2594444444444 79.025,14.2597222222222 79.0275,14.2597222222222 79.0275,14.26 79.0280555555556,14.26 79.0280555555556,14.2602777777778 79.0286111111111,14.2602777777778 79.0286111111111,14.2605555555556 79.0288888888889,14.2605555555556 79.0288888888889,14.2613888888889 79.0283333333333,14.2613888888889 79.0283333333333,14.2616666666667 79.0277777777778,14.2616666666667 79.0277777777778,14.2619444444444 79.0269444444444,14.2619444444444 79.0269444444444,14.2622222222222 79.0261111111111,14.2622222222222 79.0261111111111,14.2625 79.0241666666667,14.2625 79.0241666666667,14.2622222222222 79.0236111111111,14.2622222222222 79.0236111111111,14.2619444444444 79.0233333333333,14.2619444444444 79.0233333333333,14.2616666666667 79.0230555555556,14.2616666666667 79.0230555555556,14.2619444444444 79.0227777777778,14.2619444444444 79.0227777777778,14.2638888888889 79.0225,14.2638888888889 79.0225,14.2641666666667 79.0216666666667,14.2641666666667 79.0216666666667,14.2638888888889 79.0211111111111,14.2638888888889 79.0211111111111,14.2636111111111 79.0208333333333,14.2636111111111 79.0208333333333,14.2633333333333 79.0205555555556,14.2633333333333 79.0205555555556,14.2627777777778 79.0202777777778,14.2627777777778 79.0202777777778,14.2622222222222 79.0194444444444,14.2622222222222 79.0194444444444,14.2625 79.0191666666667,14.2625 79.0191666666667,14.2627777777778 79.0194444444444,14.2627777777778 79.0194444444444,14.2633333333333 79.0197222222222,14.2633333333333 79.0197222222222,14.2644444444444 79.0194444444444,14.2644444444444 79.0194444444444,14.2647222222222 79.0188888888889,14.2647222222222 79.0188888888889,14.265 79.0166666666667,14.265 79.0166666666667,14.2647222222222 79.0163888888889,14.2647222222222 79.0163888888889,14.2638888888889 79.0161111111111,14.2638888888889 79.0161111111111,14.2633333333333 79.0158333333333,14.2633333333333 79.0158333333333,14.2627777777778 79.015,14.2627777777778 79.015,14.2625 79.0141666666667,14.2625 79.0141666666667,14.2622222222222 79.0136111111111,14.2622222222222 79.0136111111111,14.2625 79.0133333333333,14.2625 79.0133333333333,14.2630555555556 79.0136111111111,14.2630555555556 79.0136111111111,14.2633333333333 79.0138888888889,14.2633333333333 79.0138888888889,14.2638888888889 79.0136111111111,14.2638888888889 79.0136111111111,14.2641666666667 79.0125,14.2641666666667 79.0125,14.2647222222222 79.0127777777778,14.2647222222222 79.0127777777778,14.265 79.0130555555556,14.265 79.0130555555556,14.2652777777778 79.0138888888889,14.2652777777778 79.0138888888889,14.2655555555556 79.0144444444445,14.2655555555556 79.0144444444445,14.2658333333333 79.015,14.2658333333333 79.015,14.2669444444444 79.0147222222222,14.2669444444444 79.0147222222222,14.2672222222222 79.0136111111111,14.2672222222222 79.0136111111111,14.2675 79.0133333333333,14.2675 79.0133333333333,14.2672222222222 79.0113888888889,14.2672222222222 79.0113888888889,14.2669444444444 79.0105555555556,14.2669444444444 79.0105555555556,14.2663888888889 79.0102777777778,14.2663888888889 79.0102777777778,14.2658333333333 79.01,14.2658333333333 79.01,14.2655555555556 79.0091666666667,14.2655555555556 79.0091666666667,14.2652777777778 79.0083333333333,14.2652777777778 79.0083333333333,14.265 79.0075,14.265 79.0075,14.2652777777778 79.0072222222222,14.2652777777778 79.0072222222222,14.2658333333333 79.0069444444444,14.2658333333333 79.0069444444444,14.2666666666667 79.0061111111111,14.2666666666667 79.0061111111111,14.2663888888889 79.0058333333333,14.2663888888889 79.0058333333333,14.2658333333333 79.0055555555556,14.2658333333333 79.0055555555556,14.2636111111111 79.0058333333333,14.2636111111111 79.0058333333333,14.2630555555556 79.0055555555556,14.2630555555556 79.0055555555556,14.2627777777778 79.0058333333333,14.2627777777778 79.0058333333333,14.2622222222222 79.0061111111111,14.2622222222222 79.0061111111111,14.2613888888889 79.0063888888889,14.2613888888889 79.0063888888889,14.2608333333333 79.0066666666667,14.2608333333333 79.0066666666667,14.2605555555556 79.0072222222222,14.2605555555556 79.0072222222222,14.2602777777778 79.0077777777778,14.2602777777778 79.0077777777778,14.2569444444444 79.0080555555556,14.2569444444444 79.0080555555556,14.2566666666667 79.0083333333333,14.2566666666667 79.0083333333333,14.2561111111111 79.0086111111111,14.2561111111111 79.0086111111111,14.2558333333333 79.0088888888889,14.2558333333333 79.0088888888889,14.2555555555556 79.0091666666667,14.2555555555556 79.0091666666667,14.255 79.0094444444444,14.255 79.0094444444444,14.2547222222222 79.0097222222222,14.2547222222222 79.0097222222222,14.2541666666667 79.01,14.2541666666667 79.01,14.2536111111111 79.0102777777778,14.2536111111111 79.0102777777778,14.2525 79.0105555555556,14.2525 79.0105555555556,14.2516666666667 79.0108333333333,14.2516666666667 79.0108333333333,14.2505555555556 79.0111111111111,14.2505555555556 79.0111111111111,14.25 79.0108333333333,14.25 79.0108333333333,14.2494444444444 79.0105555555556,14.2494444444444 79.0105555555556,14.2491666666667 79.0102777777778,14.2491666666667 79.0102777777778,14.2486111111111 79.01,14.2486111111111 79.01,14.2483333333333 79.0097222222222,14.2483333333333 79.0097222222222,14.2480555555556 79.0091666666667,14.2480555555556 79.0091666666667,14.2477777777778 79.0086111111111,14.2477777777778 79.0086111111111,14.2472222222222 79.0083333333333,14.2472222222222 79.0083333333333,14.2469444444444 79.0080555555556,14.2469444444444 79.0080555555556,14.2466666666667 79.0072222222222,14.2466666666667 79.0072222222222,14.2463888888889 79.0058333333333,14.2463888888889 79.0058333333333,14.2466666666667 79.0052777777778,14.2466666666667 79.0052777777778,14.2463888888889 79.0044444444444,14.2463888888889 79.0044444444444,14.2461111111111 79.0041666666667,14.2461111111111 79.0041666666667,14.2458333333333 79.0033333333333,14.2458333333333 79.0033333333333,14.2461111111111 79.0013888888889,14.2461111111111 79.0013888888889,14.2463888888889 79.0008333333333,14.2463888888889 79.0008333333333,14.2466666666667 78.9988888888889,14.2466666666667 78.9988888888889,14.2463888888889 78.9980555555556,14.2463888888889 78.9980555555556,14.2466666666667 78.9972222222222,14.2466666666667 78.9972222222222,14.2463888888889 78.9969444444444,14.2463888888889 78.9969444444444,14.2461111111111 78.9966666666667,14.2461111111111 78.9966666666667,14.2458333333333 78.9963888888889,14.2458333333333 78.9963888888889,14.2452777777778 78.9961111111111,14.2452777777778 78.9961111111111,14.2447222222222 78.9958333333333,14.2447222222222 78.9958333333333,14.2441666666667 78.9955555555556,14.2441666666667 78.9955555555556,14.2422222222222 78.9958333333333,14.2422222222222 78.9958333333333,14.2413888888889 78.9961111111111,14.2413888888889 78.9961111111111,14.2411111111111 78.9963888888889,14.2411111111111 78.9963888888889,14.2405555555556 78.9966666666667,14.2405555555556 78.9966666666667,14.24 78.9969444444444,14.24 78.9969444444444,14.2397222222222 78.9972222222222,14.2397222222222 78.9972222222222,14.2394444444444 78.9977777777778,14.2394444444444 78.9977777777778,14.2391666666667 78.9986111111111,14.2391666666667 78.9986111111111,14.2388888888889 78.9991666666667,14.2388888888889 78.9991666666667,14.2386111111111 78.9994444444444,14.2386111111111 78.9994444444444,14.2383333333333 78.9997222222222,14.2383333333333 78.9997222222222,14.2375 79.0002777777778,14.2375 79.0002777777778,14.2372222222222 79.0005555555556,14.2372222222222 79.0005555555556,14.2366666666667 79.0008333333333,14.2366666666667 79.0008333333333,14.2358333333333 79.0011111111111,14.2358333333333 79.0011111111111,14.2355555555556 79.0016666666667,14.2355555555556 79.0016666666667,14.2352777777778 79.0022222222222,14.2352777777778 79.0022222222222,14.235 79.0025,14.235 79.0025,14.2341666666667 79.0027777777778,14.2341666666667 79.0027777777778,14.2338888888889 79.0030555555555,14.2338888888889 79.0030555555555,14.2336111111111 79.0033333333333,14.2336111111111 79.0033333333333,14.2330555555556 79.0036111111111,14.2330555555556 79.0036111111111,14.2327777777778 79.0041666666667,14.2327777777778 79.0041666666667,14.2325 79.005,14.2325 79.005,14.2322222222222 79.0055555555556,14.2322222222222 79.0055555555556,14.2319444444444 79.0063888888889,14.2319444444444 79.0063888888889,14.2316666666667 79.0069444444444,14.2316666666667 79.0069444444444,14.2313888888889 79.0075,14.2313888888889 79.0075,14.2311111111111 79.0083333333333,14.2311111111111 79.0083333333333,14.2308333333333 79.01,14.2308333333333 79.01,14.2311111111111 79.0105555555556,14.2311111111111 79.0105555555556,14.2313888888889 79.0111111111111,14.2313888888889 79.0111111111111,14.2311111111111 79.0113888888889,14.2311111111111 79.0113888888889,14.2305555555556 79.0111111111111,14.2305555555556 79.0111111111111,14.2302777777778 79.0108333333333,14.2302777777778 79.0108333333333,14.2294444444444 79.0111111111111,14.2294444444444 79.0111111111111,14.2291666666667 79.0113888888889,14.2291666666667 79.0113888888889,14.2288888888889 79.0116666666667,14.2288888888889 79.0116666666667,14.2286111111111 79.0119444444444,14.2286111111111 79.0119444444444,14.2283333333333 79.0122222222222,14.2283333333333 79.0122222222222,14.2280555555556 79.0125,14.2280555555556 79.0125,14.2277777777778 79.0127777777778,14.2277777777778 79.0127777777778,14.2275 79.0130555555556,14.2275 79.0130555555556,14.2269444444444 79.0133333333333,14.2269444444444 79.0133333333333,14.2266666666667 79.0136111111111,14.2266666666667 79.0136111111111,14.2263888888889 79.0138888888889,14.2263888888889 79.0138888888889,14.2261111111111 79.0141666666667,14.2261111111111 79.0141666666667,14.2258333333333 79.0144444444445,14.2258333333333 79.0144444444445,14.2255555555556 79.0147222222222,14.2255555555556 79.0147222222222,14.2252777777778 79.015,14.2252777777778 79.015,14.225 79.0158333333333,14.225 79.0158333333333,14.2252777777778 79.0161111111111,14.2252777777778 79.0161111111111,14.2258333333333 79.0163888888889,14.2258333333333 79.0163888888889,14.2261111111111 79.0166666666667,14.2261111111111 79.0166666666667,14.2263888888889 79.0177777777778,14.2263888888889 79.0177777777778,14.2261111111111 79.0202777777778,14.2261111111111 79.0202777777778,14.2258333333333 79.0205555555556,14.2258333333333 79.0205555555556,14.2255555555556 79.0208333333333,14.2255555555556 79.0208333333333,14.225 79.0202777777778,14.225 79.0202777777778,14.2247222222222 79.0188888888889,14.2247222222222 79.0188888888889,14.2244444444444 79.0180555555555,14.2244444444444 79.0180555555555,14.2241666666667 79.0175,14.2241666666667 79.0175,14.2238888888889 79.0169444444444,14.2238888888889 79.0169444444444,14.2236111111111 79.0166666666667,14.2236111111111 79.0166666666667,14.2227777777778 79.0169444444444,14.2227777777778 79.0169444444444,14.2225 79.0172222222222,14.2225 79.0172222222222,14.2222222222222 79.0175,14.2222222222222 79.0175,14.2219444444444 79.0177777777778,14.2219444444444 79.0177777777778,14.2216666666667 79.0180555555555,14.2216666666667 79.0180555555555,14.2211111111111 79.0183333333333,14.2211111111111 79.0183333333333,14.2208333333333 79.0186111111111,14.2208333333333 79.0186111111111,14.2202777777778 79.0188888888889,14.2202777777778 79.0188888888889,14.2197222222222 79.0191666666667,14.2197222222222 79.0191666666667,14.2191666666667 79.0194444444444,14.2191666666667 79.0194444444444,14.2186111111111 79.0191666666667,14.2186111111111 79.0191666666667,14.2180555555556 79.0188888888889,14.2180555555556 79.0188888888889,14.2175 79.0191666666667,14.2175 79.0191666666667,14.2169444444444 79.0194444444444,14.2169444444444 79.0194444444444,14.2155555555556 79.0191666666667,14.2155555555556 79.0191666666667,14.2152777777778 79.0188888888889,14.2152777777778 79.0188888888889,14.215 79.0183333333333,14.215 79.0183333333333,14.2147222222222 79.0177777777778,14.2147222222222 79.0177777777778,14.2144444444444 79.0172222222222,14.2144444444444 79.0172222222222,14.2147222222222 79.0166666666667,14.2147222222222 79.0166666666667,14.215 79.0163888888889,14.215 79.0163888888889,14.2152777777778 79.0161111111111,14.2152777777778 79.0161111111111,14.2158333333333 79.0158333333333,14.2158333333333 79.0158333333333,14.2161111111111 79.0155555555556,14.2161111111111 79.0155555555556,14.2158333333333 79.015,14.2158333333333 79.015,14.2161111111111 79.0147222222222,14.2161111111111 79.0147222222222,14.2169444444444 79.015,14.2169444444444 79.015,14.2172222222222 79.0152777777778,14.2172222222222 79.0152777777778,14.2180555555556 79.015,14.2180555555556 79.015,14.2186111111111 79.0147222222222,14.2186111111111 79.0147222222222,14.2197222222222 79.0144444444445,14.2197222222222 79.0144444444445,14.2202777777778 79.0141666666667,14.2202777777778 79.0141666666667,14.2208333333333 79.0138888888889,14.2208333333333 79.0138888888889,14.2211111111111 79.0136111111111,14.2211111111111 79.0136111111111,14.2216666666667 79.0133333333333,14.2216666666667 79.0133333333333,14.2219444444444 79.0130555555556,14.2219444444444 79.0130555555556,14.2225 79.0127777777778,14.2225 79.0127777777778,14.2230555555556 79.0125,14.2230555555556 79.0125,14.2238888888889 79.0122222222222,14.2238888888889 79.0122222222222,14.2244444444444 79.0119444444444,14.2244444444444 79.0119444444444,14.225 79.0116666666667,14.225 79.0116666666667,14.2252777777778 79.0113888888889,14.2252777777778 79.0113888888889,14.2255555555556 79.0111111111111,14.2255555555556 79.0111111111111,14.2258333333333 79.0108333333333,14.2258333333333 79.0108333333333,14.2261111111111 79.0105555555556,14.2261111111111 79.0105555555556,14.2263888888889 79.0102777777778,14.2263888888889 79.0102777777778,14.2266666666667 79.01,14.2266666666667 79.01,14.2269444444444 79.0094444444444,14.2269444444444 79.0094444444444,14.2272222222222 79.0091666666667,14.2272222222222 79.0091666666667,14.2275 79.0086111111111,14.2275 79.0086111111111,14.2277777777778 79.0077777777778,14.2277777777778 79.0077777777778,14.2275 79.0072222222222,14.2275 79.0072222222222,14.2277777777778 79.0066666666667,14.2277777777778 79.0066666666667,14.2280555555556 79.0063888888889,14.2280555555556 79.0063888888889,14.2283333333333 79.0052777777778,14.2283333333333 79.0052777777778,14.2280555555556 79.0047222222222,14.2280555555556 79.0047222222222,14.2277777777778 79.0041666666667,14.2277777777778 79.0041666666667,14.2275 79.0038888888889,14.2275 79.0038888888889,14.2277777777778 79.0036111111111,14.2277777777778 79.0036111111111,14.2294444444444 79.0033333333333,14.2294444444444 79.0033333333333,14.23 79.0030555555555,14.23 79.0030555555555,14.2302777777778 79.0027777777778,14.2302777777778 79.0027777777778,14.2308333333333 79.0025,14.2308333333333 79.0025,14.2311111111111 79.0019444444444,14.2311111111111 79.0019444444444,14.2313888888889 79.0016666666667,14.2313888888889 79.0016666666667,14.2316666666667 79.0008333333333,14.2316666666667 79.0008333333333,14.2319444444444 79.0005555555556,14.2319444444444 79.0005555555556,14.2322222222222 79.0,14.2322222222222 79.0,14.2325 78.9997222222222,14.2325 78.9997222222222,14.2327777777778 78.9994444444444,14.2327777777778 78.9994444444444,14.2330555555556 78.9988888888889,14.2330555555556 78.9988888888889,14.2333333333333 78.9986111111111,14.2333333333333 78.9986111111111,14.2336111111111 78.9983333333333,14.2336111111111 78.9983333333333,14.2338888888889 78.9977777777778,14.2338888888889 78.9977777777778,14.2341666666667 78.9975,14.2341666666667 78.9975,14.2344444444444 78.9969444444444,14.2344444444444 78.9969444444444,14.2347222222222 78.9966666666667,14.2347222222222 78.9966666666667,14.235 78.9963888888889,14.235 78.9963888888889,14.2352777777778 78.9961111111111,14.2352777777778 78.9961111111111,14.2355555555556 78.9958333333333,14.2355555555556 78.9958333333333,14.2358333333333 78.9955555555556,14.2358333333333 78.9955555555556,14.2361111111111 78.995,14.2361111111111 78.995,14.2366666666667 78.9947222222222,14.2366666666667 78.9947222222222,14.2369444444444 78.9944444444444,14.2369444444444 78.9944444444444,14.2372222222222 78.9941666666667,14.2372222222222 78.9941666666667,14.2375 78.9938888888889,14.2375 78.9938888888889,14.2377777777778 78.9936111111111,14.2377777777778 78.9936111111111,14.2380555555556 78.9933333333333,14.2380555555556 78.9933333333333,14.2383333333333 78.9930555555556,14.2383333333333 78.9930555555556,14.2386111111111 78.9927777777778,14.2386111111111 78.9927777777778,14.2408333333333 78.9925,14.2408333333333 78.9925,14.2416666666667 78.9922222222222,14.2416666666667 78.9922222222222,14.2422222222222 78.9919444444444,14.2422222222222 78.9919444444444,14.2427777777778 78.9916666666667,14.2427777777778 78.9916666666667,14.2436111111111 78.9919444444444,14.2436111111111 78.9919444444444,14.2438888888889 78.9922222222222,14.2438888888889 78.9922222222222,14.2444444444444 78.9925,14.2444444444444 78.9925,14.2455555555556 78.9927777777778,14.2455555555556 78.9927777777778,14.2463888888889 78.9930555555556,14.2463888888889 78.9930555555556,14.2472222222222 78.9933333333333,14.2472222222222 78.9933333333333,14.2475 78.9936111111111,14.2475 78.9936111111111,14.2477777777778 78.9938888888889,14.2477777777778 78.9938888888889,14.2480555555556 78.9941666666667,14.2480555555556 78.9941666666667,14.2483333333333 78.9947222222222,14.2483333333333 78.9947222222222,14.2486111111111 78.9958333333333,14.2486111111111 78.9958333333333,14.2488888888889 78.9963888888889,14.2488888888889 78.9963888888889,14.2491666666667 78.9966666666667,14.2491666666667 78.9966666666667,14.2494444444444 78.9969444444444,14.2494444444444 78.9969444444444,14.2502777777778 78.9966666666667,14.2502777777778 78.9966666666667,14.2505555555556 78.9963888888889,14.2505555555556 78.9963888888889,14.2511111111111 78.9961111111111,14.2511111111111 78.9961111111111,14.2516666666667 78.9966666666667,14.2516666666667 78.9966666666667,14.2513888888889 78.9972222222222,14.2513888888889 78.9972222222222,14.2511111111111 78.9977777777778,14.2511111111111 78.9977777777778,14.2508333333333 78.9983333333333,14.2508333333333 78.9983333333333,14.2505555555556 79.0013888888889,14.2505555555556 79.0013888888889,14.2502777777778 79.0019444444444,14.2502777777778 79.0019444444444,14.25 79.0025,14.25 79.0025,14.2497222222222 79.0030555555555,14.2497222222222 79.0030555555555,14.2494444444444 79.0041666666667,14.2494444444444 79.0041666666667,14.2497222222222 79.0047222222222,14.2497222222222 79.0047222222222,14.25 79.0063888888889,14.25 79.0063888888889,14.2502777777778 79.0069444444444,14.2502777777778 79.0069444444444,14.2505555555556 79.0072222222222,14.2505555555556 79.0072222222222,14.2519444444444 79.0069444444444,14.2519444444444 79.0069444444444,14.2527777777778 79.0072222222222,14.2527777777778 79.0072222222222,14.2530555555556 79.0066666666667,14.2530555555556 79.0066666666667,14.2533333333333 79.0063888888889,14.2533333333333 79.0063888888889,14.2536111111111 79.0061111111111,14.2536111111111 79.0061111111111,14.2541666666667 79.0058333333333,14.2541666666667 79.0058333333333,14.2552777777778 79.0055555555556,14.2552777777778 79.0055555555556,14.2558333333333 79.0052777777778,14.2558333333333 79.0052777777778,14.2561111111111 79.005,14.2561111111111 79.005,14.2563888888889 79.0041666666667,14.2563888888889 79.0041666666667,14.2569444444444 79.0038888888889,14.2569444444444 79.0038888888889,14.2572222222222 79.0041666666667,14.2572222222222 79.0041666666667,14.2575 79.0038888888889,14.2575 79.0038888888889,14.2583333333333 79.0036111111111,14.2583333333333 79.0036111111111,14.2588888888889 79.0033333333333,14.2588888888889 79.0033333333333,14.2594444444444 79.0030555555555,14.2594444444444 79.0030555555555,14.2597222222222 79.0027777777778,14.2597222222222 79.0027777777778,14.2605555555556 79.0025,14.2605555555556 79.0025,14.2608333333333 79.0022222222222,14.2608333333333 79.0022222222222,14.2611111111111 79.0019444444444,14.2611111111111 79.0019444444444,14.2613888888889 79.0013888888889,14.2613888888889 79.0013888888889,14.2616666666667 79.0011111111111,14.2616666666667 79.0011111111111,14.2619444444444 79.0008333333333,14.2619444444444 79.0008333333333,14.2625 79.0011111111111,14.2625 79.0011111111111,14.2630555555556 79.0008333333333,14.2630555555556 79.0008333333333,14.2636111111111 79.0005555555556,14.2636111111111 79.0005555555556,14.2641666666667 79.0002777777778,14.2641666666667 79.0002777777778,14.2663888888889 79.0005555555556,14.2663888888889 79.0005555555556,14.2666666666667 79.0008333333333,14.2666666666667 79.0008333333333,14.2672222222222 79.0011111111111,14.2672222222222 79.0011111111111,14.2675 79.0013888888889,14.2675 79.0013888888889,14.2680555555556 79.0016666666667,14.2680555555556 79.0016666666667,14.2683333333333 79.0019444444444,14.2683333333333 79.0019444444444,14.2686111111111 79.0022222222222,14.2686111111111 79.0022222222222,14.2691666666667 79.0025,14.2691666666667 79.0025,14.2694444444444 79.0027777777778,14.2694444444444 79.0027777777778,14.2697222222222 79.0033333333333,14.2697222222222 79.0033333333333,14.27 79.0036111111111,14.27 79.0036111111111,14.2702777777778 79.0044444444444,14.2702777777778 79.0044444444444,14.2705555555556 79.0061111111111,14.2705555555556 79.0061111111111,14.2702777777778 79.0077777777778,14.2702777777778 79.0077777777778,14.2705555555556 79.0141666666667,14.2705555555556 79.0141666666667,14.2702777777778 79.0152777777778,14.2702777777778 79.0152777777778,14.27 79.0163888888889,14.27 79.0163888888889,14.2697222222222 79.0177777777778,14.2697222222222 79.0177777777778,14.2694444444444 79.0191666666667,14.2694444444444 79.0191666666667,14.2691666666667 79.0202777777778,14.2691666666667 79.0202777777778,14.2688888888889 79.0222222222222,14.2688888888889 79.0222222222222,14.2691666666667 79.0227777777778,14.2691666666667 79.0227777777778,14.2694444444444 79.0244444444444,14.2694444444444 79.0244444444444,14.2697222222222 79.0247222222222,14.2697222222222 79.0247222222222,14.2702777777778 79.0252777777778,14.2702777777778 79.0252777777778,14.2705555555556 79.0255555555556,14.2705555555556 79.0255555555556,14.2719444444444 79.0252777777778,14.2719444444444 79.0252777777778,14.2736111111111 79.025,14.2736111111111 79.025,14.2747222222222 79.0252777777778,14.2747222222222 79.0252777777778,14.2755555555556 79.0261111111111,14.2755555555556 79.0261111111111,14.2752777777778 79.0269444444444,14.2752777777778 79.0269444444444,14.275 79.0280555555556,14.275 79.0280555555556,14.2747222222222 79.0288888888889,14.2747222222222 79.0288888888889,14.2744444444444 79.0291666666667,14.2744444444444 79.0291666666667,14.2741666666667 79.0294444444444,14.2741666666667 79.0294444444444,14.2738888888889 79.0297222222222,14.2738888888889 79.0297222222222,14.2736111111111 79.03,14.2736111111111 79.03,14.2713888888889 79.0297222222222,14.2713888888889 79.0297222222222,14.2711111111111 79.0294444444444,14.2711111111111 79.0294444444444,14.2708333333333 79.0291666666667,14.2708333333333 79.0291666666667,14.2705555555556 79.0288888888889,14.2705555555556 79.0288888888889,14.2697222222222 79.0291666666667,14.2697222222222 79.0291666666667,14.2688888888889 79.0288888888889,14.2688888888889 79.0288888888889,14.2686111111111 79.0283333333333,14.2686111111111 79.0283333333333,14.2683333333333 79.0277777777778,14.2683333333333 79.0277777777778,14.2680555555556 79.0272222222222,14.2680555555556 79.0272222222222,14.2677777777778 79.0269444444444,14.2677777777778 79.0269444444444,14.2672222222222 79.0272222222222,14.2672222222222 79.0272222222222,14.2669444444444 79.0291666666667,14.2669444444444 79.0291666666667,14.2666666666667 79.0294444444444,14.2666666666667 79.0294444444444,14.2652777777778 79.0297222222222,14.2652777777778 79.0297222222222,14.2647222222222 79.03,14.2647222222222 79.03,14.2644444444444 79.0302777777778,14.2644444444444 79.0302777777778,14.2641666666667 79.0305555555556,14.2641666666667 79.0305555555556,14.2638888888889 79.0325,14.2638888888889 79.0325,14.2636111111111 79.0330555555555,14.2636111111111 79.0330555555555,14.2633333333333 79.0336111111111,14.2633333333333 79.0336111111111,14.2630555555556 79.0338888888889,14.2630555555556 79.0338888888889,14.2633333333333 79.0341666666667,14.2633333333333 79.0341666666667,14.2636111111111 79.0344444444444,14.2636111111111 79.0344444444444,14.2638888888889 79.0347222222222,14.2638888888889 79.0347222222222,14.2641666666667 79.035,14.2641666666667 79.035,14.2644444444444 79.0358333333333,14.2644444444444 79.0358333333333,14.2647222222222 79.0361111111111,14.2647222222222 79.0361111111111,14.265 79.0363888888889,14.265 79.0363888888889,14.2658333333333 79.0366666666667,14.2658333333333 79.0366666666667,14.2661111111111 79.0372222222222,14.2661111111111 79.0372222222222,14.2658333333333 79.0375,14.2658333333333 79.0375,14.2655555555556 79.0377777777778,14.2655555555556 79.0377777777778,14.2652777777778 79.0380555555556,14.2652777777778 79.0380555555556,14.2644444444444 79.0377777777778,14.2644444444444 79.0377777777778,14.2641666666667 79.0375,14.2641666666667 79.0375,14.2636111111111 79.0372222222222,14.2636111111111 79.0372222222222,14.2633333333333 79.0369444444444,14.2633333333333 79.0369444444444,14.2627777777778 79.0366666666667,14.2627777777778 79.0366666666667,14.2625 79.0363888888889,14.2625 79.0363888888889,14.2619444444444 79.0366666666667,14.2619444444444 79.0366666666667,14.2616666666667 79.0377777777778,14.2616666666667 79.0377777777778,14.2613888888889 79.0386111111111,14.2613888888889 79.0386111111111,14.2611111111111 79.0394444444444,14.2611111111111 79.0394444444444,14.2608333333333 79.0397222222222,14.2608333333333 79.0397222222222,14.2605555555556 79.04,14.2605555555556 79.04,14.2594444444444 79.0397222222222,14.2594444444444 79.0397222222222,14.2591666666667 79.0394444444444,14.2591666666667 79.0394444444444,14.2588888888889 79.0391666666667,14.2588888888889 79.0391666666667,14.2586111111111 79.0386111111111,14.2586111111111 79.0386111111111,14.2575 79.0402777777778,14.2575 79.0402777777778,14.2572222222222 79.0405555555556,14.2572222222222 79.0405555555556,14.2569444444444 79.0402777777778,14.2569444444444 79.0402777777778,14.2558333333333 79.0405555555556,14.2558333333333 79.0405555555556,14.2552777777778 79.0408333333333,14.2552777777778 79.0408333333333,14.255 79.0411111111111,14.255 79.0411111111111,14.2547222222222 79.0413888888889,14.2547222222222 79.0413888888889,14.2544444444444 79.0416666666667,14.2544444444444 79.0416666666667,14.2541666666667 79.0422222222222,14.2541666666667 79.0422222222222,14.2538888888889 79.0433333333333,14.2538888888889 79.0433333333333,14.2541666666667 79.0438888888889,14.2541666666667 79.0438888888889,14.2544444444444 79.0441666666667,14.2544444444444 79.0441666666667,14.255 79.0438888888889,14.255 79.0438888888889,14.2558333333333 79.0441666666667,14.2558333333333 79.0441666666667,14.2563888888889 79.0444444444444,14.2563888888889 79.0444444444444,14.2577777777778 79.0447222222222,14.2577777777778 79.0447222222222,14.2580555555556 79.045,14.2580555555556 79.045,14.2583333333333 79.0452777777778,14.2583333333333 79.0452777777778,14.2608333333333 79.0455555555556,14.2608333333333 79.0455555555556,14.2613888888889 79.0458333333333,14.2613888888889 79.0458333333333,14.2619444444444 79.0461111111111,14.2619444444444 79.0461111111111,14.2625 79.0463888888889,14.2625 79.0463888888889,14.2630555555556 79.0466666666667,14.2630555555556 79.0466666666667,14.2633333333333 79.0469444444444,14.2633333333333 79.0469444444444,14.2636111111111 79.0475,14.2636111111111 79.0475,14.2633333333333 79.0480555555555,14.2633333333333 79.0480555555555,14.2630555555556 79.0486111111111,14.2630555555556 79.0486111111111,14.2622222222222 79.0491666666667,14.2622222222222 79.0491666666667,14.2630555555556 79.0494444444444,14.2630555555556 79.0494444444444,14.2633333333333 79.0497222222222,14.2633333333333 79.0497222222222,14.2630555555556 79.0502777777778,14.2630555555556 79.0502777777778,14.2627777777778 79.0508333333333,14.2627777777778 79.0508333333333,14.2625 79.0511111111111,14.2625 79.0511111111111,14.2622222222222 79.0519444444444,14.2622222222222 79.0519444444444,14.2619444444444 79.0522222222222,14.2619444444444 79.0522222222222,14.2622222222222 79.0530555555556,14.2622222222222 79.0530555555556,14.2619444444444 79.0533333333333,14.2619444444444 79.0533333333333,14.2613888888889 79.0536111111111,14.2613888888889 79.0536111111111,14.2608333333333 79.0538888888889,14.2608333333333 79.0538888888889,14.2602777777778 79.0541666666667,14.2602777777778 79.0541666666667,14.26 79.0544444444444,14.26 79.0544444444444,14.2594444444444 79.0547222222222,14.2594444444444 79.0547222222222,14.2591666666667 79.055,14.2591666666667 79.055,14.2588888888889 79.0555555555556,14.2588888888889 79.0555555555556,14.2586111111111 79.0566666666667,14.2586111111111 79.0566666666667,14.2588888888889 79.0569444444444,14.2588888888889 79.0569444444444,14.2591666666667 79.0572222222222,14.2591666666667 79.0572222222222,14.2594444444444 79.0575,14.2594444444444 79.0575,14.26 79.0577777777778,14.26 79.0577777777778,14.2605555555556 79.0580555555556,14.2605555555556 79.0580555555556,14.2611111111111 79.0577777777778,14.2611111111111 79.0577777777778,14.2613888888889 79.0575,14.2613888888889 79.0575,14.2616666666667 79.0569444444444,14.2616666666667 79.0569444444444,14.2633333333333 79.0572222222222,14.2633333333333 79.0572222222222,14.2636111111111 79.0575,14.2636111111111 79.0575,14.2638888888889 79.0583333333333,14.2638888888889 79.0583333333333,14.2641666666667 79.0594444444444,14.2641666666667 79.0594444444444,14.2638888888889 79.0597222222222,14.2638888888889 79.0597222222222,14.2636111111111 79.06,14.2636111111111 79.06,14.2633333333333 79.0602777777778,14.2633333333333 79.0602777777778,14.2630555555556 79.0605555555556,14.2630555555556 79.0605555555556,14.2627777777778 79.0608333333333,14.2627777777778 79.0608333333333,14.2625 79.0611111111111,14.2625 79.0611111111111,14.2622222222222 79.0613888888889,14.2622222222222 79.0613888888889,14.2619444444444 79.0619444444444,14.2619444444444 79.0619444444444,14.2622222222222 79.0630555555556,14.2622222222222 79.0630555555556,14.2625 79.0644444444444,14.2625 79.0644444444444,14.2627777777778 79.0655555555555,14.2627777777778 79.0655555555555,14.2630555555556 79.0661111111111,14.2630555555556 79.0661111111111,14.2627777777778 79.0669444444444,14.2627777777778 79.0669444444444,14.2625 79.0675,14.2625 79.0675,14.2619444444444 79.0677777777778,14.2619444444444 79.0677777777778,14.2611111111111 79.0680555555556,14.2611111111111 79.0680555555556,14.2608333333333 79.0683333333333,14.2608333333333 79.0683333333333,14.2605555555556 79.0686111111111,14.2605555555556 79.0686111111111,14.2602777777778 79.0688888888889,14.2602777777778 79.0688888888889,14.2591666666667 79.0691666666667,14.2591666666667 79.0691666666667,14.2588888888889 79.0694444444444,14.2588888888889 79.0694444444444,14.2586111111111 79.0697222222222,14.2586111111111 79.0697222222222,14.2583333333333 79.07,14.2583333333333 79.07,14.2580555555556 79.0705555555556,14.2580555555556 79.0705555555556,14.2577777777778 79.0708333333333,14.2577777777778 79.0708333333333,14.2575 79.0716666666667,14.2575 79.0716666666667,14.2572222222222 79.0727777777778,14.2572222222222 79.0727777777778,14.2575 79.0730555555556,14.2575 79.0730555555556,14.2583333333333 79.0727777777778,14.2583333333333 79.0727777777778,14.2591666666667 79.0719444444444,14.2591666666667 79.0719444444444,14.2594444444444 79.0713888888889,14.2594444444444 79.0713888888889,14.2597222222222 79.0711111111111,14.2597222222222 79.0711111111111,14.26 79.0708333333333,14.26 79.0708333333333,14.2602777777778 79.0705555555556,14.2602777777778 79.0705555555556,14.2605555555556 79.0702777777778,14.2605555555556 79.0702777777778,14.2613888888889 79.0705555555556,14.2613888888889 79.0705555555556,14.2616666666667 79.0711111111111,14.2616666666667 79.0711111111111,14.2619444444444 79.0722222222222,14.2619444444444 79.0722222222222,14.2616666666667 79.0725,14.2616666666667 79.0725,14.2611111111111 79.0727777777778,14.2611111111111 79.0727777777778,14.2594444444444 79.0730555555556,14.2594444444444 79.0730555555556,14.2591666666667 79.0738888888889,14.2591666666667 79.0738888888889,14.2588888888889 79.0744444444444,14.2588888888889 79.0744444444444,14.2580555555556 79.0741666666667,14.2580555555556 79.0741666666667,14.2577777777778 79.0738888888889,14.2577777777778 79.0738888888889,14.2561111111111 79.0741666666667,14.2561111111111 79.0741666666667,14.2558333333333 79.0747222222222,14.2558333333333 79.0747222222222,14.2555555555556 79.0752777777778,14.2555555555556 79.0752777777778,14.2552777777778 79.0755555555556,14.2552777777778 79.0755555555556,14.255 79.0766666666667,14.255 79.0766666666667,14.2555555555556 79.0769444444445,14.2555555555556 79.0769444444445,14.2558333333333 79.0772222222222,14.2558333333333 79.0772222222222,14.2561111111111 79.0780555555556,14.2561111111111 79.0780555555556,14.2563888888889 79.0783333333333,14.2563888888889 79.0783333333333,14.2569444444444 79.0786111111111,14.2569444444444 79.0786111111111,14.2572222222222 79.08,14.2572222222222 79.08,14.2575 79.0802777777778,14.2575 79.0802777777778,14.2572222222222 79.0811111111111,14.2572222222222 79.0811111111111,14.2575 79.0813888888889,14.2575 79.0813888888889,14.2577777777778 79.0816666666667,14.2577777777778 79.0816666666667,14.2580555555556 79.0819444444444,14.2580555555556 79.0819444444444,14.2591666666667 79.0816666666667,14.2591666666667 79.0816666666667,14.2594444444444 79.0808333333333,14.2594444444444 79.0808333333333,14.2597222222222 79.08,14.2597222222222 79.08,14.26 79.0794444444444,14.26 79.0794444444444,14.2602777777778 79.0791666666667,14.2602777777778 79.0791666666667,14.2605555555556 79.0783333333333,14.2605555555556 79.0783333333333,14.2616666666667 79.0786111111111,14.2616666666667 79.0786111111111,14.2619444444444 79.0788888888889,14.2619444444444 79.0788888888889,14.2622222222222 79.0791666666667,14.2622222222222 79.0791666666667,14.2625 79.0794444444444,14.2625 79.0794444444444,14.2627777777778 79.08,14.2627777777778 79.08,14.2630555555556 79.0802777777778,14.2630555555556 79.0802777777778,14.2633333333333 79.0805555555555,14.2633333333333 79.0805555555555,14.2636111111111 79.0811111111111,14.2636111111111 79.0811111111111,14.2638888888889 79.0816666666667,14.2638888888889 79.0816666666667,14.2636111111111 79.0819444444444,14.2636111111111 79.0819444444444,14.2633333333333 79.0822222222222,14.2633333333333 79.0822222222222,14.2630555555556 79.0827777777778,14.2630555555556 79.0827777777778,14.2633333333333 79.0833333333333,14.2633333333333 79.0833333333333,14.2636111111111 79.0836111111111,14.2636111111111 79.0836111111111,14.2638888888889 79.0844444444444,14.2638888888889 79.0844444444444,14.2641666666667 79.085,14.2641666666667 79.085,14.2647222222222 79.0852777777778,14.2647222222222 79.0852777777778,14.2652777777778 79.0855555555556,14.2652777777778 79.0855555555556,14.2658333333333 79.0858333333333,14.2658333333333 79.0858333333333,14.2661111111111 79.0872222222222,14.2661111111111 79.0872222222222,14.2658333333333 79.0880555555556,14.2658333333333 79.0880555555556,14.2661111111111 79.0883333333333,14.2661111111111 79.0883333333333,14.2666666666667 79.0886111111111,14.2666666666667 79.0886111111111,14.2669444444444 79.0888888888889,14.2669444444444 79.0888888888889,14.2672222222222 79.09,14.2672222222222 79.09,14.2669444444444 79.0902777777778,14.2669444444444 79.0902777777778,14.2666666666667 79.0905555555556,14.2666666666667 79.0905555555556,14.2663888888889 79.0908333333333,14.2663888888889 79.0908333333333,14.2658333333333 79.0913888888889,14.2658333333333 79.0913888888889,14.2655555555556 79.0916666666667,14.2655555555556 79.0916666666667,14.2652777777778 79.0927777777778,14.2652777777778 79.0927777777778,14.2655555555556 79.0933333333333,14.2655555555556 79.0933333333333,14.2658333333333 79.0947222222222,14.2658333333333 79.0947222222222,14.2661111111111 79.095,14.2661111111111 79.095,14.2663888888889 79.0952777777778,14.2663888888889 79.0952777777778,14.2666666666667 79.0955555555555,14.2666666666667 79.0955555555555,14.2669444444444 79.0958333333333,14.2669444444444 79.0958333333333,14.2672222222222 79.0961111111111,14.2672222222222 79.0961111111111,14.2677777777778 79.0963888888889,14.2677777777778 79.0963888888889,14.2683333333333 79.0966666666667,14.2683333333333 79.0966666666667,14.2688888888889 79.0988888888889,14.2688888888889 79.0988888888889,14.2686111111111 79.0994444444444,14.2686111111111 79.0994444444444,14.2683333333333 79.1,14.2683333333333 79.1,14.2680555555556 79.1002777777778,14.2680555555556 79.1002777777778,14.2677777777778 79.1013888888889,14.2677777777778 79.1013888888889,14.2680555555556 79.1022222222222,14.2680555555556 79.1022222222222,14.2683333333333 79.1027777777778,14.2683333333333 79.1027777777778,14.2686111111111 79.1041666666667,14.2686111111111 79.1041666666667,14.2683333333333 79.1044444444444,14.2683333333333 79.1044444444444,14.2680555555556 79.1047222222222,14.2680555555556 79.1047222222222,14.2677777777778 79.105,14.2677777777778 79.105,14.2672222222222 79.1052777777778,14.2672222222222 79.1052777777778,14.2669444444444 79.1055555555556,14.2669444444444 79.1055555555556,14.2672222222222 79.1058333333333,14.2672222222222 79.1058333333333,14.2675 79.1061111111111,14.2675 79.1061111111111,14.2683333333333 79.1063888888889,14.2683333333333 79.1063888888889,14.2688888888889 79.1072222222222,14.2688888888889 79.1072222222222,14.2691666666667 79.1075,14.2691666666667 79.1075,14.2688888888889 79.1080555555556,14.2688888888889 79.1080555555556,14.2686111111111 79.1091666666667,14.2686111111111 79.1091666666667,14.2688888888889 79.1094444444444,14.2688888888889 79.1094444444444,14.2691666666667 79.1111111111111,14.2691666666667 79.1111111111111,14.2688888888889 79.1113888888889,14.2688888888889 79.1113888888889,14.2683333333333 79.1116666666667,14.2683333333333 79.1116666666667,14.2686111111111</coordinates></LinearRing></outerBoundaryIs><innerBoundaryIs><LinearRing><coordinates>79.1111111111111,14.2683333333333 79.1111111111111,14.2680555555556 79.1108333333333,14.2680555555556 79.1108333333333,14.2675 79.1105555555555,14.2675 79.1105555555555,14.2663888888889 79.1108333333333,14.2663888888889 79.1108333333333,14.2666666666667 79.1111111111111,14.2666666666667 79.1111111111111,14.2675 79.1113888888889,14.2675 79.1113888888889,14.2683333333333 79.1111111111111,14.2683333333333</coordinates></LinearRing></innerBoundaryIs><innerBoundaryIs><LinearRing><coordinates>79.1105555555555,14.265 79.1105555555555,14.2641666666667 79.1102777777778,14.2641666666667 79.1102777777778,14.2638888888889 79.1094444444444,14.2638888888889 79.1094444444444,14.2636111111111 79.1075,14.2636111111111 79.1075,14.2638888888889 79.1066666666667,14.2638888888889 79.1066666666667,14.2636111111111 79.1063888888889,14.2636111111111 79.1063888888889,14.2619444444444 79.1066666666667,14.2619444444444 79.1066666666667,14.2616666666667 79.1069444444444,14.2616666666667 79.1069444444444,14.2613888888889 79.1075,14.2613888888889 79.1075,14.2611111111111 79.1083333333333,14.2611111111111 79.1083333333333,14.2613888888889 79.1086111111111,14.2613888888889 79.1086111111111,14.2616666666667 79.1088888888889,14.2616666666667 79.1088888888889,14.2619444444444 79.1091666666667,14.2619444444444 79.1091666666667,14.2622222222222 79.1097222222222,14.2622222222222 79.1097222222222,14.2625 79.1102777777778,14.2625 79.1102777777778,14.2627777777778 79.1108333333333,14.2627777777778 79.1108333333333,14.2630555555556 79.1119444444444,14.2630555555556 79.1119444444444,14.2633333333333 79.1122222222222,14.2633333333333 79.1122222222222,14.2641666666667 79.1119444444444,14.2641666666667 79.1119444444444,14.2644444444444 79.1116666666667,14.2644444444444 79.1116666666667,14.2647222222222 79.1113888888889,14.2647222222222 79.1113888888889,14.265 79.1111111111111,14.265 79.1111111111111,14.2652777777778 79.1108333333333,14.2652777777778 79.1108333333333,14.265 79.1105555555555,14.265</coordinates></LinearRing></innerBoundaryIs><innerBoundaryIs><LinearRing><coordinates>79.1005555555556,14.2627777777778 79.1005555555556,14.2625 79.1002777777778,14.2625 79.1002777777778,14.2622222222222 79.0994444444444,14.2622222222222 79.0994444444444,14.2625 79.0980555555556,14.2625 79.0980555555556,14.2622222222222 79.0975,14.2622222222222 79.0975,14.2619444444444 79.0972222222222,14.2619444444444 79.0972222222222,14.2616666666667 79.0969444444444,14.2616666666667 79.0969444444444,14.2613888888889 79.0966666666667,14.2613888888889 79.0966666666667,14.2611111111111 79.0963888888889,14.2611111111111 79.0963888888889,14.2608333333333 79.0961111111111,14.2608333333333 79.0961111111111,14.2605555555556 79.0958333333333,14.2605555555556 79.0958333333333,14.2602777777778 79.0955555555555,14.2602777777778 79.0955555555555,14.2591666666667 79.0952777777778,14.2591666666667 79.0952777777778,14.2586111111111 79.095,14.2586111111111 79.095,14.2580555555556 79.0938888888889,14.2580555555556 79.0938888888889,14.2583333333333 79.0936111111111,14.2583333333333 79.0936111111111,14.2586111111111 79.0930555555556,14.2586111111111 79.0930555555556,14.2588888888889 79.0925,14.2588888888889 79.0925,14.2594444444444 79.0922222222222,14.2594444444444 79.0922222222222,14.2597222222222 79.0911111111111,14.2597222222222 79.0911111111111,14.26 79.09,14.26 79.09,14.2602777777778 79.0891666666667,14.2602777777778 79.0891666666667,14.26 79.0886111111111,14.26 79.0886111111111,14.2597222222222 79.0883333333333,14.2597222222222 79.0883333333333,14.2594444444444 79.0875,14.2594444444444 79.0875,14.2597222222222 79.0863888888889,14.2597222222222 79.0863888888889,14.2594444444444 79.0858333333333,14.2594444444444 79.0858333333333,14.2591666666667 79.0855555555556,14.2591666666667 79.0855555555556,14.2588888888889 79.0852777777778,14.2588888888889 79.0852777777778,14.2580555555556 79.085,14.2580555555556 79.085,14.2577777777778 79.0847222222222,14.2577777777778 79.0847222222222,14.2575 79.0844444444444,14.2575 79.0844444444444,14.2572222222222 79.0841666666667,14.2572222222222 79.0841666666667,14.2569444444444 79.0838888888889,14.2569444444444 79.0838888888889,14.2563888888889 79.0836111111111,14.2563888888889 79.0836111111111,14.2555555555556 79.0838888888889,14.2555555555556 79.0838888888889,14.2552777777778 79.0841666666667,14.2552777777778 79.0841666666667,14.255 79.085,14.255 79.085,14.2547222222222 79.0863888888889,14.2547222222222 79.0863888888889,14.255 79.0875,14.255 79.0875,14.2552777777778 79.0897222222222,14.2552777777778 79.0897222222222,14.2555555555556 79.0908333333333,14.2555555555556 79.0908333333333,14.2558333333333 79.0911111111111,14.2558333333333 79.0911111111111,14.2552777777778 79.0908333333333,14.2552777777778 79.0908333333333,14.2547222222222 79.0916666666667,14.2547222222222 79.0916666666667,14.255 79.0919444444444,14.255 79.0919444444444,14.2552777777778 79.0922222222222,14.2552777777778 79.0922222222222,14.2555555555556 79.0944444444444,14.2555555555556 79.0944444444444,14.255 79.0947222222222,14.255 79.0947222222222,14.2547222222222 79.0952777777778,14.2547222222222 79.0952777777778,14.2544444444444 79.0963888888889,14.2544444444444 79.0963888888889,14.2547222222222 79.0969444444444,14.2547222222222 79.0969444444444,14.255 79.0972222222222,14.255 79.0972222222222,14.2552777777778 79.0975,14.2552777777778 79.0975,14.2555555555556 79.0977777777778,14.2555555555556 79.0977777777778,14.2558333333333 79.0986111111111,14.2558333333333 79.0986111111111,14.2561111111111 79.0991666666667,14.2561111111111 79.0991666666667,14.2563888888889 79.0994444444444,14.2563888888889 79.0994444444444,14.2566666666667 79.1,14.2566666666667 79.1,14.2569444444444 79.1005555555556,14.2569444444444 79.1005555555556,14.2572222222222 79.1011111111111,14.2572222222222 79.1011111111111,14.2575 79.1013888888889,14.2575 79.1013888888889,14.2577777777778 79.1016666666667,14.2577777777778 79.1016666666667,14.2580555555556 79.1022222222222,14.2580555555556 79.1022222222222,14.2583333333333 79.1025,14.2583333333333 79.1025,14.2586111111111 79.1027777777778,14.2586111111111 79.1027777777778,14.2588888888889 79.1030555555556,14.2588888888889 79.1030555555556,14.2594444444444 79.1033333333333,14.2594444444444 79.1033333333333,14.26 79.1036111111111,14.26 79.1036111111111,14.2602777777778 79.1038888888889,14.2602777777778 79.1038888888889,14.2605555555556 79.1044444444444,14.2605555555556 79.1044444444444,14.2608333333333 79.105,14.2608333333333 79.105,14.2611111111111 79.1052777777778,14.2611111111111 79.1052777777778,14.2622222222222 79.105,14.2622222222222 79.105,14.2625 79.1047222222222,14.2625 79.1047222222222,14.2627777777778 79.1033333333333,14.2627777777778 79.1033333333333,14.2625 79.1019444444444,14.2625 79.1019444444444,14.2627777777778 79.1016666666667,14.2627777777778 79.1016666666667,14.2630555555556 79.1008333333333,14.2630555555556 79.1008333333333,14.2627777777778 79.1005555555556,14.2627777777778</coordinates></LinearRing></innerBoundaryIs><innerBoundaryIs><LinearRing><coordinates>79.0652777777778,14.2588888888889 79.0652777777778,14.2580555555556 79.0655555555555,14.2580555555556 79.0655555555555,14.2577777777778 79.0658333333333,14.2577777777778 79.0658333333333,14.2575 79.0661111111111,14.2575 79.0661111111111,14.2572222222222 79.0675,14.2572222222222 79.0675,14.2575 79.0688888888889,14.2575 79.0688888888889,14.2577777777778 79.0686111111111,14.2577777777778 79.0686111111111,14.2580555555556 79.0683333333333,14.2580555555556 79.0683333333333,14.2583333333333 79.0680555555556,14.2583333333333 79.0680555555556,14.2586111111111 79.0677777777778,14.2586111111111 79.0677777777778,14.2588888888889 79.0675,14.2588888888889 79.0675,14.2591666666667 79.0672222222222,14.2591666666667 79.0672222222222,14.2594444444444 79.0669444444444,14.2594444444444 79.0669444444444,14.2597222222222 79.0666666666667,14.2597222222222 79.0666666666667,14.26 79.065,14.26 79.065,14.2588888888889 79.0652777777778,14.2588888888889</coordinates></LinearRing></innerBoundaryIs><innerBoundaryIs><LinearRing><coordinates>79.0497222222222,14.2575 79.0497222222222,14.2572222222222 79.0494444444444,14.2572222222222 79.0494444444444,14.2566666666667 79.0497222222222,14.2566666666667 79.0497222222222,14.2561111111111 79.05,14.2561111111111 79.05,14.2563888888889 79.0502777777778,14.2563888888889 79.0502777777778,14.2566666666667 79.0505555555555,14.2566666666667 79.0505555555555,14.2572222222222 79.0508333333333,14.2572222222222 79.0508333333333,14.2577777777778 79.05,14.2577777777778 79.05,14.2575 79.0497222222222,14.2575</coordinates></LinearRing></innerBoundaryIs><innerBoundaryIs><LinearRing><coordinates>79.0472222222222,14.2555555555556 79.0472222222222,14.2552777777778 79.0480555555555,14.2552777777778 79.0480555555555,14.2558333333333 79.0475,14.2558333333333 79.0475,14.2555555555556 79.0472222222222,14.2555555555556</coordinates></LinearRing></innerBoundaryIs><innerBoundaryIs><LinearRing><coordinates>79.1144444444444,14.2547222222222 79.1144444444444,14.2541666666667 79.1141666666667,14.2541666666667 79.1141666666667,14.2538888888889 79.1127777777778,14.2538888888889 79.1127777777778,14.2541666666667 79.1119444444444,14.2541666666667 79.1119444444444,14.2538888888889 79.1113888888889,14.2538888888889 79.1113888888889,14.2536111111111 79.1111111111111,14.2536111111111 79.1111111111111,14.2533333333333 79.1108333333333,14.2533333333333 79.1108333333333,14.2527777777778 79.1105555555555,14.2527777777778 79.1105555555555,14.2522222222222 79.1102777777778,14.2522222222222 79.1102777777778,14.2513888888889 79.11,14.2513888888889 79.11,14.2508333333333 79.1097222222222,14.2508333333333 79.1097222222222,14.2502777777778 79.11,14.2502777777778 79.11,14.25 79.1102777777778,14.25 79.1102777777778,14.2497222222222 79.1105555555555,14.2497222222222 79.1105555555555,14.2494444444444 79.1111111111111,14.2494444444444 79.1111111111111,14.2491666666667 79.1113888888889,14.2491666666667 79.1113888888889,14.2486111111111 79.1116666666667,14.2486111111111 79.1116666666667,14.2480555555556 79.1119444444444,14.2480555555556 79.1119444444444,14.2475 79.1116666666667,14.2475 79.1116666666667,14.2472222222222 79.1108333333333,14.2472222222222 79.1108333333333,14.2475 79.1097222222222,14.2475 79.1097222222222,14.2472222222222 79.1094444444444,14.2472222222222 79.1094444444444,14.2463888888889 79.1097222222222,14.2463888888889 79.1097222222222,14.2458333333333 79.1094444444444,14.2458333333333 79.1094444444444,14.2452777777778 79.1091666666667,14.2452777777778 79.1091666666667,14.2447222222222 79.1094444444444,14.2447222222222 79.1094444444444,14.2441666666667 79.1097222222222,14.2441666666667 79.1097222222222,14.2436111111111 79.11,14.2436111111111 79.11,14.2427777777778 79.1102777777778,14.2427777777778 79.1102777777778,14.2425 79.1113888888889,14.2425 79.1113888888889,14.2422222222222 79.1125,14.2422222222222 79.1125,14.2419444444444 79.1133333333333,14.2419444444444 79.1133333333333,14.2422222222222 79.1136111111111,14.2422222222222 79.1136111111111,14.2427777777778 79.1138888888889,14.2427777777778 79.1138888888889,14.2430555555556 79.1141666666667,14.2430555555556 79.1141666666667,14.2433333333333 79.1147222222222,14.2433333333333 79.1147222222222,14.2430555555556 79.1152777777778,14.2430555555556 79.1152777777778,14.2433333333333 79.1155555555556,14.2433333333333 79.1155555555556,14.2436111111111 79.1158333333333,14.2436111111111 79.1158333333333,14.2441666666667 79.1161111111111,14.2441666666667 79.1161111111111,14.2461111111111 79.1158333333333,14.2461111111111 79.1158333333333,14.2463888888889 79.115,14.2463888888889 79.115,14.2461111111111 79.1144444444444,14.2461111111111 79.1144444444444,14.2458333333333 79.1136111111111,14.2458333333333 79.1136111111111,14.2461111111111 79.1133333333333,14.2461111111111 79.1133333333333,14.2463888888889 79.1130555555555,14.2463888888889 79.1130555555555,14.2477777777778 79.1127777777778,14.2477777777778 79.1127777777778,14.2494444444444 79.1136111111111,14.2494444444444 79.1136111111111,14.2491666666667 79.1138888888889,14.2491666666667 79.1138888888889,14.2486111111111 79.1141666666667,14.2486111111111 79.1141666666667,14.2480555555556 79.1144444444444,14.2480555555556 79.1144444444444,14.2477777777778 79.1158333333333,14.2477777777778 79.1158333333333,14.2472222222222 79.1161111111111,14.2472222222222 79.1161111111111,14.2469444444444 79.1163888888889,14.2469444444444 79.1163888888889,14.2466666666667 79.1175,14.2466666666667 79.1175,14.2469444444444 79.1177777777778,14.2469444444444 79.1177777777778,14.2475 79.1180555555556,14.2475 79.1180555555556,14.2480555555556 79.1186111111111,14.2480555555556 79.1186111111111,14.2483333333333 79.1188888888889,14.2483333333333 79.1188888888889,14.2488888888889 79.1191666666667,14.2488888888889 79.1191666666667,14.2494444444444 79.1194444444444,14.2494444444444 79.1194444444444,14.2513888888889 79.1175,14.2513888888889 79.1175,14.2516666666667 79.1172222222222,14.2516666666667 79.1172222222222,14.2519444444444 79.1175,14.2519444444444 79.1175,14.2522222222222 79.1180555555556,14.2522222222222 79.1180555555556,14.2525 79.1186111111111,14.2525 79.1186111111111,14.2527777777778 79.1188888888889,14.2527777777778 79.1188888888889,14.2536111111111 79.1191666666667,14.2536111111111 79.1191666666667,14.2541666666667 79.1194444444444,14.2541666666667 79.1194444444444,14.2544444444444 79.1191666666667,14.2544444444444 79.1191666666667,14.2547222222222 79.1183333333333,14.2547222222222 79.1183333333333,14.255 79.1172222222222,14.255 79.1172222222222,14.2547222222222 79.1166666666667,14.2547222222222 79.1166666666667,14.255 79.115,14.255 79.115,14.2547222222222 79.1144444444444,14.2547222222222</coordinates></LinearRing></innerBoundaryIs><innerBoundaryIs><LinearRing><coordinates>79.0527777777778,14.2522222222222 79.0527777777778,14.2513888888889 79.0530555555556,14.2513888888889 79.0530555555556,14.2508333333333 79.0536111111111,14.2508333333333 79.0536111111111,14.2505555555556 79.0541666666667,14.2505555555556 79.0541666666667,14.2502777777778 79.0547222222222,14.2502777777778 79.0547222222222,14.2505555555556 79.0552777777778,14.2505555555556 79.0552777777778,14.2508333333333 79.0561111111111,14.2508333333333 79.0561111111111,14.2505555555556 79.0566666666667,14.2505555555556 79.0566666666667,14.2502777777778 79.0575,14.2502777777778 79.0575,14.25 79.0588888888889,14.25 79.0588888888889,14.2505555555556 79.0586111111111,14.2505555555556 79.0586111111111,14.2508333333333 79.0580555555556,14.2508333333333 79.0580555555556,14.2511111111111 79.0572222222222,14.2511111111111 79.0572222222222,14.2513888888889 79.0569444444444,14.2513888888889 79.0569444444444,14.2516666666667 79.0563888888889,14.2516666666667 79.0563888888889,14.2519444444444 79.0558333333333,14.2519444444444 79.0558333333333,14.2522222222222 79.0552777777778,14.2522222222222 79.0552777777778,14.2525 79.055,14.2525 79.055,14.2527777777778 79.0525,14.2527777777778 79.0525,14.2522222222222 79.0527777777778,14.2522222222222</coordinates></LinearRing></innerBoundaryIs><innerBoundaryIs><LinearRing><coordinates>79.0613888888889,14.2519444444444 79.0613888888889,14.2522222222222 79.0608333333333,14.2522222222222 79.0608333333333,14.2519444444444 79.0613888888889,14.2519444444444</coordinates></LinearRing></innerBoundaryIs><innerBoundaryIs><LinearRing><coordinates>79.0661111111111,14.25 79.0661111111111,14.2497222222222 79.0655555555555,14.2497222222222 79.0655555555555,14.2494444444444 79.0652777777778,14.2494444444444 79.0652777777778,14.2488888888889 79.065,14.2488888888889 79.065,14.2480555555556 79.0652777777778,14.2480555555556 79.0652777777778,14.2475 79.0661111111111,14.2475 79.0661111111111,14.2480555555556 79.0663888888889,14.2480555555556 79.0663888888889,14.2483333333333 79.0666666666667,14.2483333333333 79.0666666666667,14.2486111111111 79.0677777777778,14.2486111111111 79.0677777777778,14.2488888888889 79.0680555555556,14.2488888888889 79.0680555555556,14.2491666666667 79.0683333333333,14.2491666666667 79.0683333333333,14.2497222222222 79.0680555555556,14.2497222222222 79.0680555555556,14.25 79.0675,14.25 79.0675,14.2502777777778 79.0669444444444,14.2502777777778 79.0669444444444,14.25 79.0661111111111,14.25</coordinates></LinearRing></innerBoundaryIs><innerBoundaryIs><LinearRing><coordinates>79.0361111111111,14.2486111111111 79.0361111111111,14.2472222222222 79.0363888888889,14.2472222222222 79.0363888888889,14.2469444444444 79.0361111111111,14.2469444444444 79.0361111111111,14.2458333333333 79.0369444444444,14.2458333333333 79.0369444444444,14.2466666666667 79.0372222222222,14.2466666666667 79.0372222222222,14.2472222222222 79.0375,14.2472222222222 79.0375,14.2477777777778 79.0377777777778,14.2477777777778 79.0377777777778,14.2480555555556 79.0380555555556,14.2480555555556 79.0380555555556,14.2486111111111 79.0366666666667,14.2486111111111 79.0366666666667,14.2488888888889 79.0363888888889,14.2488888888889 79.0363888888889,14.2486111111111 79.0361111111111,14.2486111111111</coordinates></LinearRing></innerBoundaryIs><innerBoundaryIs><LinearRing><coordinates>79.0711111111111,14.2469444444444 79.0711111111111,14.2466666666667 79.0713888888889,14.2466666666667 79.0713888888889,14.2461111111111 79.0716666666667,14.2461111111111 79.0716666666667,14.2458333333333 79.0725,14.2458333333333 79.0725,14.2461111111111 79.0741666666667,14.2461111111111 79.0741666666667,14.2472222222222 79.0738888888889,14.2472222222222 79.0738888888889,14.2475 79.0736111111111,14.2475 79.0736111111111,14.2477777777778 79.0702777777778,14.2477777777778 79.0702777777778,14.2469444444444 79.0711111111111,14.2469444444444</coordinates></LinearRing></innerBoundaryIs><innerBoundaryIs><LinearRing><coordinates>79.03,14.2466666666667 79.03,14.2472222222222 79.0297222222222,14.2472222222222 79.0297222222222,14.2475 79.0294444444444,14.2475 79.0294444444444,14.2466666666667 79.03,14.2466666666667</coordinates></LinearRing></innerBoundaryIs><innerBoundaryIs><LinearRing><coordinates>79.0766666666667,14.2447222222222 79.0766666666667,14.245 79.0763888888889,14.245 79.0763888888889,14.2447222222222 79.0766666666667,14.2447222222222</coordinates></LinearRing></innerBoundaryIs></Polygon><Polygon><outerBoundaryIs><LinearRing><coordinates>79.0913888888889,14.2558333333333 79.0913888888889,14.2561111111111 79.0919444444444,14.2561111111111 79.0919444444444,14.2558333333333 79.0913888888889,14.2558333333333</coordinates></LinearRing></outerBoundaryIs></Polygon><Polygon><outerBoundaryIs><LinearRing><coordinates>79.0919444444444,14.2702777777778 79.0919444444444,14.27 79.0916666666667,14.27 79.0916666666667,14.2697222222222 79.0913888888889,14.2697222222222 79.0913888888889,14.2694444444444 79.0911111111111,14.2694444444444 79.0911111111111,14.2683333333333 79.0905555555556,14.2683333333333 79.0905555555556,14.2691666666667 79.0902777777778,14.2691666666667 79.0902777777778,14.2697222222222 79.09,14.2697222222222 79.09,14.2702777777778 79.0902777777778,14.2702777777778 79.0902777777778,14.2705555555556 79.0908333333333,14.2705555555556 79.0908333333333,14.2708333333333 79.0916666666667,14.2708333333333 79.0916666666667,14.2711111111111 79.0922222222222,14.2711111111111 79.0922222222222,14.2702777777778 79.0919444444444,14.2702777777778</coordinates></LinearRing></outerBoundaryIs></Polygon><Polygon><outerBoundaryIs><LinearRing><coordinates>79.1152777777778,14.2708333333333 79.115,14.2708333333333 79.115,14.27 79.1144444444444,14.27 79.1144444444444,14.2697222222222 79.1141666666667,14.2697222222222 79.1141666666667,14.27 79.1138888888889,14.27 79.1138888888889,14.2711111111111 79.1141666666667,14.2711111111111 79.1141666666667,14.2713888888889 79.1144444444444,14.2713888888889 79.1144444444444,14.2716666666667 79.1152777777778,14.2716666666667 79.1152777777778,14.2708333333333</coordinates></LinearRing></outerBoundaryIs></Polygon><Polygon><outerBoundaryIs><LinearRing><coordinates>79.0963888888889,14.2733333333333 79.0963888888889,14.2725 79.0961111111111,14.2725 79.0961111111111,14.2716666666667 79.0958333333333,14.2716666666667 79.0958333333333,14.2713888888889 79.095,14.2713888888889 79.095,14.2716666666667 79.0936111111111,14.2716666666667 79.0936111111111,14.2713888888889 79.0925,14.2713888888889 79.0925,14.2719444444444 79.0927777777778,14.2719444444444 79.0927777777778,14.2722222222222 79.0930555555556,14.2722222222222 79.0930555555556,14.2725 79.0933333333333,14.2725 79.0933333333333,14.2727777777778 79.0938888888889,14.2727777777778 79.0938888888889,14.2730555555556 79.0941666666667,14.2730555555556 79.0941666666667,14.2736111111111 79.0947222222222,14.2736111111111 79.0947222222222,14.2738888888889 79.0961111111111,14.2738888888889 79.0961111111111,14.2733333333333 79.0963888888889,14.2733333333333</coordinates></LinearRing></outerBoundaryIs></Polygon><Polygon><outerBoundaryIs><LinearRing><coordinates>79.1027777777778,14.2777777777778 79.1027777777778,14.2775 79.1025,14.2775 79.1025,14.2769444444444 79.1022222222222,14.2769444444444 79.1022222222222,14.2766666666667 79.1019444444444,14.2766666666667 79.1019444444444,14.2761111111111 79.1016666666667,14.2761111111111 79.1016666666667,14.2755555555556 79.1013888888889,14.2755555555556 79.1013888888889,14.2752777777778 79.1011111111111,14.2752777777778 79.1011111111111,14.275 79.1008333333333,14.275 79.1008333333333,14.2747222222222 79.1002777777778,14.2747222222222 79.1002777777778,14.2744444444444 79.1,14.2744444444444 79.1,14.2741666666667 79.0997222222222,14.2741666666667 79.0997222222222,14.2738888888889 79.0988888888889,14.2738888888889 79.0988888888889,14.2741666666667 79.0977777777778,14.2741666666667 79.0977777777778,14.2747222222222 79.0980555555556,14.2747222222222 79.0980555555556,14.275 79.0983333333333,14.275 79.0983333333333,14.2752777777778 79.0997222222222,14.2752777777778 79.0997222222222,14.2755555555556 79.1002777777778,14.2755555555556 79.1002777777778,14.2758333333333 79.1005555555556,14.2758333333333 79.1005555555556,14.2761111111111 79.1008333333333,14.2761111111111 79.1008333333333,14.2772222222222 79.1011111111111,14.2772222222222 79.1011111111111,14.2775 79.1016666666667,14.2775 79.1016666666667,14.2777777777778 79.1019444444444,14.2777777777778 79.1019444444444,14.2780555555556 79.1025,14.2780555555556 79.1025,14.2777777777778 79.1027777777778,14.2777777777778</coordinates></LinearRing></outerBoundaryIs></Polygon></MultiGeometry>
  </Placemark>
</Folder>
</Document></kml>
