<?xml version="1.0" encoding="utf-8" ?>
<kml xmlns="http://www.opengis.net/kml/2.2">
<Document id="root_doc">
<Schema name="damage_swesph_roads" id="damage_swesph_roads">
	<SimpleField name="osm_id" type="string"></SimpleField>
	<SimpleField name="type" type="string"></SimpleField>
	<SimpleField name="depth_cls" type="string"></SimpleField>
	<SimpleField name="max_depth" type="float"></SimpleField>
	<SimpleField name="length_m" type="float"></SimpleField>
</Schema>
<Folder><name>damage_swesph_roads</name>
  <Placemark id="damage_swesph_roads.1">
	<Style><LineStyle><color>ff0000ff</color></LineStyle><PolyStyle><fill>0</fill></PolyStyle></Style>
	<ExtendedData><SchemaData schemaUrl="#damage_swesph_roads">
		<SimpleData name="osm_id">1163761391</SimpleData>
		<SimpleData name="type">tertiary</SimpleData>
		<SimpleData name="depth_cls">&gt;1.5 m</SimpleData>
		<SimpleData name="max_depth">9.36</SimpleData>
		<SimpleData name="length_m">479.9</SimpleData>
	</SchemaData></ExtendedData>
      <LineString><coordinates>79.0178025,14.2149713 79.0177693559239,14.2151490816214 79.0177362117775,14.2153268632289 79.0178421588195,14.2154669324037 79.017975862026,14.2155900010414 79.0181295942964,14.2156908036184 79.0182833267105,14.2157916061133 79.0184490452728,14.2158722927814 79.0186149198157,14.2159527177888 79.0187807944878,14.2160331426958 79.0188952866645,14.2161723614635 79.0189606690444,14.2163397213961 79.0189921733421,14.216516362131 79.019000641277,14.2166968711585 79.0189601723691,14.2168685264857 79.0188859137958,14.2170340685407 79.018811655101,14.2171996105563 79.0186931512755,14.2173340934894 79.0185558338049,14.2174553696579 79.0184447388096,14.2175997162476 79.0183352086839,14.217745439659 79.0183143527014,14.2178551816461 79.018486842409,14.2177893137498 79.0186593320311,14.2177234457157 79.0188318215676,14.2176575775437</coordinates></LineString>
  </Placemark>
  <Placemark id="damage_swesph_roads.2">
	<Style><LineStyle><color>ff0000ff</color></LineStyle><PolyStyle><fill>0</fill></PolyStyle></Style>
	<ExtendedData><SchemaData schemaUrl="#damage_swesph_roads">
		<SimpleData name="osm_id">1163761391</SimpleData>
		<SimpleData name="type">tertiary</SimpleData>
		<SimpleData name="depth_cls">0.5-1.5 m</SimpleData>
		<SimpleData name="max_depth">0.96</SimpleData>
		<SimpleData name="length_m">40</SimpleData>
	</SchemaData></ExtendedData>
      <LineString><coordinates>79.0188318215676,14.2176575775437 79.0190017923571,14.2175870858946 79.0191154725394,14.217453374752</coordinates></LineString>
  </Placemark>
  <Placemark id="damage_swesph_roads.3">
	<Style><LineStyle><color>ff0000ff</color></LineStyle><PolyStyle><fill>0</fill></PolyStyle></Style>
	<ExtendedData><SchemaData schemaUrl="#damage_swesph_roads">
		<SimpleData name="osm_id">1163761391</SimpleData>
		<SimpleData name="type">tertiary</SimpleData>
		<SimpleData name="depth_cls">&gt;1.5 m</SimpleData>
		<SimpleData name="max_depth">1.72</SimpleData>
		<SimpleData name="length_m">20</SimpleData>
	</SchemaData></ExtendedData>
      <LineString><coordinates>79.0191154725394,14.217453374752 79.0192175927529,14.2173069034554</coordinates></LineString>
  </Placemark>
  <Placemark id="damage_swesph_roads.4">
	<Style><LineStyle><color>ff0000ff</color></LineStyle><PolyStyle><fill>0</fill></PolyStyle></Style>
	<ExtendedData><SchemaData schemaUrl="#damage_swesph_roads">
		<SimpleData name="osm_id">1163761391</SimpleData>
		<SimpleData name="type">tertiary</SimpleData>
		<SimpleData name="depth_cls">0.1-0.5 m</SimpleData>
		<SimpleData name="max_depth">0.36</SimpleData>
		<SimpleData name="length_m">40</SimpleData>
	</SchemaData></ExtendedData>
      <LineString><coordinates>79.0192175927529,14.2173069034554 79.019349481057,14.2173647877386 79.0193555000034,14.2175452683923</coordinates></LineString>
  </Placemark>
  <Placemark id="damage_swesph_roads.5">
	<Style><LineStyle><color>ff0000ff</color></LineStyle><PolyStyle><fill>0</fill></PolyStyle></Style>
	<ExtendedData><SchemaData schemaUrl="#damage_swesph_roads">
		<SimpleData name="osm_id">1163761391</SimpleData>
		<SimpleData name="type">tertiary</SimpleData>
		<SimpleData name="depth_cls">0.1-0.5 m</SimpleData>
		<SimpleData name="max_depth">0.16</SimpleData>
		<SimpleData name="length_m">40</SimpleData>
	</SchemaData></ExtendedData>
      <LineString><coordinates>79.0193633206935,14.2177255418456 79.0193852115988,14.2179049550644 79.0194825915066,14.2179661321469</coordinates></LineString>
  </Placemark>
  <Placemark id="damage_swesph_roads.6">
	<Style><LineStyle><color>ff0000ff</color></LineStyle><PolyStyle><fill>0</fill></PolyStyle></Style>
	<ExtendedData><SchemaData schemaUrl="#damage_swesph_roads">
		<SimpleData name="osm_id">1336516921</SimpleData>
		<SimpleData name="type">service</SimpleData>
		<SimpleData name="depth_cls">0.1-0.5 m</SimpleData>
		<SimpleData name="max_depth">0.18</SimpleData>
		<SimpleData name="length_m">19.9</SimpleData>
	</SchemaData></ExtendedData>
      <LineString><coordinates>79.0191600824425,14.2148452298294 79.0190054716446,14.2147475638932</coordinates></LineString>
  </Placemark>
  <Placemark id="damage_swesph_roads.7">
	<Style><LineStyle><color>ff0000ff</color></LineStyle><PolyStyle><fill>0</fill></PolyStyle></Style>
	<ExtendedData><SchemaData schemaUrl="#damage_swesph_roads">
		<SimpleData name="osm_id">1336516921</SimpleData>
		<SimpleData name="type">service</SimpleData>
		<SimpleData name="depth_cls">0.1-0.5 m</SimpleData>
		<SimpleData name="max_depth">0.16</SimpleData>
		<SimpleData name="length_m">39.8</SimpleData>
	</SchemaData></ExtendedData>
      <LineString><coordinates>79.0183870298603,14.2143568993127 79.0182324197661,14.2142592329587 79.0180778098127,14.2141615665211</coordinates></LineString>
  </Placemark>
  <Placemark id="damage_swesph_roads.8">
	<Style><LineStyle><color>ff0000ff</color></LineStyle><PolyStyle><fill>0</fill></PolyStyle></Style>
	<ExtendedData><SchemaData schemaUrl="#damage_swesph_roads">
		<SimpleData name="osm_id">565013827</SimpleData>
		<SimpleData name="type">secondary</SimpleData>
		<SimpleData name="depth_cls">&gt;1.5 m</SimpleData>
		<SimpleData name="max_depth">4.1</SimpleData>
		<SimpleData name="length_m">379.3</SimpleData>
	</SchemaData></ExtendedData>
      <LineString><coordinates>79.0772018,14.2453365 79.0771129756553,14.2451783542338 79.0770004046097,14.2450390094781 79.0769506386027,14.2448652931372 79.0769186390702,14.2446879487325 79.0769006672991,14.2445084225602 79.0768854973202,14.2443286421182 79.0768765115528,14.2441484787116 79.0768516461481,14.2439701612584 79.0768154453907,14.2437932838937 79.0767610365404,14.2436219310494 79.0766776066643,14.2434611492486 79.0765793391468,14.2433083439011 79.0764790243351,14.243156797962 79.07638746442,14.2430002386208 79.0763468224611,14.2428287885258 79.0764097258439,14.2426593679827 79.0765009463869,14.2425024995537 79.0765890821147,14.2423451528766 79.0766342460123,14.2421709720454</coordinates></LineString>
  </Placemark>
  <Placemark id="damage_swesph_roads.9">
	<Style><LineStyle><color>ff0000ff</color></LineStyle><PolyStyle><fill>0</fill></PolyStyle></Style>
	<ExtendedData><SchemaData schemaUrl="#damage_swesph_roads">
		<SimpleData name="osm_id">565013827</SimpleData>
		<SimpleData name="type">secondary</SimpleData>
		<SimpleData name="depth_cls">0.5-1.5 m</SimpleData>
		<SimpleData name="max_depth">1.36</SimpleData>
		<SimpleData name="length_m">39.9</SimpleData>
	</SchemaData></ExtendedData>
      <LineString><coordinates>79.0766342460123,14.2421709720454 79.0766588793406,14.241992533236 79.0766723464073,14.2418126232005</coordinates></LineString>
  </Placemark>
  <Placemark id="damage_swesph_roads.10">
	<Style><LineStyle><color>ff0000ff</color></LineStyle><PolyStyle><fill>0</fill></PolyStyle></Style>
	<ExtendedData><SchemaData schemaUrl="#damage_swesph_roads">
		<SimpleData name="osm_id">565013827</SimpleData>
		<SimpleData name="type">secondary</SimpleData>
		<SimpleData name="depth_cls">&gt;1.5 m</SimpleData>
		<SimpleData name="max_depth">1.54</SimpleData>
		<SimpleData name="length_m">20</SimpleData>
	</SchemaData></ExtendedData>
      <LineString><coordinates>79.0766723464073,14.2418126232005 79.0766914672132,14.241633287188</coordinates></LineString>
  </Placemark>
  <Placemark id="damage_swesph_roads.11">
	<Style><LineStyle><color>ff0000ff</color></LineStyle><PolyStyle><fill>0</fill></PolyStyle></Style>
	<ExtendedData><SchemaData schemaUrl="#damage_swesph_roads">
		<SimpleData name="osm_id">565013827</SimpleData>
		<SimpleData name="type">secondary</SimpleData>
		<SimpleData name="depth_cls">0.5-1.5 m</SimpleData>
		<SimpleData name="max_depth">1.16</SimpleData>
		<SimpleData name="length_m">59.9</SimpleData>
	</SchemaData></ExtendedData>
      <LineString><coordinates>79.0766914672132,14.241633287188 79.0767243418896,14.241456121283 79.0767728585392,14.2412820503963 79.0768671183449,14.2411293013702</coordinates></LineString>
  </Placemark>
  <Placemark id="damage_swesph_roads.12">
	<Style><LineStyle><color>ff0000ff</color></LineStyle><PolyStyle><fill>0</fill></PolyStyle></Style>
	<ExtendedData><SchemaData schemaUrl="#damage_swesph_roads">
		<SimpleData name="osm_id">565013827</SimpleData>
		<SimpleData name="type">secondary</SimpleData>
		<SimpleData name="depth_cls">0.1-0.5 m</SimpleData>
		<SimpleData name="max_depth">0.41</SimpleData>
		<SimpleData name="length_m">20</SimpleData>
	</SchemaData></ExtendedData>
      <LineString><coordinates>79.0768671183449,14.2411293013702 79.0769597677577,14.2409733310342</coordinates></LineString>
  </Placemark>
  <Placemark id="damage_swesph_roads.13">
	<Style><LineStyle><color>ff0000ff</color></LineStyle><PolyStyle><fill>0</fill></PolyStyle></Style>
	<ExtendedData><SchemaData schemaUrl="#damage_swesph_roads">
		<SimpleData name="osm_id">565013827</SimpleData>
		<SimpleData name="type">secondary</SimpleData>
		<SimpleData name="depth_cls">0.5-1.5 m</SimpleData>
		<SimpleData name="max_depth">1.5</SimpleData>
		<SimpleData name="length_m">119.8</SimpleData>
	</SchemaData></ExtendedData>
      <LineString><coordinates>79.0769597677577,14.2409733310342 79.0770614372031,14.2408226919169 79.0771842096643,14.2406887163794 79.0772926391082,14.2405439635359 79.0773535652352,14.2403740340772 79.0774134525496,14.2402033826718 79.0774760626103,14.2400336458775</coordinates></LineString>
  </Placemark>
  <Placemark id="damage_swesph_roads.14">
	<Style><LineStyle><color>ff0000ff</color></LineStyle><PolyStyle><fill>0</fill></PolyStyle></Style>
	<ExtendedData><SchemaData schemaUrl="#damage_swesph_roads">
		<SimpleData name="osm_id">565013827</SimpleData>
		<SimpleData name="type">secondary</SimpleData>
		<SimpleData name="depth_cls">&gt;1.5 m</SimpleData>
		<SimpleData name="max_depth">1.58</SimpleData>
		<SimpleData name="length_m">39.9</SimpleData>
	</SchemaData></ExtendedData>
      <LineString><coordinates>79.0774760626103,14.2400336458775 79.0775330796475,14.2398624302665 79.0775676691731,14.2396852244805</coordinates></LineString>
  </Placemark>
  <Placemark id="damage_swesph_roads.15">
	<Style><LineStyle><color>ff0000ff</color></LineStyle><PolyStyle><fill>0</fill></PolyStyle></Style>
	<ExtendedData><SchemaData schemaUrl="#damage_swesph_roads">
		<SimpleData name="osm_id">565013827</SimpleData>
		<SimpleData name="type">secondary</SimpleData>
		<SimpleData name="depth_cls">0.5-1.5 m</SimpleData>
		<SimpleData name="max_depth">1.26</SimpleData>
		<SimpleData name="length_m">59.9</SimpleData>
	</SchemaData></ExtendedData>
      <LineString><coordinates>79.0775676691731,14.2396852244805 79.0776305340275,14.2395167517535 79.0777022034879,14.239350548048 79.0777681426324,14.2391820149055</coordinates></LineString>
  </Placemark>
  <Placemark id="damage_swesph_roads.16">
	<Style><LineStyle><color>ff0000ff</color></LineStyle><PolyStyle><fill>0</fill></PolyStyle></Style>
	<ExtendedData><SchemaData schemaUrl="#damage_swesph_roads">
		<SimpleData name="osm_id">565013827</SimpleData>
		<SimpleData name="type">secondary</SimpleData>
		<SimpleData name="depth_cls">&gt;1.5 m</SimpleData>
		<SimpleData name="max_depth">3.45</SimpleData>
		<SimpleData name="length_m">239.5</SimpleData>
	</SchemaData></ExtendedData>
      <LineString><coordinates>79.0777681426324,14.2391820149055 79.0778401396343,14.2390158668665 79.0779169937068,14.2388519328286 79.0780028485918,14.2386921607036 79.0780591731099,14.2385235736923 79.0780767764106,14.2383440447635 79.078089126909,14.2381640583426 79.0781015087967,14.2379840739687 79.078113890646,14.2378040895891 79.0781120490742,14.2376237141455 79.0781101518536,14.2374433344947 79.0780831588773,14.2372649258922 79.0780554442502,14.2370865738933</coordinates></LineString>
  </Placemark>
  <Placemark id="damage_swesph_roads.17">
	<Style><LineStyle><color>ff0000ff</color></LineStyle><PolyStyle><fill>0</fill></PolyStyle></Style>
	<ExtendedData><SchemaData schemaUrl="#damage_swesph_roads">
		<SimpleData name="osm_id">565013827</SimpleData>
		<SimpleData name="type">secondary</SimpleData>
		<SimpleData name="depth_cls">0.5-1.5 m</SimpleData>
		<SimpleData name="max_depth">0.66</SimpleData>
		<SimpleData name="length_m">20</SimpleData>
	</SchemaData></ExtendedData>
      <LineString><coordinates>79.0780554442502,14.2370865738933 79.0780277296487,14.2369082218942</coordinates></LineString>
  </Placemark>
  <Placemark id="damage_swesph_roads.18">
	<Style><LineStyle><color>ff0000ff</color></LineStyle><PolyStyle><fill>0</fill></PolyStyle></Style>
	<ExtendedData><SchemaData schemaUrl="#damage_swesph_roads">
		<SimpleData name="osm_id">565013827</SimpleData>
		<SimpleData name="type">secondary</SimpleData>
		<SimpleData name="depth_cls">0.1-0.5 m</SimpleData>
		<SimpleData name="max_depth">0.39</SimpleData>
		<SimpleData name="length_m">59.9</SimpleData>
	</SchemaData></ExtendedData>
      <LineString><coordinates>79.0780277296487,14.2369082218942 79.0780000259951,14.2367298682847 79.0780203820798,14.2365510335917 79.07804433865,14.2363721643932</coordinates></LineString>
  </Placemark>
  <Placemark id="damage_swesph_roads.19">
	<Style><LineStyle><color>ff0000ff</color></LineStyle><PolyStyle><fill>0</fill></PolyStyle></Style>
	<ExtendedData><SchemaData schemaUrl="#damage_swesph_roads">
		<SimpleData name="osm_id">565013827</SimpleData>
		<SimpleData name="type">secondary</SimpleData>
		<SimpleData name="depth_cls">0.5-1.5 m</SimpleData>
		<SimpleData name="max_depth">0.7</SimpleData>
		<SimpleData name="length_m">119.8</SimpleData>
	</SchemaData></ExtendedData>
      <LineString><coordinates>79.07804433865,14.2363721643932 79.0780682951642,14.236193295185 79.0780922516224,14.2360144259671 79.0781151915736,14.2358354315686 79.0781496719569,14.2356583594868 79.0781886974701,14.2354820325583 79.0782277193906,14.2353057048733</coordinates></LineString>
  </Placemark>
  <Placemark id="damage_swesph_roads.20">
	<Style><LineStyle><color>ff0000ff</color></LineStyle><PolyStyle><fill>0</fill></PolyStyle></Style>
	<ExtendedData><SchemaData schemaUrl="#damage_swesph_roads">
		<SimpleData name="osm_id">565013827</SimpleData>
		<SimpleData name="type">secondary</SimpleData>
		<SimpleData name="depth_cls">0.1-0.5 m</SimpleData>
		<SimpleData name="max_depth">0.5</SimpleData>
		<SimpleData name="length_m">59.9</SimpleData>
	</SchemaData></ExtendedData>
      <LineString><coordinates>79.0782277193906,14.2353057048733 79.0782651997301,14.2351290670456 79.0783008873437,14.2349520685494 79.0783365748841,14.2347750700384</coordinates></LineString>
  </Placemark>
  <Placemark id="damage_swesph_roads.21">
	<Style><LineStyle><color>ff0000ff</color></LineStyle><PolyStyle><fill>0</fill></PolyStyle></Style>
	<ExtendedData><SchemaData schemaUrl="#damage_swesph_roads">
		<SimpleData name="osm_id">565013827</SimpleData>
		<SimpleData name="type">secondary</SimpleData>
		<SimpleData name="depth_cls">0.5-1.5 m</SimpleData>
		<SimpleData name="max_depth">0.9</SimpleData>
		<SimpleData name="length_m">139.7</SimpleData>
	</SchemaData></ExtendedData>
      <LineString><coordinates>79.0783365748841,14.2347750700384 79.0783722623514,14.2345980715126 79.0784079497455,14.234421072972 79.0784385754486,14.234243221998 79.0784657968982,14.2340647977183 79.0784930182869,14.2338863734276 79.0785202396148,14.233707949126 79.0785549999066,14.2335309393801</coordinates></LineString>
  </Placemark>
  <Placemark id="damage_swesph_roads.22">
	<Style><LineStyle><color>ff0000ff</color></LineStyle><PolyStyle><fill>0</fill></PolyStyle></Style>
	<ExtendedData><SchemaData schemaUrl="#damage_swesph_roads">
		<SimpleData name="osm_id">565013827</SimpleData>
		<SimpleData name="type">secondary</SimpleData>
		<SimpleData name="depth_cls">0.1-0.5 m</SimpleData>
		<SimpleData name="max_depth">0.41</SimpleData>
		<SimpleData name="length_m">119.8</SimpleData>
	</SchemaData></ExtendedData>
      <LineString><coordinates>79.0785549999066,14.2335309393801 79.0785975809877,14.2333553970674 79.078640161986,14.2331798547363 79.0786827429016,14.2330043123869 79.0787261164109,14.2328289591047 79.0787713922654,14.2326540596098 79.0788166680335,14.2324791600952</coordinates></LineString>
  </Placemark>
  <Placemark id="damage_swesph_roads.23">
	<Style><LineStyle><color>ff0000ff</color></LineStyle><PolyStyle><fill>0</fill></PolyStyle></Style>
	<ExtendedData><SchemaData schemaUrl="#damage_swesph_roads">
		<SimpleData name="osm_id">565013827</SimpleData>
		<SimpleData name="type">secondary</SimpleData>
		<SimpleData name="depth_cls">0.1-0.5 m</SimpleData>
		<SimpleData name="max_depth">0.15</SimpleData>
		<SimpleData name="length_m">20</SimpleData>
	</SchemaData></ExtendedData>
      <LineString><coordinates>79.0789072193105,14.2321293610066 79.0789480816044,14.2319534319248</coordinates></LineString>
  </Placemark>
  <Placemark id="damage_swesph_roads.24">
	<Style><LineStyle><color>ff0000ff</color></LineStyle><PolyStyle><fill>0</fill></PolyStyle></Style>
	<ExtendedData><SchemaData schemaUrl="#damage_swesph_roads">
		<SimpleData name="osm_id">1185670108</SimpleData>
		<SimpleData name="type">tertiary</SimpleData>
		<SimpleData name="depth_cls">0.1-0.5 m</SimpleData>
		<SimpleData name="max_depth">0.48</SimpleData>
		<SimpleData name="length_m">119</SimpleData>
	</SchemaData></ExtendedData>
      <LineString><coordinates>79.0875128270218,14.2274239766459 79.0873319162787,14.2273926160555 79.087151005603,14.2273612553341 79.0869700949947,14.2273298944818 79.0867908081773,14.2272917771153 79.0866144579353,14.2272414407626 79.0864381077872,14.2271911042893</coordinates></LineString>
  </Placemark>
  <Placemark id="damage_swesph_roads.25">
	<Style><LineStyle><color>ff0000ff</color></LineStyle><PolyStyle><fill>0</fill></PolyStyle></Style>
	<ExtendedData><SchemaData schemaUrl="#damage_swesph_roads">
		<SimpleData name="osm_id">1185670108</SimpleData>
		<SimpleData name="type">tertiary</SimpleData>
		<SimpleData name="depth_cls">0.5-1.5 m</SimpleData>
		<SimpleData name="max_depth">0.59</SimpleData>
		<SimpleData name="length_m">99.2</SimpleData>
	</SchemaData></ExtendedData>
      <LineString><coordinates>79.0864381077872,14.2271911042893 79.086261757733,14.2271407676952 79.0860854077725,14.2270904309805 79.0859090579059,14.2270400941451 79.0857327081332,14.2269897571891 79.085555329062,14.227002132723</coordinates></LineString>
  </Placemark>
  <Placemark id="damage_swesph_roads.26">
	<Style><LineStyle><color>ff0000ff</color></LineStyle><PolyStyle><fill>0</fill></PolyStyle></Style>
	<ExtendedData><SchemaData schemaUrl="#damage_swesph_roads">
		<SimpleData name="osm_id">1185670108</SimpleData>
		<SimpleData name="type">tertiary</SimpleData>
		<SimpleData name="depth_cls">0.1-0.5 m</SimpleData>
		<SimpleData name="max_depth">0.41</SimpleData>
		<SimpleData name="length_m">119</SimpleData>
	</SchemaData></ExtendedData>
      <LineString><coordinates>79.085555329062,14.227002132723 79.0853774176668,14.2270469366014 79.0851995062177,14.2270917403384 79.0850215947148,14.2271365439338 79.084843683158,14.2271813473876 79.0846657715473,14.2272261507 79.0844878598827,14.2272709538708</coordinates></LineString>
  </Placemark>
  <Placemark id="damage_swesph_roads.27">
	<Style><LineStyle><color>ff0000ff</color></LineStyle><PolyStyle><fill>0</fill></PolyStyle></Style>
	<ExtendedData><SchemaData schemaUrl="#damage_swesph_roads">
		<SimpleData name="osm_id">1163761365</SimpleData>
		<SimpleData name="type">residential</SimpleData>
		<SimpleData name="depth_cls">0.1-0.5 m</SimpleData>
		<SimpleData name="max_depth">0.29</SimpleData>
		<SimpleData name="length_m">19.2</SimpleData>
	</SchemaData></ExtendedData>
      <LineString><coordinates>79.0820080023442,14.229716383755 79.0821769,14.2297699</coordinates></LineString>
  </Placemark>
  <Placemark id="damage_swesph_roads.28">
	<Style><LineStyle><color>ff0000ff</color></LineStyle><PolyStyle><fill>0</fill></PolyStyle></Style>
	<ExtendedData><SchemaData schemaUrl="#damage_swesph_roads">
		<SimpleData name="osm_id">1450641206</SimpleData>
		<SimpleData name="type">residential</SimpleData>
		<SimpleData name="depth_cls">0.1-0.5 m</SimpleData>
		<SimpleData name="max_depth">0.47</SimpleData>
		<SimpleData name="length_m">318.6</SimpleData>
	</SchemaData></ExtendedData>
      <LineString><coordinates>79.0829606167163,14.2275320054411 79.0828969333235,14.227700910851 79.0828332498217,14.2278698162299 79.0827690355027,14.2280385280895 79.0827035380099,14.2282067721318 79.082638040406,14.2283750161417 79.0825820538387,14.2285456824746 79.0825548747375,14.2287236856646 79.0825276955758,14.2289016888436 79.0824847199402,14.2290760475124 79.0824272709451,14.2292470669308 79.0823698218483,14.2294180863222 79.0823061444793,14.229586103715 79.0822017845422,14.2297345121652 79.0821234134758,14.2298966345665 79.0820531797013,14.2300630509194 79.0819829458106,14.2302294672366</coordinates></LineString>
  </Placemark>
  <Placemark id="damage_swesph_roads.29">
	<Style><LineStyle><color>ff0000ff</color></LineStyle><PolyStyle><fill>0</fill></PolyStyle></Style>
	<ExtendedData><SchemaData schemaUrl="#damage_swesph_roads">
		<SimpleData name="osm_id">1450641206</SimpleData>
		<SimpleData name="type">residential</SimpleData>
		<SimpleData name="depth_cls">0.5-1.5 m</SimpleData>
		<SimpleData name="max_depth">0.52</SimpleData>
		<SimpleData name="length_m">19.9</SimpleData>
	</SchemaData></ExtendedData>
      <LineString><coordinates>79.0819829458106,14.2302294672366 79.0819127118036,14.230395883518</coordinates></LineString>
  </Placemark>
  <Placemark id="damage_swesph_roads.30">
	<Style><LineStyle><color>ff0000ff</color></LineStyle><PolyStyle><fill>0</fill></PolyStyle></Style>
	<ExtendedData><SchemaData schemaUrl="#damage_swesph_roads">
		<SimpleData name="osm_id">1450641206</SimpleData>
		<SimpleData name="type">residential</SimpleData>
		<SimpleData name="depth_cls">0.1-0.5 m</SimpleData>
		<SimpleData name="max_depth">0.48</SimpleData>
		<SimpleData name="length_m">79.7</SimpleData>
	</SchemaData></ExtendedData>
      <LineString><coordinates>79.0819127118036,14.230395883518 79.0818424776803,14.2305622997637 79.0817722434407,14.2307287159735 79.0817020090849,14.2308951321476 79.0816317746127,14.231061548286</coordinates></LineString>
  </Placemark>
  <Placemark id="damage_swesph_roads.31">
	<Style><LineStyle><color>ff0000ff</color></LineStyle><PolyStyle><fill>0</fill></PolyStyle></Style>
	<ExtendedData><SchemaData schemaUrl="#damage_swesph_roads">
		<SimpleData name="osm_id">1450641206</SimpleData>
		<SimpleData name="type">residential</SimpleData>
		<SimpleData name="depth_cls">0.5-1.5 m</SimpleData>
		<SimpleData name="max_depth">1.36</SimpleData>
		<SimpleData name="length_m">179.2</SimpleData>
	</SchemaData></ExtendedData>
      <LineString><coordinates>79.0816317746127,14.231061548286 79.0815615400242,14.2312279643886 79.0814961172403,14.2313962317604 79.0814309803278,14.2315646091269 79.0813658433045,14.2317329864612 79.0813071838635,14.2319027364646 79.0812948297054,14.2320822991134 79.0813658364457,14.2322442552149 79.0814471935017,14.2324040687541 79.0814374344165,14.2325837833883</coordinates></LineString>
  </Placemark>
  <Placemark id="damage_swesph_roads.32">
	<Style><LineStyle><color>ff0000ff</color></LineStyle><PolyStyle><fill>0</fill></PolyStyle></Style>
	<ExtendedData><SchemaData schemaUrl="#damage_swesph_roads">
		<SimpleData name="osm_id">1450641206</SimpleData>
		<SimpleData name="type">residential</SimpleData>
		<SimpleData name="depth_cls">&gt;1.5 m</SimpleData>
		<SimpleData name="max_depth">1.94</SimpleData>
		<SimpleData name="length_m">39.8</SimpleData>
	</SchemaData></ExtendedData>
      <LineString><coordinates>79.0814374344165,14.2325837833883 79.0814126856069,14.232761318985 79.0813683,14.232936</coordinates></LineString>
  </Placemark>
  <Placemark id="damage_swesph_roads.33">
	<Style><LineStyle><color>ff0000ff</color></LineStyle><PolyStyle><fill>0</fill></PolyStyle></Style>
	<ExtendedData><SchemaData schemaUrl="#damage_swesph_roads">
		<SimpleData name="osm_id">1163773006</SimpleData>
		<SimpleData name="type">residential</SimpleData>
		<SimpleData name="depth_cls">0.5-1.5 m</SimpleData>
		<SimpleData name="max_depth">0.53</SimpleData>
		<SimpleData name="length_m">14.1</SimpleData>
	</SchemaData></ExtendedData>
      <LineString><coordinates>79.078329,14.2355399 79.0783184,14.2356668</coordinates></LineString>
  </Placemark>
  <Placemark id="damage_swesph_roads.34">
	<Style><LineStyle><color>ff0000ff</color></LineStyle><PolyStyle><fill>0</fill></PolyStyle></Style>
	<ExtendedData><SchemaData schemaUrl="#damage_swesph_roads">
		<SimpleData name="osm_id">1163772970</SimpleData>
		<SimpleData name="type">residential</SimpleData>
		<SimpleData name="depth_cls">0.5-1.5 m</SimpleData>
		<SimpleData name="max_depth">1.41</SimpleData>
		<SimpleData name="length_m">59.6</SimpleData>
	</SchemaData></ExtendedData>
      <LineString><coordinates>79.0781112,14.2375451 79.0779272009692,14.2375460715893 79.0777432019556,14.2375470430364 79.0775592029591,14.2375480143415</coordinates></LineString>
  </Placemark>
  <Placemark id="damage_swesph_roads.35">
	<Style><LineStyle><color>ff0000ff</color></LineStyle><PolyStyle><fill>0</fill></PolyStyle></Style>
	<ExtendedData><SchemaData schemaUrl="#damage_swesph_roads">
		<SimpleData name="osm_id">1163772970</SimpleData>
		<SimpleData name="type">residential</SimpleData>
		<SimpleData name="depth_cls">0.1-0.5 m</SimpleData>
		<SimpleData name="max_depth">0.11</SimpleData>
		<SimpleData name="length_m">39.7</SimpleData>
	</SchemaData></ExtendedData>
      <LineString><coordinates>79.0775592029591,14.2375480143415 79.0773752039799,14.2375489855044 79.0771912050178,14.2375499565253</coordinates></LineString>
  </Placemark>
  <Placemark id="damage_swesph_roads.36">
	<Style><LineStyle><color>ff0000ff</color></LineStyle><PolyStyle><fill>0</fill></PolyStyle></Style>
	<ExtendedData><SchemaData schemaUrl="#damage_swesph_roads">
		<SimpleData name="osm_id">1163772974</SimpleData>
		<SimpleData name="type">residential</SimpleData>
		<SimpleData name="depth_cls">&gt;1.5 m</SimpleData>
		<SimpleData name="max_depth">2.98</SimpleData>
		<SimpleData name="length_m">91.9</SimpleData>
	</SchemaData></ExtendedData>
      <LineString><coordinates>79.0785594,14.2363572 79.0785943393108,14.2361946185695 79.0786292785569,14.2360320371255 79.0786642177383,14.235869455668 79.0786991568548,14.235706874197 79.0786871368422,14.2355806229135</coordinates></LineString>
  </Placemark>
  <Placemark id="damage_swesph_roads.37">
	<Style><LineStyle><color>ff0000ff</color></LineStyle><PolyStyle><fill>0</fill></PolyStyle></Style>
	<ExtendedData><SchemaData schemaUrl="#damage_swesph_roads">
		<SimpleData name="osm_id">1163772974</SimpleData>
		<SimpleData name="type">residential</SimpleData>
		<SimpleData name="depth_cls">0.5-1.5 m</SimpleData>
		<SimpleData name="max_depth">1.29</SimpleData>
		<SimpleData name="length_m">55.1</SimpleData>
	</SchemaData></ExtendedData>
      <LineString><coordinates>79.0786871368422,14.2355806229135 79.0785174128505,14.235568965473 79.0783492316176,14.2355435557175 79.0781818,14.2355132</coordinates></LineString>
  </Placemark>
  <Placemark id="damage_swesph_roads.38">
	<Style><LineStyle><color>ff0000ff</color></LineStyle><PolyStyle><fill>0</fill></PolyStyle></Style>
	<ExtendedData><SchemaData schemaUrl="#damage_swesph_roads">
		<SimpleData name="osm_id">1259303904</SimpleData>
		<SimpleData name="type">tertiary</SimpleData>
		<SimpleData name="depth_cls">0.1-0.5 m</SimpleData>
		<SimpleData name="max_depth">0.45</SimpleData>
		<SimpleData name="length_m">139.3</SimpleData>
	</SchemaData></ExtendedData>
      <LineString><coordinates>79.0471151499175,14.2303305963814 79.0472918744578,14.2303819783851 79.0474685990941,14.2304333602681 79.0476453238264,14.2304847420302 79.0478008089073,14.2305568852278 79.0478538515088,14.2307291645423 79.0479068941748,14.2309014438529 79.0479509744711,14.2310752002498</coordinates></LineString>
  </Placemark>
  <Placemark id="damage_swesph_roads.39">
	<Style><LineStyle><color>ff0000ff</color></LineStyle><PolyStyle><fill>0</fill></PolyStyle></Style>
	<ExtendedData><SchemaData schemaUrl="#damage_swesph_roads">
		<SimpleData name="osm_id">1259303904</SimpleData>
		<SimpleData name="type">tertiary</SimpleData>
		<SimpleData name="depth_cls">0.5-1.5 m</SimpleData>
		<SimpleData name="max_depth">1.36</SimpleData>
		<SimpleData name="length_m">238.9</SimpleData>
	</SchemaData></ExtendedData>
      <LineString><coordinates>79.0479509744711,14.2310752002498 79.0479589003508,14.2312549152225 79.047966826224,14.231434630194 79.0479747520907,14.2316143451643 79.0479826779509,14.2317940601334 79.0479906038046,14.2319737751013 79.0479985296517,14.232153490068 79.0480172394461,14.2323313178389 79.0480738535877,14.2325025123432 79.0481304677992,14.2326737068427 79.0481131009886,14.2328502833196 79.0480831462479,14.2330277755285 79.0480531914423,14.2332052677251</coordinates></LineString>
  </Placemark>
  <Placemark id="damage_swesph_roads.40">
	<Style><LineStyle><color>ff0000ff</color></LineStyle><PolyStyle><fill>0</fill></PolyStyle></Style>
	<ExtendedData><SchemaData schemaUrl="#damage_swesph_roads">
		<SimpleData name="osm_id">1259303904</SimpleData>
		<SimpleData name="type">tertiary</SimpleData>
		<SimpleData name="depth_cls">&gt;1.5 m</SimpleData>
		<SimpleData name="max_depth">1.87</SimpleData>
		<SimpleData name="length_m">79.6</SimpleData>
	</SchemaData></ExtendedData>
      <LineString><coordinates>79.0480531914423,14.2332052677251 79.0480232365717,14.2333827599096 79.0479932816362,14.2335602520818 79.0479633266357,14.2337377442418 79.0479333715703,14.2339152363896</coordinates></LineString>
  </Placemark>
  <Placemark id="damage_swesph_roads.41">
	<Style><LineStyle><color>ff0000ff</color></LineStyle><PolyStyle><fill>0</fill></PolyStyle></Style>
	<ExtendedData><SchemaData schemaUrl="#damage_swesph_roads">
		<SimpleData name="osm_id">1259303904</SimpleData>
		<SimpleData name="type">tertiary</SimpleData>
		<SimpleData name="depth_cls">0.5-1.5 m</SimpleData>
		<SimpleData name="max_depth">1.41</SimpleData>
		<SimpleData name="length_m">119.4</SimpleData>
	</SchemaData></ExtendedData>
      <LineString><coordinates>79.0479333715703,14.2339152363896 79.0478854405733,14.2340886192295 79.0478314288734,14.2342606120145 79.0477774170759,14.2344326047745 79.0477234051807,14.2346045975095 79.0476693931877,14.2347765902196 79.0477480356785,14.2349014510618</coordinates></LineString>
  </Placemark>
  <Placemark id="damage_swesph_roads.42">
	<Style><LineStyle><color>ff0000ff</color></LineStyle><PolyStyle><fill>0</fill></PolyStyle></Style>
	<ExtendedData><SchemaData schemaUrl="#damage_swesph_roads">
		<SimpleData name="osm_id">1259303904</SimpleData>
		<SimpleData name="type">tertiary</SimpleData>
		<SimpleData name="depth_cls">0.1-0.5 m</SimpleData>
		<SimpleData name="max_depth">0.36</SimpleData>
		<SimpleData name="length_m">99.5</SimpleData>
	</SchemaData></ExtendedData>
      <LineString><coordinates>79.0477480356785,14.2349014510618 79.0479027994049,14.2349992661797 79.0479952861679,14.235118212397 79.0479361674451,14.23528859967 79.0478770486184,14.2354589869147 79.0478179296878,14.2356293741311</coordinates></LineString>
  </Placemark>
  <Placemark id="damage_swesph_roads.43">
	<Style><LineStyle><color>ff0000ff</color></LineStyle><PolyStyle><fill>0</fill></PolyStyle></Style>
	<ExtendedData><SchemaData schemaUrl="#damage_swesph_roads">
		<SimpleData name="osm_id">1259303904</SimpleData>
		<SimpleData name="type">tertiary</SimpleData>
		<SimpleData name="depth_cls">0.1-0.5 m</SimpleData>
		<SimpleData name="max_depth">0.2</SimpleData>
		<SimpleData name="length_m">39.8</SimpleData>
	</SchemaData></ExtendedData>
      <LineString><coordinates>79.0477588106532,14.2357997613193 79.0476681546351,14.2359477975439 79.04752028865,14.2360552877109</coordinates></LineString>
  </Placemark>
  <Placemark id="damage_swesph_roads.44">
	<Style><LineStyle><color>ff0000ff</color></LineStyle><PolyStyle><fill>0</fill></PolyStyle></Style>
	<ExtendedData><SchemaData schemaUrl="#damage_swesph_roads">
		<SimpleData name="osm_id">1259303904</SimpleData>
		<SimpleData name="type">tertiary</SimpleData>
		<SimpleData name="depth_cls">0.5-1.5 m</SimpleData>
		<SimpleData name="max_depth">0.64</SimpleData>
		<SimpleData name="length_m">19.9</SimpleData>
	</SchemaData></ExtendedData>
      <LineString><coordinates>79.04752028865,14.2360552877109 79.0473724225303,14.2361627777674</coordinates></LineString>
  </Placemark>
  <Placemark id="damage_swesph_roads.45">
	<Style><LineStyle><color>ff0000ff</color></LineStyle><PolyStyle><fill>0</fill></PolyStyle></Style>
	<ExtendedData><SchemaData schemaUrl="#damage_swesph_roads">
		<SimpleData name="osm_id">1259303904</SimpleData>
		<SimpleData name="type">tertiary</SimpleData>
		<SimpleData name="depth_cls">0.1-0.5 m</SimpleData>
		<SimpleData name="max_depth">0.36</SimpleData>
		<SimpleData name="length_m">19.9</SimpleData>
	</SchemaData></ExtendedData>
      <LineString><coordinates>79.0473724225303,14.2361627777674 79.0472245562761,14.2362702677135</coordinates></LineString>
  </Placemark>
  <Placemark id="damage_swesph_roads.46">
	<Style><LineStyle><color>ff0000ff</color></LineStyle><PolyStyle><fill>0</fill></PolyStyle></Style>
	<ExtendedData><SchemaData schemaUrl="#damage_swesph_roads">
		<SimpleData name="osm_id">1259303904</SimpleData>
		<SimpleData name="type">tertiary</SimpleData>
		<SimpleData name="depth_cls">0.5-1.5 m</SimpleData>
		<SimpleData name="max_depth">0.94</SimpleData>
		<SimpleData name="length_m">19.9</SimpleData>
	</SchemaData></ExtendedData>
      <LineString><coordinates>79.0472245562761,14.2362702677135 79.0470841134808,14.23638315926</coordinates></LineString>
  </Placemark>
  <Placemark id="damage_swesph_roads.47">
	<Style><LineStyle><color>ff0000ff</color></LineStyle><PolyStyle><fill>0</fill></PolyStyle></Style>
	<ExtendedData><SchemaData schemaUrl="#damage_swesph_roads">
		<SimpleData name="osm_id">1259303904</SimpleData>
		<SimpleData name="type">tertiary</SimpleData>
		<SimpleData name="depth_cls">0.1-0.5 m</SimpleData>
		<SimpleData name="max_depth">0.47</SimpleData>
		<SimpleData name="length_m">39.8</SimpleData>
	</SchemaData></ExtendedData>
      <LineString><coordinates>79.0470841134808,14.23638315926 79.0470206198316,14.2365520421788 79.0469571260734,14.2367209250663</coordinates></LineString>
  </Placemark>
  <Placemark id="damage_swesph_roads.48">
	<Style><LineStyle><color>ff0000ff</color></LineStyle><PolyStyle><fill>0</fill></PolyStyle></Style>
	<ExtendedData><SchemaData schemaUrl="#damage_swesph_roads">
		<SimpleData name="osm_id">1259303904</SimpleData>
		<SimpleData name="type">tertiary</SimpleData>
		<SimpleData name="depth_cls">0.5-1.5 m</SimpleData>
		<SimpleData name="max_depth">0.66</SimpleData>
		<SimpleData name="length_m">19.9</SimpleData>
	</SchemaData></ExtendedData>
      <LineString><coordinates>79.0469571260734,14.2367209250663 79.0468936322061,14.2368898079227</coordinates></LineString>
  </Placemark>
  <Placemark id="damage_swesph_roads.49">
	<Style><LineStyle><color>ff0000ff</color></LineStyle><PolyStyle><fill>0</fill></PolyStyle></Style>
	<ExtendedData><SchemaData schemaUrl="#damage_swesph_roads">
		<SimpleData name="osm_id">1259303904</SimpleData>
		<SimpleData name="type">tertiary</SimpleData>
		<SimpleData name="depth_cls">0.1-0.5 m</SimpleData>
		<SimpleData name="max_depth">0.29</SimpleData>
		<SimpleData name="length_m">39.8</SimpleData>
	</SchemaData></ExtendedData>
      <LineString><coordinates>79.0468936322061,14.2368898079227 79.0468301382296,14.2370586907479 79.0467666441441,14.2372275735418</coordinates></LineString>
  </Placemark>
  <Placemark id="damage_swesph_roads.50">
	<Style><LineStyle><color>ff0000ff</color></LineStyle><PolyStyle><fill>0</fill></PolyStyle></Style>
	<ExtendedData><SchemaData schemaUrl="#damage_swesph_roads">
		<SimpleData name="osm_id">1259303904</SimpleData>
		<SimpleData name="type">tertiary</SimpleData>
		<SimpleData name="depth_cls">0.1-0.5 m</SimpleData>
		<SimpleData name="max_depth">0.45</SimpleData>
		<SimpleData name="length_m">159.2</SimpleData>
	</SchemaData></ExtendedData>
      <LineString><coordinates>79.0466396556459,14.2375653390361 79.0465761612332,14.2377342217364 79.0465126667114,14.2379031044055 79.0464491720804,14.2380719870433 79.0463856773404,14.23824086965 79.0463221824914,14.2384097522255 79.0462586875332,14.2385786347697 79.0461951924659,14.2387475172827 79.0461316972895,14.2389163997645</coordinates></LineString>
  </Placemark>
  <Placemark id="damage_swesph_roads.51">
	<Style><LineStyle><color>ff0000ff</color></LineStyle><PolyStyle><fill>0</fill></PolyStyle></Style>
	<ExtendedData><SchemaData schemaUrl="#damage_swesph_roads">
		<SimpleData name="osm_id">1259303904</SimpleData>
		<SimpleData name="type">tertiary</SimpleData>
		<SimpleData name="depth_cls">0.1-0.5 m</SimpleData>
		<SimpleData name="max_depth">0.48</SimpleData>
		<SimpleData name="length_m">159.2</SimpleData>
	</SchemaData></ExtendedData>
      <LineString><coordinates>79.046093936279,14.2390909883897 79.0460763425551,14.2392700487972 79.0460587487847,14.2394491091973 79.0460411549677,14.2396281695901 79.0459402605809,14.2397780831676 79.0458371027039,14.2399271886995 79.0457339446842,14.2400762941677 79.0456307865217,14.2402253995723 79.0455477678698,14.2403842695318</coordinates></LineString>
  </Placemark>
  <Placemark id="damage_swesph_roads.52">
	<Style><LineStyle><color>ff0000ff</color></LineStyle><PolyStyle><fill>0</fill></PolyStyle></Style>
	<ExtendedData><SchemaData schemaUrl="#damage_swesph_roads">
		<SimpleData name="osm_id">1259303904</SimpleData>
		<SimpleData name="type">tertiary</SimpleData>
		<SimpleData name="depth_cls">0.5-1.5 m</SimpleData>
		<SimpleData name="max_depth">1.05</SimpleData>
		<SimpleData name="length_m">59.7</SimpleData>
	</SchemaData></ExtendedData>
      <LineString><coordinates>79.0455477678698,14.2403842695318 79.0454881902248,14.2405545047738 79.0454286124753,14.2407247399872 79.0453690346213,14.240894975172</coordinates></LineString>
  </Placemark>
  <Placemark id="damage_swesph_roads.53">
	<Style><LineStyle><color>ff0000ff</color></LineStyle><PolyStyle><fill>0</fill></PolyStyle></Style>
	<ExtendedData><SchemaData schemaUrl="#damage_swesph_roads">
		<SimpleData name="osm_id">1259303904</SimpleData>
		<SimpleData name="type">tertiary</SimpleData>
		<SimpleData name="depth_cls">0.1-0.5 m</SimpleData>
		<SimpleData name="max_depth">0.41</SimpleData>
		<SimpleData name="length_m">39.8</SimpleData>
	</SchemaData></ExtendedData>
      <LineString><coordinates>79.0453690346213,14.240894975172 79.0453094566627,14.2410652103282 79.0452498785996,14.2412354454559</coordinates></LineString>
  </Placemark>
  <Placemark id="damage_swesph_roads.54">
	<Style><LineStyle><color>ff0000ff</color></LineStyle><PolyStyle><fill>0</fill></PolyStyle></Style>
	<ExtendedData><SchemaData schemaUrl="#damage_swesph_roads">
		<SimpleData name="osm_id">1259303904</SimpleData>
		<SimpleData name="type">tertiary</SimpleData>
		<SimpleData name="depth_cls">0.5-1.5 m</SimpleData>
		<SimpleData name="max_depth">0.89</SimpleData>
		<SimpleData name="length_m">59.7</SimpleData>
	</SchemaData></ExtendedData>
      <LineString><coordinates>79.0452498785996,14.2412354454559 79.0451903004319,14.2414056805549 79.0451307221597,14.2415759156254 79.0450711437829,14.2417461506673</coordinates></LineString>
  </Placemark>
  <Placemark id="damage_swesph_roads.55">
	<Style><LineStyle><color>ff0000ff</color></LineStyle><PolyStyle><fill>0</fill></PolyStyle></Style>
	<ExtendedData><SchemaData schemaUrl="#damage_swesph_roads">
		<SimpleData name="osm_id">1259303904</SimpleData>
		<SimpleData name="type">tertiary</SimpleData>
		<SimpleData name="depth_cls">0.1-0.5 m</SimpleData>
		<SimpleData name="max_depth">0.23</SimpleData>
		<SimpleData name="length_m">19.9</SimpleData>
	</SchemaData></ExtendedData>
      <LineString><coordinates>79.0450711437829,14.2417461506673 79.0450115653016,14.2419163856806</coordinates></LineString>
  </Placemark>
  <Placemark id="damage_swesph_roads.56">
	<Style><LineStyle><color>ff0000ff</color></LineStyle><PolyStyle><fill>0</fill></PolyStyle></Style>
	<ExtendedData><SchemaData schemaUrl="#damage_swesph_roads">
		<SimpleData name="osm_id">1259303904</SimpleData>
		<SimpleData name="type">tertiary</SimpleData>
		<SimpleData name="depth_cls">0.5-1.5 m</SimpleData>
		<SimpleData name="max_depth">0.54</SimpleData>
		<SimpleData name="length_m">39.8</SimpleData>
	</SchemaData></ExtendedData>
      <LineString><coordinates>79.0450115653016,14.2419163856806 79.0449519867158,14.2420866206653 79.0448924080254,14.2422568556215</coordinates></LineString>
  </Placemark>
  <Placemark id="damage_swesph_roads.57">
	<Style><LineStyle><color>ff0000ff</color></LineStyle><PolyStyle><fill>0</fill></PolyStyle></Style>
	<ExtendedData><SchemaData schemaUrl="#damage_swesph_roads">
		<SimpleData name="osm_id">1259303904</SimpleData>
		<SimpleData name="type">tertiary</SimpleData>
		<SimpleData name="depth_cls">0.1-0.5 m</SimpleData>
		<SimpleData name="max_depth">0.45</SimpleData>
		<SimpleData name="length_m">159.2</SimpleData>
	</SchemaData></ExtendedData>
      <LineString><coordinates>79.0448924080254,14.2422568556215 79.0448328292304,14.242427090549 79.0447732503309,14.242597325448 79.0447136713268,14.2427675603183 79.0446540922182,14.2429377951601 79.044594513005,14.2431080299733 79.0445349336872,14.2432782647578 79.0444753542649,14.2434484995138 79.044415774738,14.2436187342412</coordinates></LineString>
  </Placemark>
  <Placemark id="damage_swesph_roads.58">
	<Style><LineStyle><color>ff0000ff</color></LineStyle><PolyStyle><fill>0</fill></PolyStyle></Style>
	<ExtendedData><SchemaData schemaUrl="#damage_swesph_roads">
		<SimpleData name="osm_id">1259303904</SimpleData>
		<SimpleData name="type">tertiary</SimpleData>
		<SimpleData name="depth_cls">0.5-1.5 m</SimpleData>
		<SimpleData name="max_depth">0.57</SimpleData>
		<SimpleData name="length_m">39.8</SimpleData>
	</SchemaData></ExtendedData>
      <LineString><coordinates>79.044415774738,14.2436187342412 79.0443561951065,14.24378896894 79.0442966153705,14.2439592036102</coordinates></LineString>
  </Placemark>
  <Placemark id="damage_swesph_roads.59">
	<Style><LineStyle><color>ff0000ff</color></LineStyle><PolyStyle><fill>0</fill></PolyStyle></Style>
	<ExtendedData><SchemaData schemaUrl="#damage_swesph_roads">
		<SimpleData name="osm_id">1259303904</SimpleData>
		<SimpleData name="type">tertiary</SimpleData>
		<SimpleData name="depth_cls">0.1-0.5 m</SimpleData>
		<SimpleData name="max_depth">0.31</SimpleData>
		<SimpleData name="length_m">39.8</SimpleData>
	</SchemaData></ExtendedData>
      <LineString><coordinates>79.0442966153705,14.2439592036102 79.0442370355299,14.2441294382518 79.0441774555847,14.2442996728649</coordinates></LineString>
  </Placemark>
  <Placemark id="damage_swesph_roads.60">
	<Style><LineStyle><color>ff0000ff</color></LineStyle><PolyStyle><fill>0</fill></PolyStyle></Style>
	<ExtendedData><SchemaData schemaUrl="#damage_swesph_roads">
		<SimpleData name="osm_id">1259303904</SimpleData>
		<SimpleData name="type">tertiary</SimpleData>
		<SimpleData name="depth_cls">0.5-1.5 m</SimpleData>
		<SimpleData name="max_depth">1.01</SimpleData>
		<SimpleData name="length_m">39.8</SimpleData>
	</SchemaData></ExtendedData>
      <LineString><coordinates>79.0441774555847,14.2442996728649 79.044117875535,14.2444699074493 79.0440589245781,14.2446403239819</coordinates></LineString>
  </Placemark>
  <Placemark id="damage_swesph_roads.61">
	<Style><LineStyle><color>ff0000ff</color></LineStyle><PolyStyle><fill>0</fill></PolyStyle></Style>
	<ExtendedData><SchemaData schemaUrl="#damage_swesph_roads">
		<SimpleData name="osm_id">1259303904</SimpleData>
		<SimpleData name="type">tertiary</SimpleData>
		<SimpleData name="depth_cls">0.1-0.5 m</SimpleData>
		<SimpleData name="max_depth">0.38</SimpleData>
		<SimpleData name="length_m">139.3</SimpleData>
	</SchemaData></ExtendedData>
      <LineString><coordinates>79.0440589245781,14.2446403239819 79.0440137371085,14.2448147212004 79.0439685495527,14.2449891183992 79.0439233619104,14.245163515578 79.0438781741819,14.245337912737 79.043832986367,14.2455123098762 79.0437877984657,14.2456867069956 79.0437426104781,14.2458611040951</coordinates></LineString>
  </Placemark>
  <Placemark id="damage_swesph_roads.62">
	<Style><LineStyle><color>ff0000ff</color></LineStyle><PolyStyle><fill>0</fill></PolyStyle></Style>
	<ExtendedData><SchemaData schemaUrl="#damage_swesph_roads">
		<SimpleData name="osm_id">1259303904</SimpleData>
		<SimpleData name="type">tertiary</SimpleData>
		<SimpleData name="depth_cls">0.1-0.5 m</SimpleData>
		<SimpleData name="max_depth">0.42</SimpleData>
		<SimpleData name="length_m">39.8</SimpleData>
	</SchemaData></ExtendedData>
      <LineString><coordinates>79.0436184014619,14.2463862766352 79.0435988007557,14.2465651383216 79.0435792,14.246744</coordinates></LineString>
  </Placemark>
  <Placemark id="damage_swesph_roads.63">
	<Style><LineStyle><color>ff0000ff</color></LineStyle><PolyStyle><fill>0</fill></PolyStyle></Style>
	<ExtendedData><SchemaData schemaUrl="#damage_swesph_roads">
		<SimpleData name="osm_id">1450181314</SimpleData>
		<SimpleData name="type">unclassified</SimpleData>
		<SimpleData name="depth_cls">0.5-1.5 m</SimpleData>
		<SimpleData name="max_depth">1.4</SimpleData>
		<SimpleData name="length_m">99.3</SimpleData>
	</SchemaData></ExtendedData>
      <LineString><coordinates>79.0488381,14.2447719 79.0488729789071,14.2445956665618 79.0489078577424,14.2444194331092 79.0489427365058,14.2442431996421 79.0489776151973,14.2440669661605 79.0490347911105,14.2438967037827</coordinates></LineString>
  </Placemark>
  <Placemark id="damage_swesph_roads.64">
	<Style><LineStyle><color>ff0000ff</color></LineStyle><PolyStyle><fill>0</fill></PolyStyle></Style>
	<ExtendedData><SchemaData schemaUrl="#damage_swesph_roads">
		<SimpleData name="osm_id">1450181314</SimpleData>
		<SimpleData name="type">unclassified</SimpleData>
		<SimpleData name="depth_cls">0.1-0.5 m</SimpleData>
		<SimpleData name="max_depth">0.39</SimpleData>
		<SimpleData name="length_m">59.6</SimpleData>
	</SchemaData></ExtendedData>
      <LineString><coordinates>79.0490347911105,14.2438967037827 79.0490970593452,14.2437278051055 79.0491611898345,14.2435595712323 79.0492254092358,14.2433913691067</coordinates></LineString>
  </Placemark>
  <Placemark id="damage_swesph_roads.65">
	<Style><LineStyle><color>ff0000ff</color></LineStyle><PolyStyle><fill>0</fill></PolyStyle></Style>
	<ExtendedData><SchemaData schemaUrl="#damage_swesph_roads">
		<SimpleData name="osm_id">1259299277</SimpleData>
		<SimpleData name="type">tertiary</SimpleData>
		<SimpleData name="depth_cls">&gt;1.5 m</SimpleData>
		<SimpleData name="max_depth">1.79</SimpleData>
		<SimpleData name="length_m">20</SimpleData>
	</SchemaData></ExtendedData>
      <LineString><coordinates>79.0712927,14.2479552 79.0712160383134,14.247790657406</coordinates></LineString>
  </Placemark>
  <Placemark id="damage_swesph_roads.66">
	<Style><LineStyle><color>ff0000ff</color></LineStyle><PolyStyle><fill>0</fill></PolyStyle></Style>
	<ExtendedData><SchemaData schemaUrl="#damage_swesph_roads">
		<SimpleData name="osm_id">1259299277</SimpleData>
		<SimpleData name="type">tertiary</SimpleData>
		<SimpleData name="depth_cls">0.5-1.5 m</SimpleData>
		<SimpleData name="max_depth">1.35</SimpleData>
		<SimpleData name="length_m">100</SimpleData>
	</SchemaData></ExtendedData>
      <LineString><coordinates>79.0712160383134,14.247790657406 79.0711393767254,14.2476261147992 79.0710627152361,14.2474615721796 79.0709860538455,14.2472970295473 79.0709093925536,14.2471324869022 79.0708327313603,14.2469679442444</coordinates></LineString>
  </Placemark>
  <Placemark id="damage_swesph_roads.67">
	<Style><LineStyle><color>ff0000ff</color></LineStyle><PolyStyle><fill>0</fill></PolyStyle></Style>
	<ExtendedData><SchemaData schemaUrl="#damage_swesph_roads">
		<SimpleData name="osm_id">1259299277</SimpleData>
		<SimpleData name="type">tertiary</SimpleData>
		<SimpleData name="depth_cls">&gt;1.5 m</SimpleData>
		<SimpleData name="max_depth">5.81</SimpleData>
		<SimpleData name="length_m">920</SimpleData>
	</SchemaData></ExtendedData>
      <LineString><coordinates>79.0708327313603,14.2469679442444 79.0707560702657,14.2468034015738 79.0706794070692,14.246638859867 79.0706025915014,14.2464743858114 79.0705257760325,14.2463099117431 79.0704489606625,14.2461454376618 79.0703721453914,14.2459809635678 79.070299433464,14.2458153239532 79.070273704649,14.2456363390133 79.0702479758563,14.2454573540733 79.0702222470858,14.2452783691331 79.0701965183376,14.2450993841928 79.0701707896116,14.2449203992522 79.0701694461044,14.244744293671 79.0702382181028,14.2445764671865 79.0703069899856,14.2444086406672 79.0703757617528,14.2442408141129 79.0703333693058,14.2440735805446 79.0702627198576,14.243906497705 79.0701920705,14.2437394148555 79.0701567875168,14.2435636782494 79.0701382155081,14.2433838526527 79.0701196435101,14.2432040270558 79.0701010715228,14.2430242014585 79.0701595414701,14.2428900408837 79.070331733969,14.2428232869605 79.0703769490115,14.2426591036309 79.0704029160698,14.2424801514217 79.0704288830689,14.242301199202 79.0704548500087,14.2421222469718 79.0704808168892,14.241943294731 79.0705067837103,14.2417643424798 79.0705327504723,14.241585390218 79.0705587171749,14.2414064379457 79.0705846838182,14.2412274856629 79.0706106504022,14.2410485333696 79.070636616927,14.2408695810658 79.0706625833924,14.2406906287514 79.0706316580978,14.2405172136461 79.0705699515563,14.2403467944507 79.0705082450926,14.2401763752488 79.0704838547887,14.2399982307514 79.070469274475,14.2398180553613 79.0704546941657,14.2396378799707 79.0704401138606,14.2394577045795 79.0704255335599,14.2392775291879 79.0705849460427,14.2391954196403</coordinates></LineString>
  </Placemark>
  <Placemark id="damage_swesph_roads.68">
	<Style><LineStyle><color>ff0000ff</color></LineStyle><PolyStyle><fill>0</fill></PolyStyle></Style>
	<ExtendedData><SchemaData schemaUrl="#damage_swesph_roads">
		<SimpleData name="osm_id">1259299277</SimpleData>
		<SimpleData name="type">tertiary</SimpleData>
		<SimpleData name="depth_cls">0.5-1.5 m</SimpleData>
		<SimpleData name="max_depth">0.68</SimpleData>
		<SimpleData name="length_m">20</SimpleData>
	</SchemaData></ExtendedData>
      <LineString><coordinates>79.0705849460427,14.2391954196403 79.0707522624124,14.2391177648101</coordinates></LineString>
  </Placemark>
  <Placemark id="damage_swesph_roads.69">
	<Style><LineStyle><color>ff0000ff</color></LineStyle><PolyStyle><fill>0</fill></PolyStyle></Style>
	<ExtendedData><SchemaData schemaUrl="#damage_swesph_roads">
		<SimpleData name="osm_id">1259299277</SimpleData>
		<SimpleData name="type">tertiary</SimpleData>
		<SimpleData name="depth_cls">0.1-0.5 m</SimpleData>
		<SimpleData name="max_depth">0.24</SimpleData>
		<SimpleData name="length_m">80</SimpleData>
	</SchemaData></ExtendedData>
      <LineString><coordinates>79.0707522624124,14.2391177648101 79.0709195786797,14.2390401098477 79.0710570309807,14.2389405991709 79.0710866772114,14.2387621916558 79.0711163233773,14.2385837841287</coordinates></LineString>
  </Placemark>
  <Placemark id="damage_swesph_roads.70">
	<Style><LineStyle><color>ff0000ff</color></LineStyle><PolyStyle><fill>0</fill></PolyStyle></Style>
	<ExtendedData><SchemaData schemaUrl="#damage_swesph_roads">
		<SimpleData name="osm_id">1259299277</SimpleData>
		<SimpleData name="type">tertiary</SimpleData>
		<SimpleData name="depth_cls">0.1-0.5 m</SimpleData>
		<SimpleData name="max_depth">0.22</SimpleData>
		<SimpleData name="length_m">60</SimpleData>
	</SchemaData></ExtendedData>
      <LineString><coordinates>79.0719029385072,14.2369947247535 79.0719981506991,14.2368396756163 79.0720933627519,14.2366846264228 79.0721885746657,14.2365295771731</coordinates></LineString>
  </Placemark>
  <Placemark id="damage_swesph_roads.71">
	<Style><LineStyle><color>ff0000ff</color></LineStyle><PolyStyle><fill>0</fill></PolyStyle></Style>
	<ExtendedData><SchemaData schemaUrl="#damage_swesph_roads">
		<SimpleData name="osm_id">1259299277</SimpleData>
		<SimpleData name="type">tertiary</SimpleData>
		<SimpleData name="depth_cls">0.5-1.5 m</SimpleData>
		<SimpleData name="max_depth">0.98</SimpleData>
		<SimpleData name="length_m">180</SimpleData>
	</SchemaData></ExtendedData>
      <LineString><coordinates>79.0721885746657,14.2365295771731 79.0722837864404,14.236374527867 79.072368703732,14.2362144446516 79.0724391003411,14.2360472609554 79.072509496833,14.2358800772231 79.0725798932077,14.2357128934548 79.0726502894651,14.2355457096504 79.0726901649013,14.2353710351594 79.072709265575,14.2351912619515 79.0727283661998,14.2350114887356</coordinates></LineString>
  </Placemark>
  <Placemark id="damage_swesph_roads.72">
	<Style><LineStyle><color>ff0000ff</color></LineStyle><PolyStyle><fill>0</fill></PolyStyle></Style>
	<ExtendedData><SchemaData schemaUrl="#damage_swesph_roads">
		<SimpleData name="osm_id">1259299277</SimpleData>
		<SimpleData name="type">tertiary</SimpleData>
		<SimpleData name="depth_cls">0.1-0.5 m</SimpleData>
		<SimpleData name="max_depth">0.45</SimpleData>
		<SimpleData name="length_m">60</SimpleData>
	</SchemaData></ExtendedData>
      <LineString><coordinates>79.0727283661998,14.2350114887356 79.0727474667756,14.2348317155119 79.0727665673026,14.2346519422802 79.0727856677807,14.2344721690407</coordinates></LineString>
  </Placemark>
  <Placemark id="damage_swesph_roads.73">
	<Style><LineStyle><color>ff0000ff</color></LineStyle><PolyStyle><fill>0</fill></PolyStyle></Style>
	<ExtendedData><SchemaData schemaUrl="#damage_swesph_roads">
		<SimpleData name="osm_id">1259299277</SimpleData>
		<SimpleData name="type">tertiary</SimpleData>
		<SimpleData name="depth_cls">0.5-1.5 m</SimpleData>
		<SimpleData name="max_depth">0.55</SimpleData>
		<SimpleData name="length_m">40</SimpleData>
	</SchemaData></ExtendedData>
      <LineString><coordinates>79.0727856677807,14.2344721690407 79.0728047682098,14.2342923957933 79.0728966711607,14.2341629276623</coordinates></LineString>
  </Placemark>
  <Placemark id="damage_swesph_roads.74">
	<Style><LineStyle><color>ff0000ff</color></LineStyle><PolyStyle><fill>0</fill></PolyStyle></Style>
	<ExtendedData><SchemaData schemaUrl="#damage_swesph_roads">
		<SimpleData name="osm_id">1259299277</SimpleData>
		<SimpleData name="type">tertiary</SimpleData>
		<SimpleData name="depth_cls">0.1-0.5 m</SimpleData>
		<SimpleData name="max_depth">0.41</SimpleData>
		<SimpleData name="length_m">20</SimpleData>
	</SchemaData></ExtendedData>
      <LineString><coordinates>79.0728966711607,14.2341629276623 79.0730641988961,14.2340857147096</coordinates></LineString>
  </Placemark>
  <Placemark id="damage_swesph_roads.75">
	<Style><LineStyle><color>ff0000ff</color></LineStyle><PolyStyle><fill>0</fill></PolyStyle></Style>
	<ExtendedData><SchemaData schemaUrl="#damage_swesph_roads">
		<SimpleData name="osm_id">1259299277</SimpleData>
		<SimpleData name="type">tertiary</SimpleData>
		<SimpleData name="depth_cls">0.5-1.5 m</SimpleData>
		<SimpleData name="max_depth">0.61</SimpleData>
		<SimpleData name="length_m">60</SimpleData>
	</SchemaData></ExtendedData>
      <LineString><coordinates>79.0730641988961,14.2340857147096 79.0732317265296,14.2340085016243 79.0733992540613,14.2339312884067 79.0735667814912,14.2338540750566</coordinates></LineString>
  </Placemark>
  <Placemark id="damage_swesph_roads.76">
	<Style><LineStyle><color>ff0000ff</color></LineStyle><PolyStyle><fill>0</fill></PolyStyle></Style>
	<ExtendedData><SchemaData schemaUrl="#damage_swesph_roads">
		<SimpleData name="osm_id">1259299277</SimpleData>
		<SimpleData name="type">tertiary</SimpleData>
		<SimpleData name="depth_cls">0.1-0.5 m</SimpleData>
		<SimpleData name="max_depth">0.35</SimpleData>
		<SimpleData name="length_m">80</SimpleData>
	</SchemaData></ExtendedData>
      <LineString><coordinates>79.0735667814912,14.2338540750566 79.0737343088192,14.233776861574 79.0739018360454,14.2336996479591 79.0740693631697,14.2336224342116 79.0742368901922,14.2335452203318</coordinates></LineString>
  </Placemark>
  <Placemark id="damage_swesph_roads.77">
	<Style><LineStyle><color>ff0000ff</color></LineStyle><PolyStyle><fill>0</fill></PolyStyle></Style>
	<ExtendedData><SchemaData schemaUrl="#damage_swesph_roads">
		<SimpleData name="osm_id">1450181313</SimpleData>
		<SimpleData name="type">residential</SimpleData>
		<SimpleData name="depth_cls">0.1-0.5 m</SimpleData>
		<SimpleData name="max_depth">0.12</SimpleData>
		<SimpleData name="length_m">19.9</SimpleData>
	</SchemaData></ExtendedData>
      <LineString><coordinates>79.0459444,14.2397721 79.0461287748999,14.2397725219104</coordinates></LineString>
  </Placemark>
  <Placemark id="damage_swesph_roads.78">
	<Style><LineStyle><color>ff0000ff</color></LineStyle><PolyStyle><fill>0</fill></PolyStyle></Style>
	<ExtendedData><SchemaData schemaUrl="#damage_swesph_roads">
		<SimpleData name="osm_id">1259303898</SimpleData>
		<SimpleData name="type">tertiary</SimpleData>
		<SimpleData name="depth_cls">0.1-0.5 m</SimpleData>
		<SimpleData name="max_depth">0.12</SimpleData>
		<SimpleData name="length_m">19.9</SimpleData>
	</SchemaData></ExtendedData>
      <LineString><coordinates>79.0617102869044,14.2422765978586 79.0618663321172,14.242180058786</coordinates></LineString>
  </Placemark>
  <Placemark id="damage_swesph_roads.79">
	<Style><LineStyle><color>ff0000ff</color></LineStyle><PolyStyle><fill>0</fill></PolyStyle></Style>
	<ExtendedData><SchemaData schemaUrl="#damage_swesph_roads">
		<SimpleData name="osm_id">1259303898</SimpleData>
		<SimpleData name="type">tertiary</SimpleData>
		<SimpleData name="depth_cls">0.1-0.5 m</SimpleData>
		<SimpleData name="max_depth">0.44</SimpleData>
		<SimpleData name="length_m">119.7</SimpleData>
	</SchemaData></ExtendedData>
      <LineString><coordinates>79.0620223772053,14.2420835195938 79.0621784221687,14.2419869802819 79.0623344670075,14.2418904408503 79.0624905117216,14.2417939012991 79.0626552581329,14.2417145176917 79.0628286099948,14.2416521001942 79.0630019617758,14.2415896825583</coordinates></LineString>
  </Placemark>
  <Placemark id="damage_swesph_roads.80">
	<Style><LineStyle><color>ff0000ff</color></LineStyle><PolyStyle><fill>0</fill></PolyStyle></Style>
	<ExtendedData><SchemaData schemaUrl="#damage_swesph_roads">
		<SimpleData name="osm_id">1259303898</SimpleData>
		<SimpleData name="type">tertiary</SimpleData>
		<SimpleData name="depth_cls">0.5-1.5 m</SimpleData>
		<SimpleData name="max_depth">1.34</SimpleData>
		<SimpleData name="length_m">139.6</SimpleData>
	</SchemaData></ExtendedData>
      <LineString><coordinates>79.0630019617758,14.2415896825583 79.0631753134759,14.241527264784 79.0633486650952,14.2414648468714 79.0635220166335,14.2414024288204 79.063695368091,14.241340010631 79.0638688954294,14.2412780965757 79.0640452911274,14.2412244027538 79.0642216867576,14.2411707087907</coordinates></LineString>
  </Placemark>
  <Placemark id="damage_swesph_roads.81">
	<Style><LineStyle><color>ff0000ff</color></LineStyle><PolyStyle><fill>0</fill></PolyStyle></Style>
	<ExtendedData><SchemaData schemaUrl="#damage_swesph_roads">
		<SimpleData name="osm_id">1259303898</SimpleData>
		<SimpleData name="type">tertiary</SimpleData>
		<SimpleData name="depth_cls">&gt;1.5 m</SimpleData>
		<SimpleData name="max_depth">4.24</SimpleData>
		<SimpleData name="length_m">698.1</SimpleData>
	</SchemaData></ExtendedData>
      <LineString><coordinates>79.0642216867576,14.2411707087907 79.06439808232,14.2411170146864 79.0645744778145,14.2410633204408 79.0647508732413,14.241009626054 79.0649272686002,14.2409559315259 79.0651036638913,14.2409022368566 79.0652800591146,14.240848542046 79.0654422875033,14.2408911242357 79.0655960789419,14.2409910444246 79.0657498705233,14.2410909645308 79.0659036622475,14.241190884554 79.0660574541144,14.2412908044945 79.0662112461241,14.2413907243522 79.0663650382766,14.241490644127 79.0665254293724,14.2415781285957 79.0666978665508,14.2416429127444 79.0668703038416,14.2417076967807 79.0670427412451,14.2417724807043 79.0672151787611,14.2418372645154 79.0673876163897,14.241902048214 79.0675600541308,14.2419668318 79.0677324919845,14.2420316152734 79.0679049299507,14.2420963986342 79.0680768127185,14.2421624906122 79.068245752059,14.2422355196827 79.0684146915211,14.2423085486469 79.0685836311046,14.2423815775047 79.0687525708097,14.2424546062562 79.0689215106363,14.2425276349013 79.0690632494202,14.2426403710948 79.069197070345,14.2427646657507 79.0693598966285,14.2428212860026 79.06954459516,14.2428268743886 79.0697277244869,14.2428457085696 79.0699088622062,14.2428813543501 79.07009,14.242917</coordinates></LineString>
  </Placemark>
  <Placemark id="damage_swesph_roads.82">
	<Style><LineStyle><color>ff0000ff</color></LineStyle><PolyStyle><fill>0</fill></PolyStyle></Style>
	<ExtendedData><SchemaData schemaUrl="#damage_swesph_roads">
		<SimpleData name="osm_id">567442398</SimpleData>
		<SimpleData name="type">secondary</SimpleData>
		<SimpleData name="depth_cls">&gt;1.5 m</SimpleData>
		<SimpleData name="max_depth">5.1</SimpleData>
		<SimpleData name="length_m">319.3</SimpleData>
	</SchemaData></ExtendedData>
      <LineString><coordinates>79.0417245,14.2491574 79.0418317312269,14.2490105154787 79.0419389623085,14.2488636308896 79.042046193245,14.2487167462329 79.0421561394391,14.2485717839031 79.0422660881932,14.2484268234187 79.0423567000253,14.2482700015027 79.0424301689779,14.2481045352355 79.0424954998671,14.2479358759559 79.0425633827693,14.2477681621999 79.0426214760483,14.2475970669502 79.0426656647603,14.2474222343556 79.042692691218,14.2472441513985 79.0427085150982,14.2470644983673 79.0427513857424,14.246891763988 79.0429133054957,14.2468301828102 79.0430978136329,14.2468189849122</coordinates></LineString>
  </Placemark>
  <Placemark id="damage_swesph_roads.83">
	<Style><LineStyle><color>ff0000ff</color></LineStyle><PolyStyle><fill>0</fill></PolyStyle></Style>
	<ExtendedData><SchemaData schemaUrl="#damage_swesph_roads">
		<SimpleData name="osm_id">567442398</SimpleData>
		<SimpleData name="type">secondary</SimpleData>
		<SimpleData name="depth_cls">0.5-1.5 m</SimpleData>
		<SimpleData name="max_depth">1.26</SimpleData>
		<SimpleData name="length_m">20</SimpleData>
	</SchemaData></ExtendedData>
      <LineString><coordinates>79.0430978136329,14.2468189849122 79.0432800694324,14.2467914813659</coordinates></LineString>
  </Placemark>
  <Placemark id="damage_swesph_roads.84">
	<Style><LineStyle><color>ff0000ff</color></LineStyle><PolyStyle><fill>0</fill></PolyStyle></Style>
	<ExtendedData><SchemaData schemaUrl="#damage_swesph_roads">
		<SimpleData name="osm_id">567442398</SimpleData>
		<SimpleData name="type">secondary</SimpleData>
		<SimpleData name="depth_cls">0.1-0.5 m</SimpleData>
		<SimpleData name="max_depth">0.37</SimpleData>
		<SimpleData name="length_m">39.9</SimpleData>
	</SchemaData></ExtendedData>
      <LineString><coordinates>79.0432800694324,14.2467914813659 79.0434613354542,14.2467561529663 79.0436426405842,14.2467483701969</coordinates></LineString>
  </Placemark>
  <Placemark id="damage_swesph_roads.85">
	<Style><LineStyle><color>ff0000ff</color></LineStyle><PolyStyle><fill>0</fill></PolyStyle></Style>
	<ExtendedData><SchemaData schemaUrl="#damage_swesph_roads">
		<SimpleData name="osm_id">567442398</SimpleData>
		<SimpleData name="type">secondary</SimpleData>
		<SimpleData name="depth_cls">0.1-0.5 m</SimpleData>
		<SimpleData name="max_depth">0.35</SimpleData>
		<SimpleData name="length_m">99.8</SimpleData>
	</SchemaData></ExtendedData>
      <LineString><coordinates>79.0436773811229,14.2469252718905 79.0437636815264,14.2470404700655 79.0439485088472,14.2470442789293 79.0441330709251,14.2470542246842 79.0443172214401,14.2470575797217 79.0444975022324,14.2470188299998</coordinates></LineString>
  </Placemark>
  <Placemark id="damage_swesph_roads.86">
	<Style><LineStyle><color>ff0000ff</color></LineStyle><PolyStyle><fill>0</fill></PolyStyle></Style>
	<ExtendedData><SchemaData schemaUrl="#damage_swesph_roads">
		<SimpleData name="osm_id">567442398</SimpleData>
		<SimpleData name="type">secondary</SimpleData>
		<SimpleData name="depth_cls">0.5-1.5 m</SimpleData>
		<SimpleData name="max_depth">0.69</SimpleData>
		<SimpleData name="length_m">20</SimpleData>
	</SchemaData></ExtendedData>
      <LineString><coordinates>79.0444975022324,14.2470188299998 79.0446658687789,14.2469500982799</coordinates></LineString>
  </Placemark>
  <Placemark id="damage_swesph_roads.87">
	<Style><LineStyle><color>ff0000ff</color></LineStyle><PolyStyle><fill>0</fill></PolyStyle></Style>
	<ExtendedData><SchemaData schemaUrl="#damage_swesph_roads">
		<SimpleData name="osm_id">567442398</SimpleData>
		<SimpleData name="type">secondary</SimpleData>
		<SimpleData name="depth_cls">0.1-0.5 m</SimpleData>
		<SimpleData name="max_depth">0.32</SimpleData>
		<SimpleData name="length_m">20</SimpleData>
	</SchemaData></ExtendedData>
      <LineString><coordinates>79.0446658687789,14.2469500982799 79.0447687604332,14.2468011063321</coordinates></LineString>
  </Placemark>
  <Placemark id="damage_swesph_roads.88">
	<Style><LineStyle><color>ff0000ff</color></LineStyle><PolyStyle><fill>0</fill></PolyStyle></Style>
	<ExtendedData><SchemaData schemaUrl="#damage_swesph_roads">
		<SimpleData name="osm_id">567442398</SimpleData>
		<SimpleData name="type">secondary</SimpleData>
		<SimpleData name="depth_cls">0.5-1.5 m</SimpleData>
		<SimpleData name="max_depth">0.62</SimpleData>
		<SimpleData name="length_m">20</SimpleData>
	</SchemaData></ExtendedData>
      <LineString><coordinates>79.0447687604332,14.2468011063321 79.0448546225623,14.2466415424717</coordinates></LineString>
  </Placemark>
  <Placemark id="damage_swesph_roads.89">
	<Style><LineStyle><color>ff0000ff</color></LineStyle><PolyStyle><fill>0</fill></PolyStyle></Style>
	<ExtendedData><SchemaData schemaUrl="#damage_swesph_roads">
		<SimpleData name="osm_id">567442398</SimpleData>
		<SimpleData name="type">secondary</SimpleData>
		<SimpleData name="depth_cls">0.1-0.5 m</SimpleData>
		<SimpleData name="max_depth">0.28</SimpleData>
		<SimpleData name="length_m">79.8</SimpleData>
	</SchemaData></ExtendedData>
      <LineString><coordinates>79.0448546225623,14.2466415424717 79.0449350832798,14.246479694769 79.045041244776,14.2463320745162 79.0451479788954,14.246184851856 79.0452577151035,14.24603980758</coordinates></LineString>
  </Placemark>
  <Placemark id="damage_swesph_roads.90">
	<Style><LineStyle><color>ff0000ff</color></LineStyle><PolyStyle><fill>0</fill></PolyStyle></Style>
	<ExtendedData><SchemaData schemaUrl="#damage_swesph_roads">
		<SimpleData name="osm_id">567442398</SimpleData>
		<SimpleData name="type">secondary</SimpleData>
		<SimpleData name="depth_cls">0.1-0.5 m</SimpleData>
		<SimpleData name="max_depth">0.42</SimpleData>
		<SimpleData name="length_m">59.9</SimpleData>
	</SchemaData></ExtendedData>
      <LineString><coordinates>79.0466908871271,14.2459465913563 79.0468739732127,14.2459715664293 79.0470576490272,14.2459914861513 79.0472377522496,14.2459634832403</coordinates></LineString>
  </Placemark>
  <Placemark id="damage_swesph_roads.91">
	<Style><LineStyle><color>ff0000ff</color></LineStyle><PolyStyle><fill>0</fill></PolyStyle></Style>
	<ExtendedData><SchemaData schemaUrl="#damage_swesph_roads">
		<SimpleData name="osm_id">567442398</SimpleData>
		<SimpleData name="type">secondary</SimpleData>
		<SimpleData name="depth_cls">0.5-1.5 m</SimpleData>
		<SimpleData name="max_depth">1.05</SimpleData>
		<SimpleData name="length_m">39.9</SimpleData>
	</SchemaData></ExtendedData>
      <LineString><coordinates>79.0472377522496,14.2459634832403 79.0473948550596,14.2458699580697 79.0475299624435,14.2457479394038</coordinates></LineString>
  </Placemark>
  <Placemark id="damage_swesph_roads.92">
	<Style><LineStyle><color>ff0000ff</color></LineStyle><PolyStyle><fill>0</fill></PolyStyle></Style>
	<ExtendedData><SchemaData schemaUrl="#damage_swesph_roads">
		<SimpleData name="osm_id">567442398</SimpleData>
		<SimpleData name="type">secondary</SimpleData>
		<SimpleData name="depth_cls">&gt;1.5 m</SimpleData>
		<SimpleData name="max_depth">1.56</SimpleData>
		<SimpleData name="length_m">20</SimpleData>
	</SchemaData></ExtendedData>
      <LineString><coordinates>79.0475299624435,14.2457479394038 79.0476377283426,14.2456022900107</coordinates></LineString>
  </Placemark>
  <Placemark id="damage_swesph_roads.93">
	<Style><LineStyle><color>ff0000ff</color></LineStyle><PolyStyle><fill>0</fill></PolyStyle></Style>
	<ExtendedData><SchemaData schemaUrl="#damage_swesph_roads">
		<SimpleData name="osm_id">567442398</SimpleData>
		<SimpleData name="type">secondary</SimpleData>
		<SimpleData name="depth_cls">0.5-1.5 m</SimpleData>
		<SimpleData name="max_depth">1.27</SimpleData>
		<SimpleData name="length_m">119.7</SimpleData>
	</SchemaData></ExtendedData>
      <LineString><coordinates>79.0476377283426,14.2456022900107 79.0477219391963,14.2454421612763 79.047797470439,14.2452775811419 79.0478743953862,14.2451136230976 79.0479780859816,14.2449658032333 79.048141748421,14.244888154332 79.0483216397457,14.2448491535693</coordinates></LineString>
  </Placemark>
  <Placemark id="damage_swesph_roads.94">
	<Style><LineStyle><color>ff0000ff</color></LineStyle><PolyStyle><fill>0</fill></PolyStyle></Style>
	<ExtendedData><SchemaData schemaUrl="#damage_swesph_roads">
		<SimpleData name="osm_id">567442398</SimpleData>
		<SimpleData name="type">secondary</SimpleData>
		<SimpleData name="depth_cls">&gt;1.5 m</SimpleData>
		<SimpleData name="max_depth">2.02</SimpleData>
		<SimpleData name="length_m">79.8</SimpleData>
	</SchemaData></ExtendedData>
      <LineString><coordinates>79.0483216397457,14.2448491535693 79.0485043837768,14.2448219033857 79.0486871205824,14.2447946073168 79.0488698300861,14.2447671377915 79.0490523930565,14.2447388117695</coordinates></LineString>
  </Placemark>
  <Placemark id="damage_swesph_roads.95">
	<Style><LineStyle><color>ff0000ff</color></LineStyle><PolyStyle><fill>0</fill></PolyStyle></Style>
	<ExtendedData><SchemaData schemaUrl="#damage_swesph_roads">
		<SimpleData name="osm_id">567442398</SimpleData>
		<SimpleData name="type">secondary</SimpleData>
		<SimpleData name="depth_cls">0.5-1.5 m</SimpleData>
		<SimpleData name="max_depth">1.4</SimpleData>
		<SimpleData name="length_m">99.8</SimpleData>
	</SchemaData></ExtendedData>
      <LineString><coordinates>79.0490523930565,14.2447388117695 79.0492320522753,14.2446972835998 79.0494094413737,14.2446465484156 79.0495861480423,14.2445935654967 79.0497600118332,14.244532286447 79.0499390362059,14.2444887818661</coordinates></LineString>
  </Placemark>
  <Placemark id="damage_swesph_roads.96">
	<Style><LineStyle><color>ff0000ff</color></LineStyle><PolyStyle><fill>0</fill></PolyStyle></Style>
	<ExtendedData><SchemaData schemaUrl="#damage_swesph_roads">
		<SimpleData name="osm_id">567442398</SimpleData>
		<SimpleData name="type">secondary</SimpleData>
		<SimpleData name="depth_cls">0.1-0.5 m</SimpleData>
		<SimpleData name="max_depth">0.22</SimpleData>
		<SimpleData name="length_m">39.9</SimpleData>
	</SchemaData></ExtendedData>
      <LineString><coordinates>79.0499390362059,14.2444887818661 79.0501227022226,14.2444963498555 79.0502980979611,14.2445511389209</coordinates></LineString>
  </Placemark>
  <Placemark id="damage_swesph_roads.97">
	<Style><LineStyle><color>ff0000ff</color></LineStyle><PolyStyle><fill>0</fill></PolyStyle></Style>
	<ExtendedData><SchemaData schemaUrl="#damage_swesph_roads">
		<SimpleData name="osm_id">567442398</SimpleData>
		<SimpleData name="type">secondary</SimpleData>
		<SimpleData name="depth_cls">0.1-0.5 m</SimpleData>
		<SimpleData name="max_depth">0.11</SimpleData>
		<SimpleData name="length_m">39.9</SimpleData>
	</SchemaData></ExtendedData>
      <LineString><coordinates>79.050455315039,14.2446444465804 79.0505302575434,14.2448072171608 79.0505741118645,14.2449823827495</coordinates></LineString>
  </Placemark>
  <Placemark id="damage_swesph_roads.98">
	<Style><LineStyle><color>ff0000ff</color></LineStyle><PolyStyle><fill>0</fill></PolyStyle></Style>
	<ExtendedData><SchemaData schemaUrl="#damage_swesph_roads">
		<SimpleData name="osm_id">567442398</SimpleData>
		<SimpleData name="type">secondary</SimpleData>
		<SimpleData name="depth_cls">0.1-0.5 m</SimpleData>
		<SimpleData name="max_depth">0.15</SimpleData>
		<SimpleData name="length_m">20</SimpleData>
	</SchemaData></ExtendedData>
      <LineString><coordinates>79.0516053405488,14.2477991244062 79.0517085546166,14.2479470762372</coordinates></LineString>
  </Placemark>
  <Placemark id="damage_swesph_roads.99">
	<Style><LineStyle><color>ff0000ff</color></LineStyle><PolyStyle><fill>0</fill></PolyStyle></Style>
	<ExtendedData><SchemaData schemaUrl="#damage_swesph_roads">
		<SimpleData name="osm_id">567442398</SimpleData>
		<SimpleData name="type">secondary</SimpleData>
		<SimpleData name="depth_cls">0.1-0.5 m</SimpleData>
		<SimpleData name="max_depth">0.24</SimpleData>
		<SimpleData name="length_m">279.4</SimpleData>
	</SchemaData></ExtendedData>
      <LineString><coordinates>79.0517531051008,14.2481211248109 79.0517791942042,14.2482996354848 79.0518197293478,14.2484742907535 79.0519437558639,14.2485981518358 79.0521260096192,14.24860343887 79.052308765769,14.2485772967465 79.0524899500035,14.248541466584 79.0526710572349,14.2485052780636 79.0528517457433,14.2484671407222 79.0530326759278,14.2484301284757 79.053213862741,14.2483943109181 79.0533937933868,14.2483529211103 79.053556931107,14.2482698894084 79.0537038550987,14.2481605774622 79.0538573391196,14.2480608732302</coordinates></LineString>
  </Placemark>
  <Placemark id="damage_swesph_roads.100">
	<Style><LineStyle><color>ff0000ff</color></LineStyle><PolyStyle><fill>0</fill></PolyStyle></Style>
	<ExtendedData><SchemaData schemaUrl="#damage_swesph_roads">
		<SimpleData name="osm_id">567442398</SimpleData>
		<SimpleData name="type">secondary</SimpleData>
		<SimpleData name="depth_cls">0.1-0.5 m</SimpleData>
		<SimpleData name="max_depth">0.3</SimpleData>
		<SimpleData name="length_m">478.9</SimpleData>
	</SchemaData></ExtendedData>
      <LineString><coordinates>79.0542155284526,14.2479821372139 79.0544003217824,14.2479792509003 79.0545851149418,14.247978292369 79.0547695224293,14.2479664476065 79.0549527279291,14.2479431271226 79.0551344035564,14.2479097491495 79.0553160608246,14.2478762836656 79.0554965801625,14.2478373926062 79.0556770994558,14.2477985014022 79.0558574906121,14.2477590593318 79.0560375437974,14.2477181642422 79.0562175969349,14.2476772690084 79.0563976500247,14.2476363736301 79.0565775016984,14.2475946702077 79.0567567076246,14.2475503760741 79.0569359134976,14.2475060817968 79.0571130219567,14.2474546971412 79.0572791989535,14.2473768738125 79.0574270189748,14.2472693014533 79.0575696827646,14.2471546455791 79.0577178559939,14.2470471411874 79.0578845213869,14.2469713006371 79.0580620632014,14.2469214961299 79.0582410075783,14.2468763304221 79.0584224710322,14.246846100004</coordinates></LineString>
  </Placemark>
  <Placemark id="damage_swesph_roads.101">
	<Style><LineStyle><color>ff0000ff</color></LineStyle><PolyStyle><fill>0</fill></PolyStyle></Style>
	<ExtendedData><SchemaData schemaUrl="#damage_swesph_roads">
		<SimpleData name="osm_id">567442398</SimpleData>
		<SimpleData name="type">secondary</SimpleData>
		<SimpleData name="depth_cls">0.1-0.5 m</SimpleData>
		<SimpleData name="max_depth">0.33</SimpleData>
		<SimpleData name="length_m">59.9</SimpleData>
	</SchemaData></ExtendedData>
      <LineString><coordinates>79.0585465833674,14.2469440002731 79.0585500839198,14.2471233582598 79.0585299121186,14.2473024636843 79.0584797639271,14.2474758138033</coordinates></LineString>
  </Placemark>
  <Placemark id="damage_swesph_roads.102">
	<Style><LineStyle><color>ff0000ff</color></LineStyle><PolyStyle><fill>0</fill></PolyStyle></Style>
	<ExtendedData><SchemaData schemaUrl="#damage_swesph_roads">
		<SimpleData name="osm_id">567442398</SimpleData>
		<SimpleData name="type">secondary</SimpleData>
		<SimpleData name="depth_cls">0.5-1.5 m</SimpleData>
		<SimpleData name="max_depth">1.35</SimpleData>
		<SimpleData name="length_m">99.8</SimpleData>
	</SchemaData></ExtendedData>
      <LineString><coordinates>79.0584797639271,14.2474758138033 79.0584148295251,14.247644643318 79.0583540712466,14.2478148928198 79.05830025751,14.2479872461433 79.0582646300146,14.2481641845974 79.0582093835698,14.2483362295765</coordinates></LineString>
  </Placemark>
  <Placemark id="damage_swesph_roads.103">
	<Style><LineStyle><color>ff0000ff</color></LineStyle><PolyStyle><fill>0</fill></PolyStyle></Style>
	<ExtendedData><SchemaData schemaUrl="#damage_swesph_roads">
		<SimpleData name="osm_id">567442398</SimpleData>
		<SimpleData name="type">secondary</SimpleData>
		<SimpleData name="depth_cls">&gt;1.5 m</SimpleData>
		<SimpleData name="max_depth">2.2</SimpleData>
		<SimpleData name="length_m">239.4</SimpleData>
	</SchemaData></ExtendedData>
      <LineString><coordinates>79.0582093835698,14.2483362295765 79.0581361553116,14.2485000623926 79.0580195831422,14.2486392940584 79.0578949926017,14.2487722563766 79.0578015855677,14.2489267878342 79.0578324672611,14.2490932262038 79.0580056625191,14.2491513942288 79.0581531065374,14.2492565875057 79.0582656355421,14.2493990953641 79.0583624596136,14.2495525580729 79.0584451730866,14.2497136428951 79.0584820042438,14.249889902853 79.0585214966188,14.250065884997</coordinates></LineString>
  </Placemark>
  <Placemark id="damage_swesph_roads.104">
	<Style><LineStyle><color>ff0000ff</color></LineStyle><PolyStyle><fill>0</fill></PolyStyle></Style>
	<ExtendedData><SchemaData schemaUrl="#damage_swesph_roads">
		<SimpleData name="osm_id">567442398</SimpleData>
		<SimpleData name="type">secondary</SimpleData>
		<SimpleData name="depth_cls">0.5-1.5 m</SimpleData>
		<SimpleData name="max_depth">1.35</SimpleData>
		<SimpleData name="length_m">79.8</SimpleData>
	</SchemaData></ExtendedData>
      <LineString><coordinates>79.0585214966188,14.250065884997 79.0585736320096,14.2502388499299 79.0586406127131,14.2504060885488 79.0588011741734,14.25044690819 79.0589709979835,14.2503778885766</coordinates></LineString>
  </Placemark>
  <Placemark id="damage_swesph_roads.105">
	<Style><LineStyle><color>ff0000ff</color></LineStyle><PolyStyle><fill>0</fill></PolyStyle></Style>
	<ExtendedData><SchemaData schemaUrl="#damage_swesph_roads">
		<SimpleData name="osm_id">567442398</SimpleData>
		<SimpleData name="type">secondary</SimpleData>
		<SimpleData name="depth_cls">&gt;1.5 m</SimpleData>
		<SimpleData name="max_depth">3.31</SimpleData>
		<SimpleData name="length_m">738.3</SimpleData>
	</SchemaData></ExtendedData>
      <LineString><coordinates>79.0589709979835,14.2503778885766 79.0591380356713,14.2503006166116 79.0593025120939,14.2502190463064 79.0594429127369,14.2501027611877 79.0596181695212,14.2500476779683 79.059799066128,14.2500104918167 79.0599779533182,14.2499657730908 79.0601546263311,14.2499126667797 79.060331299277,14.249859560327 79.0605073061859,14.2498044701575 79.0606819633246,14.2497453598089 79.0608566203873,14.2496862493206 79.0610326821549,14.2496314754149 79.0612104536097,14.2495819795731 79.06138910733,14.2495358820695 79.0615696053565,14.2494968883762 79.0617501033383,14.2494578945383 79.0619306012753,14.2494189005557 79.0621110991675,14.2493799064284 79.0622919621033,14.2493427593833 79.0624743869156,14.2493135149524 79.0626574897624,14.2492919226218 79.0628423537378,14.2492902052612 79.0630272160316,14.24928856636 79.0632118418806,14.2492978759203 79.0633964677636,14.2493071853396 79.0635810936808,14.2493164946178 79.0637651852518,14.2493329429054 79.0639492397007,14.2493498876081 79.0641332941957,14.2493668321721 79.064317348737,14.2493837765975 79.064501573151,14.2493988455297 79.064685823258,14.2494136310752 79.0648700734078,14.2494284164813 79.0650542360119,14.2494441785372 79.065238320259,14.2494608147958 79.0654224045518,14.2494774509156 79.0656049009361,14.2495061322003</coordinates></LineString>
  </Placemark>
  <Placemark id="damage_swesph_roads.106">
	<Style><LineStyle><color>ff0000ff</color></LineStyle><PolyStyle><fill>0</fill></PolyStyle></Style>
	<ExtendedData><SchemaData schemaUrl="#damage_swesph_roads">
		<SimpleData name="osm_id">567442398</SimpleData>
		<SimpleData name="type">secondary</SimpleData>
		<SimpleData name="depth_cls">0.5-1.5 m</SimpleData>
		<SimpleData name="max_depth">1.49</SimpleData>
		<SimpleData name="length_m">119.7</SimpleData>
	</SchemaData></ExtendedData>
      <LineString><coordinates>79.0656049009361,14.2495061322003 79.0657880728144,14.2495153764762 79.0659712589864,14.2494929720234 79.0661523661441,14.249456762704 79.0663345521801,14.2494264316923 79.0665172906836,14.2493991107906 79.0667000291612,14.2493717897433</coordinates></LineString>
  </Placemark>
  <Placemark id="damage_swesph_roads.107">
	<Style><LineStyle><color>ff0000ff</color></LineStyle><PolyStyle><fill>0</fill></PolyStyle></Style>
	<ExtendedData><SchemaData schemaUrl="#damage_swesph_roads">
		<SimpleData name="osm_id">567442398</SimpleData>
		<SimpleData name="type">secondary</SimpleData>
		<SimpleData name="depth_cls">0.1-0.5 m</SimpleData>
		<SimpleData name="max_depth">0.45</SimpleData>
		<SimpleData name="length_m">79.8</SimpleData>
	</SchemaData></ExtendedData>
      <LineString><coordinates>79.0667000291612,14.2493717897433 79.0668832149397,14.249347566834 79.0670665823268,14.2493246017772 79.0672499496953,14.2493016365746 79.0674328472799,14.2492753763934</coordinates></LineString>
  </Placemark>
  <Placemark id="damage_swesph_roads.108">
	<Style><LineStyle><color>ff0000ff</color></LineStyle><PolyStyle><fill>0</fill></PolyStyle></Style>
	<ExtendedData><SchemaData schemaUrl="#damage_swesph_roads">
		<SimpleData name="osm_id">567442398</SimpleData>
		<SimpleData name="type">secondary</SimpleData>
		<SimpleData name="depth_cls">0.5-1.5 m</SimpleData>
		<SimpleData name="max_depth">1.45</SimpleData>
		<SimpleData name="length_m">99.8</SimpleData>
	</SchemaData></ExtendedData>
      <LineString><coordinates>79.0674328472799,14.2492753763934 79.0676156812894,14.2492486703358 79.067798515274,14.2492219641325 79.0679824437772,14.2492051741171 79.068166790916,14.2491920023156 79.0683503291969,14.2491703748955</coordinates></LineString>
  </Placemark>
  <Placemark id="damage_swesph_roads.109">
	<Style><LineStyle><color>ff0000ff</color></LineStyle><PolyStyle><fill>0</fill></PolyStyle></Style>
	<ExtendedData><SchemaData schemaUrl="#damage_swesph_roads">
		<SimpleData name="osm_id">567442398</SimpleData>
		<SimpleData name="type">secondary</SimpleData>
		<SimpleData name="depth_cls">&gt;1.5 m</SimpleData>
		<SimpleData name="max_depth">2.8</SimpleData>
		<SimpleData name="length_m">379.1</SimpleData>
	</SchemaData></ExtendedData>
      <LineString><coordinates>79.0683503291969,14.2491703748955 79.0685330272669,14.2491439706879 79.0687134606909,14.2491046916521 79.0688938940697,14.2490654124716 79.0690743274032,14.2490261331466 79.0692560208749,14.2489930211077 79.0694381070656,14.2489618310839 79.069617158318,14.2489174381808 79.069794780686,14.2488675771898 79.0699706104632,14.2488118714352 79.0701464401694,14.2487561655397 79.0703222698045,14.2487004595034 79.0704984057571,14.2486456847619 79.0706746421431,14.2485912154126 79.0708495767843,14.2485329210843 79.0710184657811,14.2484616838508 79.0711331988503,14.2483255901717 79.071194720293,14.2481556769781 79.0712722354992,14.2479926237703 79.0713588932793,14.2478333536635</coordinates></LineString>
  </Placemark>
  <Placemark id="damage_swesph_roads.110">
	<Style><LineStyle><color>ff0000ff</color></LineStyle><PolyStyle><fill>0</fill></PolyStyle></Style>
	<ExtendedData><SchemaData schemaUrl="#damage_swesph_roads">
		<SimpleData name="osm_id">567442398</SimpleData>
		<SimpleData name="type">secondary</SimpleData>
		<SimpleData name="depth_cls">0.5-1.5 m</SimpleData>
		<SimpleData name="max_depth">1.39</SimpleData>
		<SimpleData name="length_m">239.4</SimpleData>
	</SchemaData></ExtendedData>
      <LineString><coordinates>79.0713588932793,14.2478333536635 79.0714346312024,14.2476688603683 79.0715353615569,14.2475178538587 79.0716591434889,14.2473858105256 79.0718157736441,14.2472909844127 79.0719869800513,14.2472229459178 79.0721626095609,14.2471667942329 79.0723442132068,14.2471725984994 79.0724918977047,14.2472788322153 79.0726147310186,14.2474131692158 79.0727241765529,14.2475584034214 79.0728199091613,14.2477126640666 79.0729571787063,14.2478146041862</coordinates></LineString>
  </Placemark>
  <Placemark id="damage_swesph_roads.111">
	<Style><LineStyle><color>ff0000ff</color></LineStyle><PolyStyle><fill>0</fill></PolyStyle></Style>
	<ExtendedData><SchemaData schemaUrl="#damage_swesph_roads">
		<SimpleData name="osm_id">567442398</SimpleData>
		<SimpleData name="type">secondary</SimpleData>
		<SimpleData name="depth_cls">&gt;1.5 m</SimpleData>
		<SimpleData name="max_depth">1.68</SimpleData>
		<SimpleData name="length_m">20</SimpleData>
	</SchemaData></ExtendedData>
      <LineString><coordinates>79.0729571787063,14.2478146041862 79.0731327152351,14.2477660800922</coordinates></LineString>
  </Placemark>
  <Placemark id="damage_swesph_roads.112">
	<Style><LineStyle><color>ff0000ff</color></LineStyle><PolyStyle><fill>0</fill></PolyStyle></Style>
	<ExtendedData><SchemaData schemaUrl="#damage_swesph_roads">
		<SimpleData name="osm_id">567442398</SimpleData>
		<SimpleData name="type">secondary</SimpleData>
		<SimpleData name="depth_cls">0.5-1.5 m</SimpleData>
		<SimpleData name="max_depth">1.24</SimpleData>
		<SimpleData name="length_m">99.8</SimpleData>
	</SchemaData></ExtendedData>
      <LineString><coordinates>79.0731327152351,14.2477660800922 79.0732958516963,14.2476812491285 79.0734567029193,14.2475923767457 79.0736173012522,14.247503057203 79.0737778060057,14.2474135781205 79.0739381770239,14.2473238710066</coordinates></LineString>
  </Placemark>
  <Placemark id="damage_swesph_roads.113">
	<Style><LineStyle><color>ff0000ff</color></LineStyle><PolyStyle><fill>0</fill></PolyStyle></Style>
	<ExtendedData><SchemaData schemaUrl="#damage_swesph_roads">
		<SimpleData name="osm_id">567442398</SimpleData>
		<SimpleData name="type">secondary</SimpleData>
		<SimpleData name="depth_cls">&gt;1.5 m</SimpleData>
		<SimpleData name="max_depth">3.6</SimpleData>
		<SimpleData name="length_m">419</SimpleData>
	</SchemaData></ExtendedData>
      <LineString><coordinates>79.0739381770239,14.2473238710066 79.0740985479249,14.2472341637683 79.0742589935097,14.247144584743 79.0744200528565,14.2470560588336 79.0745811120874,14.246967532799 79.0747421712024,14.2468790066392 79.0749010345784,14.2467868558063 79.0750582384028,14.2466919654544 79.0752154421041,14.2465970749816 79.0753756860361,14.2465072034726 79.0755367456582,14.2464186785913 79.0756978051645,14.2463301535846 79.0758588645548,14.2462416284528 79.0760199238293,14.2461531031958 79.0761809829879,14.2460645778136 79.076340369341,14.2459732411217 79.0764990721595,14.2458807557346 79.0766577748576,14.245788270225 79.0768112795559,14.245687902785 79.0769633708984,14.2455853922827 79.0771202517513,14.2454906358818 79.0772018,14.2453365</coordinates></LineString>
  </Placemark>
  <Placemark id="damage_swesph_roads.114">
	<Style><LineStyle><color>ff0000ff</color></LineStyle><PolyStyle><fill>0</fill></PolyStyle></Style>
	<ExtendedData><SchemaData schemaUrl="#damage_swesph_roads">
		<SimpleData name="osm_id">1450181321</SimpleData>
		<SimpleData name="type">secondary</SimpleData>
		<SimpleData name="depth_cls">&gt;1.5 m</SimpleData>
		<SimpleData name="max_depth">5.99</SimpleData>
		<SimpleData name="length_m">25.5</SimpleData>
	</SchemaData></ExtendedData>
      <LineString><coordinates>79.0415876,14.249345 79.0416560500296,14.2492512000138 79.0417245,14.2491574</coordinates></LineString>
  </Placemark>
  <Placemark id="damage_swesph_roads.115">
	<Style><LineStyle><color>ff0000ff</color></LineStyle><PolyStyle><fill>0</fill></PolyStyle></Style>
	<ExtendedData><SchemaData schemaUrl="#damage_swesph_roads">
		<SimpleData name="osm_id">1450165389</SimpleData>
		<SimpleData name="type">unclassified</SimpleData>
		<SimpleData name="depth_cls">0.1-0.5 m</SimpleData>
		<SimpleData name="max_depth">0.13</SimpleData>
		<SimpleData name="length_m">39.8</SimpleData>
	</SchemaData></ExtendedData>
      <LineString><coordinates>79.0100411890559,14.2481077046136 79.0099235963747,14.2479697146401 79.0098182792356,14.2478218503309</coordinates></LineString>
  </Placemark>
  <Placemark id="damage_swesph_roads.116">
	<Style><LineStyle><color>ff0000ff</color></LineStyle><PolyStyle><fill>0</fill></PolyStyle></Style>
	<ExtendedData><SchemaData schemaUrl="#damage_swesph_roads">
		<SimpleData name="osm_id">1450165389</SimpleData>
		<SimpleData name="type">unclassified</SimpleData>
		<SimpleData name="depth_cls">0.1-0.5 m</SimpleData>
		<SimpleData name="max_depth">0.17</SimpleData>
		<SimpleData name="length_m">39.8</SimpleData>
	</SchemaData></ExtendedData>
      <LineString><coordinates>79.0075822304811,14.2462991974155 79.0074092786439,14.2462362834254 79.0072590724085,14.2461378023619</coordinates></LineString>
  </Placemark>
  <Placemark id="damage_swesph_roads.117">
	<Style><LineStyle><color>ff0000ff</color></LineStyle><PolyStyle><fill>0</fill></PolyStyle></Style>
	<ExtendedData><SchemaData schemaUrl="#damage_swesph_roads">
		<SimpleData name="osm_id">1450165389</SimpleData>
		<SimpleData name="type">unclassified</SimpleData>
		<SimpleData name="depth_cls">0.1-0.5 m</SimpleData>
		<SimpleData name="max_depth">0.22</SimpleData>
		<SimpleData name="length_m">39.8</SimpleData>
	</SchemaData></ExtendedData>
      <LineString><coordinates>79.0044937333969,14.2458138441591 79.0043629513668,14.24568873091 79.004233707089,14.2455601854268</coordinates></LineString>
  </Placemark>
  <Placemark id="damage_swesph_roads.118">
	<Style><LineStyle><color>ff0000ff</color></LineStyle><PolyStyle><fill>0</fill></PolyStyle></Style>
	<ExtendedData><SchemaData schemaUrl="#damage_swesph_roads">
		<SimpleData name="osm_id">1450165389</SimpleData>
		<SimpleData name="type">unclassified</SimpleData>
		<SimpleData name="depth_cls">0.1-0.5 m</SimpleData>
		<SimpleData name="max_depth">0.31</SimpleData>
		<SimpleData name="length_m">139.5</SimpleData>
	</SchemaData></ExtendedData>
      <LineString><coordinates>79.0039406323637,14.2453786403513 79.0037603529349,14.2454024729813 79.0035804630408,14.2454428314104 79.0034134148664,14.245519172717 79.0032495080108,14.2456018102381 79.0030841132286,14.2456790097816 79.0029035976744,14.2457166172902 79.0027230820782,14.2457542246542</coordinates></LineString>
  </Placemark>
  <Placemark id="damage_swesph_roads.119">
	<Style><LineStyle><color>ff0000ff</color></LineStyle><PolyStyle><fill>0</fill></PolyStyle></Style>
	<ExtendedData><SchemaData schemaUrl="#damage_swesph_roads">
		<SimpleData name="osm_id">1450165389</SimpleData>
		<SimpleData name="type">unclassified</SimpleData>
		<SimpleData name="depth_cls">0.1-0.5 m</SimpleData>
		<SimpleData name="max_depth">0.13</SimpleData>
		<SimpleData name="length_m">99.6</SimpleData>
	</SchemaData></ExtendedData>
      <LineString><coordinates>79.0021900843652,14.2457982992452 79.002021384701,14.2457252601204 79.0018549760545,14.2456473476507 79.0016825880185,14.2455831183094 79.0015012425674,14.2455643083447 79.0013174827379,14.2455742201184</coordinates></LineString>
  </Placemark>
  <Placemark id="damage_swesph_roads.120">
	<Style><LineStyle><color>ff0000ff</color></LineStyle><PolyStyle><fill>0</fill></PolyStyle></Style>
	<ExtendedData><SchemaData schemaUrl="#damage_swesph_roads">
		<SimpleData name="osm_id">1450165389</SimpleData>
		<SimpleData name="type">unclassified</SimpleData>
		<SimpleData name="depth_cls">0.1-0.5 m</SimpleData>
		<SimpleData name="max_depth">0.45</SimpleData>
		<SimpleData name="length_m">59.8</SimpleData>
	</SchemaData></ExtendedData>
      <LineString><coordinates>78.9981310475393,14.239942495185 78.9979624008582,14.2398693143944 78.9977937542991,14.2397961334984 78.9976224155453,14.23972929293</coordinates></LineString>
  </Placemark>
  <Placemark id="damage_swesph_roads.121">
	<Style><LineStyle><color>ff0000ff</color></LineStyle><PolyStyle><fill>0</fill></PolyStyle></Style>
	<ExtendedData><SchemaData schemaUrl="#damage_swesph_roads">
		<SimpleData name="osm_id">1450165389</SimpleData>
		<SimpleData name="type">unclassified</SimpleData>
		<SimpleData name="depth_cls">0.5-1.5 m</SimpleData>
		<SimpleData name="max_depth">1.47</SimpleData>
		<SimpleData name="length_m">39.8</SimpleData>
	</SchemaData></ExtendedData>
      <LineString><coordinates>78.9976224155453,14.23972929293 78.9974501102509,14.239664728732 78.9972778050691,14.239600164422</coordinates></LineString>
  </Placemark>
  <Placemark id="damage_swesph_roads.122">
	<Style><LineStyle><color>ff0000ff</color></LineStyle><PolyStyle><fill>0</fill></PolyStyle></Style>
	<ExtendedData><SchemaData schemaUrl="#damage_swesph_roads">
		<SimpleData name="osm_id">1450165389</SimpleData>
		<SimpleData name="type">unclassified</SimpleData>
		<SimpleData name="depth_cls">&gt;1.5 m</SimpleData>
		<SimpleData name="max_depth">2.34</SimpleData>
		<SimpleData name="length_m">19.9</SimpleData>
	</SchemaData></ExtendedData>
      <LineString><coordinates>78.9972778050691,14.239600164422 78.9971055,14.2395356</coordinates></LineString>
  </Placemark>
  <Placemark id="damage_swesph_roads.123">
	<Style><LineStyle><color>ff0000ff</color></LineStyle><PolyStyle><fill>0</fill></PolyStyle></Style>
	<ExtendedData><SchemaData schemaUrl="#damage_swesph_roads">
		<SimpleData name="osm_id">1450641198</SimpleData>
		<SimpleData name="type">residential</SimpleData>
		<SimpleData name="depth_cls">0.1-0.5 m</SimpleData>
		<SimpleData name="max_depth">0.43</SimpleData>
		<SimpleData name="length_m">119.1</SimpleData>
	</SchemaData></ExtendedData>
      <LineString><coordinates>79.0868536,14.2273097 79.0869706356368,14.2274480487228 79.0870876714125,14.2275863974047 79.0872047073273,14.2277247460454 79.0873217433811,14.2278630946452 79.087438779574,14.2280014432039 79.0875558159059,14.2281397917215</coordinates></LineString>
  </Placemark>
  <Placemark id="damage_swesph_roads.124">
	<Style><LineStyle><color>ff0000ff</color></LineStyle><PolyStyle><fill>0</fill></PolyStyle></Style>
	<ExtendedData><SchemaData schemaUrl="#damage_swesph_roads">
		<SimpleData name="osm_id">1450641198</SimpleData>
		<SimpleData name="type">residential</SimpleData>
		<SimpleData name="depth_cls">0.1-0.5 m</SimpleData>
		<SimpleData name="max_depth">0.11</SimpleData>
		<SimpleData name="length_m">19.8</SimpleData>
	</SchemaData></ExtendedData>
      <LineString><coordinates>79.0957926169396,14.243944703176 79.0958475,14.2441159</coordinates></LineString>
  </Placemark>
  <Placemark id="damage_swesph_roads.125">
	<Style><LineStyle><color>ff0000ff</color></LineStyle><PolyStyle><fill>0</fill></PolyStyle></Style>
	<ExtendedData><SchemaData schemaUrl="#damage_swesph_roads">
		<SimpleData name="osm_id">1259299262</SimpleData>
		<SimpleData name="type">residential</SimpleData>
		<SimpleData name="depth_cls">0.1-0.5 m</SimpleData>
		<SimpleData name="max_depth">0.4</SimpleData>
		<SimpleData name="length_m">77.4</SimpleData>
	</SchemaData></ExtendedData>
      <LineString><coordinates>79.1066002,14.2417283 79.1064942977789,14.2418694891637 79.1063883954207,14.2420106782626 79.1062480279007,14.2421112205742 79.1060859785967,14.2421861922352</coordinates></LineString>
  </Placemark>
  <Placemark id="damage_swesph_roads.126">
	<Style><LineStyle><color>ff0000ff</color></LineStyle><PolyStyle><fill>0</fill></PolyStyle></Style>
	<ExtendedData><SchemaData schemaUrl="#damage_swesph_roads">
		<SimpleData name="osm_id">1259299262</SimpleData>
		<SimpleData name="type">residential</SimpleData>
		<SimpleData name="depth_cls">0.5-1.5 m</SimpleData>
		<SimpleData name="max_depth">0.51</SimpleData>
		<SimpleData name="length_m">38.7</SimpleData>
	</SchemaData></ExtendedData>
      <LineString><coordinates>79.1060859785967,14.2421861922352 79.1059239291967,14.2422611637725 79.1057618797008,14.2423361351859</coordinates></LineString>
  </Placemark>
  <Placemark id="damage_swesph_roads.127">
	<Style><LineStyle><color>ff0000ff</color></LineStyle><PolyStyle><fill>0</fill></PolyStyle></Style>
	<ExtendedData><SchemaData schemaUrl="#damage_swesph_roads">
		<SimpleData name="osm_id">1259299262</SimpleData>
		<SimpleData name="type">residential</SimpleData>
		<SimpleData name="depth_cls">0.1-0.5 m</SimpleData>
		<SimpleData name="max_depth">0.43</SimpleData>
		<SimpleData name="length_m">38.7</SimpleData>
	</SchemaData></ExtendedData>
      <LineString><coordinates>79.1057618797008,14.2423361351859 79.1055949258043,14.2423878120823 79.1054157,14.2423812</coordinates></LineString>
  </Placemark>
  <Placemark id="damage_swesph_roads.128">
	<Style><LineStyle><color>ff0000ff</color></LineStyle><PolyStyle><fill>0</fill></PolyStyle></Style>
	<ExtendedData><SchemaData schemaUrl="#damage_swesph_roads">
		<SimpleData name="osm_id">567442396</SimpleData>
		<SimpleData name="type">tertiary</SimpleData>
		<SimpleData name="depth_cls">0.1-0.5 m</SimpleData>
		<SimpleData name="max_depth">0.39</SimpleData>
		<SimpleData name="length_m">79.4</SimpleData>
	</SchemaData></ExtendedData>
      <LineString><coordinates>79.1102178915883,14.240361763209 79.1102590139813,14.2405364847774 79.1103126482916,14.2407081145753 79.1103641738896,14.2408803519138 79.1104147500566,14.2410528628002</coordinates></LineString>
  </Placemark>
  <Placemark id="damage_swesph_roads.129">
	<Style><LineStyle><color>ff0000ff</color></LineStyle><PolyStyle><fill>0</fill></PolyStyle></Style>
	<ExtendedData><SchemaData schemaUrl="#damage_swesph_roads">
		<SimpleData name="osm_id">567442396</SimpleData>
		<SimpleData name="type">tertiary</SimpleData>
		<SimpleData name="depth_cls">0.5-1.5 m</SimpleData>
		<SimpleData name="max_depth">1.18</SimpleData>
		<SimpleData name="length_m">79.4</SimpleData>
	</SchemaData></ExtendedData>
      <LineString><coordinates>79.1104147500566,14.2410528628002 79.1104653262849,14.241225373683 79.1105334088681,14.2413918513457 79.1105940231277,14.2415609164802 79.1106277157288,14.2417368901652</coordinates></LineString>
  </Placemark>
  <Placemark id="damage_swesph_roads.130">
	<Style><LineStyle><color>ff0000ff</color></LineStyle><PolyStyle><fill>0</fill></PolyStyle></Style>
	<ExtendedData><SchemaData schemaUrl="#damage_swesph_roads">
		<SimpleData name="osm_id">567442396</SimpleData>
		<SimpleData name="type">tertiary</SimpleData>
		<SimpleData name="depth_cls">&gt;1.5 m</SimpleData>
		<SimpleData name="max_depth">1.75</SimpleData>
		<SimpleData name="length_m">79.4</SimpleData>
	</SchemaData></ExtendedData>
      <LineString><coordinates>79.1106277157288,14.2417368901652 79.1106337000006,14.2419159154206 79.1106268463012,14.2420952040539 79.1106373029646,14.2422741857257 79.1106637694432,14.242451148107</coordinates></LineString>
  </Placemark>
  <Placemark id="damage_swesph_roads.131">
	<Style><LineStyle><color>ff0000ff</color></LineStyle><PolyStyle><fill>0</fill></PolyStyle></Style>
	<ExtendedData><SchemaData schemaUrl="#damage_swesph_roads">
		<SimpleData name="osm_id">567442396</SimpleData>
		<SimpleData name="type">tertiary</SimpleData>
		<SimpleData name="depth_cls">0.5-1.5 m</SimpleData>
		<SimpleData name="max_depth">1.32</SimpleData>
		<SimpleData name="length_m">357.4</SimpleData>
	</SchemaData></ExtendedData>
      <LineString><coordinates>79.1106637694432,14.242451148107 79.1107562009181,14.2426050901205 79.1108881389436,14.2427281917571 79.1110442249661,14.2428208058152 79.1112248622327,14.2428200667169 79.1114071239408,14.242795966269 79.1115902403376,14.2427788887644 79.111773356725,14.2427618111157 79.1119568935202,14.2427506973657 79.1121406704759,14.2427429303628 79.1123242825578,14.2427320351822 79.1125062507047,14.2427077830104 79.1126856622701,14.2426828233585 79.1128176648639,14.2428047559311 79.1128841346063,14.2429684418578 79.1128761593254,14.2431476993486 79.1128423003226,14.2433236477495 79.1128009486127,14.2434984707516 79.1127573498772,14.2436727845342</coordinates></LineString>
  </Placemark>
  <Placemark id="damage_swesph_roads.132">
	<Style><LineStyle><color>ff0000ff</color></LineStyle><PolyStyle><fill>0</fill></PolyStyle></Style>
	<ExtendedData><SchemaData schemaUrl="#damage_swesph_roads">
		<SimpleData name="osm_id">567442396</SimpleData>
		<SimpleData name="type">tertiary</SimpleData>
		<SimpleData name="depth_cls">0.1-0.5 m</SimpleData>
		<SimpleData name="max_depth">0.46</SimpleData>
		<SimpleData name="length_m">99.3</SimpleData>
	</SchemaData></ExtendedData>
      <LineString><coordinates>79.1127573498772,14.2436727845342 79.1127137510584,14.2438470982982 79.1126717441401,14.2440217618589 79.1126474000012,14.2441988350966 79.1126927301966,14.2443652001122 79.1128493947912,14.2444510085222</coordinates></LineString>
  </Placemark>
  <Placemark id="damage_swesph_roads.133">
	<Style><LineStyle><color>ff0000ff</color></LineStyle><PolyStyle><fill>0</fill></PolyStyle></Style>
	<ExtendedData><SchemaData schemaUrl="#damage_swesph_roads">
		<SimpleData name="osm_id">567442396</SimpleData>
		<SimpleData name="type">tertiary</SimpleData>
		<SimpleData name="depth_cls">0.5-1.5 m</SimpleData>
		<SimpleData name="max_depth">0.7</SimpleData>
		<SimpleData name="length_m">139</SimpleData>
	</SchemaData></ExtendedData>
      <LineString><coordinates>79.1128493947912,14.2444510085222 79.1130269180908,14.2444979150051 79.1132057703212,14.2445398750669 79.1133846110166,14.2445818819682 79.1135634019785,14.2446240901297 79.1137421930233,14.2446662981653 79.113920984151,14.2447085060749 79.1141006576455,14.2447469819697</coordinates></LineString>
  </Placemark>
  <Placemark id="damage_swesph_roads.134">
	<Style><LineStyle><color>ff0000ff</color></LineStyle><PolyStyle><fill>0</fill></PolyStyle></Style>
	<ExtendedData><SchemaData schemaUrl="#damage_swesph_roads">
		<SimpleData name="osm_id">567442396</SimpleData>
		<SimpleData name="type">tertiary</SimpleData>
		<SimpleData name="depth_cls">0.1-0.5 m</SimpleData>
		<SimpleData name="max_depth">0.44</SimpleData>
		<SimpleData name="length_m">39.7</SimpleData>
	</SchemaData></ExtendedData>
      <LineString><coordinates>79.1141006576455,14.2447469819697 79.1142792411304,14.2447897793681 79.1143150628385,14.2449301536333</coordinates></LineString>
  </Placemark>
  <Placemark id="damage_swesph_roads.135">
	<Style><LineStyle><color>ff0000ff</color></LineStyle><PolyStyle><fill>0</fill></PolyStyle></Style>
	<ExtendedData><SchemaData schemaUrl="#damage_swesph_roads">
		<SimpleData name="osm_id">567442396</SimpleData>
		<SimpleData name="type">tertiary</SimpleData>
		<SimpleData name="depth_cls">0.5-1.5 m</SimpleData>
		<SimpleData name="max_depth">1.47</SimpleData>
		<SimpleData name="length_m">178.7</SimpleData>
	</SchemaData></ExtendedData>
      <LineString><coordinates>79.1143150628385,14.2449301536333 79.1142120590043,14.2450788137052 79.1141074594435,14.2452263003896 79.1139569295538,14.245325203272 79.1137795803248,14.2453705077504 79.113606224578,14.2454259280845 79.1135077622162,14.2455704768853 79.1134970418383,14.2457493139788 79.1134961223173,14.2459287268309 79.1135024007499,14.2461079915214</coordinates></LineString>
  </Placemark>
  <Placemark id="damage_swesph_roads.136">
	<Style><LineStyle><color>ff0000ff</color></LineStyle><PolyStyle><fill>0</fill></PolyStyle></Style>
	<ExtendedData><SchemaData schemaUrl="#damage_swesph_roads">
		<SimpleData name="osm_id">567442396</SimpleData>
		<SimpleData name="type">tertiary</SimpleData>
		<SimpleData name="depth_cls">&gt;1.5 m</SimpleData>
		<SimpleData name="max_depth">1.85</SimpleData>
		<SimpleData name="length_m">258.1</SimpleData>
	</SchemaData></ExtendedData>
      <LineString><coordinates>79.1135024007499,14.2461079915214 79.1135140041146,14.2462869821812 79.1135674452041,14.2464575852168 79.1136332747515,14.2466250210749 79.1136765250803,14.246799130748 79.1136959192385,14.2469775570058 79.1137246587225,14.2471547258796 79.1137793234719,14.2473255063973 79.1139031535715,14.2474527019399 79.11408407557,14.2474764261768 79.1142625319756,14.2475120011205 79.114341826884,14.2476696551674 79.1143805826295,14.2478450121225 79.1144177675982,14.2480207344189</coordinates></LineString>
  </Placemark>
  <Placemark id="damage_swesph_roads.137">
	<Style><LineStyle><color>ff0000ff</color></LineStyle><PolyStyle><fill>0</fill></PolyStyle></Style>
	<ExtendedData><SchemaData schemaUrl="#damage_swesph_roads">
		<SimpleData name="osm_id">567442396</SimpleData>
		<SimpleData name="type">tertiary</SimpleData>
		<SimpleData name="depth_cls">0.5-1.5 m</SimpleData>
		<SimpleData name="max_depth">1.49</SimpleData>
		<SimpleData name="length_m">99.3</SimpleData>
	</SchemaData></ExtendedData>
      <LineString><coordinates>79.1144177675982,14.2480207344189 79.114450578626,14.2481972213987 79.1144782813406,14.2483746014477 79.1145269496685,14.2485470549349 79.1146653772275,14.2486506010109 79.1148488,14.2486427</coordinates></LineString>
  </Placemark>
  <Placemark id="damage_swesph_roads.138">
	<Style><LineStyle><color>ff0000ff</color></LineStyle><PolyStyle><fill>0</fill></PolyStyle></Style>
	<ExtendedData><SchemaData schemaUrl="#damage_swesph_roads">
		<SimpleData name="osm_id">1163772971</SimpleData>
		<SimpleData name="type">residential</SimpleData>
		<SimpleData name="depth_cls">0.1-0.5 m</SimpleData>
		<SimpleData name="max_depth">0.39</SimpleData>
		<SimpleData name="length_m">19.4</SimpleData>
	</SchemaData></ExtendedData>
      <LineString><coordinates>79.0780019,14.236742 79.0778231699368,14.236751366996</coordinates></LineString>
  </Placemark>
  <Placemark id="damage_swesph_roads.139">
	<Style><LineStyle><color>ff0000ff</color></LineStyle><PolyStyle><fill>0</fill></PolyStyle></Style>
	<ExtendedData><SchemaData schemaUrl="#damage_swesph_roads">
		<SimpleData name="osm_id">1163772971</SimpleData>
		<SimpleData name="type">residential</SimpleData>
		<SimpleData name="depth_cls">0.1-0.5 m</SimpleData>
		<SimpleData name="max_depth">0.12</SimpleData>
		<SimpleData name="length_m">38.7</SimpleData>
	</SchemaData></ExtendedData>
      <LineString><coordinates>79.0777563569993,14.2358171113838 79.0779338284717,14.2358419557555 79.0781113,14.2358668</coordinates></LineString>
  </Placemark>
  <Placemark id="damage_swesph_roads.140">
	<Style><LineStyle><color>ff0000ff</color></LineStyle><PolyStyle><fill>0</fill></PolyStyle></Style>
	<ExtendedData><SchemaData schemaUrl="#damage_swesph_roads">
		<SimpleData name="osm_id">1163772972</SimpleData>
		<SimpleData name="type">residential</SimpleData>
		<SimpleData name="depth_cls">&gt;1.5 m</SimpleData>
		<SimpleData name="max_depth">2.44</SimpleData>
		<SimpleData name="length_m">92</SimpleData>
	</SchemaData></ExtendedData>
      <LineString><coordinates>79.0784548,14.2368849 79.0784871617638,14.2367216374274 79.0785195234661,14.2365583748424 79.0785518851069,14.236395112245 79.0784287264885,14.2363498909449 79.07828127555,14.2363201487504</coordinates></LineString>
  </Placemark>
  <Placemark id="damage_swesph_roads.141">
	<Style><LineStyle><color>ff0000ff</color></LineStyle><PolyStyle><fill>0</fill></PolyStyle></Style>
	<ExtendedData><SchemaData schemaUrl="#damage_swesph_roads">
		<SimpleData name="osm_id">1163772972</SimpleData>
		<SimpleData name="type">residential</SimpleData>
		<SimpleData name="depth_cls">0.5-1.5 m</SimpleData>
		<SimpleData name="max_depth">0.7</SimpleData>
		<SimpleData name="length_m">55.2</SimpleData>
	</SchemaData></ExtendedData>
      <LineString><coordinates>79.07828127555,14.2363201487504 79.0782872837249,14.236153965837 79.0782932918749,14.2359877829202 79.0782993,14.2358216</coordinates></LineString>
  </Placemark>
  <Placemark id="damage_swesph_roads.142">
	<Style><LineStyle><color>ff0000ff</color></LineStyle><PolyStyle><fill>0</fill></PolyStyle></Style>
	<ExtendedData><SchemaData schemaUrl="#damage_swesph_roads">
		<SimpleData name="osm_id">1163772973</SimpleData>
		<SimpleData name="type">residential</SimpleData>
		<SimpleData name="depth_cls">0.5-1.5 m</SimpleData>
		<SimpleData name="max_depth">1.18</SimpleData>
		<SimpleData name="length_m">11.3</SimpleData>
	</SchemaData></ExtendedData>
      <LineString><coordinates>79.0782525,14.2369407 79.0783536500098,14.236912800023</coordinates></LineString>
  </Placemark>
  <Placemark id="damage_swesph_roads.143">
	<Style><LineStyle><color>ff0000ff</color></LineStyle><PolyStyle><fill>0</fill></PolyStyle></Style>
	<ExtendedData><SchemaData schemaUrl="#damage_swesph_roads">
		<SimpleData name="osm_id">1163772973</SimpleData>
		<SimpleData name="type">residential</SimpleData>
		<SimpleData name="depth_cls">&gt;1.5 m</SimpleData>
		<SimpleData name="max_depth">2.44</SimpleData>
		<SimpleData name="length_m">11.3</SimpleData>
	</SchemaData></ExtendedData>
      <LineString><coordinates>79.0783536500098,14.236912800023 79.0784548,14.2368849</coordinates></LineString>
  </Placemark>
  <Placemark id="damage_swesph_roads.144">
	<Style><LineStyle><color>ff0000ff</color></LineStyle><PolyStyle><fill>0</fill></PolyStyle></Style>
	<ExtendedData><SchemaData schemaUrl="#damage_swesph_roads">
		<SimpleData name="osm_id">1163772969</SimpleData>
		<SimpleData name="type">residential</SimpleData>
		<SimpleData name="depth_cls">&gt;1.5 m</SimpleData>
		<SimpleData name="max_depth">2.14</SimpleData>
		<SimpleData name="length_m">60.6</SimpleData>
	</SchemaData></ExtendedData>
      <LineString><coordinates>79.078248,14.2374883 79.0782491250184,14.2373514000025 79.0782502500245,14.2372145000033 79.0782513750184,14.2370776000025 79.0782525,14.2369407</coordinates></LineString>
  </Placemark>
  <Placemark id="damage_swesph_roads.145">
	<Style><LineStyle><color>ff0000ff</color></LineStyle><PolyStyle><fill>0</fill></PolyStyle></Style>
	<ExtendedData><SchemaData schemaUrl="#damage_swesph_roads">
		<SimpleData name="osm_id">1163772968</SimpleData>
		<SimpleData name="type">residential</SimpleData>
		<SimpleData name="depth_cls">&gt;1.5 m</SimpleData>
		<SimpleData name="max_depth">3.54</SimpleData>
		<SimpleData name="length_m">49</SimpleData>
	</SchemaData></ExtendedData>
      <LineString><coordinates>79.0781112,14.2375451 79.078245767123,14.237489873794 79.0783549532186,14.2373910866484 79.078395,14.2372497</coordinates></LineString>
  </Placemark>
  <Placemark id="damage_swesph_roads.146">
	<Style><LineStyle><color>ff0000ff</color></LineStyle><PolyStyle><fill>0</fill></PolyStyle></Style>
	<ExtendedData><SchemaData schemaUrl="#damage_swesph_roads">
		<SimpleData name="osm_id">1163773008</SimpleData>
		<SimpleData name="type">residential</SimpleData>
		<SimpleData name="depth_cls">0.5-1.5 m</SimpleData>
		<SimpleData name="max_depth">1.41</SimpleData>
		<SimpleData name="length_m">42.7</SimpleData>
	</SchemaData></ExtendedData>
      <LineString><coordinates>79.0777194,14.237724 79.0778493769138,14.2377044578892 79.0779811237654,14.2377025653198 79.0781129,14.2377025</coordinates></LineString>
  </Placemark>
  <Placemark id="damage_swesph_roads.147">
	<Style><LineStyle><color>ff0000ff</color></LineStyle><PolyStyle><fill>0</fill></PolyStyle></Style>
	<ExtendedData><SchemaData schemaUrl="#damage_swesph_roads">
		<SimpleData name="osm_id">1163773012</SimpleData>
		<SimpleData name="type">residential</SimpleData>
		<SimpleData name="depth_cls">&gt;1.5 m</SimpleData>
		<SimpleData name="max_depth">3.22</SimpleData>
		<SimpleData name="length_m">28</SimpleData>
	</SchemaData></ExtendedData>
      <LineString><coordinates>79.0780877,14.2381848 79.0781927695518,14.2382590357525 79.0783177,14.2382708</coordinates></LineString>
  </Placemark>
  <Placemark id="damage_swesph_roads.148">
	<Style><LineStyle><color>ff0000ff</color></LineStyle><PolyStyle><fill>0</fill></PolyStyle></Style>
	<ExtendedData><SchemaData schemaUrl="#damage_swesph_roads">
		<SimpleData name="osm_id">1163772988</SimpleData>
		<SimpleData name="type">residential</SimpleData>
		<SimpleData name="depth_cls">&gt;1.5 m</SimpleData>
		<SimpleData name="max_depth">1.8</SimpleData>
		<SimpleData name="length_m">23.6</SimpleData>
	</SchemaData></ExtendedData>
      <LineString><coordinates>79.0778629,14.238282 79.0779720499973,14.2382807000251 79.0780812,14.2382794</coordinates></LineString>
  </Placemark>
  <Placemark id="damage_swesph_roads.149">
	<Style><LineStyle><color>ff0000ff</color></LineStyle><PolyStyle><fill>0</fill></PolyStyle></Style>
	<ExtendedData><SchemaData schemaUrl="#damage_swesph_roads">
		<SimpleData name="osm_id">1450641205</SimpleData>
		<SimpleData name="type">residential</SimpleData>
		<SimpleData name="depth_cls">0.5-1.5 m</SimpleData>
		<SimpleData name="max_depth">0.66</SimpleData>
		<SimpleData name="length_m">19.8</SimpleData>
	</SchemaData></ExtendedData>
      <LineString><coordinates>79.0835359,14.2454557 79.0835527128548,14.2452771419441</coordinates></LineString>
  </Placemark>
  <Placemark id="damage_swesph_roads.150">
	<Style><LineStyle><color>ff0000ff</color></LineStyle><PolyStyle><fill>0</fill></PolyStyle></Style>
	<ExtendedData><SchemaData schemaUrl="#damage_swesph_roads">
		<SimpleData name="osm_id">1450641205</SimpleData>
		<SimpleData name="type">residential</SimpleData>
		<SimpleData name="depth_cls">0.1-0.5 m</SimpleData>
		<SimpleData name="max_depth">0.15</SimpleData>
		<SimpleData name="length_m">39.7</SimpleData>
	</SchemaData></ExtendedData>
      <LineString><coordinates>79.0835527128548,14.2452771419441 79.0835695256648,14.2450985838812 79.08358633843,14.2449200258114</coordinates></LineString>
  </Placemark>
  <Placemark id="damage_swesph_roads.151">
	<Style><LineStyle><color>ff0000ff</color></LineStyle><PolyStyle><fill>0</fill></PolyStyle></Style>
	<ExtendedData><SchemaData schemaUrl="#damage_swesph_roads">
		<SimpleData name="osm_id">1450641205</SimpleData>
		<SimpleData name="type">residential</SimpleData>
		<SimpleData name="depth_cls">0.1-0.5 m</SimpleData>
		<SimpleData name="max_depth">0.32</SimpleData>
		<SimpleData name="length_m">99.2</SimpleData>
	</SchemaData></ExtendedData>
      <LineString><coordinates>79.0847631890296,14.2400558603379 79.0848261332554,14.239887389421 79.0848890773735,14.2397189184736 79.0849520213839,14.2395504474957 79.0850149652865,14.2393819764872 79.0850779090814,14.2392135054482</coordinates></LineString>
  </Placemark>
  <Placemark id="damage_swesph_roads.152">
	<Style><LineStyle><color>ff0000ff</color></LineStyle><PolyStyle><fill>0</fill></PolyStyle></Style>
	<ExtendedData><SchemaData schemaUrl="#damage_swesph_roads">
		<SimpleData name="osm_id">1450641205</SimpleData>
		<SimpleData name="type">residential</SimpleData>
		<SimpleData name="depth_cls">0.5-1.5 m</SimpleData>
		<SimpleData name="max_depth">0.93</SimpleData>
		<SimpleData name="length_m">59.5</SimpleData>
	</SchemaData></ExtendedData>
      <LineString><coordinates>79.0850779090814,14.2392135054482 79.0851451770187,14.2390468847502 79.0852296324032,14.2388876186714 79.0853140876585,14.2387283525459</coordinates></LineString>
  </Placemark>
  <Placemark id="damage_swesph_roads.153">
	<Style><LineStyle><color>ff0000ff</color></LineStyle><PolyStyle><fill>0</fill></PolyStyle></Style>
	<ExtendedData><SchemaData schemaUrl="#damage_swesph_roads">
		<SimpleData name="osm_id">1450641205</SimpleData>
		<SimpleData name="type">residential</SimpleData>
		<SimpleData name="depth_cls">0.1-0.5 m</SimpleData>
		<SimpleData name="max_depth">0.47</SimpleData>
		<SimpleData name="length_m">19.8</SimpleData>
	</SchemaData></ExtendedData>
      <LineString><coordinates>79.0853140876585,14.2387283525459 79.0853985427845,14.2385690863736</coordinates></LineString>
  </Placemark>
  <Placemark id="damage_swesph_roads.154">
	<Style><LineStyle><color>ff0000ff</color></LineStyle><PolyStyle><fill>0</fill></PolyStyle></Style>
	<ExtendedData><SchemaData schemaUrl="#damage_swesph_roads">
		<SimpleData name="osm_id">1450641205</SimpleData>
		<SimpleData name="type">residential</SimpleData>
		<SimpleData name="depth_cls">0.5-1.5 m</SimpleData>
		<SimpleData name="max_depth">0.94</SimpleData>
		<SimpleData name="length_m">39.7</SimpleData>
	</SchemaData></ExtendedData>
      <LineString><coordinates>79.0853985427845,14.2385690863736 79.0854829977811,14.2384098201546 79.0855576024406,14.2382463319764</coordinates></LineString>
  </Placemark>
  <Placemark id="damage_swesph_roads.155">
	<Style><LineStyle><color>ff0000ff</color></LineStyle><PolyStyle><fill>0</fill></PolyStyle></Style>
	<ExtendedData><SchemaData schemaUrl="#damage_swesph_roads">
		<SimpleData name="osm_id">1450641205</SimpleData>
		<SimpleData name="type">residential</SimpleData>
		<SimpleData name="depth_cls">0.1-0.5 m</SimpleData>
		<SimpleData name="max_depth">0.41</SimpleData>
		<SimpleData name="length_m">19.8</SimpleData>
	</SchemaData></ExtendedData>
      <LineString><coordinates>79.0855576024406,14.2382463319764 79.0856207552418,14.2380779354136</coordinates></LineString>
  </Placemark>
  <Placemark id="damage_swesph_roads.156">
	<Style><LineStyle><color>ff0000ff</color></LineStyle><PolyStyle><fill>0</fill></PolyStyle></Style>
	<ExtendedData><SchemaData schemaUrl="#damage_swesph_roads">
		<SimpleData name="osm_id">1450641205</SimpleData>
		<SimpleData name="type">residential</SimpleData>
		<SimpleData name="depth_cls">0.5-1.5 m</SimpleData>
		<SimpleData name="max_depth">0.67</SimpleData>
		<SimpleData name="length_m">59.5</SimpleData>
	</SchemaData></ExtendedData>
      <LineString><coordinates>79.0856207552418,14.2380779354136 79.0856839079351,14.2379095388201 79.0857609130572,14.2377480215382 79.0858745748339,14.2376082568442</coordinates></LineString>
  </Placemark>
  <Placemark id="damage_swesph_roads.157">
	<Style><LineStyle><color>ff0000ff</color></LineStyle><PolyStyle><fill>0</fill></PolyStyle></Style>
	<ExtendedData><SchemaData schemaUrl="#damage_swesph_roads">
		<SimpleData name="osm_id">1450641205</SimpleData>
		<SimpleData name="type">residential</SimpleData>
		<SimpleData name="depth_cls">0.1-0.5 m</SimpleData>
		<SimpleData name="max_depth">0.41</SimpleData>
		<SimpleData name="length_m">198.4</SimpleData>
	</SchemaData></ExtendedData>
      <LineString><coordinates>79.0858745748339,14.2376082568442 79.0860062761805,14.2374831611141 79.0861409760117,14.2373615016071 79.0862886159222,14.2372546709945 79.0864559312971,14.2371835023496 79.086628666087,14.2371221564297 79.0867851388838,14.2370330363001 79.0869171366821,14.2369135375337 79.0869460016127,14.2367364518613 79.0869746397968,14.2365593315542 79.0870026511218,14.2363821155002</coordinates></LineString>
  </Placemark>
  <Placemark id="damage_swesph_roads.158">
	<Style><LineStyle><color>ff0000ff</color></LineStyle><PolyStyle><fill>0</fill></PolyStyle></Style>
	<ExtendedData><SchemaData schemaUrl="#damage_swesph_roads">
		<SimpleData name="osm_id">1450641205</SimpleData>
		<SimpleData name="type">residential</SimpleData>
		<SimpleData name="depth_cls">0.5-1.5 m</SimpleData>
		<SimpleData name="max_depth">0.63</SimpleData>
		<SimpleData name="length_m">99.2</SimpleData>
	</SchemaData></ExtendedData>
      <LineString><coordinates>79.0870026511218,14.2363821155002 79.0870306623854,14.236204899435 79.0870586735875,14.2360276833585 79.0870866847281,14.2358504672708 79.0871146958072,14.2356732511719 79.0871436458606,14.2354961788269</coordinates></LineString>
  </Placemark>
  <Placemark id="damage_swesph_roads.159">
	<Style><LineStyle><color>ff0000ff</color></LineStyle><PolyStyle><fill>0</fill></PolyStyle></Style>
	<ExtendedData><SchemaData schemaUrl="#damage_swesph_roads">
		<SimpleData name="osm_id">1450641205</SimpleData>
		<SimpleData name="type">residential</SimpleData>
		<SimpleData name="depth_cls">0.1-0.5 m</SimpleData>
		<SimpleData name="max_depth">0.48</SimpleData>
		<SimpleData name="length_m">178.6</SimpleData>
	</SchemaData></ExtendedData>
      <LineString><coordinates>79.0871436458606,14.2354961788269 79.0871726417076,14.2353191134908 79.0872016374916,14.2351420481431 79.0872306332128,14.2349649827838 79.087259881153,14.2347879573174 79.0872897344317,14.2346110275984 79.0873195876462,14.2344340978674 79.0873740953064,14.2342643382019 79.0874484452655,14.2341003491149 79.0875227951047,14.2339363599891</coordinates></LineString>
  </Placemark>
  <Placemark id="damage_swesph_roads.160">
	<Style><LineStyle><color>ff0000ff</color></LineStyle><PolyStyle><fill>0</fill></PolyStyle></Style>
	<ExtendedData><SchemaData schemaUrl="#damage_swesph_roads">
		<SimpleData name="osm_id">1450641205</SimpleData>
		<SimpleData name="type">residential</SimpleData>
		<SimpleData name="depth_cls">0.1-0.5 m</SimpleData>
		<SimpleData name="max_depth">0.12</SimpleData>
		<SimpleData name="length_m">19.8</SimpleData>
	</SchemaData></ExtendedData>
      <LineString><coordinates>79.0877012955706,14.2336234880435 79.0877961428873,14.2334698892968</coordinates></LineString>
  </Placemark>
  <Placemark id="damage_swesph_roads.161">
	<Style><LineStyle><color>ff0000ff</color></LineStyle><PolyStyle><fill>0</fill></PolyStyle></Style>
	<ExtendedData><SchemaData schemaUrl="#damage_swesph_roads">
		<SimpleData name="osm_id">1163772987</SimpleData>
		<SimpleData name="type">residential</SimpleData>
		<SimpleData name="depth_cls">&gt;1.5 m</SimpleData>
		<SimpleData name="max_depth">2.03</SimpleData>
		<SimpleData name="length_m">31.9</SimpleData>
	</SchemaData></ExtendedData>
      <LineString><coordinates>79.0777571,14.2386447 79.0779035000071,14.2386246500466 79.0780499,14.2386046</coordinates></LineString>
  </Placemark>
  <Placemark id="damage_swesph_roads.162">
	<Style><LineStyle><color>ff0000ff</color></LineStyle><PolyStyle><fill>0</fill></PolyStyle></Style>
	<ExtendedData><SchemaData schemaUrl="#damage_swesph_roads">
		<SimpleData name="osm_id">1163773009</SimpleData>
		<SimpleData name="type">residential</SimpleData>
		<SimpleData name="depth_cls">0.5-1.5 m</SimpleData>
		<SimpleData name="max_depth">0.79</SimpleData>
		<SimpleData name="length_m">10.2</SimpleData>
	</SchemaData></ExtendedData>
      <LineString><coordinates>79.0777118,14.2390737 79.0777973,14.239114</coordinates></LineString>
  </Placemark>
  <Placemark id="damage_swesph_roads.163">
	<Style><LineStyle><color>ff0000ff</color></LineStyle><PolyStyle><fill>0</fill></PolyStyle></Style>
	<ExtendedData><SchemaData schemaUrl="#damage_swesph_roads">
		<SimpleData name="osm_id">1163772985</SimpleData>
		<SimpleData name="type">residential</SimpleData>
		<SimpleData name="depth_cls">0.1-0.5 m</SimpleData>
		<SimpleData name="max_depth">0.34</SimpleData>
		<SimpleData name="length_m">40.5</SimpleData>
	</SchemaData></ExtendedData>
      <LineString><coordinates>79.0774709,14.239599 79.0773474931745,14.2395790802392 79.0772404438272,14.2395467068203 79.0772506,14.2394251</coordinates></LineString>
  </Placemark>
  <Placemark id="damage_swesph_roads.164">
	<Style><LineStyle><color>ff0000ff</color></LineStyle><PolyStyle><fill>0</fill></PolyStyle></Style>
	<ExtendedData><SchemaData schemaUrl="#damage_swesph_roads">
		<SimpleData name="osm_id">1163772986</SimpleData>
		<SimpleData name="type">residential</SimpleData>
		<SimpleData name="depth_cls">0.1-0.5 m</SimpleData>
		<SimpleData name="max_depth">0.34</SimpleData>
		<SimpleData name="length_m">11.6</SimpleData>
	</SchemaData></ExtendedData>
      <LineString><coordinates>79.0772232161359,14.2395593054196 79.0772233,14.2396496</coordinates></LineString>
  </Placemark>
  <Placemark id="damage_swesph_roads.165">
	<Style><LineStyle><color>ff0000ff</color></LineStyle><PolyStyle><fill>0</fill></PolyStyle></Style>
	<ExtendedData><SchemaData schemaUrl="#damage_swesph_roads">
		<SimpleData name="osm_id">1163772984</SimpleData>
		<SimpleData name="type">residential</SimpleData>
		<SimpleData name="depth_cls">0.1-0.5 m</SimpleData>
		<SimpleData name="max_depth">0.34</SimpleData>
		<SimpleData name="length_m">13</SimpleData>
	</SchemaData></ExtendedData>
      <LineString><coordinates>79.0774482,14.2397223 79.077469445855,14.239606898511</coordinates></LineString>
  </Placemark>
  <Placemark id="damage_swesph_roads.166">
	<Style><LineStyle><color>ff0000ff</color></LineStyle><PolyStyle><fill>0</fill></PolyStyle></Style>
	<ExtendedData><SchemaData schemaUrl="#damage_swesph_roads">
		<SimpleData name="osm_id">1163772984</SimpleData>
		<SimpleData name="type">residential</SimpleData>
		<SimpleData name="depth_cls">0.5-1.5 m</SimpleData>
		<SimpleData name="max_depth">1.26</SimpleData>
		<SimpleData name="length_m">13</SimpleData>
	</SchemaData></ExtendedData>
      <LineString><coordinates>79.077469445855,14.239606898511 79.0775788,14.2396282</coordinates></LineString>
  </Placemark>
  <Placemark id="damage_swesph_roads.167">
	<Style><LineStyle><color>ff0000ff</color></LineStyle><PolyStyle><fill>0</fill></PolyStyle></Style>
	<ExtendedData><SchemaData schemaUrl="#damage_swesph_roads">
		<SimpleData name="osm_id">1163772993</SimpleData>
		<SimpleData name="type">residential</SimpleData>
		<SimpleData name="depth_cls">0.1-0.5 m</SimpleData>
		<SimpleData name="max_depth">0.18</SimpleData>
		<SimpleData name="length_m">16.2</SimpleData>
	</SchemaData></ExtendedData>
      <LineString><coordinates>79.0771516333895,14.2399346666793 79.0771158,14.2400772</coordinates></LineString>
  </Placemark>
  <Placemark id="damage_swesph_roads.168">
	<Style><LineStyle><color>ff0000ff</color></LineStyle><PolyStyle><fill>0</fill></PolyStyle></Style>
	<ExtendedData><SchemaData schemaUrl="#damage_swesph_roads">
		<SimpleData name="osm_id">1163772983</SimpleData>
		<SimpleData name="type">residential</SimpleData>
		<SimpleData name="depth_cls">0.1-0.5 m</SimpleData>
		<SimpleData name="max_depth">0.33</SimpleData>
		<SimpleData name="length_m">17.3</SimpleData>
	</SchemaData></ExtendedData>
      <LineString><coordinates>79.077274,14.2403362 79.0771474,14.2403636</coordinates></LineString>
  </Placemark>
  <Placemark id="damage_swesph_roads.169">
	<Style><LineStyle><color>ff0000ff</color></LineStyle><PolyStyle><fill>0</fill></PolyStyle></Style>
	<ExtendedData><SchemaData schemaUrl="#damage_swesph_roads">
		<SimpleData name="osm_id">1163772982</SimpleData>
		<SimpleData name="type">residential</SimpleData>
		<SimpleData name="depth_cls">0.1-0.5 m</SimpleData>
		<SimpleData name="max_depth">0.33</SimpleData>
		<SimpleData name="length_m">34.6</SimpleData>
	</SchemaData></ExtendedData>
      <LineString><coordinates>79.0769892,14.2404653 79.0771341770695,14.2404975210663 79.0772342667678,14.2404262504592</coordinates></LineString>
  </Placemark>
  <Placemark id="damage_swesph_roads.170">
	<Style><LineStyle><color>ff0000ff</color></LineStyle><PolyStyle><fill>0</fill></PolyStyle></Style>
	<ExtendedData><SchemaData schemaUrl="#damage_swesph_roads">
		<SimpleData name="osm_id">1163772982</SimpleData>
		<SimpleData name="type">residential</SimpleData>
		<SimpleData name="depth_cls">0.5-1.5 m</SimpleData>
		<SimpleData name="max_depth">1.05</SimpleData>
		<SimpleData name="length_m">34.6</SimpleData>
	</SchemaData></ExtendedData>
      <LineString><coordinates>79.0772342667678,14.2404262504592 79.0772961643544,14.2402820021021 79.0772949,14.2401618</coordinates></LineString>
  </Placemark>
  <Placemark id="damage_swesph_roads.171">
	<Style><LineStyle><color>ff0000ff</color></LineStyle><PolyStyle><fill>0</fill></PolyStyle></Style>
	<ExtendedData><SchemaData schemaUrl="#damage_swesph_roads">
		<SimpleData name="osm_id">1163772981</SimpleData>
		<SimpleData name="type">residential</SimpleData>
		<SimpleData name="depth_cls">0.1-0.5 m</SimpleData>
		<SimpleData name="max_depth">0.33</SimpleData>
		<SimpleData name="length_m">43.4</SimpleData>
	</SchemaData></ExtendedData>
      <LineString><coordinates>79.0769287,14.2406241 79.0769530902803,14.2405091112226 79.076995339112,14.2403957553736 79.0770445,14.2402744</coordinates></LineString>
  </Placemark>
  <Placemark id="damage_swesph_roads.172">
	<Style><LineStyle><color>ff0000ff</color></LineStyle><PolyStyle><fill>0</fill></PolyStyle></Style>
	<ExtendedData><SchemaData schemaUrl="#damage_swesph_roads">
		<SimpleData name="osm_id">1163772977</SimpleData>
		<SimpleData name="type">residential</SimpleData>
		<SimpleData name="depth_cls">0.1-0.5 m</SimpleData>
		<SimpleData name="max_depth">0.41</SimpleData>
		<SimpleData name="length_m">43.2</SimpleData>
	</SchemaData></ExtendedData>
      <LineString><coordinates>79.0769498,14.2409907 79.0768897589055,14.240879377027 79.0769086658755,14.2407520224897 79.0769287,14.2406241</coordinates></LineString>
  </Placemark>
  <Placemark id="damage_swesph_roads.173">
	<Style><LineStyle><color>ff0000ff</color></LineStyle><PolyStyle><fill>0</fill></PolyStyle></Style>
	<ExtendedData><SchemaData schemaUrl="#damage_swesph_roads">
		<SimpleData name="osm_id">1185682236</SimpleData>
		<SimpleData name="type">secondary</SimpleData>
		<SimpleData name="depth_cls">0.1-0.5 m</SimpleData>
		<SimpleData name="max_depth">0.21</SimpleData>
		<SimpleData name="length_m">40</SimpleData>
	</SchemaData></ExtendedData>
      <LineString><coordinates>79.1199764,14.2389009 79.1201502574308,14.2389627994689 79.1203254101641,14.2389323150844</coordinates></LineString>
  </Placemark>
  <Placemark id="damage_swesph_roads.174">
	<Style><LineStyle><color>ff0000ff</color></LineStyle><PolyStyle><fill>0</fill></PolyStyle></Style>
	<ExtendedData><SchemaData schemaUrl="#damage_swesph_roads">
		<SimpleData name="osm_id">22831899</SimpleData>
		<SimpleData name="type">trunk</SimpleData>
		<SimpleData name="depth_cls">0.1-0.5 m</SimpleData>
		<SimpleData name="max_depth">0.33</SimpleData>
		<SimpleData name="length_m">139.8</SimpleData>
	</SchemaData></ExtendedData>
      <LineString><coordinates>79.1208665845054,14.2370634898783 79.1207879805403,14.2372268990254 79.1207092301154,14.2373902408888 79.1206301106357,14.237553413185 79.1205509910306,14.2377165854389 79.1204718712999,14.2378797576505 79.1203927514437,14.2380429298198 79.120313631462,14.2382061019467</coordinates></LineString>
  </Placemark>
  <Placemark id="damage_swesph_roads.175">
	<Style><LineStyle><color>ff0000ff</color></LineStyle><PolyStyle><fill>0</fill></PolyStyle></Style>
	<ExtendedData><SchemaData schemaUrl="#damage_swesph_roads">
		<SimpleData name="osm_id">22831899</SimpleData>
		<SimpleData name="type">trunk</SimpleData>
		<SimpleData name="depth_cls">0.5-1.5 m</SimpleData>
		<SimpleData name="max_depth">0.62</SimpleData>
		<SimpleData name="length_m">20</SimpleData>
	</SchemaData></ExtendedData>
      <LineString><coordinates>79.120313631462,14.2382061019467 79.1202345113548,14.2383692740313</coordinates></LineString>
  </Placemark>
  <Placemark id="damage_swesph_roads.176">
	<Style><LineStyle><color>ff0000ff</color></LineStyle><PolyStyle><fill>0</fill></PolyStyle></Style>
	<ExtendedData><SchemaData schemaUrl="#damage_swesph_roads">
		<SimpleData name="osm_id">22831899</SimpleData>
		<SimpleData name="type">trunk</SimpleData>
		<SimpleData name="depth_cls">0.1-0.5 m</SimpleData>
		<SimpleData name="max_depth">0.47</SimpleData>
		<SimpleData name="length_m">59.9</SimpleData>
	</SchemaData></ExtendedData>
      <LineString><coordinates>79.1202345113548,14.2383692740313 79.1201553911221,14.2385324460736 79.1200762707639,14.2386956180735 79.1199969404351,14.2388586930441</coordinates></LineString>
  </Placemark>
  <Placemark id="damage_swesph_roads.177">
	<Style><LineStyle><color>ff0000ff</color></LineStyle><PolyStyle><fill>0</fill></PolyStyle></Style>
	<ExtendedData><SchemaData schemaUrl="#damage_swesph_roads">
		<SimpleData name="osm_id">22831899</SimpleData>
		<SimpleData name="type">trunk</SimpleData>
		<SimpleData name="depth_cls">0.5-1.5 m</SimpleData>
		<SimpleData name="max_depth">1.26</SimpleData>
		<SimpleData name="length_m">159.8</SimpleData>
	</SchemaData></ExtendedData>
      <LineString><coordinates>79.1199969404351,14.2388586930441 79.1199175797612,14.2390217540015 79.1198382174276,14.2391848142061 79.1197588549683,14.2393478743682 79.1196794923832,14.2395109344877 79.1196001296723,14.2396739945648 79.1195479151608,14.2398467598537 79.119510898772,14.2400233998549 79.119481175167,14.2402015585726</coordinates></LineString>
  </Placemark>
  <Placemark id="damage_swesph_roads.178">
	<Style><LineStyle><color>ff0000ff</color></LineStyle><PolyStyle><fill>0</fill></PolyStyle></Style>
	<ExtendedData><SchemaData schemaUrl="#damage_swesph_roads">
		<SimpleData name="osm_id">22831899</SimpleData>
		<SimpleData name="type">trunk</SimpleData>
		<SimpleData name="depth_cls">0.1-0.5 m</SimpleData>
		<SimpleData name="max_depth">0.48</SimpleData>
		<SimpleData name="length_m">59.9</SimpleData>
	</SchemaData></ExtendedData>
      <LineString><coordinates>79.119481175167,14.2402015585726 79.1194594420688,14.2403805566212 79.1194495960986,14.2405608033109 79.1194397500943,14.2407410499957</coordinates></LineString>
  </Placemark>
  <Placemark id="damage_swesph_roads.179">
	<Style><LineStyle><color>ff0000ff</color></LineStyle><PolyStyle><fill>0</fill></PolyStyle></Style>
	<ExtendedData><SchemaData schemaUrl="#damage_swesph_roads">
		<SimpleData name="osm_id">22831899</SimpleData>
		<SimpleData name="type">trunk</SimpleData>
		<SimpleData name="depth_cls">0.5-1.5 m</SimpleData>
		<SimpleData name="max_depth">1.43</SimpleData>
		<SimpleData name="length_m">579.2</SimpleData>
	</SchemaData></ExtendedData>
      <LineString><coordinates>79.1194397500943,14.2407410499957 79.1194299040559,14.2409212966756 79.1194240564714,14.2411017018646 79.1194188738797,14.2412821334134 79.1194136912613,14.2414625649585 79.119408508616,14.2416429965 79.119403325944,14.2418234280377 79.1193981432453,14.2420038595717 79.1193929605197,14.2421842911021 79.1193877777675,14.2423647226287 79.1193825949884,14.2425451541516 79.1193831625966,14.2427256202946 79.1193860613306,14.2429061004713 79.1193889600506,14.2430865806459 79.1193918587568,14.2432670608185 79.119394757449,14.2434475409891 79.1193976561272,14.2436280211576 79.1194005547916,14.243808501324 79.119403453442,14.2439889814884 79.1194063520784,14.2441694616508 79.1194022376508,14.2443495467625 79.1193780573418,14.2445285015482 79.1193493657191,14.2447066897978 79.119310083028,14.2448830784729 79.1192708002589,14.2450594671315 79.1192086915598,14.2452287840091 79.1191364218693,14.245394952872 79.1190605383037,14.2455595450579 79.1189817143159,14.2457228543848 79.1188925905991,14.245880882002</coordinates></LineString>
  </Placemark>
  <Placemark id="damage_swesph_roads.180">
	<Style><LineStyle><color>ff0000ff</color></LineStyle><PolyStyle><fill>0</fill></PolyStyle></Style>
	<ExtendedData><SchemaData schemaUrl="#damage_swesph_roads">
		<SimpleData name="osm_id">22831899</SimpleData>
		<SimpleData name="type">trunk</SimpleData>
		<SimpleData name="depth_cls">&gt;1.5 m</SimpleData>
		<SimpleData name="max_depth">1.9</SimpleData>
		<SimpleData name="length_m">199.7</SimpleData>
	</SchemaData></ExtendedData>
      <LineString><coordinates>79.1188925905991,14.245880882002 79.1187993486585,14.2460367977989 79.1187061065806,14.2461927135415 79.1185850326074,14.24632915174 79.1184634705318,14.2464652483724 79.118341535179,14.2466010252682 79.1182188553762,14.2467361644472 79.1180961754251,14.2468713035436 79.1179734953256,14.2470064425575 79.1178521569897,14.2471427043349 79.1177338801381,14.2472815278563</coordinates></LineString>
  </Placemark>
  <Placemark id="damage_swesph_roads.181">
	<Style><LineStyle><color>ff0000ff</color></LineStyle><PolyStyle><fill>0</fill></PolyStyle></Style>
	<ExtendedData><SchemaData schemaUrl="#damage_swesph_roads">
		<SimpleData name="osm_id">22831899</SimpleData>
		<SimpleData name="type">trunk</SimpleData>
		<SimpleData name="depth_cls">0.5-1.5 m</SimpleData>
		<SimpleData name="max_depth">1.31</SimpleData>
		<SimpleData name="length_m">559.3</SimpleData>
	</SchemaData></ExtendedData>
      <LineString><coordinates>79.1177338801381,14.2472815278563 79.1176138841269,14.2474189364249 79.1174947915743,14.2475567494786 79.1174325924013,14.2477267507392 79.1173704058904,14.2478967563829 79.1173089953366,14.2480670302008 79.1172475846761,14.2482373039893 79.1171861739089,14.2484075777483 79.1171284064506,14.2485790225383 79.1170740013214,14.2487515480487 79.1170195960941,14.2489240735342 79.1169651907687,14.2490965989946 79.1169107853451,14.2492691244302 79.1168563798235,14.2494416498407 79.1168019742036,14.2496141752264 79.1167475684857,14.249786700587 79.1166931626696,14.2499592259227 79.1166382789052,14.2501316069612 79.1165832394656,14.2503039410029 79.1165281999271,14.2504762750192 79.1164731602896,14.2506486090101 79.1164181205532,14.2508209429757 79.1163630807179,14.250993276916 79.1163080407836,14.2511656108309 79.1162530007503,14.2513379447205 79.1161979068081,14.2515102621394 79.1161422788634,14.2516824163624 79.116086650819,14.2518545705598 79.1160310226749,14.2520267247314</coordinates></LineString>
  </Placemark>
  <Placemark id="damage_swesph_roads.182">
	<Style><LineStyle><color>ff0000ff</color></LineStyle><PolyStyle><fill>0</fill></PolyStyle></Style>
	<ExtendedData><SchemaData schemaUrl="#damage_swesph_roads">
		<SimpleData name="osm_id">22831899</SimpleData>
		<SimpleData name="type">trunk</SimpleData>
		<SimpleData name="depth_cls">0.1-0.5 m</SimpleData>
		<SimpleData name="max_depth">0.49</SimpleData>
		<SimpleData name="length_m">279.6</SimpleData>
	</SchemaData></ExtendedData>
      <LineString><coordinates>79.1160310226749,14.2520267247314 79.1159754011967,14.2521988809569 79.1159197828613,14.2523710381532 79.1158641644262,14.2525431953239 79.1158085458914,14.2527153524688 79.1157529272569,14.252887509588 79.1156949692192,14.2530589230357 79.1156358984305,14.253229982754 79.115576827538,14.2534010424443 79.1155177565415,14.2535721021067 79.1154586854411,14.2537431617412 79.1153996142367,14.2539142213478 79.1153405429284,14.2540852809265 79.1152814715162,14.2542563404772 79.1152224,14.2544274</coordinates></LineString>
  </Placemark>
  <Placemark id="damage_swesph_roads.183">
	<Style><LineStyle><color>ff0000ff</color></LineStyle><PolyStyle><fill>0</fill></PolyStyle></Style>
	<ExtendedData><SchemaData schemaUrl="#damage_swesph_roads">
		<SimpleData name="osm_id">631885053</SimpleData>
		<SimpleData name="type">unclassified</SimpleData>
		<SimpleData name="depth_cls">0.1-0.5 m</SimpleData>
		<SimpleData name="max_depth">0.43</SimpleData>
		<SimpleData name="length_m">166.4</SimpleData>
	</SchemaData></ExtendedData>
      <LineString><coordinates>79.1215325,14.2672793 79.1215450973289,14.2671127625143 79.1215751516814,14.2669482529159 79.1216084466169,14.2667843350403 79.1216417414894,14.266620417152 79.1216750362991,14.266456499251 79.121708331046,14.2662925813373 79.1217380950562,14.2661280771278 79.1217626064379,14.2659626933358 79.1217829291261,14.2657968648665</coordinates></LineString>
  </Placemark>
  <Placemark id="damage_swesph_roads.184">
	<Style><LineStyle><color>ff0000ff</color></LineStyle><PolyStyle><fill>0</fill></PolyStyle></Style>
	<ExtendedData><SchemaData schemaUrl="#damage_swesph_roads">
		<SimpleData name="osm_id">631885053</SimpleData>
		<SimpleData name="type">unclassified</SimpleData>
		<SimpleData name="depth_cls">0.5-1.5 m</SimpleData>
		<SimpleData name="max_depth">0.67</SimpleData>
		<SimpleData name="length_m">74</SimpleData>
	</SchemaData></ExtendedData>
      <LineString><coordinates>79.1217829291261,14.2657968648665 79.1217954280632,14.26563021462 79.1218525202995,14.2654875163548 79.1220191762795,14.2654509083987 79.12219,14.2654385</coordinates></LineString>
  </Placemark>
  <Placemark id="damage_swesph_roads.185">
	<Style><LineStyle><color>ff0000ff</color></LineStyle><PolyStyle><fill>0</fill></PolyStyle></Style>
	<ExtendedData><SchemaData schemaUrl="#damage_swesph_roads">
		<SimpleData name="osm_id">1450623123</SimpleData>
		<SimpleData name="type">residential</SimpleData>
		<SimpleData name="depth_cls">0.1-0.5 m</SimpleData>
		<SimpleData name="max_depth">0.13</SimpleData>
		<SimpleData name="length_m">39.7</SimpleData>
	</SchemaData></ExtendedData>
      <LineString><coordinates>79.1208305,14.2730344 79.1210062914938,14.2730838503413 79.1211899350208,14.2730739693537</coordinates></LineString>
  </Placemark>
  <Placemark id="damage_swesph_roads.186">
	<Style><LineStyle><color>ff0000ff</color></LineStyle><PolyStyle><fill>0</fill></PolyStyle></Style>
	<ExtendedData><SchemaData schemaUrl="#damage_swesph_roads">
		<SimpleData name="osm_id">1450623123</SimpleData>
		<SimpleData name="type">residential</SimpleData>
		<SimpleData name="depth_cls">0.1-0.5 m</SimpleData>
		<SimpleData name="max_depth">0.35</SimpleData>
		<SimpleData name="length_m">397</SimpleData>
	</SchemaData></ExtendedData>
      <LineString><coordinates>79.123371032047,14.2728356977703 79.1235549478118,14.2728341254996 79.123738866452,14.2728331169119 79.1239227892007,14.272832914849 79.1240992621386,14.2728815033739 79.1242751445243,14.2729339600613 79.1244510270066,14.2729864166284 79.1246226684192,14.2730480960173 79.1247798132355,14.2731413002166 79.1249621055783,14.2731564046815 79.1251456736331,14.2731675471798 79.1253292417242,14.2731786895388 79.1255128098514,14.2731898317584 79.1256963780148,14.2732009738387 79.1258799462144,14.2732121157796 79.1260635144502,14.2732232575811 79.1262470873683,14.2732343032639 79.1264309154849,14.2732400776591 79.126614743629,14.2732458519136 79.1267985718007,14.2732516260272 79.1269824,14.2732574</coordinates></LineString>
  </Placemark>
  <Placemark id="damage_swesph_roads.187">
	<Style><LineStyle><color>ff0000ff</color></LineStyle><PolyStyle><fill>0</fill></PolyStyle></Style>
	<ExtendedData><SchemaData schemaUrl="#damage_swesph_roads">
		<SimpleData name="osm_id">1450623121</SimpleData>
		<SimpleData name="type">unclassified</SimpleData>
		<SimpleData name="depth_cls">0.1-0.5 m</SimpleData>
		<SimpleData name="max_depth">0.44</SimpleData>
		<SimpleData name="length_m">158.3</SimpleData>
	</SchemaData></ExtendedData>
      <LineString><coordinates>79.1213304,14.2679704 79.1212991661688,14.2681465749113 79.1212813709674,14.268323029206 79.121304878587,14.2685003421987 79.1213937732669,14.268637927745 79.1215308678591,14.2687416726123 79.1214670829551,14.268909290164 79.1214034367128,14.26907695308 79.1213506875309,14.2692481807053</coordinates></LineString>
  </Placemark>
  <Placemark id="damage_swesph_roads.188">
	<Style><LineStyle><color>ff0000ff</color></LineStyle><PolyStyle><fill>0</fill></PolyStyle></Style>
	<ExtendedData><SchemaData schemaUrl="#damage_swesph_roads">
		<SimpleData name="osm_id">1450623121</SimpleData>
		<SimpleData name="type">unclassified</SimpleData>
		<SimpleData name="depth_cls">0.5-1.5 m</SimpleData>
		<SimpleData name="max_depth">0.69</SimpleData>
		<SimpleData name="length_m">178.1</SimpleData>
	</SchemaData></ExtendedData>
      <LineString><coordinates>79.1213506875309,14.2692481807053 79.1212979382541,14.2694194083068 79.1212885917139,14.2695977678858 79.1212809007994,14.2697763995196 79.1212732098546,14.2699550311491 79.1212655188796,14.2701336627743 79.1212578278743,14.2703122943953 79.1212532659237,14.2704910253337 79.1212490310387,14.270669766651 79.1212346017063,14.2708465499925</coordinates></LineString>
  </Placemark>
  <Placemark id="damage_swesph_roads.189">
	<Style><LineStyle><color>ff0000ff</color></LineStyle><PolyStyle><fill>0</fill></PolyStyle></Style>
	<ExtendedData><SchemaData schemaUrl="#damage_swesph_roads">
		<SimpleData name="osm_id">1450623121</SimpleData>
		<SimpleData name="type">unclassified</SimpleData>
		<SimpleData name="depth_cls">0.1-0.5 m</SimpleData>
		<SimpleData name="max_depth">0.46</SimpleData>
		<SimpleData name="length_m">336.3</SimpleData>
	</SchemaData></ExtendedData>
      <LineString><coordinates>79.1212346017063,14.2708465499925 79.1211690308322,14.2710135109253 79.1211034598479,14.271180471826 79.1210996000117,14.2713585645668 79.1210996000065,14.2715373535689 79.1210686312734,14.2717120367958 79.1209927866348,14.2718682074061 79.1208398206041,14.2719563226976 79.1207831408769,14.2720910610358 79.1207836418017,14.2722698493295 79.1207877107303,14.2724485090909 79.1208007351942,14.2726268462478 79.1208137596606,14.272805183404 79.1208267841295,14.2729835205595 79.1208337058739,14.273162056302 79.120832799637,14.2733408430683 79.1208318933805,14.2735196298319 79.1208309871043,14.2736984165928</coordinates></LineString>
  </Placemark>
  <Placemark id="damage_swesph_roads.190">
	<Style><LineStyle><color>ff0000ff</color></LineStyle><PolyStyle><fill>0</fill></PolyStyle></Style>
	<ExtendedData><SchemaData schemaUrl="#damage_swesph_roads">
		<SimpleData name="osm_id">1217956149</SimpleData>
		<SimpleData name="type">secondary</SimpleData>
		<SimpleData name="depth_cls">0.1-0.5 m</SimpleData>
		<SimpleData name="max_depth">0.45</SimpleData>
		<SimpleData name="length_m">160</SimpleData>
	</SchemaData></ExtendedData>
      <LineString><coordinates>79.1288903,14.2673388 79.1287650478723,14.2674719928751 79.1286397955956,14.267605185665 79.1285886112391,14.2677788363251 79.1285109664708,14.26793528116 79.1283662435431,14.2680481543753 79.1281989673506,14.2681223103144 79.1280254562994,14.2681857628289 79.1278519451648,14.2682492152048</coordinates></LineString>
  </Placemark>
  <Placemark id="damage_swesph_roads.191">
	<Style><LineStyle><color>ff0000ff</color></LineStyle><PolyStyle><fill>0</fill></PolyStyle></Style>
	<ExtendedData><SchemaData schemaUrl="#damage_swesph_roads">
		<SimpleData name="osm_id">1217956149</SimpleData>
		<SimpleData name="type">secondary</SimpleData>
		<SimpleData name="depth_cls">0.5-1.5 m</SimpleData>
		<SimpleData name="max_depth">0.53</SimpleData>
		<SimpleData name="length_m">20</SimpleData>
	</SchemaData></ExtendedData>
      <LineString><coordinates>79.1278519451648,14.2682492152048 79.1276965817159,14.2683451478277</coordinates></LineString>
  </Placemark>
  <Placemark id="damage_swesph_roads.192">
	<Style><LineStyle><color>ff0000ff</color></LineStyle><PolyStyle><fill>0</fill></PolyStyle></Style>
	<ExtendedData><SchemaData schemaUrl="#damage_swesph_roads">
		<SimpleData name="osm_id">1217956149</SimpleData>
		<SimpleData name="type">secondary</SimpleData>
		<SimpleData name="depth_cls">0.1-0.5 m</SimpleData>
		<SimpleData name="max_depth">0.48</SimpleData>
		<SimpleData name="length_m">559.9</SimpleData>
	</SchemaData></ExtendedData>
      <LineString><coordinates>79.1276965817159,14.2683451478277 79.1275478515093,14.2684529525645 79.1274364169292,14.2685951909949 79.1273341910241,14.2687459315203 79.1272319649756,14.2688966719834 79.1271795340063,14.2690699528706 79.1271277827695,14.2692434799074 79.1270877163686,14.2694199331087 79.1270476498884,14.2695963862933 79.127007583329,14.269772839461 79.1269675166904,14.2699492926119 79.1269150554244,14.2701225051585 79.1268592482431,14.2702948429075 79.1268034409616,14.2704671806306 79.1267476335801,14.270639518328 79.1266918260984,14.2708118559995 79.1266374331118,14.2709846181431 79.12658424981,14.2711577432989 79.1265397103499,14.2713317068529 79.1265568886127,14.2715116567363 79.1265740668846,14.2716916066192 79.1265912451656,14.2718715565016 79.1266135983337,14.272050240527 79.1266855336875,14.2722167959773 79.1267574691342,14.2723833514167 79.1268294046737,14.272549906845 79.1268730177895,14.2727249522913 79.1269094217696,14.2729021587778 79.1269458257896,14.2730793652631</coordinates></LineString>
  </Placemark>
  <Placemark id="damage_swesph_roads.193">
	<Style><LineStyle><color>ff0000ff</color></LineStyle><PolyStyle><fill>0</fill></PolyStyle></Style>
	<ExtendedData><SchemaData schemaUrl="#damage_swesph_roads">
		<SimpleData name="osm_id">1450623103</SimpleData>
		<SimpleData name="type">residential</SimpleData>
		<SimpleData name="depth_cls">0.1-0.5 m</SimpleData>
		<SimpleData name="max_depth">0.4</SimpleData>
		<SimpleData name="length_m">59.5</SimpleData>
	</SchemaData></ExtendedData>
      <LineString><coordinates>79.1438315804105,14.2527679516988 79.1438754535557,14.2529420011348 79.1439193267522,14.2531160505686 79.1439632,14.2532901</coordinates></LineString>
  </Placemark>
  <Placemark id="damage_swesph_roads.194">
	<Style><LineStyle><color>ff0000ff</color></LineStyle><PolyStyle><fill>0</fill></PolyStyle></Style>
	<ExtendedData><SchemaData schemaUrl="#damage_swesph_roads">
		<SimpleData name="osm_id">1450623104</SimpleData>
		<SimpleData name="type">residential</SimpleData>
		<SimpleData name="depth_cls">0.1-0.5 m</SimpleData>
		<SimpleData name="max_depth">0.45</SimpleData>
		<SimpleData name="length_m">199.8</SimpleData>
	</SchemaData></ExtendedData>
      <LineString><coordinates>79.1380347791991,14.253375016912 79.1381449219172,14.2535201778582 79.1382732911315,14.2536483097753 79.1384172505488,14.2537618757491 79.1385218315465,14.2538975702917 79.1385503582686,14.2540760032646 79.138578885018,14.2542544362372 79.1386074117949,14.2544328692092 79.1386359385992,14.2546113021807 79.1386644654308,14.2547897351518 79.1386929922899,14.2549681681224</coordinates></LineString>
  </Placemark>
  <Placemark id="damage_swesph_roads.195">
	<Style><LineStyle><color>ff0000ff</color></LineStyle><PolyStyle><fill>0</fill></PolyStyle></Style>
	<ExtendedData><SchemaData schemaUrl="#damage_swesph_roads">
		<SimpleData name="osm_id">1450623104</SimpleData>
		<SimpleData name="type">residential</SimpleData>
		<SimpleData name="depth_cls">0.5-1.5 m</SimpleData>
		<SimpleData name="max_depth">1.16</SimpleData>
		<SimpleData name="length_m">59.9</SimpleData>
	</SchemaData></ExtendedData>
      <LineString><coordinates>79.1386929922899,14.2549681681224 79.1387215191763,14.2551466010925 79.1387500460901,14.2553250340622 79.1387785730314,14.2555034670313</coordinates></LineString>
  </Placemark>
  <Placemark id="damage_swesph_roads.196">
	<Style><LineStyle><color>ff0000ff</color></LineStyle><PolyStyle><fill>0</fill></PolyStyle></Style>
	<ExtendedData><SchemaData schemaUrl="#damage_swesph_roads">
		<SimpleData name="osm_id">1450623104</SimpleData>
		<SimpleData name="type">residential</SimpleData>
		<SimpleData name="depth_cls">&gt;1.5 m</SimpleData>
		<SimpleData name="max_depth">1.76</SimpleData>
		<SimpleData name="length_m">20</SimpleData>
	</SchemaData></ExtendedData>
      <LineString><coordinates>79.1387785730314,14.2555034670313 79.1388071,14.2556819</coordinates></LineString>
  </Placemark>
  <Placemark id="damage_swesph_roads.197">
	<Style><LineStyle><color>ff0000ff</color></LineStyle><PolyStyle><fill>0</fill></PolyStyle></Style>
	<ExtendedData><SchemaData schemaUrl="#damage_swesph_roads">
		<SimpleData name="osm_id">565017234</SimpleData>
		<SimpleData name="type">secondary</SimpleData>
		<SimpleData name="depth_cls">0.1-0.5 m</SimpleData>
		<SimpleData name="max_depth">0.37</SimpleData>
		<SimpleData name="length_m">80</SimpleData>
	</SchemaData></ExtendedData>
      <LineString><coordinates>79.1306326858617,14.2665025312276 79.1304609792995,14.2664345355805 79.1302892728536,14.2663665398219 79.1301175665241,14.2662985439516 79.1299386785918,14.2663410857105</coordinates></LineString>
  </Placemark>
  <Placemark id="damage_swesph_roads.198">
	<Style><LineStyle><color>ff0000ff</color></LineStyle><PolyStyle><fill>0</fill></PolyStyle></Style>
	<ExtendedData><SchemaData schemaUrl="#damage_swesph_roads">
		<SimpleData name="osm_id">565017234</SimpleData>
		<SimpleData name="type">secondary</SimpleData>
		<SimpleData name="depth_cls">0.5-1.5 m</SimpleData>
		<SimpleData name="max_depth">0.66</SimpleData>
		<SimpleData name="length_m">60</SimpleData>
	</SchemaData></ExtendedData>
      <LineString><coordinates>79.1299386785918,14.2663410857105 79.1297693691236,14.2664027728976 79.129647829244,14.2665392158582 79.1295262892153,14.2666756587374</coordinates></LineString>
  </Placemark>
  <Placemark id="damage_swesph_roads.199">
	<Style><LineStyle><color>ff0000ff</color></LineStyle><PolyStyle><fill>0</fill></PolyStyle></Style>
	<ExtendedData><SchemaData schemaUrl="#damage_swesph_roads">
		<SimpleData name="osm_id">565017234</SimpleData>
		<SimpleData name="type">secondary</SimpleData>
		<SimpleData name="depth_cls">0.1-0.5 m</SimpleData>
		<SimpleData name="max_depth">0.45</SimpleData>
		<SimpleData name="length_m">140</SimpleData>
	</SchemaData></ExtendedData>
      <LineString><coordinates>79.1295262892153,14.2666756587374 79.1294047490377,14.2668121015353 79.129283208711,14.2669485442518 79.1291616682354,14.2670849868869 79.1290401276107,14.2672214294406 79.1288983239499,14.2673341681517 79.12872853991,14.2672718789666 79.1285528362768,14.2672144099995</coordinates></LineString>
  </Placemark>
  <Placemark id="damage_swesph_roads.200">
	<Style><LineStyle><color>ff0000ff</color></LineStyle><PolyStyle><fill>0</fill></PolyStyle></Style>
	<ExtendedData><SchemaData schemaUrl="#damage_swesph_roads">
		<SimpleData name="osm_id">565017234</SimpleData>
		<SimpleData name="type">secondary</SimpleData>
		<SimpleData name="depth_cls">0.5-1.5 m</SimpleData>
		<SimpleData name="max_depth">1.14</SimpleData>
		<SimpleData name="length_m">20</SimpleData>
	</SchemaData></ExtendedData>
      <LineString><coordinates>79.1285528362768,14.2672144099995 79.1283771327475,14.2671569409134</coordinates></LineString>
  </Placemark>
  <Placemark id="damage_swesph_roads.201">
	<Style><LineStyle><color>ff0000ff</color></LineStyle><PolyStyle><fill>0</fill></PolyStyle></Style>
	<ExtendedData><SchemaData schemaUrl="#damage_swesph_roads">
		<SimpleData name="osm_id">565017234</SimpleData>
		<SimpleData name="type">secondary</SimpleData>
		<SimpleData name="depth_cls">&gt;1.5 m</SimpleData>
		<SimpleData name="max_depth">1.95</SimpleData>
		<SimpleData name="length_m">140</SimpleData>
	</SchemaData></ExtendedData>
      <LineString><coordinates>79.1283771327475,14.2671569409134 79.1282014293222,14.2670994717082 79.1280257260008,14.267042002384 79.127847701742,14.2670457873202 79.1276681284586,14.2670904516774 79.1274885551206,14.2671351158903 79.127308981728,14.267179779959 79.1271294082809,14.2672244438834</coordinates></LineString>
  </Placemark>
  <Placemark id="damage_swesph_roads.202">
	<Style><LineStyle><color>ff0000ff</color></LineStyle><PolyStyle><fill>0</fill></PolyStyle></Style>
	<ExtendedData><SchemaData schemaUrl="#damage_swesph_roads">
		<SimpleData name="osm_id">565017234</SimpleData>
		<SimpleData name="type">secondary</SimpleData>
		<SimpleData name="depth_cls">0.5-1.5 m</SimpleData>
		<SimpleData name="max_depth">1.43</SimpleData>
		<SimpleData name="length_m">180</SimpleData>
	</SchemaData></ExtendedData>
      <LineString><coordinates>79.1271294082809,14.2672244438834 79.1269498347793,14.2672691076637 79.1267702612231,14.2673137712997 79.1265906876123,14.2673584347915 79.126411113947,14.2674030981391 79.1262315402271,14.2674477613424 79.126052642792,14.2674948602554 79.1258744989316,14.2675446732624 79.1256963550085,14.2675944861264 79.1255182110228,14.2676442988473</coordinates></LineString>
  </Placemark>
  <Placemark id="damage_swesph_roads.203">
	<Style><LineStyle><color>ff0000ff</color></LineStyle><PolyStyle><fill>0</fill></PolyStyle></Style>
	<ExtendedData><SchemaData schemaUrl="#damage_swesph_roads">
		<SimpleData name="osm_id">565017234</SimpleData>
		<SimpleData name="type">secondary</SimpleData>
		<SimpleData name="depth_cls">0.1-0.5 m</SimpleData>
		<SimpleData name="max_depth">0.49</SimpleData>
		<SimpleData name="length_m">120</SimpleData>
	</SchemaData></ExtendedData>
      <LineString><coordinates>79.1255182110228,14.2676442988473 79.1253400669745,14.2676941114252 79.1251619228635,14.26774392386 79.1249837786899,14.2677937361517 79.1248056344537,14.2678435483004 79.1246227091328,14.2678306695404 79.1244389692391,14.2678071090009</coordinates></LineString>
  </Placemark>
  <Placemark id="damage_swesph_roads.204">
	<Style><LineStyle><color>ff0000ff</color></LineStyle><PolyStyle><fill>0</fill></PolyStyle></Style>
	<ExtendedData><SchemaData schemaUrl="#damage_swesph_roads">
		<SimpleData name="osm_id">565017234</SimpleData>
		<SimpleData name="type">secondary</SimpleData>
		<SimpleData name="depth_cls">0.1-0.5 m</SimpleData>
		<SimpleData name="max_depth">0.1</SimpleData>
		<SimpleData name="length_m">20</SimpleData>
	</SchemaData></ExtendedData>
      <LineString><coordinates>79.121372185719,14.2672586475389 79.1211885285899,14.267234486716</coordinates></LineString>
  </Placemark>
  <Placemark id="damage_swesph_roads.205">
	<Style><LineStyle><color>ff0000ff</color></LineStyle><PolyStyle><fill>0</fill></PolyStyle></Style>
	<ExtendedData><SchemaData schemaUrl="#damage_swesph_roads">
		<SimpleData name="osm_id">565017234</SimpleData>
		<SimpleData name="type">secondary</SimpleData>
		<SimpleData name="depth_cls">0.1-0.5 m</SimpleData>
		<SimpleData name="max_depth">0.41</SimpleData>
		<SimpleData name="length_m">600</SimpleData>
	</SchemaData></ExtendedData>
      <LineString><coordinates>79.1210048715179,14.2672103257562 79.120821214503,14.2671861646596 79.1206375575452,14.267162003426 79.1204539006445,14.2671378420556 79.1202702438009,14.2671136805483 79.1200865870145,14.2670895189041 79.1199030300416,14.2670646479312 79.1197194868342,14.2670396793742 79.1195359436851,14.2670147106806 79.1193519750698,14.26699314826 79.1191676541161,14.266974406648 79.1189833332111,14.266955664897 79.1187990123548,14.2669369230072 79.1186146915472,14.2669181809783 79.1184303707883,14.2668994388105 79.1182460500781,14.2668806965038 79.1180617294167,14.2668619540581 79.1178772357898,14.2668454106337 79.1176921410199,14.266836508616 79.1175070462831,14.2668276064563 79.1173219515795,14.2668187041544 79.1171368569088,14.2668098017105 79.1169517622713,14.2668008991245 79.1167666676669,14.2667919963964 79.1165815730955,14.2667830935262 79.1163972275878,14.2667938397225 79.1162143046634,14.2668212161249 79.1160346740027,14.2668656551683 79.115853306825,14.2669012025066 79.1156695035843,14.2669242759868 79.1154857003243,14.2669473493204</coordinates></LineString>
  </Placemark>
  <Placemark id="damage_swesph_roads.206">
	<Style><LineStyle><color>ff0000ff</color></LineStyle><PolyStyle><fill>0</fill></PolyStyle></Style>
	<ExtendedData><SchemaData schemaUrl="#damage_swesph_roads">
		<SimpleData name="osm_id">565017234</SimpleData>
		<SimpleData name="type">secondary</SimpleData>
		<SimpleData name="depth_cls">0.1-0.5 m</SimpleData>
		<SimpleData name="max_depth">0.15</SimpleData>
		<SimpleData name="length_m">20</SimpleData>
	</SchemaData></ExtendedData>
      <LineString><coordinates>79.1153004050548,14.2669452574423 79.1151151,14.266943</coordinates></LineString>
  </Placemark>
  <Placemark id="damage_swesph_roads.207">
	<Style><LineStyle><color>ff0000ff</color></LineStyle><PolyStyle><fill>0</fill></PolyStyle></Style>
	<ExtendedData><SchemaData schemaUrl="#damage_swesph_roads">
		<SimpleData name="osm_id">1259299249</SimpleData>
		<SimpleData name="type">residential</SimpleData>
		<SimpleData name="depth_cls">0.1-0.5 m</SimpleData>
		<SimpleData name="max_depth">0.46</SimpleData>
		<SimpleData name="length_m">170.3</SimpleData>
	</SchemaData></ExtendedData>
      <LineString><coordinates>79.111782,14.244319 79.1119563296756,14.2443010327575 79.1120888545046,14.2442385704447 79.1121223820422,14.2440707404476 79.1121559095147,14.2439029104373 79.1121894369222,14.243735080414 79.1122229642645,14.2435672503777 79.1122564915418,14.2433994203283 79.112290018754,14.2432315902658 79.1123235459011,14.2430637601902</coordinates></LineString>
  </Placemark>
  <Placemark id="damage_swesph_roads.208">
	<Style><LineStyle><color>ff0000ff</color></LineStyle><PolyStyle><fill>0</fill></PolyStyle></Style>
	<ExtendedData><SchemaData schemaUrl="#damage_swesph_roads">
		<SimpleData name="osm_id">1259299249</SimpleData>
		<SimpleData name="type">residential</SimpleData>
		<SimpleData name="depth_cls">0.5-1.5 m</SimpleData>
		<SimpleData name="max_depth">0.64</SimpleData>
		<SimpleData name="length_m">37.8</SimpleData>
	</SchemaData></ExtendedData>
      <LineString><coordinates>79.1123235459011,14.2430637601902 79.1123570729831,14.2428959301016 79.1123906,14.2427281</coordinates></LineString>
  </Placemark>
  <Placemark id="damage_swesph_roads.209">
	<Style><LineStyle><color>ff0000ff</color></LineStyle><PolyStyle><fill>0</fill></PolyStyle></Style>
	<ExtendedData><SchemaData schemaUrl="#damage_swesph_roads">
		<SimpleData name="osm_id">1259299259</SimpleData>
		<SimpleData name="type">residential</SimpleData>
		<SimpleData name="depth_cls">0.1-0.5 m</SimpleData>
		<SimpleData name="max_depth">0.5</SimpleData>
		<SimpleData name="length_m">77.5</SimpleData>
	</SchemaData></ExtendedData>
      <LineString><coordinates>79.1007587,14.242287 79.100778423068,14.2424610752234 79.100798146149,14.2426351504465 79.1008178692431,14.2428092256694 79.1008375923502,14.242983300892</coordinates></LineString>
  </Placemark>
  <Placemark id="damage_swesph_roads.210">
	<Style><LineStyle><color>ff0000ff</color></LineStyle><PolyStyle><fill>0</fill></PolyStyle></Style>
	<ExtendedData><SchemaData schemaUrl="#damage_swesph_roads">
		<SimpleData name="osm_id">1259299259</SimpleData>
		<SimpleData name="type">residential</SimpleData>
		<SimpleData name="depth_cls">0.5-1.5 m</SimpleData>
		<SimpleData name="max_depth">1.41</SimpleData>
		<SimpleData name="length_m">348.8</SimpleData>
	</SchemaData></ExtendedData>
      <LineString><coordinates>79.1008375923502,14.242983300892 79.1008573154704,14.2431573761144 79.1009347128606,14.2433133427569 79.1010343721909,14.2434529927385 79.101201455008,14.2435171211669 79.1013685379323,14.2435812494896 79.1015356209641,14.2436453777067 79.1017027041032,14.2437095058181 79.1018697873496,14.2437736338238 79.1019995012926,14.2438935802353 79.1021669075482,14.2439404614107 79.1023441350362,14.2439685588992 79.1025213625848,14.2439966562613 79.1026799330016,14.2440786420502 79.1028383402793,14.2441610993109 79.1029967476819,14.2442435564802 79.1030202337678,14.2444094567732 79.1030291359184,14.2445843766103 79.1030380380653,14.2447592964464</coordinates></LineString>
  </Placemark>
  <Placemark id="damage_swesph_roads.211">
	<Style><LineStyle><color>ff0000ff</color></LineStyle><PolyStyle><fill>0</fill></PolyStyle></Style>
	<ExtendedData><SchemaData schemaUrl="#damage_swesph_roads">
		<SimpleData name="osm_id">1259299259</SimpleData>
		<SimpleData name="type">residential</SimpleData>
		<SimpleData name="depth_cls">0.1-0.5 m</SimpleData>
		<SimpleData name="max_depth">0.47</SimpleData>
		<SimpleData name="length_m">116.3</SimpleData>
	</SchemaData></ExtendedData>
      <LineString><coordinates>79.1030380380653,14.2447592964464 79.1030469402084,14.2449342162814 79.1030935998391,14.2451025209031 79.1031476655332,14.245269527969 79.1032209485233,14.2454133109352 79.1033997242401,14.2454296055331 79.1035785,14.2454459</coordinates></LineString>
  </Placemark>
  <Placemark id="damage_swesph_roads.212">
	<Style><LineStyle><color>ff0000ff</color></LineStyle><PolyStyle><fill>0</fill></PolyStyle></Style>
	<ExtendedData><SchemaData schemaUrl="#damage_swesph_roads">
		<SimpleData name="osm_id">567442397</SimpleData>
		<SimpleData name="type">secondary</SimpleData>
		<SimpleData name="depth_cls">0.1-0.5 m</SimpleData>
		<SimpleData name="max_depth">0.49</SimpleData>
		<SimpleData name="length_m">80</SimpleData>
	</SchemaData></ExtendedData>
      <LineString><coordinates>79.107022,14.2467041 79.1069497251123,14.24653833047 79.106897877132,14.2463650342068 79.1068421666871,14.2461929975207 79.1067544956556,14.2460340445736</coordinates></LineString>
  </Placemark>
  <Placemark id="damage_swesph_roads.213">
	<Style><LineStyle><color>ff0000ff</color></LineStyle><PolyStyle><fill>0</fill></PolyStyle></Style>
	<ExtendedData><SchemaData schemaUrl="#damage_swesph_roads">
		<SimpleData name="osm_id">567442397</SimpleData>
		<SimpleData name="type">secondary</SimpleData>
		<SimpleData name="depth_cls">0.5-1.5 m</SimpleData>
		<SimpleData name="max_depth">0.69</SimpleData>
		<SimpleData name="length_m">199.9</SimpleData>
	</SchemaData></ExtendedData>
      <LineString><coordinates>79.1067544956556,14.2460340445736 79.106639800352,14.2458921981696 79.1065219999692,14.2457527807934 79.1063902318189,14.2456261557429 79.106236777811,14.2455253116729 79.1060841479462,14.2454229946408 79.1059334080302,14.2453180108286 79.1058078455893,14.2451854092605 79.1056815324776,14.245053861471 79.1055223675743,14.2449633979832 79.1053451137437,14.2449110020617</coordinates></LineString>
  </Placemark>
  <Placemark id="damage_swesph_roads.214">
	<Style><LineStyle><color>ff0000ff</color></LineStyle><PolyStyle><fill>0</fill></PolyStyle></Style>
	<ExtendedData><SchemaData schemaUrl="#damage_swesph_roads">
		<SimpleData name="osm_id">567442397</SimpleData>
		<SimpleData name="type">secondary</SimpleData>
		<SimpleData name="depth_cls">0.1-0.5 m</SimpleData>
		<SimpleData name="max_depth">0.49</SimpleData>
		<SimpleData name="length_m">100</SimpleData>
	</SchemaData></ExtendedData>
      <LineString><coordinates>79.1053451137437,14.2449110020617 79.105169270615,14.24485430693 79.1050506917772,14.2447232267819 79.1050438623293,14.2445439023989 79.105072517021,14.244365638343 79.1051136103126,14.2441895748819</coordinates></LineString>
  </Placemark>
  <Placemark id="damage_swesph_roads.215">
	<Style><LineStyle><color>ff0000ff</color></LineStyle><PolyStyle><fill>0</fill></PolyStyle></Style>
	<ExtendedData><SchemaData schemaUrl="#damage_swesph_roads">
		<SimpleData name="osm_id">567442397</SimpleData>
		<SimpleData name="type">secondary</SimpleData>
		<SimpleData name="depth_cls">0.5-1.5 m</SimpleData>
		<SimpleData name="max_depth">0.77</SimpleData>
		<SimpleData name="length_m">179.9</SimpleData>
	</SchemaData></ExtendedData>
      <LineString><coordinates>79.1051136103126,14.2441895748819 79.1051598862481,14.2440146406533 79.1051990978933,14.2438382670044 79.1052276495475,14.2436597691164 79.1052534032819,14.2434808603634 79.1052791569577,14.2433019516001 79.1053052833897,14.243123094603 79.1053317476001,14.2429442845143 79.1053582117509,14.242765474415 79.1053867363933,14.2425869682368</coordinates></LineString>
  </Placemark>
  <Placemark id="damage_swesph_roads.216">
	<Style><LineStyle><color>ff0000ff</color></LineStyle><PolyStyle><fill>0</fill></PolyStyle></Style>
	<ExtendedData><SchemaData schemaUrl="#damage_swesph_roads">
		<SimpleData name="osm_id">567442397</SimpleData>
		<SimpleData name="type">secondary</SimpleData>
		<SimpleData name="depth_cls">0.1-0.5 m</SimpleData>
		<SimpleData name="max_depth">0.38</SimpleData>
		<SimpleData name="length_m">100</SimpleData>
	</SchemaData></ExtendedData>
      <LineString><coordinates>79.1053867363933,14.2425869682368 79.1054127035631,14.2424081367306 79.1054320874404,14.242228468939 79.1054368373199,14.2420483702389 79.1054044395932,14.2418710558659 79.1053606042633,14.2416955300608</coordinates></LineString>
  </Placemark>
  <Placemark id="damage_swesph_roads.217">
	<Style><LineStyle><color>ff0000ff</color></LineStyle><PolyStyle><fill>0</fill></PolyStyle></Style>
	<ExtendedData><SchemaData schemaUrl="#damage_swesph_roads">
		<SimpleData name="osm_id">567442397</SimpleData>
		<SimpleData name="type">secondary</SimpleData>
		<SimpleData name="depth_cls">0.1-0.5 m</SimpleData>
		<SimpleData name="max_depth">0.12</SimpleData>
		<SimpleData name="length_m">60</SimpleData>
	</SchemaData></ExtendedData>
      <LineString><coordinates>79.1027537934354,14.2416240147486 79.1025924255602,14.2417126902628 79.1024307226969,14.2418007921096 79.1022671828765,14.241885582179</coordinates></LineString>
  </Placemark>
  <Placemark id="damage_swesph_roads.218">
	<Style><LineStyle><color>ff0000ff</color></LineStyle><PolyStyle><fill>0</fill></PolyStyle></Style>
	<ExtendedData><SchemaData schemaUrl="#damage_swesph_roads">
		<SimpleData name="osm_id">567442397</SimpleData>
		<SimpleData name="type">secondary</SimpleData>
		<SimpleData name="depth_cls">0.1-0.5 m</SimpleData>
		<SimpleData name="max_depth">0.2</SimpleData>
		<SimpleData name="length_m">179.9</SimpleData>
	</SchemaData></ExtendedData>
      <LineString><coordinates>79.1020959485154,14.2419525503927 79.1019191633345,14.2420064469974 79.1017419687028,14.2420590406292 79.1015645828928,14.2421110259171 79.1013851796436,14.2421557095829 79.1012050346923,14.2421977088507 79.1010243330423,14.2422371887113 79.1008424443557,14.2422712963627 79.1006604537337,14.2423044891762 79.1004753264261,14.2423101871416</coordinates></LineString>
  </Placemark>
  <Placemark id="damage_swesph_roads.219">
	<Style><LineStyle><color>ff0000ff</color></LineStyle><PolyStyle><fill>0</fill></PolyStyle></Style>
	<ExtendedData><SchemaData schemaUrl="#damage_swesph_roads">
		<SimpleData name="osm_id">567442397</SimpleData>
		<SimpleData name="type">secondary</SimpleData>
		<SimpleData name="depth_cls">0.1-0.5 m</SimpleData>
		<SimpleData name="max_depth">0.12</SimpleData>
		<SimpleData name="length_m">40</SimpleData>
	</SchemaData></ExtendedData>
      <LineString><coordinates>79.099014572357,14.2425114659393 79.0988332137584,14.2425481610672 79.0986522356953,14.2425865785436</coordinates></LineString>
  </Placemark>
  <Placemark id="damage_swesph_roads.220">
	<Style><LineStyle><color>ff0000ff</color></LineStyle><PolyStyle><fill>0</fill></PolyStyle></Style>
	<ExtendedData><SchemaData schemaUrl="#damage_swesph_roads">
		<SimpleData name="osm_id">567442397</SimpleData>
		<SimpleData name="type">secondary</SimpleData>
		<SimpleData name="depth_cls">0.1-0.5 m</SimpleData>
		<SimpleData name="max_depth">0.15</SimpleData>
		<SimpleData name="length_m">20</SimpleData>
	</SchemaData></ExtendedData>
      <LineString><coordinates>79.0981374215053,14.2427688700368 79.0980086294068,14.2428976756154</coordinates></LineString>
  </Placemark>
  <Placemark id="damage_swesph_roads.221">
	<Style><LineStyle><color>ff0000ff</color></LineStyle><PolyStyle><fill>0</fill></PolyStyle></Style>
	<ExtendedData><SchemaData schemaUrl="#damage_swesph_roads">
		<SimpleData name="osm_id">567442397</SimpleData>
		<SimpleData name="type">secondary</SimpleData>
		<SimpleData name="depth_cls">0.1-0.5 m</SimpleData>
		<SimpleData name="max_depth">0.38</SimpleData>
		<SimpleData name="length_m">339.9</SimpleData>
	</SchemaData></ExtendedData>
      <LineString><coordinates>79.0978955131137,14.2430406882894 79.0977816387431,14.2431830896296 79.0976788121503,14.2433333110722 79.0975872510396,14.2434902548794 79.0974848017281,14.2436401598594 79.0973463836824,14.2437573816992 79.0971818230475,14.243838036043 79.0970102931101,14.2439061862201 79.0968369580125,14.2439698604246 79.0966636228317,14.2440335344907 79.0964849233415,14.2440806259514 79.0963032187638,14.2441133242392 79.09611848567,14.2441199637775 79.095933287088,14.2441171865206 79.0957481332661,14.2441172018208 79.0955633588293,14.2441169756638 79.0953795570677,14.2440951900563 79.0951966700045,14.2440666041308</coordinates></LineString>
  </Placemark>
  <Placemark id="damage_swesph_roads.222">
	<Style><LineStyle><color>ff0000ff</color></LineStyle><PolyStyle><fill>0</fill></PolyStyle></Style>
	<ExtendedData><SchemaData schemaUrl="#damage_swesph_roads">
		<SimpleData name="osm_id">567442397</SimpleData>
		<SimpleData name="type">secondary</SimpleData>
		<SimpleData name="depth_cls">0.1-0.5 m</SimpleData>
		<SimpleData name="max_depth">0.14</SimpleData>
		<SimpleData name="length_m">20</SimpleData>
	</SchemaData></ExtendedData>
      <LineString><coordinates>79.0943000662153,14.2441889372114 79.0941412223768,14.2442818553766</coordinates></LineString>
  </Placemark>
  <Placemark id="damage_swesph_roads.223">
	<Style><LineStyle><color>ff0000ff</color></LineStyle><PolyStyle><fill>0</fill></PolyStyle></Style>
	<ExtendedData><SchemaData schemaUrl="#damage_swesph_roads">
		<SimpleData name="osm_id">567442397</SimpleData>
		<SimpleData name="type">secondary</SimpleData>
		<SimpleData name="depth_cls">0.1-0.5 m</SimpleData>
		<SimpleData name="max_depth">0.11</SimpleData>
		<SimpleData name="length_m">20</SimpleData>
	</SchemaData></ExtendedData>
      <LineString><coordinates>79.0890196767662,14.2458087284776 79.0889203926135,14.2459612116219</coordinates></LineString>
  </Placemark>
  <Placemark id="damage_swesph_roads.224">
	<Style><LineStyle><color>ff0000ff</color></LineStyle><PolyStyle><fill>0</fill></PolyStyle></Style>
	<ExtendedData><SchemaData schemaUrl="#damage_swesph_roads">
		<SimpleData name="osm_id">567442397</SimpleData>
		<SimpleData name="type">secondary</SimpleData>
		<SimpleData name="depth_cls">0.1-0.5 m</SimpleData>
		<SimpleData name="max_depth">0.4</SimpleData>
		<SimpleData name="length_m">279.9</SimpleData>
	</SchemaData></ExtendedData>
      <LineString><coordinates>79.0888350526011,14.2461209777535 79.0887520222239,14.2462819188962 79.0886453098712,14.2464289007231 79.0885178592152,14.2465589485458 79.0883720350376,14.2466703396534 79.088225683295,14.2467810713979 79.0880755273341,14.2468867938432 79.0879046342183,14.246955238934 79.0877277642039,14.2470085461574 79.0875551123325,14.2470739658974 79.0873829949712,14.2471407090528 79.0872087977946,14.2472019211379 79.0870340002379,14.2472616121582 79.0868579768514,14.2473152866694 79.0866738772156,14.2473213345832</coordinates></LineString>
  </Placemark>
  <Placemark id="damage_swesph_roads.225">
	<Style><LineStyle><color>ff0000ff</color></LineStyle><PolyStyle><fill>0</fill></PolyStyle></Style>
	<ExtendedData><SchemaData schemaUrl="#damage_swesph_roads">
		<SimpleData name="osm_id">567442397</SimpleData>
		<SimpleData name="type">secondary</SimpleData>
		<SimpleData name="depth_cls">0.5-1.5 m</SimpleData>
		<SimpleData name="max_depth">0.77</SimpleData>
		<SimpleData name="length_m">40</SimpleData>
	</SchemaData></ExtendedData>
      <LineString><coordinates>79.0866738772156,14.2473213345832 79.0864999997519,14.2472628475003 79.0863745648134,14.2471365418432</coordinates></LineString>
  </Placemark>
  <Placemark id="damage_swesph_roads.226">
	<Style><LineStyle><color>ff0000ff</color></LineStyle><PolyStyle><fill>0</fill></PolyStyle></Style>
	<ExtendedData><SchemaData schemaUrl="#damage_swesph_roads">
		<SimpleData name="osm_id">567442397</SimpleData>
		<SimpleData name="type">secondary</SimpleData>
		<SimpleData name="depth_cls">&gt;1.5 m</SimpleData>
		<SimpleData name="max_depth">1.62</SimpleData>
		<SimpleData name="length_m">20</SimpleData>
	</SchemaData></ExtendedData>
      <LineString><coordinates>79.0863745648134,14.2471365418432 79.0863564089895,14.2469573185966</coordinates></LineString>
  </Placemark>
  <Placemark id="damage_swesph_roads.227">
	<Style><LineStyle><color>ff0000ff</color></LineStyle><PolyStyle><fill>0</fill></PolyStyle></Style>
	<ExtendedData><SchemaData schemaUrl="#damage_swesph_roads">
		<SimpleData name="osm_id">567442397</SimpleData>
		<SimpleData name="type">secondary</SimpleData>
		<SimpleData name="depth_cls">0.5-1.5 m</SimpleData>
		<SimpleData name="max_depth">1.3</SimpleData>
		<SimpleData name="length_m">60</SimpleData>
	</SchemaData></ExtendedData>
      <LineString><coordinates>79.0863564089895,14.2469573185966 79.0863055686875,14.2467846944343 79.0862146767947,14.2466277090662 79.0860903145253,14.2464940744374</coordinates></LineString>
  </Placemark>
  <Placemark id="damage_swesph_roads.228">
	<Style><LineStyle><color>ff0000ff</color></LineStyle><PolyStyle><fill>0</fill></PolyStyle></Style>
	<ExtendedData><SchemaData schemaUrl="#damage_swesph_roads">
		<SimpleData name="osm_id">567442397</SimpleData>
		<SimpleData name="type">secondary</SimpleData>
		<SimpleData name="depth_cls">&gt;1.5 m</SimpleData>
		<SimpleData name="max_depth">1.79</SimpleData>
		<SimpleData name="length_m">20</SimpleData>
	</SchemaData></ExtendedData>
      <LineString><coordinates>79.0860903145253,14.2464940744374 79.0859509258313,14.2463758402759</coordinates></LineString>
  </Placemark>
  <Placemark id="damage_swesph_roads.229">
	<Style><LineStyle><color>ff0000ff</color></LineStyle><PolyStyle><fill>0</fill></PolyStyle></Style>
	<ExtendedData><SchemaData schemaUrl="#damage_swesph_roads">
		<SimpleData name="osm_id">567442397</SimpleData>
		<SimpleData name="type">secondary</SimpleData>
		<SimpleData name="depth_cls">0.5-1.5 m</SimpleData>
		<SimpleData name="max_depth">1.21</SimpleData>
		<SimpleData name="length_m">20</SimpleData>
	</SchemaData></ExtendedData>
      <LineString><coordinates>79.0859509258313,14.2463758402759 79.0858070865427,14.2462621040712</coordinates></LineString>
  </Placemark>
  <Placemark id="damage_swesph_roads.230">
	<Style><LineStyle><color>ff0000ff</color></LineStyle><PolyStyle><fill>0</fill></PolyStyle></Style>
	<ExtendedData><SchemaData schemaUrl="#damage_swesph_roads">
		<SimpleData name="osm_id">567442397</SimpleData>
		<SimpleData name="type">secondary</SimpleData>
		<SimpleData name="depth_cls">&gt;1.5 m</SimpleData>
		<SimpleData name="max_depth">1.56</SimpleData>
		<SimpleData name="length_m">40</SimpleData>
	</SchemaData></ExtendedData>
      <LineString><coordinates>79.0858070865427,14.2462621040712 79.0856462986685,14.2461736581646 79.0854682338432,14.2461315513519</coordinates></LineString>
  </Placemark>
  <Placemark id="damage_swesph_roads.231">
	<Style><LineStyle><color>ff0000ff</color></LineStyle><PolyStyle><fill>0</fill></PolyStyle></Style>
	<ExtendedData><SchemaData schemaUrl="#damage_swesph_roads">
		<SimpleData name="osm_id">567442397</SimpleData>
		<SimpleData name="type">secondary</SimpleData>
		<SimpleData name="depth_cls">0.5-1.5 m</SimpleData>
		<SimpleData name="max_depth">1.47</SimpleData>
		<SimpleData name="length_m">80</SimpleData>
	</SchemaData></ExtendedData>
      <LineString><coordinates>79.0854682338432,14.2461315513519 79.0852957480491,14.246072452534 79.0851239384565,14.2460052866254 79.0849495396553,14.2459444377206 79.08477617408,14.2458808632278</coordinates></LineString>
  </Placemark>
  <Placemark id="damage_swesph_roads.232">
	<Style><LineStyle><color>ff0000ff</color></LineStyle><PolyStyle><fill>0</fill></PolyStyle></Style>
	<ExtendedData><SchemaData schemaUrl="#damage_swesph_roads">
		<SimpleData name="osm_id">567442397</SimpleData>
		<SimpleData name="type">secondary</SimpleData>
		<SimpleData name="depth_cls">&gt;1.5 m</SimpleData>
		<SimpleData name="max_depth">1.83</SimpleData>
		<SimpleData name="length_m">20</SimpleData>
	</SchemaData></ExtendedData>
      <LineString><coordinates>79.08477617408,14.2458808632278 79.0846040706265,14.2458141335563</coordinates></LineString>
  </Placemark>
  <Placemark id="damage_swesph_roads.233">
	<Style><LineStyle><color>ff0000ff</color></LineStyle><PolyStyle><fill>0</fill></PolyStyle></Style>
	<ExtendedData><SchemaData schemaUrl="#damage_swesph_roads">
		<SimpleData name="osm_id">567442397</SimpleData>
		<SimpleData name="type">secondary</SimpleData>
		<SimpleData name="depth_cls">0.5-1.5 m</SimpleData>
		<SimpleData name="max_depth">1.32</SimpleData>
		<SimpleData name="length_m">239.9</SimpleData>
	</SchemaData></ExtendedData>
      <LineString><coordinates>79.0846040706265,14.2458141335563 79.0844329490081,14.2457449974779 79.0842602361923,14.2456797379783 79.0840886195335,14.2456118124662 79.083911758774,14.2455582234213 79.0837338400893,14.2455080161496 79.0835553174384,14.2454600149877 79.083373307066,14.2454577730544 79.0831994548652,14.2455107213207 79.0830144033944,14.2455106244816 79.0828297383234,14.2454967715329 79.0826454349252,14.2454788565053 79.0824611468769,14.2454607704366</coordinates></LineString>
  </Placemark>
  <Placemark id="damage_swesph_roads.234">
	<Style><LineStyle><color>ff0000ff</color></LineStyle><PolyStyle><fill>0</fill></PolyStyle></Style>
	<ExtendedData><SchemaData schemaUrl="#damage_swesph_roads">
		<SimpleData name="osm_id">567442397</SimpleData>
		<SimpleData name="type">secondary</SimpleData>
		<SimpleData name="depth_cls">&gt;1.5 m</SimpleData>
		<SimpleData name="max_depth">4.36</SimpleData>
		<SimpleData name="length_m">579.7</SimpleData>
	</SchemaData></ExtendedData>
      <LineString><coordinates>79.0824611468769,14.2454607704366 79.0822765758655,14.2454456581787 79.0820920441734,14.2454301244567 79.0819077056333,14.2454125190846 79.0817226952596,14.2454044413882 79.0815377181861,14.2453953468943 79.0813528164137,14.2453847608947 79.0811677004587,14.2453798470795 79.080982501347,14.2453771357088 79.0807977070367,14.2453848250531 79.0806132516596,14.2454012232409 79.0804285305441,14.2454138984087 79.0802435250664,14.2454225895101 79.0800583438087,14.2454250667202 79.0798731285113,14.2454263399685 79.0796879747529,14.2454308750868 79.079503586006,14.2454459059967 79.0793197610766,14.2454680044589 79.0791367664172,14.2454959242895 79.0789531153436,14.245518694501 79.0787686826229,14.2455353325147 79.0785842498939,14.2455519703824 79.0783998171565,14.245568608104 79.0782148551474,14.2455771280785 79.0780297474226,14.2455834128804 79.07784464382,14.245589811685 79.0776595508564,14.2455869058351 79.0774764774758,14.2455623987664 79.0773149804439,14.2454768225146 79.0772018,14.2453365</coordinates></LineString>
  </Placemark>
  <Placemark id="damage_swesph_roads.235">
	<Style><LineStyle><color>ff0000ff</color></LineStyle><PolyStyle><fill>0</fill></PolyStyle></Style>
	<ExtendedData><SchemaData schemaUrl="#damage_swesph_roads">
		<SimpleData name="osm_id">1259299247</SimpleData>
		<SimpleData name="type">residential</SimpleData>
		<SimpleData name="depth_cls">0.5-1.5 m</SimpleData>
		<SimpleData name="max_depth">0.53</SimpleData>
		<SimpleData name="length_m">36.9</SimpleData>
	</SchemaData></ExtendedData>
      <LineString><coordinates>79.1149285,14.243627 79.1149478488518,14.2437924923845 79.1149671977165,14.2439579847688</coordinates></LineString>
  </Placemark>
  <Placemark id="damage_swesph_roads.236">
	<Style><LineStyle><color>ff0000ff</color></LineStyle><PolyStyle><fill>0</fill></PolyStyle></Style>
	<ExtendedData><SchemaData schemaUrl="#damage_swesph_roads">
		<SimpleData name="osm_id">1259299247</SimpleData>
		<SimpleData name="type">residential</SimpleData>
		<SimpleData name="depth_cls">0.1-0.5 m</SimpleData>
		<SimpleData name="max_depth">0.44</SimpleData>
		<SimpleData name="length_m">165.9</SimpleData>
	</SchemaData></ExtendedData>
      <LineString><coordinates>79.1149671977165,14.2439579847688 79.1149865465939,14.2441234771528 79.1150058954841,14.2442889695365 79.1150252443871,14.24445446192 79.1150038040846,14.2446135734669 79.1149323672612,14.2447648638249 79.1148548814014,14.2449061686711 79.114684554234,14.2448942125669 79.1145142271002,14.2448822563432 79.1143439,14.2448703</coordinates></LineString>
  </Placemark>
  <Placemark id="damage_swesph_roads.237">
	<Style><LineStyle><color>ff0000ff</color></LineStyle><PolyStyle><fill>0</fill></PolyStyle></Style>
	<ExtendedData><SchemaData schemaUrl="#damage_swesph_roads">
		<SimpleData name="osm_id">1259299260</SimpleData>
		<SimpleData name="type">tertiary</SimpleData>
		<SimpleData name="depth_cls">0.5-1.5 m</SimpleData>
		<SimpleData name="max_depth">0.67</SimpleData>
		<SimpleData name="length_m">56.1</SimpleData>
	</SchemaData></ExtendedData>
      <LineString><coordinates>79.1034969,14.2460606 79.1035191677818,14.2458928553361 79.1035414355148,14.2457251106637 79.1035637031989,14.245557365983</coordinates></LineString>
  </Placemark>
  <Placemark id="damage_swesph_roads.238">
	<Style><LineStyle><color>ff0000ff</color></LineStyle><PolyStyle><fill>0</fill></PolyStyle></Style>
	<ExtendedData><SchemaData schemaUrl="#damage_swesph_roads">
		<SimpleData name="osm_id">1259299260</SimpleData>
		<SimpleData name="type">tertiary</SimpleData>
		<SimpleData name="depth_cls">0.1-0.5 m</SimpleData>
		<SimpleData name="max_depth">0.49</SimpleData>
		<SimpleData name="length_m">224.6</SimpleData>
	</SchemaData></ExtendedData>
      <LineString><coordinates>79.1035637031989,14.245557365983 79.1035933202408,14.2453910234863 79.1036442217383,14.2452299075851 79.1037207229646,14.2450781112828 79.1037972240784,14.2449263149415 79.1039305131422,14.2449381188004 79.1040873181452,14.2448978695488 79.1042445262639,14.2448264753219 79.1044101964161,14.244776826604 79.104580644151,14.2447927379755 79.1047518296359,14.2448197602977 79.1049236732569,14.244820300799 79.105096,14.2448014</coordinates></LineString>
  </Placemark>
  <Placemark id="damage_swesph_roads.239">
	<Style><LineStyle><color>ff0000ff</color></LineStyle><PolyStyle><fill>0</fill></PolyStyle></Style>
	<ExtendedData><SchemaData schemaUrl="#damage_swesph_roads">
		<SimpleData name="osm_id">567442393</SimpleData>
		<SimpleData name="type">tertiary</SimpleData>
		<SimpleData name="depth_cls">0.1-0.5 m</SimpleData>
		<SimpleData name="max_depth">0.16</SimpleData>
		<SimpleData name="length_m">18.2</SimpleData>
	</SchemaData></ExtendedData>
      <LineString><coordinates>79.1056247,14.2473472 79.1057679443383,14.2473226029605</coordinates></LineString>
  </Placemark>
  <Placemark id="damage_swesph_roads.240">
	<Style><LineStyle><color>ff0000ff</color></LineStyle><PolyStyle><fill>0</fill></PolyStyle></Style>
	<ExtendedData><SchemaData schemaUrl="#damage_swesph_roads">
		<SimpleData name="osm_id">567442393</SimpleData>
		<SimpleData name="type">tertiary</SimpleData>
		<SimpleData name="depth_cls">0.1-0.5 m</SimpleData>
		<SimpleData name="max_depth">0.37</SimpleData>
		<SimpleData name="length_m">54.7</SimpleData>
	</SchemaData></ExtendedData>
      <LineString><coordinates>79.1066195769964,14.24700069148 79.1067472989899,14.2468929754771 79.1068886022361,14.2468037670276 79.107022,14.2467041</coordinates></LineString>
  </Placemark>
  <Placemark id="damage_swesph_roads.241">
	<Style><LineStyle><color>ff0000ff</color></LineStyle><PolyStyle><fill>0</fill></PolyStyle></Style>
	<ExtendedData><SchemaData schemaUrl="#damage_swesph_roads">
		<SimpleData name="osm_id">1259299255</SimpleData>
		<SimpleData name="type">tertiary</SimpleData>
		<SimpleData name="depth_cls">0.5-1.5 m</SimpleData>
		<SimpleData name="max_depth">1.23</SimpleData>
		<SimpleData name="length_m">38.7</SimpleData>
	</SchemaData></ExtendedData>
      <LineString><coordinates>79.1113526,14.2468094 79.1113662259519,14.2469837559829 79.1113798519075,14.2471581119653</coordinates></LineString>
  </Placemark>
  <Placemark id="damage_swesph_roads.242">
	<Style><LineStyle><color>ff0000ff</color></LineStyle><PolyStyle><fill>0</fill></PolyStyle></Style>
	<ExtendedData><SchemaData schemaUrl="#damage_swesph_roads">
		<SimpleData name="osm_id">1259299255</SimpleData>
		<SimpleData name="type">tertiary</SimpleData>
		<SimpleData name="depth_cls">&gt;1.5 m</SimpleData>
		<SimpleData name="max_depth">1.56</SimpleData>
		<SimpleData name="length_m">58</SimpleData>
	</SchemaData></ExtendedData>
      <LineString><coordinates>79.1113798519075,14.2471581119653 79.1113934778668,14.247332467947 79.1115378194733,14.2473896476627 79.111714794205,14.2474175742906</coordinates></LineString>
  </Placemark>
  <Placemark id="damage_swesph_roads.243">
	<Style><LineStyle><color>ff0000ff</color></LineStyle><PolyStyle><fill>0</fill></PolyStyle></Style>
	<ExtendedData><SchemaData schemaUrl="#damage_swesph_roads">
		<SimpleData name="osm_id">1259299255</SimpleData>
		<SimpleData name="type">tertiary</SimpleData>
		<SimpleData name="depth_cls">0.5-1.5 m</SimpleData>
		<SimpleData name="max_depth">1.49</SimpleData>
		<SimpleData name="length_m">19.3</SimpleData>
	</SchemaData></ExtendedData>
      <LineString><coordinates>79.111714794205,14.2474175742906 79.111891768997,14.2474455007925</coordinates></LineString>
  </Placemark>
  <Placemark id="damage_swesph_roads.244">
	<Style><LineStyle><color>ff0000ff</color></LineStyle><PolyStyle><fill>0</fill></PolyStyle></Style>
	<ExtendedData><SchemaData schemaUrl="#damage_swesph_roads">
		<SimpleData name="osm_id">1259299255</SimpleData>
		<SimpleData name="type">tertiary</SimpleData>
		<SimpleData name="depth_cls">&gt;1.5 m</SimpleData>
		<SimpleData name="max_depth">1.6</SimpleData>
		<SimpleData name="length_m">77.4</SimpleData>
	</SchemaData></ExtendedData>
      <LineString><coordinates>79.111891768997,14.2474455007925 79.1119746542033,14.2475877813976 79.1119127417527,14.2477518848715 79.1118508291993,14.2479159883162 79.111788916543,14.2480800917316</coordinates></LineString>
  </Placemark>
  <Placemark id="damage_swesph_roads.245">
	<Style><LineStyle><color>ff0000ff</color></LineStyle><PolyStyle><fill>0</fill></PolyStyle></Style>
	<ExtendedData><SchemaData schemaUrl="#damage_swesph_roads">
		<SimpleData name="osm_id">1259299255</SimpleData>
		<SimpleData name="type">tertiary</SimpleData>
		<SimpleData name="depth_cls">0.5-1.5 m</SimpleData>
		<SimpleData name="max_depth">1.47</SimpleData>
		<SimpleData name="length_m">38.7</SimpleData>
	</SchemaData></ExtendedData>
      <LineString><coordinates>79.111788916543,14.2480800917316 79.1117270037837,14.2482441951178 79.1116650909216,14.2484082984747</coordinates></LineString>
  </Placemark>
  <Placemark id="damage_swesph_roads.246">
	<Style><LineStyle><color>ff0000ff</color></LineStyle><PolyStyle><fill>0</fill></PolyStyle></Style>
	<ExtendedData><SchemaData schemaUrl="#damage_swesph_roads">
		<SimpleData name="osm_id">1259299255</SimpleData>
		<SimpleData name="type">tertiary</SimpleData>
		<SimpleData name="depth_cls">&gt;1.5 m</SimpleData>
		<SimpleData name="max_depth">1.63</SimpleData>
		<SimpleData name="length_m">19.3</SimpleData>
	</SchemaData></ExtendedData>
      <LineString><coordinates>79.1116650909216,14.2484082984747 79.1116031779566,14.2485724018024</coordinates></LineString>
  </Placemark>
  <Placemark id="damage_swesph_roads.247">
	<Style><LineStyle><color>ff0000ff</color></LineStyle><PolyStyle><fill>0</fill></PolyStyle></Style>
	<ExtendedData><SchemaData schemaUrl="#damage_swesph_roads">
		<SimpleData name="osm_id">1259299255</SimpleData>
		<SimpleData name="type">tertiary</SimpleData>
		<SimpleData name="depth_cls">0.5-1.5 m</SimpleData>
		<SimpleData name="max_depth">1.5</SimpleData>
		<SimpleData name="length_m">58</SimpleData>
	</SchemaData></ExtendedData>
      <LineString><coordinates>79.1116031779566,14.2485724018024 79.1115412648886,14.2487365051008 79.1114793517178,14.2489006083699 79.1114174384441,14.2490647116098</coordinates></LineString>
  </Placemark>
  <Placemark id="damage_swesph_roads.248">
	<Style><LineStyle><color>ff0000ff</color></LineStyle><PolyStyle><fill>0</fill></PolyStyle></Style>
	<ExtendedData><SchemaData schemaUrl="#damage_swesph_roads">
		<SimpleData name="osm_id">1259299255</SimpleData>
		<SimpleData name="type">tertiary</SimpleData>
		<SimpleData name="depth_cls">&gt;1.5 m</SimpleData>
		<SimpleData name="max_depth">1.61</SimpleData>
		<SimpleData name="length_m">19.3</SimpleData>
	</SchemaData></ExtendedData>
      <LineString><coordinates>79.1114174384441,14.2490647116098 79.1113555250674,14.2492288148204</coordinates></LineString>
  </Placemark>
  <Placemark id="damage_swesph_roads.249">
	<Style><LineStyle><color>ff0000ff</color></LineStyle><PolyStyle><fill>0</fill></PolyStyle></Style>
	<ExtendedData><SchemaData schemaUrl="#damage_swesph_roads">
		<SimpleData name="osm_id">1259299255</SimpleData>
		<SimpleData name="type">tertiary</SimpleData>
		<SimpleData name="depth_cls">0.5-1.5 m</SimpleData>
		<SimpleData name="max_depth">1.21</SimpleData>
		<SimpleData name="length_m">96.7</SimpleData>
	</SchemaData></ExtendedData>
      <LineString><coordinates>79.1113555250674,14.2492288148204 79.1113019456951,14.2493956560206 79.1112494500565,14.2495628532686 79.1111969543261,14.2497300504932 79.1111444585038,14.2498972476946 79.1110756029018,14.2500566326063</coordinates></LineString>
  </Placemark>
  <Placemark id="damage_swesph_roads.250">
	<Style><LineStyle><color>ff0000ff</color></LineStyle><PolyStyle><fill>0</fill></PolyStyle></Style>
	<ExtendedData><SchemaData schemaUrl="#damage_swesph_roads">
		<SimpleData name="osm_id">1259299255</SimpleData>
		<SimpleData name="type">tertiary</SimpleData>
		<SimpleData name="depth_cls">0.1-0.5 m</SimpleData>
		<SimpleData name="max_depth">0.41</SimpleData>
		<SimpleData name="length_m">38.7</SimpleData>
	</SchemaData></ExtendedData>
      <LineString><coordinates>79.1110756029018,14.2500566326063 79.1109724015189,14.2501996163343 79.1108692,14.2503426</coordinates></LineString>
  </Placemark>
  <Placemark id="damage_swesph_roads.251">
	<Style><LineStyle><color>ff0000ff</color></LineStyle><PolyStyle><fill>0</fill></PolyStyle></Style>
	<ExtendedData><SchemaData schemaUrl="#damage_swesph_roads">
		<SimpleData name="osm_id">565013436</SimpleData>
		<SimpleData name="type">tertiary</SimpleData>
		<SimpleData name="depth_cls">0.1-0.5 m</SimpleData>
		<SimpleData name="max_depth">0.47</SimpleData>
		<SimpleData name="length_m">98.2</SimpleData>
	</SchemaData></ExtendedData>
      <LineString><coordinates>79.1131174,14.2513936 79.1131464120302,14.2512183721364 79.1131754239985,14.2510431442614 79.1132184708639,14.2508719526829 79.1132915693777,14.2507094036454 79.1133820199388,14.2505554079042</coordinates></LineString>
  </Placemark>
  <Placemark id="damage_swesph_roads.252">
	<Style><LineStyle><color>ff0000ff</color></LineStyle><PolyStyle><fill>0</fill></PolyStyle></Style>
	<ExtendedData><SchemaData schemaUrl="#damage_swesph_roads">
		<SimpleData name="osm_id">565013436</SimpleData>
		<SimpleData name="type">tertiary</SimpleData>
		<SimpleData name="depth_cls">0.5-1.5 m</SimpleData>
		<SimpleData name="max_depth">1.42</SimpleData>
		<SimpleData name="length_m">628.5</SimpleData>
	</SchemaData></ExtendedData>
      <LineString><coordinates>79.1133820199388,14.2505554079042 79.1134736262844,14.250402042816 79.1135665727381,14.2502494423553 79.113659519058,14.2500968418412 79.1137565630155,14.2499468256182 79.1138610979638,14.2498015337709 79.113965632772,14.2496562418596 79.1140745369347,14.2495142473018 79.1141924790853,14.2493790732522 79.1143104210925,14.2492438991253 79.1144283629563,14.2491087249214 79.1145463046765,14.2489735506404 79.1146642462533,14.2488383762823 79.1147842392101,14.2487050573602 79.1149170765274,14.2485838428823 79.1150534334248,14.24846629758 79.1151897901831,14.2483487521812 79.1153261468023,14.2482312066859 79.1154625032824,14.2481136610942 79.1155988596234,14.247996115406 79.1157378126336,14.2478818015108 79.115887422675,14.2477807510123 79.1160370325893,14.2476797004028 79.1161866423767,14.2475786496822 79.1163362520371,14.2474775988505 79.1165026845502,14.2474077110545 79.1166727628159,14.2473445767335 79.1168428410004,14.2472814422792 79.1170173645974,14.2472314780956 79.117192631261,14.2471837153923 79.1173678978662,14.2471359525508 79.1175431644129,14.2470881895713 79.1177184309011,14.2470404264536</coordinates></LineString>
  </Placemark>
  <Placemark id="damage_swesph_roads.253">
	<Style><LineStyle><color>ff0000ff</color></LineStyle><PolyStyle><fill>0</fill></PolyStyle></Style>
	<ExtendedData><SchemaData schemaUrl="#damage_swesph_roads">
		<SimpleData name="osm_id">565013436</SimpleData>
		<SimpleData name="type">tertiary</SimpleData>
		<SimpleData name="depth_cls">&gt;1.5 m</SimpleData>
		<SimpleData name="max_depth">1.6</SimpleData>
		<SimpleData name="length_m">19.6</SimpleData>
	</SchemaData></ExtendedData>
      <LineString><coordinates>79.1177184309011,14.2470404264536 79.1178882,14.2471004</coordinates></LineString>
  </Placemark>
  <Placemark id="damage_swesph_roads.254">
	<Style><LineStyle><color>ff0000ff</color></LineStyle><PolyStyle><fill>0</fill></PolyStyle></Style>
	<ExtendedData><SchemaData schemaUrl="#damage_swesph_roads">
		<SimpleData name="osm_id">565013431</SimpleData>
		<SimpleData name="type">secondary</SimpleData>
		<SimpleData name="depth_cls">0.1-0.5 m</SimpleData>
		<SimpleData name="max_depth">0.37</SimpleData>
		<SimpleData name="length_m">20</SimpleData>
	</SchemaData></ExtendedData>
      <LineString><coordinates>79.107022,14.2467041 79.1071984994325,14.2466586265531</coordinates></LineString>
  </Placemark>
  <Placemark id="damage_swesph_roads.255">
	<Style><LineStyle><color>ff0000ff</color></LineStyle><PolyStyle><fill>0</fill></PolyStyle></Style>
	<ExtendedData><SchemaData schemaUrl="#damage_swesph_roads">
		<SimpleData name="osm_id">565013431</SimpleData>
		<SimpleData name="type">secondary</SimpleData>
		<SimpleData name="depth_cls">0.5-1.5 m</SimpleData>
		<SimpleData name="max_depth">1.25</SimpleData>
		<SimpleData name="length_m">259.9</SimpleData>
	</SchemaData></ExtendedData>
      <LineString><coordinates>79.1071984994325,14.2466586265531 79.1073641557532,14.2467253561712 79.1075114138061,14.2468328436584 79.1076770685055,14.2469132609557 79.1078191982294,14.247027022129 79.1078910806731,14.2471882825142 79.1078837168844,14.2473687676579 79.1078697169598,14.247548870252 79.1078524140629,14.2477287196404 79.1078359887349,14.2479085716656 79.10784278338,14.2480886750269 79.1078911512319,14.2482625149939 79.1079816062865,14.2484190850341 79.1080751536317,14.2485747525023</coordinates></LineString>
  </Placemark>
  <Placemark id="damage_swesph_roads.256">
	<Style><LineStyle><color>ff0000ff</color></LineStyle><PolyStyle><fill>0</fill></PolyStyle></Style>
	<ExtendedData><SchemaData schemaUrl="#damage_swesph_roads">
		<SimpleData name="osm_id">565013431</SimpleData>
		<SimpleData name="type">secondary</SimpleData>
		<SimpleData name="depth_cls">&gt;1.5 m</SimpleData>
		<SimpleData name="max_depth">3</SimpleData>
		<SimpleData name="length_m">399.8</SimpleData>
	</SchemaData></ExtendedData>
      <LineString><coordinates>79.1080751536317,14.2485747525023 79.1081043429773,14.2487518633854 79.1081027992598,14.2489324814087 79.1080996225434,14.2491130964735 79.1080947301788,14.2492936765379 79.1080898377877,14.2494742565987 79.1080879961684,14.2496548569075 79.1080903682052,14.2498354851848 79.1080927402272,14.2500161134599 79.1080889851462,14.2501966521916 79.1080860092002,14.2503771849267 79.1081731348422,14.2505280377882 79.1083412204795,14.2506038931025 79.1085093062413,14.2506797483118 79.1086773921277,14.250755603416 79.1088539533747,14.2508083204985 79.1090332673284,14.2508535226509 79.1092126475001,14.2508982961234 79.1093976588527,14.2509065772678 79.1095823974451,14.2509128705922 79.1097586622588,14.2508574204344</coordinates></LineString>
  </Placemark>
  <Placemark id="damage_swesph_roads.257">
	<Style><LineStyle><color>ff0000ff</color></LineStyle><PolyStyle><fill>0</fill></PolyStyle></Style>
	<ExtendedData><SchemaData schemaUrl="#damage_swesph_roads">
		<SimpleData name="osm_id">565013431</SimpleData>
		<SimpleData name="type">secondary</SimpleData>
		<SimpleData name="depth_cls">0.5-1.5 m</SimpleData>
		<SimpleData name="max_depth">1.49</SimpleData>
		<SimpleData name="length_m">179.9</SimpleData>
	</SchemaData></ExtendedData>
      <LineString><coordinates>79.1097586622588,14.2508574204344 79.1099122583502,14.2507733036633 79.1099702308267,14.2506077378952 79.1099822622825,14.2504274761999 79.1100233042972,14.2502531141036 79.1101347158185,14.2501134421778 79.1103093482813,14.2500543425686 79.110491653899,14.2500225012422 79.1106596055083,14.2500775113543 79.1107217107954,14.250232033141</coordinates></LineString>
  </Placemark>
  <Placemark id="damage_swesph_roads.258">
	<Style><LineStyle><color>ff0000ff</color></LineStyle><PolyStyle><fill>0</fill></PolyStyle></Style>
	<ExtendedData><SchemaData schemaUrl="#damage_swesph_roads">
		<SimpleData name="osm_id">565013431</SimpleData>
		<SimpleData name="type">secondary</SimpleData>
		<SimpleData name="depth_cls">0.1-0.5 m</SimpleData>
		<SimpleData name="max_depth">0.49</SimpleData>
		<SimpleData name="length_m">179.9</SimpleData>
	</SchemaData></ExtendedData>
      <LineString><coordinates>79.1107217107954,14.250232033141 79.1108622076433,14.2503346680249 79.110993315359,14.2504560355554 79.1111734276006,14.2504964104902 79.1113563671178,14.2505245844235 79.1115385762324,14.2504976797923 79.1117206556471,14.2505223723916 79.1119027275622,14.2505554642589 79.1120629230685,14.2506361773601 79.1122018992165,14.2507549705495</coordinates></LineString>
  </Placemark>
  <Placemark id="damage_swesph_roads.259">
	<Style><LineStyle><color>ff0000ff</color></LineStyle><PolyStyle><fill>0</fill></PolyStyle></Style>
	<ExtendedData><SchemaData schemaUrl="#damage_swesph_roads">
		<SimpleData name="osm_id">565013431</SimpleData>
		<SimpleData name="type">secondary</SimpleData>
		<SimpleData name="depth_cls">0.5-1.5 m</SimpleData>
		<SimpleData name="max_depth">0.55</SimpleData>
		<SimpleData name="length_m">40</SimpleData>
	</SchemaData></ExtendedData>
      <LineString><coordinates>79.1122018992165,14.2507549705495 79.1123319199302,14.2508836150099 79.1124619407911,14.2510122594162</coordinates></LineString>
  </Placemark>
  <Placemark id="damage_swesph_roads.260">
	<Style><LineStyle><color>ff0000ff</color></LineStyle><PolyStyle><fill>0</fill></PolyStyle></Style>
	<ExtendedData><SchemaData schemaUrl="#damage_swesph_roads">
		<SimpleData name="osm_id">565013431</SimpleData>
		<SimpleData name="type">secondary</SimpleData>
		<SimpleData name="depth_cls">0.1-0.5 m</SimpleData>
		<SimpleData name="max_depth">0.5</SimpleData>
		<SimpleData name="length_m">20</SimpleData>
	</SchemaData></ExtendedData>
      <LineString><coordinates>79.1124619407911,14.2510122594162 79.1126095678733,14.2511212991429</coordinates></LineString>
  </Placemark>
  <Placemark id="damage_swesph_roads.261">
	<Style><LineStyle><color>ff0000ff</color></LineStyle><PolyStyle><fill>0</fill></PolyStyle></Style>
	<ExtendedData><SchemaData schemaUrl="#damage_swesph_roads">
		<SimpleData name="osm_id">565013431</SimpleData>
		<SimpleData name="type">secondary</SimpleData>
		<SimpleData name="depth_cls">0.5-1.5 m</SimpleData>
		<SimpleData name="max_depth">0.53</SimpleData>
		<SimpleData name="length_m">20</SimpleData>
	</SchemaData></ExtendedData>
      <LineString><coordinates>79.1126095678733,14.2511212991429 79.1127586235652,14.2512283543565</coordinates></LineString>
  </Placemark>
  <Placemark id="damage_swesph_roads.262">
	<Style><LineStyle><color>ff0000ff</color></LineStyle><PolyStyle><fill>0</fill></PolyStyle></Style>
	<ExtendedData><SchemaData schemaUrl="#damage_swesph_roads">
		<SimpleData name="osm_id">565013431</SimpleData>
		<SimpleData name="type">secondary</SimpleData>
		<SimpleData name="depth_cls">0.1-0.5 m</SimpleData>
		<SimpleData name="max_depth">0.43</SimpleData>
		<SimpleData name="length_m">219.9</SimpleData>
	</SchemaData></ExtendedData>
      <LineString><coordinates>79.1127586235652,14.2512283543565 79.1129173694144,14.2513214045035 79.1130847582984,14.2513898179283 79.113098190039,14.2515409961537 79.113149481952,14.2516768398856 79.1133339315834,14.2516778537791 79.1135180677293,14.2516584553615 79.1137018117347,14.2516373433902 79.1138775296539,14.2515810219431 79.1140612343099,14.2515581415891 79.1142457074418,14.2515502119672 79.1144305451444,14.2515616155643</coordinates></LineString>
  </Placemark>
  <Placemark id="damage_swesph_roads.263">
	<Style><LineStyle><color>ff0000ff</color></LineStyle><PolyStyle><fill>0</fill></PolyStyle></Style>
	<ExtendedData><SchemaData schemaUrl="#damage_swesph_roads">
		<SimpleData name="osm_id">565013431</SimpleData>
		<SimpleData name="type">secondary</SimpleData>
		<SimpleData name="depth_cls">0.5-1.5 m</SimpleData>
		<SimpleData name="max_depth">0.51</SimpleData>
		<SimpleData name="length_m">40</SimpleData>
	</SchemaData></ExtendedData>
      <LineString><coordinates>79.1144305451444,14.2515616155643 79.1146153828841,14.2515730190204 79.1147150133714,14.2516942524699</coordinates></LineString>
  </Placemark>
  <Placemark id="damage_swesph_roads.264">
	<Style><LineStyle><color>ff0000ff</color></LineStyle><PolyStyle><fill>0</fill></PolyStyle></Style>
	<ExtendedData><SchemaData schemaUrl="#damage_swesph_roads">
		<SimpleData name="osm_id">565013431</SimpleData>
		<SimpleData name="type">secondary</SimpleData>
		<SimpleData name="depth_cls">0.1-0.5 m</SimpleData>
		<SimpleData name="max_depth">0.48</SimpleData>
		<SimpleData name="length_m">40</SimpleData>
	</SchemaData></ExtendedData>
      <LineString><coordinates>79.1147150133714,14.2516942524699 79.1147381305045,14.2518561043717 79.1149215695713,14.2518810074347</coordinates></LineString>
  </Placemark>
  <Placemark id="damage_swesph_roads.265">
	<Style><LineStyle><color>ff0000ff</color></LineStyle><PolyStyle><fill>0</fill></PolyStyle></Style>
	<ExtendedData><SchemaData schemaUrl="#damage_swesph_roads">
		<SimpleData name="osm_id">565013431</SimpleData>
		<SimpleData name="type">secondary</SimpleData>
		<SimpleData name="depth_cls">0.5-1.5 m</SimpleData>
		<SimpleData name="max_depth">0.53</SimpleData>
		<SimpleData name="length_m">40</SimpleData>
	</SchemaData></ExtendedData>
      <LineString><coordinates>79.1149215695713,14.2518810074347 79.1151050086963,14.2519059103615 79.1152874059933,14.2519367073666</coordinates></LineString>
  </Placemark>
  <Placemark id="damage_swesph_roads.266">
	<Style><LineStyle><color>ff0000ff</color></LineStyle><PolyStyle><fill>0</fill></PolyStyle></Style>
	<ExtendedData><SchemaData schemaUrl="#damage_swesph_roads">
		<SimpleData name="osm_id">565013431</SimpleData>
		<SimpleData name="type">secondary</SimpleData>
		<SimpleData name="depth_cls">0.1-0.5 m</SimpleData>
		<SimpleData name="max_depth">0.49</SimpleData>
		<SimpleData name="length_m">80</SimpleData>
	</SchemaData></ExtendedData>
      <LineString><coordinates>79.1152874059933,14.2519367073666 79.1154688043818,14.2519731557214 79.1156502028458,14.2520096039453 79.1158316013852,14.2520460520381 79.116013,14.2520825</coordinates></LineString>
  </Placemark>
  <Placemark id="damage_swesph_roads.267">
	<Style><LineStyle><color>ff0000ff</color></LineStyle><PolyStyle><fill>0</fill></PolyStyle></Style>
	<ExtendedData><SchemaData schemaUrl="#damage_swesph_roads">
		<SimpleData name="osm_id">565013855</SimpleData>
		<SimpleData name="type">unclassified</SimpleData>
		<SimpleData name="depth_cls">0.5-1.5 m</SimpleData>
		<SimpleData name="max_depth">0.8</SimpleData>
		<SimpleData name="length_m">12.1</SimpleData>
	</SchemaData></ExtendedData>
      <LineString><coordinates>79.1102891,14.2499494 79.1102844,14.2500587</coordinates></LineString>
  </Placemark>
  <Placemark id="damage_swesph_roads.268">
	<Style><LineStyle><color>ff0000ff</color></LineStyle><PolyStyle><fill>0</fill></PolyStyle></Style>
	<ExtendedData><SchemaData schemaUrl="#damage_swesph_roads">
		<SimpleData name="osm_id">1163772978</SimpleData>
		<SimpleData name="type">residential</SimpleData>
		<SimpleData name="depth_cls">0.1-0.5 m</SimpleData>
		<SimpleData name="max_depth">0.41</SimpleData>
		<SimpleData name="length_m">17.7</SimpleData>
	</SchemaData></ExtendedData>
      <LineString><coordinates>79.076794,14.2409567 79.0768985,14.2410799</coordinates></LineString>
  </Placemark>
  <Placemark id="damage_swesph_roads.269">
	<Style><LineStyle><color>ff0000ff</color></LineStyle><PolyStyle><fill>0</fill></PolyStyle></Style>
	<ExtendedData><SchemaData schemaUrl="#damage_swesph_roads">
		<SimpleData name="osm_id">1163772980</SimpleData>
		<SimpleData name="type">residential</SimpleData>
		<SimpleData name="depth_cls">0.1-0.5 m</SimpleData>
		<SimpleData name="max_depth">0.33</SimpleData>
		<SimpleData name="length_m">21.4</SimpleData>
	</SchemaData></ExtendedData>
      <LineString><coordinates>79.0764685,14.241213 79.0764621234893,14.2411174346055 79.07639,14.241051</coordinates></LineString>
  </Placemark>
  <Placemark id="damage_swesph_roads.270">
	<Style><LineStyle><color>ff0000ff</color></LineStyle><PolyStyle><fill>0</fill></PolyStyle></Style>
	<ExtendedData><SchemaData schemaUrl="#damage_swesph_roads">
		<SimpleData name="osm_id">1163772979</SimpleData>
		<SimpleData name="type">residential</SimpleData>
		<SimpleData name="depth_cls">0.1-0.5 m</SimpleData>
		<SimpleData name="max_depth">0.33</SimpleData>
		<SimpleData name="length_m">35.9</SimpleData>
	</SchemaData></ExtendedData>
      <LineString><coordinates>79.0763077,14.2412142 79.0764740663501,14.2412129605146 79.0766404331683,14.2412117803154</coordinates></LineString>
  </Placemark>
  <Placemark id="damage_swesph_roads.271">
	<Style><LineStyle><color>ff0000ff</color></LineStyle><PolyStyle><fill>0</fill></PolyStyle></Style>
	<ExtendedData><SchemaData schemaUrl="#damage_swesph_roads">
		<SimpleData name="osm_id">1163772979</SimpleData>
		<SimpleData name="type">residential</SimpleData>
		<SimpleData name="depth_cls">0.5-1.5 m</SimpleData>
		<SimpleData name="max_depth">0.78</SimpleData>
		<SimpleData name="length_m">18</SimpleData>
	</SchemaData></ExtendedData>
      <LineString><coordinates>79.0766404331683,14.2412117803154 79.0768068,14.2412106</coordinates></LineString>
  </Placemark>
  <Placemark id="damage_swesph_roads.272">
	<Style><LineStyle><color>ff0000ff</color></LineStyle><PolyStyle><fill>0</fill></PolyStyle></Style>
	<ExtendedData><SchemaData schemaUrl="#damage_swesph_roads">
		<SimpleData name="osm_id">1163773010</SimpleData>
		<SimpleData name="type">residential</SimpleData>
		<SimpleData name="depth_cls">0.5-1.5 m</SimpleData>
		<SimpleData name="max_depth">0.61</SimpleData>
		<SimpleData name="length_m">36.7</SimpleData>
	</SchemaData></ExtendedData>
      <LineString><coordinates>79.0764674,14.2415416 79.0765524465722,14.241450832947 79.0767217,14.2414656</coordinates></LineString>
  </Placemark>
  <Placemark id="damage_swesph_roads.273">
	<Style><LineStyle><color>ff0000ff</color></LineStyle><PolyStyle><fill>0</fill></PolyStyle></Style>
	<ExtendedData><SchemaData schemaUrl="#damage_swesph_roads">
		<SimpleData name="osm_id">1163773014</SimpleData>
		<SimpleData name="type">residential</SimpleData>
		<SimpleData name="depth_cls">&gt;1.5 m</SimpleData>
		<SimpleData name="max_depth">2.62</SimpleData>
		<SimpleData name="length_m">15.7</SimpleData>
	</SchemaData></ExtendedData>
      <LineString><coordinates>79.0761793,14.242603 79.0762343,14.2424716</coordinates></LineString>
  </Placemark>
  <Placemark id="damage_swesph_roads.274">
	<Style><LineStyle><color>ff0000ff</color></LineStyle><PolyStyle><fill>0</fill></PolyStyle></Style>
	<ExtendedData><SchemaData schemaUrl="#damage_swesph_roads">
		<SimpleData name="osm_id">1163773013</SimpleData>
		<SimpleData name="type">residential</SimpleData>
		<SimpleData name="depth_cls">&gt;1.5 m</SimpleData>
		<SimpleData name="max_depth">2.62</SimpleData>
		<SimpleData name="length_m">37.1</SimpleData>
	</SchemaData></ExtendedData>
      <LineString><coordinates>79.0761239,14.2425487 79.0762421448855,14.2426702433713 79.0763579,14.2427941</coordinates></LineString>
  </Placemark>
  <Placemark id="damage_swesph_roads.275">
	<Style><LineStyle><color>ff0000ff</color></LineStyle><PolyStyle><fill>0</fill></PolyStyle></Style>
	<ExtendedData><SchemaData schemaUrl="#damage_swesph_roads">
		<SimpleData name="osm_id">1259303934</SimpleData>
		<SimpleData name="type">residential</SimpleData>
		<SimpleData name="depth_cls">0.1-0.5 m</SimpleData>
		<SimpleData name="max_depth">0.49</SimpleData>
		<SimpleData name="length_m">338</SimpleData>
	</SchemaData></ExtendedData>
      <LineString><coordinates>79.0977016358473,14.2608091101012 79.0975182341064,14.2607921913439 79.0973348324112,14.2607752724487 79.0971514307616,14.2607583534157 79.0970690496268,14.2606148095941 79.0970071619259,14.2604455782438 79.0969452743031,14.2602763468866 79.0968833867583,14.2601071155227 79.0968456077417,14.2599339572061 79.096847753115,14.2597542957352 79.0968498984664,14.2595746342613 79.0968520437956,14.2593949727844 79.096854189103,14.2592153113045 79.096740110056,14.2590879948547 79.0965984963653,14.258973079436 79.0964571311989,14.2588578823203 79.0963194622765,14.258738494215 79.0961817935013,14.258619106047</coordinates></LineString>
  </Placemark>
  <Placemark id="damage_swesph_roads.276">
	<Style><LineStyle><color>ff0000ff</color></LineStyle><PolyStyle><fill>0</fill></PolyStyle></Style>
	<ExtendedData><SchemaData schemaUrl="#damage_swesph_roads">
		<SimpleData name="osm_id">1259303934</SimpleData>
		<SimpleData name="type">residential</SimpleData>
		<SimpleData name="depth_cls">0.5-1.5 m</SimpleData>
		<SimpleData name="max_depth">1.45</SimpleData>
		<SimpleData name="length_m">556.7</SimpleData>
	</SchemaData></ExtendedData>
      <LineString><coordinates>79.0961817935013,14.258619106047 79.0960441248733,14.2584997178163 79.0959064563926,14.2583803295231 79.095768788059,14.2582609411671 79.0956311198727,14.2581415527486 79.0954934518335,14.2580221642674 79.0953557839416,14.2579027757235 79.0952181161969,14.2577833871171 79.0950586249353,14.2576941677421 79.0948971415546,14.2576077023877 79.0947356583072,14.2575212369387 79.094574175193,14.257434771395 79.0944126922119,14.2573483057565 79.0942512093641,14.2572618400234 79.0940897266495,14.2571753741956 79.093928244068,14.257088908273 79.0937667616198,14.2570024422558 79.0936052793048,14.2569159761439 79.0934437971229,14.2568295099372 79.0932823150743,14.2567430436359 79.0931208331589,14.25665657724 79.0929530635755,14.2565825367424 79.0927844739335,14.2565101169837 79.0926158844118,14.2564376971188 79.0924472950103,14.2563652771476 79.0922787057292,14.2562928570701 79.0921101165684,14.2562204368864 79.0919415275279,14.2561480165964 79.0917729386077,14.2560755962001</coordinates></LineString>
  </Placemark>
  <Placemark id="damage_swesph_roads.277">
	<Style><LineStyle><color>ff0000ff</color></LineStyle><PolyStyle><fill>0</fill></PolyStyle></Style>
	<ExtendedData><SchemaData schemaUrl="#damage_swesph_roads">
		<SimpleData name="osm_id">1259303934</SimpleData>
		<SimpleData name="type">residential</SimpleData>
		<SimpleData name="depth_cls">&gt;1.5 m</SimpleData>
		<SimpleData name="max_depth">1.53</SimpleData>
		<SimpleData name="length_m">39.8</SimpleData>
	</SchemaData></ExtendedData>
      <LineString><coordinates>79.0917729386077,14.2560755962001 79.0916043498078,14.2560031756975 79.0914357611282,14.2559307550887</coordinates></LineString>
  </Placemark>
  <Placemark id="damage_swesph_roads.278">
	<Style><LineStyle><color>ff0000ff</color></LineStyle><PolyStyle><fill>0</fill></PolyStyle></Style>
	<ExtendedData><SchemaData schemaUrl="#damage_swesph_roads">
		<SimpleData name="osm_id">1259303934</SimpleData>
		<SimpleData name="type">residential</SimpleData>
		<SimpleData name="depth_cls">0.5-1.5 m</SimpleData>
		<SimpleData name="max_depth">1.46</SimpleData>
		<SimpleData name="length_m">39.8</SimpleData>
	</SchemaData></ExtendedData>
      <LineString><coordinates>79.0914357611282,14.2559307550887 79.091267172569,14.2558583343736 79.09109858413,14.2557859135523</coordinates></LineString>
  </Placemark>
  <Placemark id="damage_swesph_roads.279">
	<Style><LineStyle><color>ff0000ff</color></LineStyle><PolyStyle><fill>0</fill></PolyStyle></Style>
	<ExtendedData><SchemaData schemaUrl="#damage_swesph_roads">
		<SimpleData name="osm_id">1259303934</SimpleData>
		<SimpleData name="type">residential</SimpleData>
		<SimpleData name="depth_cls">&gt;1.5 m</SimpleData>
		<SimpleData name="max_depth">1.5</SimpleData>
		<SimpleData name="length_m">39.8</SimpleData>
	</SchemaData></ExtendedData>
      <LineString><coordinates>79.09109858413,14.2557859135523 79.0909299958114,14.2557134926247 79.0907611209646,14.2556424000086</coordinates></LineString>
  </Placemark>
  <Placemark id="damage_swesph_roads.280">
	<Style><LineStyle><color>ff0000ff</color></LineStyle><PolyStyle><fill>0</fill></PolyStyle></Style>
	<ExtendedData><SchemaData schemaUrl="#damage_swesph_roads">
		<SimpleData name="osm_id">1259303934</SimpleData>
		<SimpleData name="type">residential</SimpleData>
		<SimpleData name="depth_cls">0.5-1.5 m</SimpleData>
		<SimpleData name="max_depth">1.49</SimpleData>
		<SimpleData name="length_m">437.4</SimpleData>
	</SchemaData></ExtendedData>
      <LineString><coordinates>79.0907611209646,14.2556424000086 79.0905769055757,14.2556424004031 79.0903926902055,14.2556424006551 79.0902084748539,14.2556424007648 79.090024259521,14.2556424007321 79.0898400442068,14.255642400557 79.0896558289113,14.2556424002394 79.0894716546688,14.2556398811764 79.0892875324114,14.2556341727892 79.089103410182,14.255628464261 79.0889192879805,14.2556227555916 79.0887351658069,14.2556170467811 79.0885510436612,14.2556113378295 79.0883669215434,14.2556056287369 79.0881827994535,14.2555999195031 79.0879988692695,14.2555921060439 79.0878166044619,14.2555660308542 79.0876343397142,14.2555399555302 79.0874514714933,14.255519122402 79.0872678166115,14.2555051225329 79.0870841617709,14.2554911225251 79.0869005069714,14.2554771223786 79.0867168522131,14.2554631220933</coordinates></LineString>
  </Placemark>
  <Placemark id="damage_swesph_roads.281">
	<Style><LineStyle><color>ff0000ff</color></LineStyle><PolyStyle><fill>0</fill></PolyStyle></Style>
	<ExtendedData><SchemaData schemaUrl="#damage_swesph_roads">
		<SimpleData name="osm_id">1259303934</SimpleData>
		<SimpleData name="type">residential</SimpleData>
		<SimpleData name="depth_cls">0.1-0.5 m</SimpleData>
		<SimpleData name="max_depth">0.42</SimpleData>
		<SimpleData name="length_m">218.7</SimpleData>
	</SchemaData></ExtendedData>
      <LineString><coordinates>79.0867168522131,14.2554631220933 79.0865331974959,14.2554491216694 79.0863495428199,14.2554351211067 79.086165888185,14.2554211204053 79.0859822335914,14.2554071195652 79.0857985790388,14.2553931185864 79.0856149245275,14.2553791174688 79.0854312700573,14.2553651162126 79.0852476156283,14.2553511148176 79.0850639612405,14.2553371132839 79.0848803068939,14.2553231116115 79.0846966525884,14.2553091098004</coordinates></LineString>
  </Placemark>
  <Placemark id="damage_swesph_roads.282">
	<Style><LineStyle><color>ff0000ff</color></LineStyle><PolyStyle><fill>0</fill></PolyStyle></Style>
	<ExtendedData><SchemaData schemaUrl="#damage_swesph_roads">
		<SimpleData name="osm_id">1259303934</SimpleData>
		<SimpleData name="type">residential</SimpleData>
		<SimpleData name="depth_cls">0.5-1.5 m</SimpleData>
		<SimpleData name="max_depth">1.06</SimpleData>
		<SimpleData name="length_m">59.6</SimpleData>
	</SchemaData></ExtendedData>
      <LineString><coordinates>79.0846966525884,14.2553091098004 79.0845129741872,14.2552954920579 79.0843289411382,14.2552875199866 79.0841449081208,14.2552795477748</coordinates></LineString>
  </Placemark>
  <Placemark id="damage_swesph_roads.283">
	<Style><LineStyle><color>ff0000ff</color></LineStyle><PolyStyle><fill>0</fill></PolyStyle></Style>
	<ExtendedData><SchemaData schemaUrl="#damage_swesph_roads">
		<SimpleData name="osm_id">1259303934</SimpleData>
		<SimpleData name="type">residential</SimpleData>
		<SimpleData name="depth_cls">&gt;1.5 m</SimpleData>
		<SimpleData name="max_depth">3.59</SimpleData>
		<SimpleData name="length_m">1093.5</SimpleData>
	</SchemaData></ExtendedData>
      <LineString><coordinates>79.0841449081208,14.2552795477748 79.083960875135,14.2552715754224 79.0837768421808,14.2552636029296 79.0835975205698,14.2552292050771 79.0834215314317,14.255176116106 79.0832455423914,14.2551230270151 79.083069553449,14.2550699378042 79.0828935646046,14.2550168484735 79.082717575858,14.254963759023 79.0825415872093,14.2549106694525 79.0823655986585,14.2548575797622 79.0821896102056,14.254804489952 79.082012639905,14.2547547410948 79.081834541054,14.2547088323206 79.0816564422914,14.254662923422 79.0814783436172,14.2546170143993 79.0813002450315,14.2545711052524 79.0811221465342,14.2545251959812 79.0809440481253,14.2544792865858 79.0807687697002,14.2544241302604 79.0805938980663,14.2543676402279 79.0804190265345,14.2543111500778 79.080244155105,14.25425465981 79.0800692837776,14.2541981694246 79.0798944125525,14.2541416789216 79.0797136408694,14.2541324088721 79.0795299775816,14.2541462795132 79.0793463142899,14.2541601500098 79.0791626509943,14.2541740203622 79.0789789876948,14.2541878905701 79.0787953243914,14.2542017606336 79.078611661084,14.2542156305528 79.0784279977727,14.2542295003276 79.0782443344576,14.2542433699581 79.0780606711385,14.2542572394441 79.0778773596938,14.2542741150229 79.0776952172721,14.2543009780327 79.0775130748252,14.254327840898 79.0773309323531,14.2543547036185 79.0771487898559,14.2543815661943 79.0769666473334,14.2544084286255 79.0767845047856,14.2544352909119 79.0766023622127,14.2544621530537 79.0764202196146,14.2544890150508 79.0762380769913,14.2545158769032 79.0760559343428,14.2545427386109 79.0758737916691,14.254569600174 79.0756916489702,14.2545964615923 79.0755095062461,14.254623322866 79.0753273634968,14.2546501839949 79.0751622818407,14.2547164452848 79.0750155409315,14.254825062135 79.0748687998868,14.2549336788763 79.0747220587065,14.2550422955086 79.0746020602532,14.2551546068116 79.0747121,14.2552987</coordinates></LineString>
  </Placemark>
  <Placemark id="damage_swesph_roads.284">
	<Style><LineStyle><color>ff0000ff</color></LineStyle><PolyStyle><fill>0</fill></PolyStyle></Style>
	<ExtendedData><SchemaData schemaUrl="#damage_swesph_roads">
		<SimpleData name="osm_id">1217956148</SimpleData>
		<SimpleData name="type">residential</SimpleData>
		<SimpleData name="depth_cls">0.1-0.5 m</SimpleData>
		<SimpleData name="max_depth">0.44</SimpleData>
		<SimpleData name="length_m">207.4</SimpleData>
	</SchemaData></ExtendedData>
      <LineString><coordinates>79.0764583,14.2573592 79.0764904503019,14.2575266865015 79.0765226006356,14.2576941730024 79.076554751001,14.2578616595028 79.0765729434316,14.2580309118417 79.076585668421,14.2582008558734 79.0765983934127,14.2583707999046 79.0766000728613,14.2585405687974 79.0765816907314,14.25871001959 79.0765805760974,14.25887908167 79.0766220798635,14.2590431003635 79.0766951,14.2591979</coordinates></LineString>
  </Placemark>
  <Placemark id="damage_swesph_roads.285">
	<Style><LineStyle><color>ff0000ff</color></LineStyle><PolyStyle><fill>0</fill></PolyStyle></Style>
	<ExtendedData><SchemaData schemaUrl="#damage_swesph_roads">
		<SimpleData name="osm_id">1217956147</SimpleData>
		<SimpleData name="type">residential</SimpleData>
		<SimpleData name="depth_cls">0.1-0.5 m</SimpleData>
		<SimpleData name="max_depth">0.46</SimpleData>
		<SimpleData name="length_m">137.8</SimpleData>
	</SchemaData></ExtendedData>
      <LineString><coordinates>79.0760539,14.2574375 79.0760597075614,14.2576152586981 79.0760655151135,14.2577930173947 79.0760713226563,14.2579707760897 79.0760771301898,14.2581485347833 79.0760829377141,14.2583262934755 79.0760887452291,14.2585040521661 79.0760945527347,14.2586818108552</coordinates></LineString>
  </Placemark>
  <Placemark id="damage_swesph_roads.286">
	<Style><LineStyle><color>ff0000ff</color></LineStyle><PolyStyle><fill>0</fill></PolyStyle></Style>
	<ExtendedData><SchemaData schemaUrl="#damage_swesph_roads">
		<SimpleData name="osm_id">1217956147</SimpleData>
		<SimpleData name="type">residential</SimpleData>
		<SimpleData name="depth_cls">0.5-1.5 m</SimpleData>
		<SimpleData name="max_depth">0.57</SimpleData>
		<SimpleData name="length_m">118.1</SimpleData>
	</SchemaData></ExtendedData>
      <LineString><coordinates>79.0760945527347,14.2586818108552 79.0761041863024,14.258859147589 79.0761392216098,14.2590336829227 79.0762349325117,14.2591444401973 79.0764160004924,14.2591654758163 79.0765970685247,14.2591865113019 79.0767117896482,14.2592778194558</coordinates></LineString>
  </Placemark>
  <Placemark id="damage_swesph_roads.287">
	<Style><LineStyle><color>ff0000ff</color></LineStyle><PolyStyle><fill>0</fill></PolyStyle></Style>
	<ExtendedData><SchemaData schemaUrl="#damage_swesph_roads">
		<SimpleData name="osm_id">1217956147</SimpleData>
		<SimpleData name="type">residential</SimpleData>
		<SimpleData name="depth_cls">0.1-0.5 m</SimpleData>
		<SimpleData name="max_depth">0.45</SimpleData>
		<SimpleData name="length_m">19.7</SimpleData>
	</SchemaData></ExtendedData>
      <LineString><coordinates>79.0767117896482,14.2592778194558 79.0767481828159,14.2594520903471</coordinates></LineString>
  </Placemark>
  <Placemark id="damage_swesph_roads.288">
	<Style><LineStyle><color>ff0000ff</color></LineStyle><PolyStyle><fill>0</fill></PolyStyle></Style>
	<ExtendedData><SchemaData schemaUrl="#damage_swesph_roads">
		<SimpleData name="osm_id">1217956147</SimpleData>
		<SimpleData name="type">residential</SimpleData>
		<SimpleData name="depth_cls">0.5-1.5 m</SimpleData>
		<SimpleData name="max_depth">0.95</SimpleData>
		<SimpleData name="length_m">236.2</SimpleData>
	</SchemaData></ExtendedData>
      <LineString><coordinates>79.0767481828159,14.2594520903471 79.0766977525065,14.259619908649 79.0765369151323,14.2596917993077 79.0763660709156,14.2597539697085 79.0761923552727,14.259737670396 79.0760174016412,14.2596875367692 79.0758538887074,14.2596091424928 79.0757058267824,14.2595085559359 79.0755731556127,14.2593865458146 79.0754120624927,14.2593071304999 79.0752499104309,14.2592266977792 79.0750914812754,14.2591403816475 79.074911,14.259115</coordinates></LineString>
  </Placemark>
  <Placemark id="damage_swesph_roads.289">
	<Style><LineStyle><color>ff0000ff</color></LineStyle><PolyStyle><fill>0</fill></PolyStyle></Style>
	<ExtendedData><SchemaData schemaUrl="#damage_swesph_roads">
		<SimpleData name="osm_id">1259303922</SimpleData>
		<SimpleData name="type">tertiary</SimpleData>
		<SimpleData name="depth_cls">0.5-1.5 m</SimpleData>
		<SimpleData name="max_depth">0.73</SimpleData>
		<SimpleData name="length_m">117.3</SimpleData>
	</SchemaData></ExtendedData>
      <LineString><coordinates>79.0763146,14.2597727 79.0763159601526,14.259949400021 79.0763173202892,14.2601261000397 79.0763186804097,14.2603028000563 79.0763200405141,14.2604795000706 79.0763214006024,14.2606562000828 79.0763227606747,14.2608329000927</coordinates></LineString>
  </Placemark>
  <Placemark id="damage_swesph_roads.290">
	<Style><LineStyle><color>ff0000ff</color></LineStyle><PolyStyle><fill>0</fill></PolyStyle></Style>
	<ExtendedData><SchemaData schemaUrl="#damage_swesph_roads">
		<SimpleData name="osm_id">1259303922</SimpleData>
		<SimpleData name="type">tertiary</SimpleData>
		<SimpleData name="depth_cls">0.1-0.5 m</SimpleData>
		<SimpleData name="max_depth">0.44</SimpleData>
		<SimpleData name="length_m">117.3</SimpleData>
	</SchemaData></ExtendedData>
      <LineString><coordinates>79.0763227606747,14.2608329000927 79.0763241207309,14.2610096001004 79.0763254807711,14.2611863001059 79.0763268407952,14.2613630001092 79.0763282008032,14.2615397001103 79.0763295607952,14.2617164001092 79.0763309207711,14.2618931001059</coordinates></LineString>
  </Placemark>
  <Placemark id="damage_swesph_roads.291">
	<Style><LineStyle><color>ff0000ff</color></LineStyle><PolyStyle><fill>0</fill></PolyStyle></Style>
	<ExtendedData><SchemaData schemaUrl="#damage_swesph_roads">
		<SimpleData name="osm_id">1217956145</SimpleData>
		<SimpleData name="type">tertiary</SimpleData>
		<SimpleData name="depth_cls">&gt;1.5 m</SimpleData>
		<SimpleData name="max_depth">3.64</SimpleData>
		<SimpleData name="length_m">433.8</SimpleData>
	</SchemaData></ExtendedData>
      <LineString><coordinates>79.0468194,14.2556644 79.0466377830119,14.2556835665225 79.0464561660115,14.2557027329026 79.0462745489987,14.2557218991404 79.0460929319735,14.2557410652358 79.0459121361293,14.2557655135174 79.0457328572705,14.2557997198539 79.045555567717,14.2558397200828 79.0453913234297,14.2559177152237 79.0452270790411,14.2559957102365 79.045062834551,14.2560737051211 79.0448985899594,14.2561516998777 79.0447343452664,14.2562296945061 79.0445564449795,14.2562651213087 79.0443759121989,14.2562923419054 79.0442108146227,14.2562945977578 79.0442511071819,14.2561208134289 79.0442810053679,14.2559466307771 79.0442548162393,14.255770298872 79.0442286271335,14.2555939669668 79.0442024380504,14.2554176350614 79.0441762489901,14.255241303156 79.0441371684615,14.2550672584383</coordinates></LineString>
  </Placemark>
  <Placemark id="damage_swesph_roads.292">
	<Style><LineStyle><color>ff0000ff</color></LineStyle><PolyStyle><fill>0</fill></PolyStyle></Style>
	<ExtendedData><SchemaData schemaUrl="#damage_swesph_roads">
		<SimpleData name="osm_id">1217956145</SimpleData>
		<SimpleData name="type">tertiary</SimpleData>
		<SimpleData name="depth_cls">0.5-1.5 m</SimpleData>
		<SimpleData name="max_depth">1.43</SimpleData>
		<SimpleData name="length_m">19.7</SimpleData>
	</SchemaData></ExtendedData>
      <LineString><coordinates>79.0441371684615,14.2550672584383 79.0441448718963,14.2549134618423</coordinates></LineString>
  </Placemark>
  <Placemark id="damage_swesph_roads.293">
	<Style><LineStyle><color>ff0000ff</color></LineStyle><PolyStyle><fill>0</fill></PolyStyle></Style>
	<ExtendedData><SchemaData schemaUrl="#damage_swesph_roads">
		<SimpleData name="osm_id">1217956145</SimpleData>
		<SimpleData name="type">tertiary</SimpleData>
		<SimpleData name="depth_cls">&gt;1.5 m</SimpleData>
		<SimpleData name="max_depth">2.55</SimpleData>
		<SimpleData name="length_m">98.6</SimpleData>
	</SchemaData></ExtendedData>
      <LineString><coordinates>79.0441448718963,14.2549134618423 79.0443032966479,14.254824752739 79.0444617212849,14.2547360435139 79.0446201458075,14.254647334167 79.0447390632688,14.2545123824782 79.0448571,14.2543764</coordinates></LineString>
  </Placemark>
  <Placemark id="damage_swesph_roads.294">
	<Style><LineStyle><color>ff0000ff</color></LineStyle><PolyStyle><fill>0</fill></PolyStyle></Style>
	<ExtendedData><SchemaData schemaUrl="#damage_swesph_roads">
		<SimpleData name="osm_id">1450181320</SimpleData>
		<SimpleData name="type">secondary</SimpleData>
		<SimpleData name="depth_cls">0.1-0.5 m</SimpleData>
		<SimpleData name="max_depth">0.32</SimpleData>
		<SimpleData name="length_m">239.9</SimpleData>
	</SchemaData></ExtendedData>
      <LineString><coordinates>79.0139160838072,14.2613862708672 79.014042024781,14.2615186793218 79.0141743434593,14.2616448827413 79.0143224382606,14.2617533810471 79.0144727365893,14.2618588920418 79.0146262209023,14.261959762171 79.0147940010762,14.2620362934756 79.0149743090664,14.2620771672229 79.0151560240354,14.2621113515796 79.01533950032,14.262136101815 79.0155242339638,14.2621489943646 79.0157059648418,14.2621204710274 79.0158880997523,14.2620887605613</coordinates></LineString>
  </Placemark>
  <Placemark id="damage_swesph_roads.295">
	<Style><LineStyle><color>ff0000ff</color></LineStyle><PolyStyle><fill>0</fill></PolyStyle></Style>
	<ExtendedData><SchemaData schemaUrl="#damage_swesph_roads">
		<SimpleData name="osm_id">1450181320</SimpleData>
		<SimpleData name="type">secondary</SimpleData>
		<SimpleData name="depth_cls">0.1-0.5 m</SimpleData>
		<SimpleData name="max_depth">0.28</SimpleData>
		<SimpleData name="length_m">40</SimpleData>
	</SchemaData></ExtendedData>
      <LineString><coordinates>79.0182771626622,14.2627696654563 79.0184581084934,14.2627311157322 79.0186381921113,14.2626888528761</coordinates></LineString>
  </Placemark>
  <Placemark id="damage_swesph_roads.296">
	<Style><LineStyle><color>ff0000ff</color></LineStyle><PolyStyle><fill>0</fill></PolyStyle></Style>
	<ExtendedData><SchemaData schemaUrl="#damage_swesph_roads">
		<SimpleData name="osm_id">1450181320</SimpleData>
		<SimpleData name="type">secondary</SimpleData>
		<SimpleData name="depth_cls">0.5-1.5 m</SimpleData>
		<SimpleData name="max_depth">1.46</SimpleData>
		<SimpleData name="length_m">199.9</SimpleData>
	</SchemaData></ExtendedData>
      <LineString><coordinates>79.0186381921113,14.2626888528761 79.0188174971532,14.2626437385497 79.0189941296457,14.2625896228444 79.0191488928971,14.2624969153549 79.0191850804563,14.2623259359025 79.019172932371,14.2621464160922 79.019296588665,14.2620369781997 79.0194768664601,14.2619955501182 79.0196540989377,14.261943394293 79.019825798472,14.2618757793015 79.0199948181778,14.2618018869559</coordinates></LineString>
  </Placemark>
  <Placemark id="damage_swesph_roads.297">
	<Style><LineStyle><color>ff0000ff</color></LineStyle><PolyStyle><fill>0</fill></PolyStyle></Style>
	<ExtendedData><SchemaData schemaUrl="#damage_swesph_roads">
		<SimpleData name="osm_id">1450181320</SimpleData>
		<SimpleData name="type">secondary</SimpleData>
		<SimpleData name="depth_cls">0.1-0.5 m</SimpleData>
		<SimpleData name="max_depth">0.46</SimpleData>
		<SimpleData name="length_m">100</SimpleData>
	</SchemaData></ExtendedData>
      <LineString><coordinates>79.0199948181778,14.2618018869559 79.0201638377864,14.2617279944758 79.0203293120438,14.2616468936366 79.0204941862604,14.2615645728802 79.0206566306162,14.2614778383307 79.0208180706823,14.2613892795634</coordinates></LineString>
  </Placemark>
  <Placemark id="damage_swesph_roads.298">
	<Style><LineStyle><color>ff0000ff</color></LineStyle><PolyStyle><fill>0</fill></PolyStyle></Style>
	<ExtendedData><SchemaData schemaUrl="#damage_swesph_roads">
		<SimpleData name="osm_id">1450181320</SimpleData>
		<SimpleData name="type">secondary</SimpleData>
		<SimpleData name="depth_cls">0.5-1.5 m</SimpleData>
		<SimpleData name="max_depth">1.08</SimpleData>
		<SimpleData name="length_m">60</SimpleData>
	</SchemaData></ExtendedData>
      <LineString><coordinates>79.0233637383601,14.2588608320904 79.0235468325171,14.2588351087672 79.0237131041454,14.258759521077 79.0238463738164,14.2586352819711</coordinates></LineString>
  </Placemark>
  <Placemark id="damage_swesph_roads.299">
	<Style><LineStyle><color>ff0000ff</color></LineStyle><PolyStyle><fill>0</fill></PolyStyle></Style>
	<ExtendedData><SchemaData schemaUrl="#damage_swesph_roads">
		<SimpleData name="osm_id">1450181320</SimpleData>
		<SimpleData name="type">secondary</SimpleData>
		<SimpleData name="depth_cls">&gt;1.5 m</SimpleData>
		<SimpleData name="max_depth">6.4</SimpleData>
		<SimpleData name="length_m">519.8</SimpleData>
	</SchemaData></ExtendedData>
      <LineString><coordinates>79.0238463738164,14.2586352819711 79.0238745499614,14.2584611634881 79.0238593828281,14.2582811382164 79.0238419030571,14.2581012937506 79.0237987209867,14.257927314629 79.0236859028908,14.2577866126639 79.0235307209937,14.2576890572103 79.0233651216206,14.2576082595569 79.0232174457637,14.2575013705722 79.0231533500868,14.2573334433076 79.0231568879499,14.2571534154181 79.0232953794876,14.2570597170361 79.0234662252963,14.2570008178051 79.0236139423556,14.2568918374164 79.0237572766935,14.2567774902056 79.0239198806356,14.2566928717665 79.0241032424868,14.2566754153275 79.0242880741453,14.2566870983658 79.0244711264586,14.2567146514715 79.0246529229709,14.2567490673137 79.0248343777384,14.2567852257676 79.0250096485275,14.256843635731 79.0251849194224,14.2569020455769 79.0253603446668,14.2569600118012 79.0255358795478,14.257017662966 79.0257125992104,14.2570715205549 79.0258846840005,14.2571338820304</coordinates></LineString>
  </Placemark>
  <Placemark id="damage_swesph_roads.300">
	<Style><LineStyle><color>ff0000ff</color></LineStyle><PolyStyle><fill>0</fill></PolyStyle></Style>
	<ExtendedData><SchemaData schemaUrl="#damage_swesph_roads">
		<SimpleData name="osm_id">1450181320</SimpleData>
		<SimpleData name="type">secondary</SimpleData>
		<SimpleData name="depth_cls">0.5-1.5 m</SimpleData>
		<SimpleData name="max_depth">1.36</SimpleData>
		<SimpleData name="length_m">20</SimpleData>
	</SchemaData></ExtendedData>
      <LineString><coordinates>79.0258846840005,14.2571338820304 79.0260331209935,14.257241642525</coordinates></LineString>
  </Placemark>
  <Placemark id="damage_swesph_roads.301">
	<Style><LineStyle><color>ff0000ff</color></LineStyle><PolyStyle><fill>0</fill></PolyStyle></Style>
	<ExtendedData><SchemaData schemaUrl="#damage_swesph_roads">
		<SimpleData name="osm_id">1450181320</SimpleData>
		<SimpleData name="type">secondary</SimpleData>
		<SimpleData name="depth_cls">&gt;1.5 m</SimpleData>
		<SimpleData name="max_depth">2.75</SimpleData>
		<SimpleData name="length_m">20</SimpleData>
	</SchemaData></ExtendedData>
      <LineString><coordinates>79.0260331209935,14.257241642525 79.0261776913909,14.2573544235687</coordinates></LineString>
  </Placemark>
  <Placemark id="damage_swesph_roads.302">
	<Style><LineStyle><color>ff0000ff</color></LineStyle><PolyStyle><fill>0</fill></PolyStyle></Style>
	<ExtendedData><SchemaData schemaUrl="#damage_swesph_roads">
		<SimpleData name="osm_id">1450181320</SimpleData>
		<SimpleData name="type">secondary</SimpleData>
		<SimpleData name="depth_cls">0.5-1.5 m</SimpleData>
		<SimpleData name="max_depth">1.32</SimpleData>
		<SimpleData name="length_m">20</SimpleData>
	</SchemaData></ExtendedData>
      <LineString><coordinates>79.0261776913909,14.2573544235687 79.0263123041366,14.2574785095227</coordinates></LineString>
  </Placemark>
  <Placemark id="damage_swesph_roads.303">
	<Style><LineStyle><color>ff0000ff</color></LineStyle><PolyStyle><fill>0</fill></PolyStyle></Style>
	<ExtendedData><SchemaData schemaUrl="#damage_swesph_roads">
		<SimpleData name="osm_id">1450181320</SimpleData>
		<SimpleData name="type">secondary</SimpleData>
		<SimpleData name="depth_cls">&gt;1.5 m</SimpleData>
		<SimpleData name="max_depth">2.89</SimpleData>
		<SimpleData name="length_m">20</SimpleData>
	</SchemaData></ExtendedData>
      <LineString><coordinates>79.0263123041366,14.2574785095227 79.0264482282034,14.2576011933801</coordinates></LineString>
  </Placemark>
  <Placemark id="damage_swesph_roads.304">
	<Style><LineStyle><color>ff0000ff</color></LineStyle><PolyStyle><fill>0</fill></PolyStyle></Style>
	<ExtendedData><SchemaData schemaUrl="#damage_swesph_roads">
		<SimpleData name="osm_id">1450181320</SimpleData>
		<SimpleData name="type">secondary</SimpleData>
		<SimpleData name="depth_cls">0.5-1.5 m</SimpleData>
		<SimpleData name="max_depth">1.47</SimpleData>
		<SimpleData name="length_m">60</SimpleData>
	</SchemaData></ExtendedData>
      <LineString><coordinates>79.0264482282034,14.2576011933801 79.0265983569443,14.2577048592454 79.0267693005668,14.2577736954713 79.0269456071742,14.2578288960979</coordinates></LineString>
  </Placemark>
  <Placemark id="damage_swesph_roads.305">
	<Style><LineStyle><color>ff0000ff</color></LineStyle><PolyStyle><fill>0</fill></PolyStyle></Style>
	<ExtendedData><SchemaData schemaUrl="#damage_swesph_roads">
		<SimpleData name="osm_id">1450181320</SimpleData>
		<SimpleData name="type">secondary</SimpleData>
		<SimpleData name="depth_cls">0.1-0.5 m</SimpleData>
		<SimpleData name="max_depth">0.44</SimpleData>
		<SimpleData name="length_m">119.9</SimpleData>
	</SchemaData></ExtendedData>
      <LineString><coordinates>79.0269456071742,14.2578288960979 79.0271278323726,14.2578569589685 79.0273127463989,14.2578666918258 79.0274978602212,14.2578701069216 79.0276830613092,14.2578674763785 79.0278682637691,14.2578649404294 79.0280534679795,14.257862525511</coordinates></LineString>
  </Placemark>
  <Placemark id="damage_swesph_roads.306">
	<Style><LineStyle><color>ff0000ff</color></LineStyle><PolyStyle><fill>0</fill></PolyStyle></Style>
	<ExtendedData><SchemaData schemaUrl="#damage_swesph_roads">
		<SimpleData name="osm_id">1450181320</SimpleData>
		<SimpleData name="type">secondary</SimpleData>
		<SimpleData name="depth_cls">0.1-0.5 m</SimpleData>
		<SimpleData name="max_depth">0.1</SimpleData>
		<SimpleData name="length_m">20</SimpleData>
	</SchemaData></ExtendedData>
      <LineString><coordinates>79.03007050217,14.2578242002797 79.0302394760157,14.2577525660571</coordinates></LineString>
  </Placemark>
  <Placemark id="damage_swesph_roads.307">
	<Style><LineStyle><color>ff0000ff</color></LineStyle><PolyStyle><fill>0</fill></PolyStyle></Style>
	<ExtendedData><SchemaData schemaUrl="#damage_swesph_roads">
		<SimpleData name="osm_id">1450181320</SimpleData>
		<SimpleData name="type">secondary</SimpleData>
		<SimpleData name="depth_cls">0.1-0.5 m</SimpleData>
		<SimpleData name="max_depth">0.27</SimpleData>
		<SimpleData name="length_m">119.9</SimpleData>
	</SchemaData></ExtendedData>
      <LineString><coordinates>79.0308975600857,14.2577956037636 79.0310730642553,14.2578511567185 79.0312553038541,14.2578788810046 79.0314401922978,14.2578762323263 79.0316228439195,14.2578481671193 79.0318040783873,14.2578109381476 79.0319863083866,14.2577796061044</coordinates></LineString>
  </Placemark>
  <Placemark id="damage_swesph_roads.308">
	<Style><LineStyle><color>ff0000ff</color></LineStyle><PolyStyle><fill>0</fill></PolyStyle></Style>
	<ExtendedData><SchemaData schemaUrl="#damage_swesph_roads">
		<SimpleData name="osm_id">1450181320</SimpleData>
		<SimpleData name="type">secondary</SimpleData>
		<SimpleData name="depth_cls">0.1-0.5 m</SimpleData>
		<SimpleData name="max_depth">0.35</SimpleData>
		<SimpleData name="length_m">60</SimpleData>
	</SchemaData></ExtendedData>
      <LineString><coordinates>79.0330943067743,14.2577637744351 79.0332792099516,14.2577724000501 79.033464431206,14.2577724001034 79.0336496524799,14.2577724000127</coordinates></LineString>
  </Placemark>
  <Placemark id="damage_swesph_roads.309">
	<Style><LineStyle><color>ff0000ff</color></LineStyle><PolyStyle><fill>0</fill></PolyStyle></Style>
	<ExtendedData><SchemaData schemaUrl="#damage_swesph_roads">
		<SimpleData name="osm_id">1450181320</SimpleData>
		<SimpleData name="type">secondary</SimpleData>
		<SimpleData name="depth_cls">0.5-1.5 m</SimpleData>
		<SimpleData name="max_depth">0.87</SimpleData>
		<SimpleData name="length_m">20</SimpleData>
	</SchemaData></ExtendedData>
      <LineString><coordinates>79.0336496524799,14.2577724000127 79.0338240007883,14.2577246138719</coordinates></LineString>
  </Placemark>
  <Placemark id="damage_swesph_roads.310">
	<Style><LineStyle><color>ff0000ff</color></LineStyle><PolyStyle><fill>0</fill></PolyStyle></Style>
	<ExtendedData><SchemaData schemaUrl="#damage_swesph_roads">
		<SimpleData name="osm_id">1450181320</SimpleData>
		<SimpleData name="type">secondary</SimpleData>
		<SimpleData name="depth_cls">&gt;1.5 m</SimpleData>
		<SimpleData name="max_depth">1.77</SimpleData>
		<SimpleData name="length_m">40</SimpleData>
	</SchemaData></ExtendedData>
      <LineString><coordinates>79.0338240007883,14.2577246138719 79.0339573013632,14.2576002715828 79.0340781343973,14.2574633552048</coordinates></LineString>
  </Placemark>
  <Placemark id="damage_swesph_roads.311">
	<Style><LineStyle><color>ff0000ff</color></LineStyle><PolyStyle><fill>0</fill></PolyStyle></Style>
	<ExtendedData><SchemaData schemaUrl="#damage_swesph_roads">
		<SimpleData name="osm_id">1450181320</SimpleData>
		<SimpleData name="type">secondary</SimpleData>
		<SimpleData name="depth_cls">0.5-1.5 m</SimpleData>
		<SimpleData name="max_depth">0.88</SimpleData>
		<SimpleData name="length_m">20</SimpleData>
	</SchemaData></ExtendedData>
      <LineString><coordinates>79.0340781343973,14.2574633552048 79.0342205609813,14.2573491099159</coordinates></LineString>
  </Placemark>
  <Placemark id="damage_swesph_roads.312">
	<Style><LineStyle><color>ff0000ff</color></LineStyle><PolyStyle><fill>0</fill></PolyStyle></Style>
	<ExtendedData><SchemaData schemaUrl="#damage_swesph_roads">
		<SimpleData name="osm_id">1450181320</SimpleData>
		<SimpleData name="type">secondary</SimpleData>
		<SimpleData name="depth_cls">&gt;1.5 m</SimpleData>
		<SimpleData name="max_depth">7.53</SimpleData>
		<SimpleData name="length_m">1219.4</SimpleData>
	</SchemaData></ExtendedData>
      <LineString><coordinates>79.0342205609813,14.2573491099159 79.0343751037774,14.257249574852 79.0345144807,14.2571305964733 79.0346486207015,14.2570061096555 79.0347427378231,14.2568519510424 79.0347760295618,14.2566762257283 79.0347819742873,14.256495703412 79.034788988442,14.2563151831266 79.034803790913,14.2561356053918 79.0349620686507,14.2560515051131 79.035119408385,14.2559630635537 79.0352265774144,14.2558166254139 79.0353301034229,14.2556669001035 79.03543788963,14.2555199872406 79.0355456756912,14.2553730743094 79.0356531225029,14.2552259288401 79.0357583454092,14.255077258823 79.0358635681706,14.2549285887399 79.0359687907871,14.254779918591 79.0360740132588,14.2546312483761 79.0361792937364,14.2544826191005 79.0362910559567,14.2543385604653 79.0364028180297,14.2541945017578 79.036521667573,14.2540562376727 79.0366475795141,14.253923747701 79.0367734913065,14.2537912576426 79.036899476505,14.2536588341339 79.0370256677754,14.2535265973627 79.0371518588972,14.2533943605044 79.0372805970544,14.2532644845266 79.0374095744591,14.2531348303531 79.0375377965186,14.253004497681 79.0376596906412,14.252868480546 79.0377815846149,14.2527324633285 79.0379036918593,14.2525966287936 79.038026203774,14.2524611408491 79.0381487155398,14.2523256528213 79.0382712271567,14.2521901647104 79.0383936892772,14.2520546341663 79.038515877966,14.2519188690083 79.0386465487641,14.251791567694 79.0387965326006,14.2516860175457 79.0389648921877,14.2516125916703 79.0391302240231,14.2515323658899 79.0392874805459,14.2514371521154 79.0394377573964,14.2513317684953 79.0395810308522,14.2512172812195 79.0397243041672,14.2511027938381 79.0398620540734,14.2509821636971 79.0399971248035,14.2508585539973 79.0401321953876,14.2507349442008 79.0402677119381,14.2506118000413 79.0404033203999,14.2504887518905 79.0405389287159,14.2503657036426 79.0406736260171,14.250241713893 79.0408074158642,14.250116786324 79.0409404841716,14.249991147915 79.0410699076332,14.2498619185129 79.0411993309468,14.2497326890204 79.0413287541125,14.2496034594374 79.0414581771302,14.2494742297639 79.0415876,14.249345</coordinates></LineString>
  </Placemark>
  <Placemark id="damage_swesph_roads.313">
	<Style><LineStyle><color>ff0000ff</color></LineStyle><PolyStyle><fill>0</fill></PolyStyle></Style>
	<ExtendedData><SchemaData schemaUrl="#damage_swesph_roads">
		<SimpleData name="osm_id">1450181312</SimpleData>
		<SimpleData name="type">residential</SimpleData>
		<SimpleData name="depth_cls">0.1-0.5 m</SimpleData>
		<SimpleData name="max_depth">0.29</SimpleData>
		<SimpleData name="length_m">38.5</SimpleData>
	</SchemaData></ExtendedData>
      <LineString><coordinates>79.0436581435804,14.2571011469935 79.0437784678105,14.2569728773896 79.0439028012745,14.2568573487319</coordinates></LineString>
  </Placemark>
  <Placemark id="damage_swesph_roads.314">
	<Style><LineStyle><color>ff0000ff</color></LineStyle><PolyStyle><fill>0</fill></PolyStyle></Style>
	<ExtendedData><SchemaData schemaUrl="#damage_swesph_roads">
		<SimpleData name="osm_id">1450181312</SimpleData>
		<SimpleData name="type">residential</SimpleData>
		<SimpleData name="depth_cls">0.5-1.5 m</SimpleData>
		<SimpleData name="max_depth">1.49</SimpleData>
		<SimpleData name="length_m">96.2</SimpleData>
	</SchemaData></ExtendedData>
      <LineString><coordinates>79.0439028012745,14.2568573487319 79.0440761861569,14.2568976961852 79.0441670220348,14.2568276474052 79.0441806147284,14.2566542982759 79.0441942073834,14.2564809491409 79.0442078,14.2563076</coordinates></LineString>
  </Placemark>
  <Placemark id="damage_swesph_roads.315">
	<Style><LineStyle><color>ff0000ff</color></LineStyle><PolyStyle><fill>0</fill></PolyStyle></Style>
	<ExtendedData><SchemaData schemaUrl="#damage_swesph_roads">
		<SimpleData name="osm_id">1450623127</SimpleData>
		<SimpleData name="type">residential</SimpleData>
		<SimpleData name="depth_cls">0.1-0.5 m</SimpleData>
		<SimpleData name="max_depth">0.41</SimpleData>
		<SimpleData name="length_m">19.8</SimpleData>
	</SchemaData></ExtendedData>
      <LineString><coordinates>79.0762927,14.2573893 79.0762503909692,14.2572147597082</coordinates></LineString>
  </Placemark>
  <Placemark id="damage_swesph_roads.316">
	<Style><LineStyle><color>ff0000ff</color></LineStyle><PolyStyle><fill>0</fill></PolyStyle></Style>
	<ExtendedData><SchemaData schemaUrl="#damage_swesph_roads">
		<SimpleData name="osm_id">1450623127</SimpleData>
		<SimpleData name="type">residential</SimpleData>
		<SimpleData name="depth_cls">0.5-1.5 m</SimpleData>
		<SimpleData name="max_depth">1.19</SimpleData>
		<SimpleData name="length_m">238.2</SimpleData>
	</SchemaData></ExtendedData>
      <LineString><coordinates>79.0762503909692,14.2572147597082 79.0762080819868,14.2570402194146 79.0761657730528,14.2568656791194 79.0761234641672,14.2566911388224 79.0760480601992,14.2565401759033 79.0758904567806,14.2564477729051 79.0757328534993,14.2563553698181 79.075579139955,14.2562571673178 79.0754291948636,14.2561533462521 79.0752792499157,14.2560495251084 79.0751293051112,14.2559457038868 79.0750755813828,14.2557752131309 79.0750244306728,14.2556029396238</coordinates></LineString>
  </Placemark>
  <Placemark id="damage_swesph_roads.317">
	<Style><LineStyle><color>ff0000ff</color></LineStyle><PolyStyle><fill>0</fill></PolyStyle></Style>
	<ExtendedData><SchemaData schemaUrl="#damage_swesph_roads">
		<SimpleData name="osm_id">1450623127</SimpleData>
		<SimpleData name="type">residential</SimpleData>
		<SimpleData name="depth_cls">&gt;1.5 m</SimpleData>
		<SimpleData name="max_depth">2.43</SimpleData>
		<SimpleData name="length_m">357.2</SimpleData>
	</SchemaData></ExtendedData>
      <LineString><coordinates>79.0750244306728,14.2556029396238 79.0749086276813,14.2554703093591 79.074771625381,14.2553506780243 79.0746139146695,14.2553321132276 79.0744402935602,14.2553911977061 79.0742712145458,14.2554568822982 79.0741493818366,14.2555912207986 79.0740275489807,14.2557255592172 79.0739190868441,14.2558695260695 79.0738233245781,14.2560226382838 79.0737275621742,14.2561757504415 79.0736317996323,14.2563288625426 79.0735360369524,14.2564819745871 79.0734402741346,14.256635086575 79.0733638561112,14.2567981479313 79.0732884083304,14.2569617083223 79.0732129604283,14.2571252686736 79.0731375124049,14.2572888289852 79.0730620642601,14.2574523892571</coordinates></LineString>
  </Placemark>
  <Placemark id="damage_swesph_roads.318">
	<Style><LineStyle><color>ff0000ff</color></LineStyle><PolyStyle><fill>0</fill></PolyStyle></Style>
	<ExtendedData><SchemaData schemaUrl="#damage_swesph_roads">
		<SimpleData name="osm_id">1450623127</SimpleData>
		<SimpleData name="type">residential</SimpleData>
		<SimpleData name="depth_cls">0.5-1.5 m</SimpleData>
		<SimpleData name="max_depth">1.44</SimpleData>
		<SimpleData name="length_m">99.2</SimpleData>
	</SchemaData></ExtendedData>
      <LineString><coordinates>79.0730620642601,14.2574523892571 79.0729866159941,14.2576159494892 79.0729317358069,14.2577855271055 79.0729024285173,14.2579625863214 79.0728731211642,14.2581396455254 79.0728438137475,14.2583167047176</coordinates></LineString>
  </Placemark>
  <Placemark id="damage_swesph_roads.319">
	<Style><LineStyle><color>ff0000ff</color></LineStyle><PolyStyle><fill>0</fill></PolyStyle></Style>
	<ExtendedData><SchemaData schemaUrl="#damage_swesph_roads">
		<SimpleData name="osm_id">1450623127</SimpleData>
		<SimpleData name="type">residential</SimpleData>
		<SimpleData name="depth_cls">&gt;1.5 m</SimpleData>
		<SimpleData name="max_depth">1.69</SimpleData>
		<SimpleData name="length_m">99.2</SimpleData>
	</SchemaData></ExtendedData>
      <LineString><coordinates>79.0728438137475,14.2583167047176 79.0728145062671,14.2584937638979 79.0728027596844,14.2586688588986 79.0728724026971,14.2588348505844 79.0729420457985,14.2590008422604 79.0730116889884,14.2591668339268</coordinates></LineString>
  </Placemark>
  <Placemark id="damage_swesph_roads.320">
	<Style><LineStyle><color>ff0000ff</color></LineStyle><PolyStyle><fill>0</fill></PolyStyle></Style>
	<ExtendedData><SchemaData schemaUrl="#damage_swesph_roads">
		<SimpleData name="osm_id">1450623127</SimpleData>
		<SimpleData name="type">residential</SimpleData>
		<SimpleData name="depth_cls">0.5-1.5 m</SimpleData>
		<SimpleData name="max_depth">1.46</SimpleData>
		<SimpleData name="length_m">79.4</SimpleData>
	</SchemaData></ExtendedData>
      <LineString><coordinates>79.0730116889884,14.2591668339268 79.0731139861147,14.2593149264343 79.0732231572763,14.2594592509904 79.0733323285714,14.2596035755123 79.0734415,14.2597479</coordinates></LineString>
  </Placemark>
  <Placemark id="damage_swesph_roads.321">
	<Style><LineStyle><color>ff0000ff</color></LineStyle><PolyStyle><fill>0</fill></PolyStyle></Style>
	<ExtendedData><SchemaData schemaUrl="#damage_swesph_roads">
		<SimpleData name="osm_id">1217956144</SimpleData>
		<SimpleData name="type">secondary</SimpleData>
		<SimpleData name="depth_cls">&gt;1.5 m</SimpleData>
		<SimpleData name="max_depth">2.41</SimpleData>
		<SimpleData name="length_m">39.9</SimpleData>
	</SchemaData></ExtendedData>
      <LineString><coordinates>79.0418442,14.2540709 79.0420288561561,14.2540590640938 79.0422135123121,14.2540472280421</coordinates></LineString>
  </Placemark>
  <Placemark id="damage_swesph_roads.322">
	<Style><LineStyle><color>ff0000ff</color></LineStyle><PolyStyle><fill>0</fill></PolyStyle></Style>
	<ExtendedData><SchemaData schemaUrl="#damage_swesph_roads">
		<SimpleData name="osm_id">1217956144</SimpleData>
		<SimpleData name="type">secondary</SimpleData>
		<SimpleData name="depth_cls">0.5-1.5 m</SimpleData>
		<SimpleData name="max_depth">1.43</SimpleData>
		<SimpleData name="length_m">119.8</SimpleData>
	</SchemaData></ExtendedData>
      <LineString><coordinates>79.0422135123121,14.2540472280421 79.0423981685445,14.2540353929814 79.0425828253436,14.2540235661924 79.0427674821427,14.2540117392578 79.0429521598275,14.2540003856551 79.0431371757669,14.2539966999043 79.0433221917197,14.253993014009</coordinates></LineString>
  </Placemark>
  <Placemark id="damage_swesph_roads.323">
	<Style><LineStyle><color>ff0000ff</color></LineStyle><PolyStyle><fill>0</fill></PolyStyle></Style>
	<ExtendedData><SchemaData schemaUrl="#damage_swesph_roads">
		<SimpleData name="osm_id">1217956144</SimpleData>
		<SimpleData name="type">secondary</SimpleData>
		<SimpleData name="depth_cls">&gt;1.5 m</SimpleData>
		<SimpleData name="max_depth">3.33</SimpleData>
		<SimpleData name="length_m">499.3</SimpleData>
	</SchemaData></ExtendedData>
      <LineString><coordinates>79.0433221917197,14.253993014009 79.0435072076856,14.2539893279694 79.0436921734048,14.25398392522 79.0438771035496,14.253977307011 79.0440620337029,14.253970688657 79.0442404931768,14.2540083766295 79.0444161733535,14.2540650956564 79.0445728448126,14.2541561156534 79.0447177334987,14.254268397632 79.0448626228578,14.2543806788952 79.0450075256187,14.2544929438156 79.0451524285274,14.2546052086652 79.045297331584,14.254717473444 79.0454422347885,14.2548297381521 79.0455871381409,14.2549420027893 79.0457434806726,14.2550383745758 79.0459009661803,14.2551331584806 79.0460584518283,14.2552279422974 79.0462159376167,14.2553227260263 79.0463749575455,14.2554149426725 79.0465371324091,14.2555018799894 79.0466971081205,14.2555925430181 79.0468615885672,14.2556672104679 79.0470462147336,14.2556795095869 79.047230840939,14.2556918085654 79.0474154671836,14.2557041074034</coordinates></LineString>
  </Placemark>
  <Placemark id="damage_swesph_roads.324">
	<Style><LineStyle><color>ff0000ff</color></LineStyle><PolyStyle><fill>0</fill></PolyStyle></Style>
	<ExtendedData><SchemaData schemaUrl="#damage_swesph_roads">
		<SimpleData name="osm_id">1217956144</SimpleData>
		<SimpleData name="type">secondary</SimpleData>
		<SimpleData name="depth_cls">0.5-1.5 m</SimpleData>
		<SimpleData name="max_depth">1.38</SimpleData>
		<SimpleData name="length_m">59.9</SimpleData>
	</SchemaData></ExtendedData>
      <LineString><coordinates>79.0474154671836,14.2557041074034 79.0476000934674,14.2557164061009 79.0477847197902,14.2557287046578 79.0479693452687,14.2557409907114</coordinates></LineString>
  </Placemark>
  <Placemark id="damage_swesph_roads.325">
	<Style><LineStyle><color>ff0000ff</color></LineStyle><PolyStyle><fill>0</fill></PolyStyle></Style>
	<ExtendedData><SchemaData schemaUrl="#damage_swesph_roads">
		<SimpleData name="osm_id">1217956144</SimpleData>
		<SimpleData name="type">secondary</SimpleData>
		<SimpleData name="depth_cls">&gt;1.5 m</SimpleData>
		<SimpleData name="max_depth">2.35</SimpleData>
		<SimpleData name="length_m">239.7</SimpleData>
	</SchemaData></ExtendedData>
      <LineString><coordinates>79.0479693452687,14.2557409907114 79.0481504377053,14.2557038325857 79.0483315301001,14.2556666743147 79.0485126224531,14.2556295158984 79.0486937147644,14.2555923573369 79.048874807034,14.25555519863 79.0490558992617,14.2555180397778 79.0492224133285,14.2555478562633 79.049372407268,14.2556535706423 79.0495224013534,14.2557592849438 79.0496573953027,14.2558822589731 79.049788886082,14.2560092639744 79.0499203770088,14.2561362689206</coordinates></LineString>
  </Placemark>
  <Placemark id="damage_swesph_roads.326">
	<Style><LineStyle><color>ff0000ff</color></LineStyle><PolyStyle><fill>0</fill></PolyStyle></Style>
	<ExtendedData><SchemaData schemaUrl="#damage_swesph_roads">
		<SimpleData name="osm_id">1217956144</SimpleData>
		<SimpleData name="type">secondary</SimpleData>
		<SimpleData name="depth_cls">0.5-1.5 m</SimpleData>
		<SimpleData name="max_depth">1.49</SimpleData>
		<SimpleData name="length_m">20</SimpleData>
	</SchemaData></ExtendedData>
      <LineString><coordinates>79.0499203770088,14.2561362689206 79.0500518680832,14.2562632738117</coordinates></LineString>
  </Placemark>
  <Placemark id="damage_swesph_roads.327">
	<Style><LineStyle><color>ff0000ff</color></LineStyle><PolyStyle><fill>0</fill></PolyStyle></Style>
	<ExtendedData><SchemaData schemaUrl="#damage_swesph_roads">
		<SimpleData name="osm_id">1217956144</SimpleData>
		<SimpleData name="type">secondary</SimpleData>
		<SimpleData name="depth_cls">&gt;1.5 m</SimpleData>
		<SimpleData name="max_depth">1.98</SimpleData>
		<SimpleData name="length_m">20</SimpleData>
	</SchemaData></ExtendedData>
      <LineString><coordinates>79.0500518680832,14.2562632738117 79.0501833593051,14.2563902786477</coordinates></LineString>
  </Placemark>
  <Placemark id="damage_swesph_roads.328">
	<Style><LineStyle><color>ff0000ff</color></LineStyle><PolyStyle><fill>0</fill></PolyStyle></Style>
	<ExtendedData><SchemaData schemaUrl="#damage_swesph_roads">
		<SimpleData name="osm_id">1217956144</SimpleData>
		<SimpleData name="type">secondary</SimpleData>
		<SimpleData name="depth_cls">0.5-1.5 m</SimpleData>
		<SimpleData name="max_depth">1.29</SimpleData>
		<SimpleData name="length_m">20</SimpleData>
	</SchemaData></ExtendedData>
      <LineString><coordinates>79.0501833593051,14.2563902786477 79.0503148506745,14.2565172834287</coordinates></LineString>
  </Placemark>
  <Placemark id="damage_swesph_roads.329">
	<Style><LineStyle><color>ff0000ff</color></LineStyle><PolyStyle><fill>0</fill></PolyStyle></Style>
	<ExtendedData><SchemaData schemaUrl="#damage_swesph_roads">
		<SimpleData name="osm_id">1217956144</SimpleData>
		<SimpleData name="type">secondary</SimpleData>
		<SimpleData name="depth_cls">&gt;1.5 m</SimpleData>
		<SimpleData name="max_depth">2.27</SimpleData>
		<SimpleData name="length_m">20</SimpleData>
	</SchemaData></ExtendedData>
      <LineString><coordinates>79.0503148506745,14.2565172834287 79.0504463421915,14.2566442881546</coordinates></LineString>
  </Placemark>
  <Placemark id="damage_swesph_roads.330">
	<Style><LineStyle><color>ff0000ff</color></LineStyle><PolyStyle><fill>0</fill></PolyStyle></Style>
	<ExtendedData><SchemaData schemaUrl="#damage_swesph_roads">
		<SimpleData name="osm_id">1217956144</SimpleData>
		<SimpleData name="type">secondary</SimpleData>
		<SimpleData name="depth_cls">0.5-1.5 m</SimpleData>
		<SimpleData name="max_depth">1.44</SimpleData>
		<SimpleData name="length_m">20</SimpleData>
	</SchemaData></ExtendedData>
      <LineString><coordinates>79.0504463421915,14.2566442881546 79.050555840697,14.256787680455</coordinates></LineString>
  </Placemark>
  <Placemark id="damage_swesph_roads.331">
	<Style><LineStyle><color>ff0000ff</color></LineStyle><PolyStyle><fill>0</fill></PolyStyle></Style>
	<ExtendedData><SchemaData schemaUrl="#damage_swesph_roads">
		<SimpleData name="osm_id">1217956144</SimpleData>
		<SimpleData name="type">secondary</SimpleData>
		<SimpleData name="depth_cls">&gt;1.5 m</SimpleData>
		<SimpleData name="max_depth">6.97</SimpleData>
		<SimpleData name="length_m">599.2</SimpleData>
	</SchemaData></ExtendedData>
      <LineString><coordinates>79.050555840697,14.256787680455 79.0506469052245,14.2569448084173 79.0507379698683,14.257101936359 79.0508290346285,14.25725906428 79.050920099505,14.2574161921803 79.0510324720992,14.2575589257176 79.0511512709659,14.2576973180426 79.0512690142801,14.2578363385301 79.0513408408561,14.2580026824186 79.0514126675241,14.2581690262967 79.051545997298,14.2582519974745 79.051730533492,14.2582655538525 79.0519150697271,14.2582791100904 79.0520425711972,14.2584070833857 79.0521674779686,14.2585402621276 79.052295657374,14.2586670137322 79.0524799345426,14.2586835907741 79.0526642117571,14.2587001676768 79.0528484890174,14.2587167444405 79.053031748928,14.2587409980213 79.0532142914083,14.2587706654429 79.0533968339545,14.2588003327306 79.0535793765667,14.2588299998845 79.0537619192448,14.2588596669046 79.0539444619889,14.2588893337907 79.0541286738568,14.2589065496057 79.0543129008839,14.258923652544 79.054461749413,14.2590075453598 79.0545056212166,14.2591807700632 79.0545641432963,14.2593500237132 79.054710924449,14.2594528151615</coordinates></LineString>
  </Placemark>
  <Placemark id="damage_swesph_roads.332">
	<Style><LineStyle><color>ff0000ff</color></LineStyle><PolyStyle><fill>0</fill></PolyStyle></Style>
	<ExtendedData><SchemaData schemaUrl="#damage_swesph_roads">
		<SimpleData name="osm_id">1217956144</SimpleData>
		<SimpleData name="type">secondary</SimpleData>
		<SimpleData name="depth_cls">0.1-0.5 m</SimpleData>
		<SimpleData name="max_depth">0.37</SimpleData>
		<SimpleData name="length_m">39.9</SimpleData>
	</SchemaData></ExtendedData>
      <LineString><coordinates>79.054710924449,14.2594528151615 79.0548718427905,14.2595419525582 79.0550416257695,14.2596102443833</coordinates></LineString>
  </Placemark>
  <Placemark id="damage_swesph_roads.333">
	<Style><LineStyle><color>ff0000ff</color></LineStyle><PolyStyle><fill>0</fill></PolyStyle></Style>
	<ExtendedData><SchemaData schemaUrl="#damage_swesph_roads">
		<SimpleData name="osm_id">1217956144</SimpleData>
		<SimpleData name="type">secondary</SimpleData>
		<SimpleData name="depth_cls">0.1-0.5 m</SimpleData>
		<SimpleData name="max_depth">0.38</SimpleData>
		<SimpleData name="length_m">59.9</SimpleData>
	</SchemaData></ExtendedData>
      <LineString><coordinates>79.0566136026226,14.2598352408934 79.0567986486371,14.259832966181 79.056983694667,14.2598306913244 79.0571687407124,14.2598284163235</coordinates></LineString>
  </Placemark>
  <Placemark id="damage_swesph_roads.334">
	<Style><LineStyle><color>ff0000ff</color></LineStyle><PolyStyle><fill>0</fill></PolyStyle></Style>
	<ExtendedData><SchemaData schemaUrl="#damage_swesph_roads">
		<SimpleData name="osm_id">1217956144</SimpleData>
		<SimpleData name="type">secondary</SimpleData>
		<SimpleData name="depth_cls">0.5-1.5 m</SimpleData>
		<SimpleData name="max_depth">0.98</SimpleData>
		<SimpleData name="length_m">39.9</SimpleData>
	</SchemaData></ExtendedData>
      <LineString><coordinates>79.0571687407124,14.2598284163235 79.0573537867732,14.2598261411785 79.0575387613627,14.2598210674753</coordinates></LineString>
  </Placemark>
  <Placemark id="damage_swesph_roads.335">
	<Style><LineStyle><color>ff0000ff</color></LineStyle><PolyStyle><fill>0</fill></PolyStyle></Style>
	<ExtendedData><SchemaData schemaUrl="#damage_swesph_roads">
		<SimpleData name="osm_id">1217956144</SimpleData>
		<SimpleData name="type">secondary</SimpleData>
		<SimpleData name="depth_cls">&gt;1.5 m</SimpleData>
		<SimpleData name="max_depth">4.5</SimpleData>
		<SimpleData name="length_m">599.2</SimpleData>
	</SchemaData></ExtendedData>
      <LineString><coordinates>79.0575387613627,14.2598210674753 79.0577236940297,14.2598143521642 79.057880758976,14.2598924094997 79.0580272121035,14.2600027505992 79.0581736701253,14.2601130856321 79.0583201282947,14.2602234205922 79.0584665866115,14.2603337554793 79.058621970398,14.2604291584839 79.0587925713404,14.2604991037362 79.0589631724015,14.2605690488793 79.059140371354,14.2606204937118 79.0593029296683,14.2606990343334 79.0594479808251,14.2608111240785 79.0595856644534,14.2609313523336 79.0597176722891,14.2610578503627 79.05986915376,14.261141138608 79.0600539687637,14.2611504631071 79.0602383908761,14.2611355428518 79.0604228114222,14.2611205261436 79.0606072319627,14.2611055092896 79.0607916524976,14.2610904922897 79.0609760730269,14.2610754751439 79.0611604935507,14.2610604578522 79.061345067923,14.261055361969 79.0615298697609,14.2610649329942 79.0617146716333,14.261074503878 79.0618364548354,14.261185918401 79.0618600089947,14.2613649451649 79.0618835631727,14.2615439719286 79.061873734302,14.2617205719891 79.0618232294599,14.2618942151939</coordinates></LineString>
  </Placemark>
  <Placemark id="damage_swesph_roads.336">
	<Style><LineStyle><color>ff0000ff</color></LineStyle><PolyStyle><fill>0</fill></PolyStyle></Style>
	<ExtendedData><SchemaData schemaUrl="#damage_swesph_roads">
		<SimpleData name="osm_id">1217956144</SimpleData>
		<SimpleData name="type">secondary</SimpleData>
		<SimpleData name="depth_cls">0.5-1.5 m</SimpleData>
		<SimpleData name="max_depth">1.5</SimpleData>
		<SimpleData name="length_m">219.7</SimpleData>
	</SchemaData></ExtendedData>
      <LineString><coordinates>79.0618232294599,14.2618942151939 79.0617727245241,14.2620678583759 79.0617222194946,14.262241501535 79.0617329429212,14.2624216291748 79.0618139393277,14.2625702320043 79.0619846179978,14.2626400012153 79.0621633608254,14.2626794626584 79.0623472870619,14.2626994430315 79.0625312133496,14.2627194232666 79.0627151396884,14.2627394033638 79.0628990660782,14.262759383323 79.0630829925191,14.2627793631442</coordinates></LineString>
  </Placemark>
  <Placemark id="damage_swesph_roads.337">
	<Style><LineStyle><color>ff0000ff</color></LineStyle><PolyStyle><fill>0</fill></PolyStyle></Style>
	<ExtendedData><SchemaData schemaUrl="#damage_swesph_roads">
		<SimpleData name="osm_id">1217956144</SimpleData>
		<SimpleData name="type">secondary</SimpleData>
		<SimpleData name="depth_cls">0.1-0.5 m</SimpleData>
		<SimpleData name="max_depth">0.39</SimpleData>
		<SimpleData name="length_m">119.8</SimpleData>
	</SchemaData></ExtendedData>
      <LineString><coordinates>79.0630829925191,14.2627793631442 79.0632669190111,14.2627993428275 79.0634508455541,14.2628193223729 79.063634846103,14.2628385480757 79.0638193196294,14.2628529537871 79.0640037931981,14.2628673593585 79.0641883541537,14.2628563460863</coordinates></LineString>
  </Placemark>
  <Placemark id="damage_swesph_roads.338">
	<Style><LineStyle><color>ff0000ff</color></LineStyle><PolyStyle><fill>0</fill></PolyStyle></Style>
	<ExtendedData><SchemaData schemaUrl="#damage_swesph_roads">
		<SimpleData name="osm_id">1217956144</SimpleData>
		<SimpleData name="type">secondary</SimpleData>
		<SimpleData name="depth_cls">0.5-1.5 m</SimpleData>
		<SimpleData name="max_depth">1.24</SimpleData>
		<SimpleData name="length_m">119.8</SimpleData>
	</SchemaData></ExtendedData>
      <LineString><coordinates>79.0641883541537,14.2628563460863 79.0643729226191,14.2628431469207 79.0645574910819,14.2628299476093 79.0647420595421,14.2628167481521 79.0649266279997,14.2628035485493 79.0651111963423,14.2627903473067 79.0652957645813,14.2627771445754</coordinates></LineString>
  </Placemark>
  <Placemark id="damage_swesph_roads.339">
	<Style><LineStyle><color>ff0000ff</color></LineStyle><PolyStyle><fill>0</fill></PolyStyle></Style>
	<ExtendedData><SchemaData schemaUrl="#damage_swesph_roads">
		<SimpleData name="osm_id">1217956144</SimpleData>
		<SimpleData name="type">secondary</SimpleData>
		<SimpleData name="depth_cls">&gt;1.5 m</SimpleData>
		<SimpleData name="max_depth">2.42</SimpleData>
		<SimpleData name="length_m">99.9</SimpleData>
	</SchemaData></ExtendedData>
      <LineString><coordinates>79.0652957645813,14.2627771445754 79.0654803328177,14.2627639416983 79.0656624509601,14.2627669848987 79.0658353043202,14.2628314619318 79.0660133042921,14.2628807747832 79.0661966293944,14.2628723053612</coordinates></LineString>
  </Placemark>
  <Placemark id="damage_swesph_roads.340">
	<Style><LineStyle><color>ff0000ff</color></LineStyle><PolyStyle><fill>0</fill></PolyStyle></Style>
	<ExtendedData><SchemaData schemaUrl="#damage_swesph_roads">
		<SimpleData name="osm_id">1217956144</SimpleData>
		<SimpleData name="type">secondary</SimpleData>
		<SimpleData name="depth_cls">0.5-1.5 m</SimpleData>
		<SimpleData name="max_depth">1.45</SimpleData>
		<SimpleData name="length_m">20</SimpleData>
	</SchemaData></ExtendedData>
      <LineString><coordinates>79.0661966293944,14.2628723053612 79.0663407884323,14.2627607416953</coordinates></LineString>
  </Placemark>
  <Placemark id="damage_swesph_roads.341">
	<Style><LineStyle><color>ff0000ff</color></LineStyle><PolyStyle><fill>0</fill></PolyStyle></Style>
	<ExtendedData><SchemaData schemaUrl="#damage_swesph_roads">
		<SimpleData name="osm_id">1217956144</SimpleData>
		<SimpleData name="type">secondary</SimpleData>
		<SimpleData name="depth_cls">&gt;1.5 m</SimpleData>
		<SimpleData name="max_depth">2.13</SimpleData>
		<SimpleData name="length_m">139.8</SimpleData>
	</SchemaData></ExtendedData>
      <LineString><coordinates>79.0663407884323,14.2627607416953 79.066481625935,14.2626436618013 79.0666272696193,14.262535739995 79.066805386923,14.2624867516796 79.0669877024954,14.2624563819767 79.0671704585151,14.2624279655537 79.067353214507,14.2623995489847 79.0675359704713,14.2623711322696</coordinates></LineString>
  </Placemark>
  <Placemark id="damage_swesph_roads.342">
	<Style><LineStyle><color>ff0000ff</color></LineStyle><PolyStyle><fill>0</fill></PolyStyle></Style>
	<ExtendedData><SchemaData schemaUrl="#damage_swesph_roads">
		<SimpleData name="osm_id">1217956144</SimpleData>
		<SimpleData name="type">secondary</SimpleData>
		<SimpleData name="depth_cls">0.5-1.5 m</SimpleData>
		<SimpleData name="max_depth">1.29</SimpleData>
		<SimpleData name="length_m">139.8</SimpleData>
	</SchemaData></ExtendedData>
      <LineString><coordinates>79.0675359704713,14.2623711322696 79.0677199098611,14.262359766287 79.0679049251987,14.2623639019419 79.0680892781449,14.2623597982122 79.0682713713294,14.262327587229 79.0684544088328,14.2623242252023 79.0686382378571,14.2623450422617 79.0688220669337,14.2623658591834</coordinates></LineString>
  </Placemark>
  <Placemark id="damage_swesph_roads.343">
	<Style><LineStyle><color>ff0000ff</color></LineStyle><PolyStyle><fill>0</fill></PolyStyle></Style>
	<ExtendedData><SchemaData schemaUrl="#damage_swesph_roads">
		<SimpleData name="osm_id">1217956144</SimpleData>
		<SimpleData name="type">secondary</SimpleData>
		<SimpleData name="depth_cls">0.1-0.5 m</SimpleData>
		<SimpleData name="max_depth">0.45</SimpleData>
		<SimpleData name="length_m">79.9</SimpleData>
	</SchemaData></ExtendedData>
      <LineString><coordinates>79.0688220669337,14.2623658591834 79.069004786104,14.2623935634961 79.0691862991621,14.2624287522817 79.0693669092276,14.2624013214061 79.0694981499381,14.2622740641993</coordinates></LineString>
  </Placemark>
  <Placemark id="damage_swesph_roads.344">
	<Style><LineStyle><color>ff0000ff</color></LineStyle><PolyStyle><fill>0</fill></PolyStyle></Style>
	<ExtendedData><SchemaData schemaUrl="#damage_swesph_roads">
		<SimpleData name="osm_id">1217956144</SimpleData>
		<SimpleData name="type">secondary</SimpleData>
		<SimpleData name="depth_cls">0.5-1.5 m</SimpleData>
		<SimpleData name="max_depth">0.94</SimpleData>
		<SimpleData name="length_m">419.4</SimpleData>
	</SchemaData></ExtendedData>
      <LineString><coordinates>79.0694981499381,14.2622740641993 79.0696202862169,14.2621388078918 79.0697815708683,14.2620704869456 79.0699591852812,14.262026144176 79.0701078882518,14.2619186998511 79.0702806561193,14.2618808706517 79.0704481986264,14.2619575314525 79.070615741259,14.2620341921492 79.0707832840172,14.2621108527419 79.0709508269009,14.2621875132306 79.0711183699102,14.2622641736152 79.0712865102216,14.2623393728357 79.0714621792322,14.2623961524084 79.071645139852,14.2624114455282 79.0718191846546,14.2623547804834 79.0719916032171,14.2622892046168 79.0721640216939,14.2622236286125 79.0723364400848,14.2621580524705 79.0725091777663,14.2620932919752 79.0726825299744,14.262030101242 79.0728485718647,14.2619541129247 79.072994893415,14.2618436018691</coordinates></LineString>
  </Placemark>
  <Placemark id="damage_swesph_roads.345">
	<Style><LineStyle><color>ff0000ff</color></LineStyle><PolyStyle><fill>0</fill></PolyStyle></Style>
	<ExtendedData><SchemaData schemaUrl="#damage_swesph_roads">
		<SimpleData name="osm_id">1217956144</SimpleData>
		<SimpleData name="type">secondary</SimpleData>
		<SimpleData name="depth_cls">0.1-0.5 m</SimpleData>
		<SimpleData name="max_depth">0.44</SimpleData>
		<SimpleData name="length_m">119.8</SimpleData>
	</SchemaData></ExtendedData>
      <LineString><coordinates>79.072994893415,14.2618436018691 79.0731412148273,14.2617330907047 79.0732875436701,14.261622588965 79.0734320500399,14.2615098379824 79.0735761316651,14.2613965622068 79.0737202131503,14.261283286325 79.0738642944954,14.2611700103368</coordinates></LineString>
  </Placemark>
  <Placemark id="damage_swesph_roads.346">
	<Style><LineStyle><color>ff0000ff</color></LineStyle><PolyStyle><fill>0</fill></PolyStyle></Style>
	<ExtendedData><SchemaData schemaUrl="#damage_swesph_roads">
		<SimpleData name="osm_id">1217956144</SimpleData>
		<SimpleData name="type">secondary</SimpleData>
		<SimpleData name="depth_cls">0.1-0.5 m</SimpleData>
		<SimpleData name="max_depth">0.46</SimpleData>
		<SimpleData name="length_m">119.8</SimpleData>
	</SchemaData></ExtendedData>
      <LineString><coordinates>79.0746847706705,14.2608071723702 79.0747930573988,14.2606625533973 79.0748583631989,14.2604936692199 79.0748759123656,14.2603153972616 79.0748827799979,14.2601350255791 79.0748896476003,14.2599546538923 79.0748955912622,14.2597742537059</coordinates></LineString>
  </Placemark>
  <Placemark id="damage_swesph_roads.347">
	<Style><LineStyle><color>ff0000ff</color></LineStyle><PolyStyle><fill>0</fill></PolyStyle></Style>
	<ExtendedData><SchemaData schemaUrl="#damage_swesph_roads">
		<SimpleData name="osm_id">1217956144</SimpleData>
		<SimpleData name="type">secondary</SimpleData>
		<SimpleData name="depth_cls">0.5-1.5 m</SimpleData>
		<SimpleData name="max_depth">1.12</SimpleData>
		<SimpleData name="length_m">119.8</SimpleData>
	</SchemaData></ExtendedData>
      <LineString><coordinates>79.0748955912622,14.2597742537059 79.0749004219972,14.2595938191913 79.0749052527054,14.259413384673 79.0749099603939,14.2592329480695 79.0749115827662,14.2590524589832 79.0749145125772,14.2588720893955 79.0749487,14.2586947</coordinates></LineString>
  </Placemark>
  <Placemark id="damage_swesph_roads.348">
	<Style><LineStyle><color>ff0000ff</color></LineStyle><PolyStyle><fill>0</fill></PolyStyle></Style>
	<ExtendedData><SchemaData schemaUrl="#damage_swesph_roads">
		<SimpleData name="osm_id">1450623129</SimpleData>
		<SimpleData name="type">residential</SimpleData>
		<SimpleData name="depth_cls">0.5-1.5 m</SimpleData>
		<SimpleData name="max_depth">1.22</SimpleData>
		<SimpleData name="length_m">85</SimpleData>
	</SchemaData></ExtendedData>
      <LineString><coordinates>79.074127,14.2590385 79.0742837999307,14.2590538002011 79.074440599896,14.2590691003017 79.074597399896,14.2590844003017 79.0747541999307,14.2590997002011 79.074911,14.259115</coordinates></LineString>
  </Placemark>
  <Placemark id="damage_swesph_roads.349">
	<Style><LineStyle><color>ff0000ff</color></LineStyle><PolyStyle><fill>0</fill></PolyStyle></Style>
	<ExtendedData><SchemaData schemaUrl="#damage_swesph_roads">
		<SimpleData name="osm_id">1450165388</SimpleData>
		<SimpleData name="type">residential</SimpleData>
		<SimpleData name="depth_cls">0.1-0.5 m</SimpleData>
		<SimpleData name="max_depth">0.25</SimpleData>
		<SimpleData name="length_m">119</SimpleData>
	</SchemaData></ExtendedData>
      <LineString><coordinates>79.0085923691086,14.2596458016999 79.0084634612731,14.2595195707374 79.0083446890712,14.2593827245489 79.0082259170095,14.2592458783184 79.0081608232056,14.2590792993882 79.0081011627424,14.2589097109309 79.0080313760081,14.2587440905897</coordinates></LineString>
  </Placemark>
  <Placemark id="damage_swesph_roads.350">
	<Style><LineStyle><color>ff0000ff</color></LineStyle><PolyStyle><fill>0</fill></PolyStyle></Style>
	<ExtendedData><SchemaData schemaUrl="#damage_swesph_roads">
		<SimpleData name="osm_id">1450165388</SimpleData>
		<SimpleData name="type">residential</SimpleData>
		<SimpleData name="depth_cls">0.5-1.5 m</SimpleData>
		<SimpleData name="max_depth">1.2</SimpleData>
		<SimpleData name="length_m">119</SimpleData>
	</SchemaData></ExtendedData>
      <LineString><coordinates>79.0080313760081,14.2587440905897 79.007976271841,14.2585787944891 79.008011814481,14.2584028842073 79.0080416289295,14.2582260149649 79.0080348028,14.2580565402939 79.0079277013342,14.2579108201629 79.0078206,14.2577651</coordinates></LineString>
  </Placemark>
  <Placemark id="damage_swesph_roads.351">
	<Style><LineStyle><color>ff0000ff</color></LineStyle><PolyStyle><fill>0</fill></PolyStyle></Style>
	<ExtendedData><SchemaData schemaUrl="#damage_swesph_roads">
		<SimpleData name="osm_id">1450181311</SimpleData>
		<SimpleData name="type">unclassified</SimpleData>
		<SimpleData name="depth_cls">0.5-1.5 m</SimpleData>
		<SimpleData name="max_depth">1.41</SimpleData>
		<SimpleData name="length_m">139.7</SimpleData>
	</SchemaData></ExtendedData>
      <LineString><coordinates>79.0423762,14.2540368 79.0423379501789,14.254213282807 79.0422997002805,14.2543897655979 79.0422749113298,14.2545680042416 79.0422642694875,14.2547480882461 79.0422536276092,14.2549281722453 79.0422429856949,14.2551082562393 79.0422430624222,14.2552881463791</coordinates></LineString>
  </Placemark>
  <Placemark id="damage_swesph_roads.352">
	<Style><LineStyle><color>ff0000ff</color></LineStyle><PolyStyle><fill>0</fill></PolyStyle></Style>
	<ExtendedData><SchemaData schemaUrl="#damage_swesph_roads">
		<SimpleData name="osm_id">1450181311</SimpleData>
		<SimpleData name="type">unclassified</SimpleData>
		<SimpleData name="depth_cls">0.1-0.5 m</SimpleData>
		<SimpleData name="max_depth">0.45</SimpleData>
		<SimpleData name="length_m">99.8</SimpleData>
	</SchemaData></ExtendedData>
      <LineString><coordinates>79.0422430624222,14.2552881463791 79.042260541909,14.2554677217852 79.0422780214045,14.2556472971909 79.0422955009088,14.2558268725964 79.0422611720253,14.2560039083782 79.0421838763772,14.2561659067017</coordinates></LineString>
  </Placemark>
  <Placemark id="damage_swesph_roads.353">
	<Style><LineStyle><color>ff0000ff</color></LineStyle><PolyStyle><fill>0</fill></PolyStyle></Style>
	<ExtendedData><SchemaData schemaUrl="#damage_swesph_roads">
		<SimpleData name="osm_id">1450181311</SimpleData>
		<SimpleData name="type">unclassified</SimpleData>
		<SimpleData name="depth_cls">0.1-0.5 m</SimpleData>
		<SimpleData name="max_depth">0.45</SimpleData>
		<SimpleData name="length_m">59.9</SimpleData>
	</SchemaData></ExtendedData>
      <LineString><coordinates>79.0410009042855,14.2595161453657 79.0408987790587,14.2596648453345 79.0407911139094,14.2597956270868 79.0407924233624,14.2599758939878</coordinates></LineString>
  </Placemark>
  <Placemark id="damage_swesph_roads.354">
	<Style><LineStyle><color>ff0000ff</color></LineStyle><PolyStyle><fill>0</fill></PolyStyle></Style>
	<ExtendedData><SchemaData schemaUrl="#damage_swesph_roads">
		<SimpleData name="osm_id">1450181311</SimpleData>
		<SimpleData name="type">unclassified</SimpleData>
		<SimpleData name="depth_cls">0.5-1.5 m</SimpleData>
		<SimpleData name="max_depth">0.6</SimpleData>
		<SimpleData name="length_m">59.9</SimpleData>
	</SchemaData></ExtendedData>
      <LineString><coordinates>79.0407924233624,14.2599758939878 79.040803334956,14.2601559624234 79.0407853711018,14.2603329708315 79.0407350615737,14.2605065514518</coordinates></LineString>
  </Placemark>
  <Placemark id="damage_swesph_roads.355">
	<Style><LineStyle><color>ff0000ff</color></LineStyle><PolyStyle><fill>0</fill></PolyStyle></Style>
	<ExtendedData><SchemaData schemaUrl="#damage_swesph_roads">
		<SimpleData name="osm_id">1450181311</SimpleData>
		<SimpleData name="type">unclassified</SimpleData>
		<SimpleData name="depth_cls">0.1-0.5 m</SimpleData>
		<SimpleData name="max_depth">0.49</SimpleData>
		<SimpleData name="length_m">39.9</SimpleData>
	</SchemaData></ExtendedData>
      <LineString><coordinates>79.0407350615737,14.2605065514518 79.0406847519521,14.2606801320493 79.0405521028521,14.2607843054145</coordinates></LineString>
  </Placemark>
  <Placemark id="damage_swesph_roads.356">
	<Style><LineStyle><color>ff0000ff</color></LineStyle><PolyStyle><fill>0</fill></PolyStyle></Style>
	<ExtendedData><SchemaData schemaUrl="#damage_swesph_roads">
		<SimpleData name="osm_id">1450181311</SimpleData>
		<SimpleData name="type">unclassified</SimpleData>
		<SimpleData name="depth_cls">0.5-1.5 m</SimpleData>
		<SimpleData name="max_depth">0.77</SimpleData>
		<SimpleData name="length_m">20</SimpleData>
	</SchemaData></ExtendedData>
      <LineString><coordinates>79.0405521028521,14.2607843054145 79.0403959233807,14.2608745171121</coordinates></LineString>
  </Placemark>
  <Placemark id="damage_swesph_roads.357">
	<Style><LineStyle><color>ff0000ff</color></LineStyle><PolyStyle><fill>0</fill></PolyStyle></Style>
	<ExtendedData><SchemaData schemaUrl="#damage_swesph_roads">
		<SimpleData name="osm_id">1450181311</SimpleData>
		<SimpleData name="type">unclassified</SimpleData>
		<SimpleData name="depth_cls">0.1-0.5 m</SimpleData>
		<SimpleData name="max_depth">0.49</SimpleData>
		<SimpleData name="length_m">20</SimpleData>
	</SchemaData></ExtendedData>
      <LineString><coordinates>79.0403959233807,14.2608745171121 79.0402753426754,14.2610112907047</coordinates></LineString>
  </Placemark>
  <Placemark id="damage_swesph_roads.358">
	<Style><LineStyle><color>ff0000ff</color></LineStyle><PolyStyle><fill>0</fill></PolyStyle></Style>
	<ExtendedData><SchemaData schemaUrl="#damage_swesph_roads">
		<SimpleData name="osm_id">1450181311</SimpleData>
		<SimpleData name="type">unclassified</SimpleData>
		<SimpleData name="depth_cls">0.5-1.5 m</SimpleData>
		<SimpleData name="max_depth">0.7</SimpleData>
		<SimpleData name="length_m">20</SimpleData>
	</SchemaData></ExtendedData>
      <LineString><coordinates>79.0402753426754,14.2610112907047 79.040150477049,14.2611443485071</coordinates></LineString>
  </Placemark>
  <Placemark id="damage_swesph_roads.359">
	<Style><LineStyle><color>ff0000ff</color></LineStyle><PolyStyle><fill>0</fill></PolyStyle></Style>
	<ExtendedData><SchemaData schemaUrl="#damage_swesph_roads">
		<SimpleData name="osm_id">1450181311</SimpleData>
		<SimpleData name="type">unclassified</SimpleData>
		<SimpleData name="depth_cls">0.1-0.5 m</SimpleData>
		<SimpleData name="max_depth">0.45</SimpleData>
		<SimpleData name="length_m">139.7</SimpleData>
	</SchemaData></ExtendedData>
      <LineString><coordinates>79.040150477049,14.2611443485071 79.0400059155372,14.2612522922962 79.0398413348937,14.2613345826125 79.0396707892472,14.2614031424121 79.0394956915358,14.2614612240192 79.0393205937499,14.2615193054858 79.0391456572562,14.2615778475007 79.0389720520872,14.261639527457</coordinates></LineString>
  </Placemark>
  <Placemark id="damage_swesph_roads.360">
	<Style><LineStyle><color>ff0000ff</color></LineStyle><PolyStyle><fill>0</fill></PolyStyle></Style>
	<ExtendedData><SchemaData schemaUrl="#damage_swesph_roads">
		<SimpleData name="osm_id">1450181311</SimpleData>
		<SimpleData name="type">unclassified</SimpleData>
		<SimpleData name="depth_cls">0.1-0.5 m</SimpleData>
		<SimpleData name="max_depth">0.18</SimpleData>
		<SimpleData name="length_m">59.9</SimpleData>
	</SchemaData></ExtendedData>
      <LineString><coordinates>79.0388058679224,14.2617186932197 79.0386396836534,14.261797858851 79.0384734714413,14.2618769646608 79.0383030839283,14.2619471181229</coordinates></LineString>
  </Placemark>
  <Placemark id="damage_swesph_roads.361">
	<Style><LineStyle><color>ff0000ff</color></LineStyle><PolyStyle><fill>0</fill></PolyStyle></Style>
	<ExtendedData><SchemaData schemaUrl="#damage_swesph_roads">
		<SimpleData name="osm_id">1450181311</SimpleData>
		<SimpleData name="type">unclassified</SimpleData>
		<SimpleData name="depth_cls">0.1-0.5 m</SimpleData>
		<SimpleData name="max_depth">0.19</SimpleData>
		<SimpleData name="length_m">59.9</SimpleData>
	</SchemaData></ExtendedData>
      <LineString><coordinates>79.0381326963233,14.2620172714492 79.0379623086263,14.2620874246398 79.0377902665782,14.2621532340565 79.0376142390491,14.2622085787401</coordinates></LineString>
  </Placemark>
  <Placemark id="damage_swesph_roads.362">
	<Style><LineStyle><color>ff0000ff</color></LineStyle><PolyStyle><fill>0</fill></PolyStyle></Style>
	<ExtendedData><SchemaData schemaUrl="#damage_swesph_roads">
		<SimpleData name="osm_id">1450181311</SimpleData>
		<SimpleData name="type">unclassified</SimpleData>
		<SimpleData name="depth_cls">0.1-0.5 m</SimpleData>
		<SimpleData name="max_depth">0.34</SimpleData>
		<SimpleData name="length_m">99.8</SimpleData>
	</SchemaData></ExtendedData>
      <LineString><coordinates>79.0373181287511,14.2627756345431 79.0373416617472,14.2629544009639 79.0373788541192,14.263131098301 79.0374730573435,14.2632819678854 79.0375875044496,14.2634236663566 79.0376856682205,14.263575097989</coordinates></LineString>
  </Placemark>
  <Placemark id="damage_swesph_roads.363">
	<Style><LineStyle><color>ff0000ff</color></LineStyle><PolyStyle><fill>0</fill></PolyStyle></Style>
	<ExtendedData><SchemaData schemaUrl="#damage_swesph_roads">
		<SimpleData name="osm_id">1450181311</SimpleData>
		<SimpleData name="type">unclassified</SimpleData>
		<SimpleData name="depth_cls">0.5-1.5 m</SimpleData>
		<SimpleData name="max_depth">0.66</SimpleData>
		<SimpleData name="length_m">20</SimpleData>
	</SchemaData></ExtendedData>
      <LineString><coordinates>79.0376856682205,14.263575097989 79.037763177285,14.2637388757044</coordinates></LineString>
  </Placemark>
  <Placemark id="damage_swesph_roads.364">
	<Style><LineStyle><color>ff0000ff</color></LineStyle><PolyStyle><fill>0</fill></PolyStyle></Style>
	<ExtendedData><SchemaData schemaUrl="#damage_swesph_roads">
		<SimpleData name="osm_id">1450181311</SimpleData>
		<SimpleData name="type">unclassified</SimpleData>
		<SimpleData name="depth_cls">0.1-0.5 m</SimpleData>
		<SimpleData name="max_depth">0.3</SimpleData>
		<SimpleData name="length_m">20</SimpleData>
	</SchemaData></ExtendedData>
      <LineString><coordinates>79.037763177285,14.2637388757044 79.0378818407435,14.2638691484929</coordinates></LineString>
  </Placemark>
  <Placemark id="damage_swesph_roads.365">
	<Style><LineStyle><color>ff0000ff</color></LineStyle><PolyStyle><fill>0</fill></PolyStyle></Style>
	<ExtendedData><SchemaData schemaUrl="#damage_swesph_roads">
		<SimpleData name="osm_id">1450181311</SimpleData>
		<SimpleData name="type">unclassified</SimpleData>
		<SimpleData name="depth_cls">0.5-1.5 m</SimpleData>
		<SimpleData name="max_depth">0.74</SimpleData>
		<SimpleData name="length_m">20</SimpleData>
	</SchemaData></ExtendedData>
      <LineString><coordinates>79.0378818407435,14.2638691484929 79.0380332120045,14.2639727929488</coordinates></LineString>
  </Placemark>
  <Placemark id="damage_swesph_roads.366">
	<Style><LineStyle><color>ff0000ff</color></LineStyle><PolyStyle><fill>0</fill></PolyStyle></Style>
	<ExtendedData><SchemaData schemaUrl="#damage_swesph_roads">
		<SimpleData name="osm_id">1450181311</SimpleData>
		<SimpleData name="type">unclassified</SimpleData>
		<SimpleData name="depth_cls">0.1-0.5 m</SimpleData>
		<SimpleData name="max_depth">0.47</SimpleData>
		<SimpleData name="length_m">239.5</SimpleData>
	</SchemaData></ExtendedData>
      <LineString><coordinates>79.0380332120045,14.2639727929488 79.0381845834105,14.2640764373253 79.0383566718558,14.2641303645464 79.0385333161701,14.2641791823456 79.0387009391283,14.2642545315658 79.0388542826624,14.2643545301571 79.0389766411271,14.2644897949303 79.0391250099855,14.2645965670414 79.0392769192125,14.2646994609787 79.0393995202561,14.2648290816594 79.0394945895755,14.264983809123 79.0395863941139,14.2651403896368 79.0396773611534,14.2652974455385</coordinates></LineString>
  </Placemark>
  <Placemark id="damage_swesph_roads.367">
	<Style><LineStyle><color>ff0000ff</color></LineStyle><PolyStyle><fill>0</fill></PolyStyle></Style>
	<ExtendedData><SchemaData schemaUrl="#damage_swesph_roads">
		<SimpleData name="osm_id">1450181311</SimpleData>
		<SimpleData name="type">unclassified</SimpleData>
		<SimpleData name="depth_cls">0.1-0.5 m</SimpleData>
		<SimpleData name="max_depth">0.4</SimpleData>
		<SimpleData name="length_m">179.6</SimpleData>
	</SchemaData></ExtendedData>
      <LineString><coordinates>79.0394693318478,14.2657062530101 79.0392851034967,14.2657221832552 79.0391023313601,14.2657482215376 79.0389207350801,14.2657824219502 79.0387395810351,14.2657586300251 79.0385602247236,14.2657424396462 79.0383875087176,14.2658069572235 79.0382173411751,14.2658771417007 79.0381686591682,14.2660035651456 79.0382304,14.2661736</coordinates></LineString>
  </Placemark>
  <Placemark id="damage_swesph_roads.368">
	<Style><LineStyle><color>ff0000ff</color></LineStyle><PolyStyle><fill>0</fill></PolyStyle></Style>
	<ExtendedData><SchemaData schemaUrl="#damage_swesph_roads">
		<SimpleData name="osm_id">1450623128</SimpleData>
		<SimpleData name="type">residential</SimpleData>
		<SimpleData name="depth_cls">0.5-1.5 m</SimpleData>
		<SimpleData name="max_depth">0.86</SimpleData>
		<SimpleData name="length_m">210.4</SimpleData>
	</SchemaData></ExtendedData>
      <LineString><coordinates>79.0732033,14.2616862 79.0732049849023,14.2615133176353 79.0732066697847,14.2613404352678 79.073208354647,14.2611675528977 79.0732100394893,14.2609946705248 79.0732117243116,14.2608217881493 79.0732134091139,14.2606489057711 79.0732150938962,14.2604760233902 79.0732167786585,14.2603031410066 79.0732184634008,14.2601302586202 79.0732440269385,14.2599663050673 79.073361271234,14.2598366330364</coordinates></LineString>
  </Placemark>
  <Placemark id="damage_swesph_roads.369">
	<Style><LineStyle><color>ff0000ff</color></LineStyle><PolyStyle><fill>0</fill></PolyStyle></Style>
	<ExtendedData><SchemaData schemaUrl="#damage_swesph_roads">
		<SimpleData name="osm_id">1450623128</SimpleData>
		<SimpleData name="type">residential</SimpleData>
		<SimpleData name="depth_cls">0.1-0.5 m</SimpleData>
		<SimpleData name="max_depth">0.5</SimpleData>
		<SimpleData name="length_m">19.1</SimpleData>
	</SchemaData></ExtendedData>
      <LineString><coordinates>79.073361271234,14.2598366330364 79.073495968782,14.2597353650294</coordinates></LineString>
  </Placemark>
  <Placemark id="damage_swesph_roads.370">
	<Style><LineStyle><color>ff0000ff</color></LineStyle><PolyStyle><fill>0</fill></PolyStyle></Style>
	<ExtendedData><SchemaData schemaUrl="#damage_swesph_roads">
		<SimpleData name="osm_id">1450623128</SimpleData>
		<SimpleData name="type">residential</SimpleData>
		<SimpleData name="depth_cls">0.5-1.5 m</SimpleData>
		<SimpleData name="max_depth">1.42</SimpleData>
		<SimpleData name="length_m">133.9</SimpleData>
	</SchemaData></ExtendedData>
      <LineString><coordinates>79.073495968782,14.2597353650294 79.0736554400995,14.2596805233872 79.0737250961512,14.2595215404919 79.0738114840281,14.2593731032765 79.0739314799168,14.2592458483552 79.0740514756693,14.2591185933552 79.0741710360892,14.2589909629972 79.0742857814627,14.2588591820144</coordinates></LineString>
  </Placemark>
  <Placemark id="damage_swesph_roads.371">
	<Style><LineStyle><color>ff0000ff</color></LineStyle><PolyStyle><fill>0</fill></PolyStyle></Style>
	<ExtendedData><SchemaData schemaUrl="#damage_swesph_roads">
		<SimpleData name="osm_id">1450623128</SimpleData>
		<SimpleData name="type">residential</SimpleData>
		<SimpleData name="depth_cls">&gt;1.5 m</SimpleData>
		<SimpleData name="max_depth">1.54</SimpleData>
		<SimpleData name="length_m">19.1</SimpleData>
	</SchemaData></ExtendedData>
      <LineString><coordinates>79.0742857814627,14.2588591820144 79.0744218649325,14.258765344679</coordinates></LineString>
  </Placemark>
  <Placemark id="damage_swesph_roads.372">
	<Style><LineStyle><color>ff0000ff</color></LineStyle><PolyStyle><fill>0</fill></PolyStyle></Style>
	<ExtendedData><SchemaData schemaUrl="#damage_swesph_roads">
		<SimpleData name="osm_id">1450623128</SimpleData>
		<SimpleData name="type">residential</SimpleData>
		<SimpleData name="depth_cls">0.5-1.5 m</SimpleData>
		<SimpleData name="max_depth">1.28</SimpleData>
		<SimpleData name="length_m">57.4</SimpleData>
	</SchemaData></ExtendedData>
      <LineString><coordinates>79.0744218649325,14.258765344679 79.0745974766414,14.2587417965867 79.0747730883306,14.2587182483604 79.0749487,14.2586947</coordinates></LineString>
  </Placemark>
  <Placemark id="damage_swesph_roads.373">
	<Style><LineStyle><color>ff0000ff</color></LineStyle><PolyStyle><fill>0</fill></PolyStyle></Style>
	<ExtendedData><SchemaData schemaUrl="#damage_swesph_roads">
		<SimpleData name="osm_id">1259303915</SimpleData>
		<SimpleData name="type">residential</SimpleData>
		<SimpleData name="depth_cls">&gt;1.5 m</SimpleData>
		<SimpleData name="max_depth">2.14</SimpleData>
		<SimpleData name="length_m">69</SimpleData>
	</SchemaData></ExtendedData>
      <LineString><coordinates>79.0579925,14.2599766 79.0579970671466,14.2601323511995 79.0580016342853,14.2602881023979 79.0579570111136,14.260426039302 79.0578137527984,14.2604633118418</coordinates></LineString>
  </Placemark>
  <Placemark id="damage_swesph_roads.374">
	<Style><LineStyle><color>ff0000ff</color></LineStyle><PolyStyle><fill>0</fill></PolyStyle></Style>
	<ExtendedData><SchemaData schemaUrl="#damage_swesph_roads">
		<SimpleData name="osm_id">1259303915</SimpleData>
		<SimpleData name="type">residential</SimpleData>
		<SimpleData name="depth_cls">0.5-1.5 m</SimpleData>
		<SimpleData name="max_depth">0.87</SimpleData>
		<SimpleData name="length_m">17.2</SimpleData>
	</SchemaData></ExtendedData>
      <LineString><coordinates>79.0578137527984,14.2604633118418 79.057654,14.2604645</coordinates></LineString>
  </Placemark>
  <Placemark id="damage_swesph_roads.375">
	<Style><LineStyle><color>ff0000ff</color></LineStyle><PolyStyle><fill>0</fill></PolyStyle></Style>
	<ExtendedData><SchemaData schemaUrl="#damage_swesph_roads">
		<SimpleData name="osm_id">565013481</SimpleData>
		<SimpleData name="type">unclassified</SimpleData>
		<SimpleData name="depth_cls">0.5-1.5 m</SimpleData>
		<SimpleData name="max_depth">1.01</SimpleData>
		<SimpleData name="length_m">558.5</SimpleData>
	</SchemaData></ExtendedData>
      <LineString><coordinates>79.1174962,14.2475529 79.1173606301504,14.2476754126968 79.1172250601557,14.2477979252973 79.117089490016,14.2479204378015 79.1169539197313,14.2480429502095 79.1168415222388,14.2481852321501 79.1167350805014,14.248332595204 79.1166286386195,14.2484799581917 79.116522196593,14.2486273211132 79.1164157544219,14.2487746839683 79.1163093121063,14.2489220467572 79.1162065490645,14.2490713292962 79.1161399470153,14.2492394796353 79.1160733448537,14.2494076299413 79.1160067425795,14.2495757802144 79.1159401401929,14.2497439304544 79.1158735376938,14.2499120806615 79.1158069350822,14.2500802308355 79.1157403323581,14.2502483809766 79.115680654423,14.2504189403016 79.1156231180026,14.2505902446813 79.1155655814803,14.2507615490342 79.1155080448561,14.2509328533601 79.1154505081301,14.2511041576591 79.1153929713021,14.2512754619313 79.115337166422,14.2514472918968 79.1152848839995,14.2516201910213 79.1152326014818,14.251793090122 79.115177979582,14.2519652562961</coordinates></LineString>
  </Placemark>
  <Placemark id="damage_swesph_roads.376">
	<Style><LineStyle><color>ff0000ff</color></LineStyle><PolyStyle><fill>0</fill></PolyStyle></Style>
	<ExtendedData><SchemaData schemaUrl="#damage_swesph_roads">
		<SimpleData name="osm_id">565013481</SimpleData>
		<SimpleData name="type">unclassified</SimpleData>
		<SimpleData name="depth_cls">0.1-0.5 m</SimpleData>
		<SimpleData name="max_depth">0.41</SimpleData>
		<SimpleData name="length_m">159.6</SimpleData>
	</SchemaData></ExtendedData>
      <LineString><coordinates>79.115177979582,14.2519652562961 79.1151172511111,14.2521355092744 79.1150565225344,14.2523057622238 79.114995793852,14.2524760151441 79.1149350650639,14.2526462680355 79.11487433617,14.2528165208978 79.1148136071704,14.2529867737312 79.1147532781739,14.2531571613001 79.1146933529577,14.2533276848769</coordinates></LineString>
  </Placemark>
  <Placemark id="damage_swesph_roads.377">
	<Style><LineStyle><color>ff0000ff</color></LineStyle><PolyStyle><fill>0</fill></PolyStyle></Style>
	<ExtendedData><SchemaData schemaUrl="#damage_swesph_roads">
		<SimpleData name="osm_id">565013481</SimpleData>
		<SimpleData name="type">unclassified</SimpleData>
		<SimpleData name="depth_cls">0.5-1.5 m</SimpleData>
		<SimpleData name="max_depth">1.2</SimpleData>
		<SimpleData name="length_m">99.7</SimpleData>
	</SchemaData></ExtendedData>
      <LineString><coordinates>79.1146933529577,14.2533276848769 79.1146334276368,14.2534982084253 79.1145735177856,14.2536687370385 79.1145159384921,14.2538400278193 79.1144583590967,14.2540113185731 79.1144007795993,14.2541826093</coordinates></LineString>
  </Placemark>
  <Placemark id="damage_swesph_roads.378">
	<Style><LineStyle><color>ff0000ff</color></LineStyle><PolyStyle><fill>0</fill></PolyStyle></Style>
	<ExtendedData><SchemaData schemaUrl="#damage_swesph_roads">
		<SimpleData name="osm_id">565013481</SimpleData>
		<SimpleData name="type">unclassified</SimpleData>
		<SimpleData name="depth_cls">&gt;1.5 m</SimpleData>
		<SimpleData name="max_depth">1.5</SimpleData>
		<SimpleData name="length_m">19.9</SimpleData>
	</SchemaData></ExtendedData>
      <LineString><coordinates>79.1144007795993,14.2541826093 79.1143432,14.2543539</coordinates></LineString>
  </Placemark>
  <Placemark id="damage_swesph_roads.379">
	<Style><LineStyle><color>ff0000ff</color></LineStyle><PolyStyle><fill>0</fill></PolyStyle></Style>
	<ExtendedData><SchemaData schemaUrl="#damage_swesph_roads">
		<SimpleData name="osm_id">1259299251</SimpleData>
		<SimpleData name="type">tertiary</SimpleData>
		<SimpleData name="depth_cls">0.1-0.5 m</SimpleData>
		<SimpleData name="max_depth">0.49</SimpleData>
		<SimpleData name="length_m">18.8</SimpleData>
	</SchemaData></ExtendedData>
      <LineString><coordinates>79.116013,14.2520825 79.1161548919231,14.252181824383</coordinates></LineString>
  </Placemark>
  <Placemark id="damage_swesph_roads.380">
	<Style><LineStyle><color>ff0000ff</color></LineStyle><PolyStyle><fill>0</fill></PolyStyle></Style>
	<ExtendedData><SchemaData schemaUrl="#damage_swesph_roads">
		<SimpleData name="osm_id">1259299251</SimpleData>
		<SimpleData name="type">tertiary</SimpleData>
		<SimpleData name="depth_cls">0.5-1.5 m</SimpleData>
		<SimpleData name="max_depth">0.64</SimpleData>
		<SimpleData name="length_m">188.5</SimpleData>
	</SchemaData></ExtendedData>
      <LineString><coordinates>79.1161548919231,14.252181824383 79.1162659797944,14.2523079386701 79.1163509477162,14.2524567691834 79.1164359157409,14.2526055996783 79.1165208838684,14.2527544301549 79.1166058520987,14.2529032606132 79.1166908204318,14.2530520910532 79.1167757888677,14.2532009214748 79.1168607574065,14.2533497518782 79.1169457260482,14.2534985822632 79.1170306947926,14.2536474126298</coordinates></LineString>
  </Placemark>
  <Placemark id="damage_swesph_roads.381">
	<Style><LineStyle><color>ff0000ff</color></LineStyle><PolyStyle><fill>0</fill></PolyStyle></Style>
	<ExtendedData><SchemaData schemaUrl="#damage_swesph_roads">
		<SimpleData name="osm_id">1259299251</SimpleData>
		<SimpleData name="type">tertiary</SimpleData>
		<SimpleData name="depth_cls">0.1-0.5 m</SimpleData>
		<SimpleData name="max_depth">0.48</SimpleData>
		<SimpleData name="length_m">94.2</SimpleData>
	</SchemaData></ExtendedData>
      <LineString><coordinates>79.1170306947926,14.2536474126298 79.1171156636399,14.2537962429782 79.1172140503127,14.2539360633181 79.1173262730187,14.2540665928203 79.1174229439033,14.254204903116 79.1174661719275,14.2543699515591</coordinates></LineString>
  </Placemark>
  <Placemark id="damage_swesph_roads.382">
	<Style><LineStyle><color>ff0000ff</color></LineStyle><PolyStyle><fill>0</fill></PolyStyle></Style>
	<ExtendedData><SchemaData schemaUrl="#damage_swesph_roads">
		<SimpleData name="osm_id">1259299251</SimpleData>
		<SimpleData name="type">tertiary</SimpleData>
		<SimpleData name="depth_cls">0.5-1.5 m</SimpleData>
		<SimpleData name="max_depth">0.84</SimpleData>
		<SimpleData name="length_m">18.8</SimpleData>
	</SchemaData></ExtendedData>
      <LineString><coordinates>79.1174661719275,14.2543699515591 79.1175094,14.254535</coordinates></LineString>
  </Placemark>
  <Placemark id="damage_swesph_roads.383">
	<Style><LineStyle><color>ff0000ff</color></LineStyle><PolyStyle><fill>0</fill></PolyStyle></Style>
	<ExtendedData><SchemaData schemaUrl="#damage_swesph_roads">
		<SimpleData name="osm_id">567442395</SimpleData>
		<SimpleData name="type">construction</SimpleData>
		<SimpleData name="depth_cls">&gt;1.5 m</SimpleData>
		<SimpleData name="max_depth">4.1</SimpleData>
		<SimpleData name="length_m">980.5</SimpleData>
	</SchemaData></ExtendedData>
      <LineString><coordinates>79.1143432,14.2543539 79.114286483851,14.2545222613693 79.1142297676034,14.2546906227125 79.1141730512571,14.2548589840296 79.1141163348122,14.2550273453206 79.1140596182685,14.2551957065855 79.1140029016262,14.2553640678242 79.1139461848852,14.2555324290369 79.1138894680455,14.2557007902234 79.1138314561381,14.25586872911 79.11377294985,14.2560365067906 79.1137144434611,14.256204284444 79.1136559369714,14.2563720620702 79.1135974303808,14.2565398396691 79.1135389236895,14.2567076172407 79.1134804168973,14.2568753947851 79.1134219100043,14.2570431723022 79.1133634030105,14.2572109497921 79.1133048959158,14.2573787272546 79.1132463887203,14.25754650469 79.1131891209266,14.2577146855846 79.1131325831884,14.2578831041351 79.1130760453517,14.2580515226595 79.1130195074166,14.258219941158 79.1129629693829,14.2583883596304 79.1129064312508,14.2585567780768 79.1128498930202,14.2587251964972 79.1127933546911,14.2588936148916 79.1127415661814,14.259063468001 79.1126906127711,14.2592335733619 79.1126396592691,14.2594036787003 79.1125887056756,14.2595737840161 79.1125368233844,14.2597436011738 79.1124776378947,14.2599111522402 79.1124184523034,14.260078703279 79.1123592666103,14.26024625429 79.1123000808157,14.2604138052733 79.1122408949193,14.2605813562289 79.1121818367083,14.2607489499505 79.1121230092061,14.2609166209391 79.1120641816027,14.2610842919002 79.1120053538981,14.2612519628338 79.1119465260922,14.26141963374 79.111887698185,14.2615873046187 79.1118288701766,14.2617549754699 79.111770042067,14.2619226462936 79.1117112138561,14.2620903170899 79.111652385544,14.2622579878586 79.1115935571306,14.2624256585999 79.1115347286159,14.2625933293137 79.1114759,14.262761</coordinates></LineString>
  </Placemark>
  <Placemark id="damage_swesph_roads.384">
	<Style><LineStyle><color>ff0000ff</color></LineStyle><PolyStyle><fill>0</fill></PolyStyle></Style>
	<ExtendedData><SchemaData schemaUrl="#damage_swesph_roads">
		<SimpleData name="osm_id">325745681</SimpleData>
		<SimpleData name="type">trunk</SimpleData>
		<SimpleData name="depth_cls">0.5-1.5 m</SimpleData>
		<SimpleData name="max_depth">1.45</SimpleData>
		<SimpleData name="length_m">59.9</SimpleData>
	</SchemaData></ExtendedData>
      <LineString><coordinates>79.1152224,14.2544274 79.1151645139776,14.2545989084097 79.1151066278526,14.2547704167923 79.1150487416251,14.2549419251476</coordinates></LineString>
  </Placemark>
  <Placemark id="damage_swesph_roads.385">
	<Style><LineStyle><color>ff0000ff</color></LineStyle><PolyStyle><fill>0</fill></PolyStyle></Style>
	<ExtendedData><SchemaData schemaUrl="#damage_swesph_roads">
		<SimpleData name="osm_id">325745681</SimpleData>
		<SimpleData name="type">trunk</SimpleData>
		<SimpleData name="depth_cls">&gt;1.5 m</SimpleData>
		<SimpleData name="max_depth">4.26</SimpleData>
		<SimpleData name="length_m">959</SimpleData>
	</SchemaData></ExtendedData>
      <LineString><coordinates>79.1150487416251,14.2549419251476 79.1149908552951,14.2551134334758 79.1149329688625,14.2552849417769 79.1148750823274,14.2554564500507 79.1148171956896,14.2556279582974 79.1147593089494,14.255799466517 79.1147014221065,14.2559709747093 79.1146435351612,14.2561424828745 79.1145856481132,14.2563139910125 79.1145277609627,14.2564854991234 79.1144698737096,14.256657007207 79.114411986354,14.2568285152635 79.1143540988957,14.2570000232929 79.1142962113349,14.257171531295 79.1142383236716,14.25734303927 79.1141804359056,14.2575145472178 79.1141225480371,14.2576860551384 79.114064660066,14.2578575630318 79.1140067719924,14.2580290708981 79.1139488838161,14.2582005787372 79.1138909955373,14.2583720865491 79.1138331071558,14.2585435943338 79.1137752186718,14.2587151020913 79.1137173300852,14.2588866098217 79.1136594413961,14.2590581175249 79.1136015526043,14.2592296252009 79.1135436637099,14.2594011328497 79.1134857747129,14.2595726404713 79.1134278856134,14.2597441480658 79.1133699964112,14.2599156556331 79.1133121071065,14.2600871631732 79.1132542176991,14.2602586706861 79.1131963281891,14.2604301781718 79.1131384385766,14.2606016856303 79.1130805488614,14.2607731930617 79.1130226590436,14.2609447004658 79.1129647691232,14.2611162078428 79.1129068791002,14.2612877151926 79.1128489889745,14.2614592225151 79.1127910987463,14.2616307298106 79.1127332084155,14.2618022370788 79.112675317982,14.2619737443198 79.1126174274459,14.2621452515336 79.1125595368072,14.2623167587203 79.1125016460658,14.2624882658797 79.1124437552219,14.262659773012 79.1123858642753,14.262831280117 79.112327973226,14.2630027871949 79.1122701,14.2631743</coordinates></LineString>
  </Placemark>
  <Placemark id="damage_swesph_roads.386">
	<Style><LineStyle><color>ff0000ff</color></LineStyle><PolyStyle><fill>0</fill></PolyStyle></Style>
	<ExtendedData><SchemaData schemaUrl="#damage_swesph_roads">
		<SimpleData name="osm_id">567442394</SimpleData>
		<SimpleData name="type">unclassified</SimpleData>
		<SimpleData name="depth_cls">&gt;1.5 m</SimpleData>
		<SimpleData name="max_depth">2.01</SimpleData>
		<SimpleData name="length_m">36</SimpleData>
	</SchemaData></ExtendedData>
      <LineString><coordinates>79.1114759,14.262761 79.1114269502786,14.2629163250708 79.1113780004776,14.2630716501214</coordinates></LineString>
  </Placemark>
  <Placemark id="damage_swesph_roads.387">
	<Style><LineStyle><color>ff0000ff</color></LineStyle><PolyStyle><fill>0</fill></PolyStyle></Style>
	<ExtendedData><SchemaData schemaUrl="#damage_swesph_roads">
		<SimpleData name="osm_id">567442394</SimpleData>
		<SimpleData name="type">unclassified</SimpleData>
		<SimpleData name="depth_cls">0.5-1.5 m</SimpleData>
		<SimpleData name="max_depth">1.09</SimpleData>
		<SimpleData name="length_m">107.9</SimpleData>
	</SchemaData></ExtendedData>
      <LineString><coordinates>79.1113780004776,14.2630716501214 79.1113290505971,14.2632269751518 79.1112801006369,14.2633823001619 79.1112311505971,14.2635376251518 79.1111822004777,14.2636929501214 79.1111332502786,14.2638482750708 79.1110843,14.2640036</coordinates></LineString>
  </Placemark>
  <Placemark id="damage_swesph_roads.388">
	<Style><LineStyle><color>ff0000ff</color></LineStyle><PolyStyle><fill>0</fill></PolyStyle></Style>
	<ExtendedData><SchemaData schemaUrl="#damage_swesph_roads">
		<SimpleData name="osm_id">1450623124</SimpleData>
		<SimpleData name="type">residential</SimpleData>
		<SimpleData name="depth_cls">&gt;1.5 m</SimpleData>
		<SimpleData name="max_depth">3.3</SimpleData>
		<SimpleData name="length_m">231.1</SimpleData>
	</SchemaData></ExtendedData>
      <LineString><coordinates>79.1123171,14.263035 79.1124871150085,14.2630879711428 79.1126571301107,14.2631409421739 79.1128271453065,14.2631939130932 79.1129971605959,14.2632468839007 79.1131671759788,14.2632998545964 79.1133321524248,14.2633658307183 79.1134955976945,14.2634357589292 79.1136590430767,14.26350568704 79.1138224885716,14.2635756150506 79.1139859341791,14.2636455429611 79.1141321691092,14.2637313867664 79.1141950773626,14.2638942884895</coordinates></LineString>
  </Placemark>
  <Placemark id="damage_swesph_roads.389">
	<Style><LineStyle><color>ff0000ff</color></LineStyle><PolyStyle><fill>0</fill></PolyStyle></Style>
	<ExtendedData><SchemaData schemaUrl="#damage_swesph_roads">
		<SimpleData name="osm_id">1450623124</SimpleData>
		<SimpleData name="type">residential</SimpleData>
		<SimpleData name="depth_cls">0.5-1.5 m</SimpleData>
		<SimpleData name="max_depth">1.22</SimpleData>
		<SimpleData name="length_m">173.4</SimpleData>
	</SchemaData></ExtendedData>
      <LineString><coordinates>79.1141950773626,14.2638942884895 79.1142579856935,14.264057190205 79.1143208941018,14.2642200919129 79.1143838025876,14.2643829936133 79.1144467111508,14.264545895306 79.1145045629871,14.2647104212908 79.1145532190129,14.2648779010839 79.1146018750959,14.2650453808738 79.1146505312361,14.2652128606603 79.1146991874335,14.2653803404435</coordinates></LineString>
  </Placemark>
  <Placemark id="damage_swesph_roads.390">
	<Style><LineStyle><color>ff0000ff</color></LineStyle><PolyStyle><fill>0</fill></PolyStyle></Style>
	<ExtendedData><SchemaData schemaUrl="#damage_swesph_roads">
		<SimpleData name="osm_id">1450623124</SimpleData>
		<SimpleData name="type">residential</SimpleData>
		<SimpleData name="depth_cls">0.1-0.5 m</SimpleData>
		<SimpleData name="max_depth">0.49</SimpleData>
		<SimpleData name="length_m">38.5</SimpleData>
	</SchemaData></ExtendedData>
      <LineString><coordinates>79.1146991874335,14.2653803404435 79.1147478436881,14.2655478202234 79.1147965,14.2657153</coordinates></LineString>
  </Placemark>
  <Placemark id="damage_swesph_roads.391">
	<Style><LineStyle><color>ff0000ff</color></LineStyle><PolyStyle><fill>0</fill></PolyStyle></Style>
	<ExtendedData><SchemaData schemaUrl="#damage_swesph_roads">
		<SimpleData name="osm_id">1259303935</SimpleData>
		<SimpleData name="type">residential</SimpleData>
		<SimpleData name="depth_cls">0.5-1.5 m</SimpleData>
		<SimpleData name="max_depth">1.38</SimpleData>
		<SimpleData name="length_m">99.7</SimpleData>
	</SchemaData></ExtendedData>
      <LineString><coordinates>79.0971205,14.2607555 79.0970603466758,14.260925855156 79.0970001932465,14.2610962102833 79.0969918302443,14.2612754050319 79.0969890922246,14.2614555598574 79.0969858198748,14.2616356614447</coordinates></LineString>
  </Placemark>
  <Placemark id="damage_swesph_roads.392">
	<Style><LineStyle><color>ff0000ff</color></LineStyle><PolyStyle><fill>0</fill></PolyStyle></Style>
	<ExtendedData><SchemaData schemaUrl="#damage_swesph_roads">
		<SimpleData name="osm_id">1259303935</SimpleData>
		<SimpleData name="type">residential</SimpleData>
		<SimpleData name="depth_cls">&gt;1.5 m</SimpleData>
		<SimpleData name="max_depth">2.21</SimpleData>
		<SimpleData name="length_m">777.6</SimpleData>
	</SchemaData></ExtendedData>
      <LineString><coordinates>79.0969858198748,14.2616356614447 79.0969511520233,14.2618126349771 79.0969164841003,14.2619896084953 79.0968818161058,14.2621665819993 79.0968773185376,14.2623451182819 79.0968925719599,14.2625246776377 79.0969078253879,14.2627042369929 79.0969230788216,14.2628837963476 79.0968842241722,14.2630598238013 79.096844573321,14.2632357992715 79.0968049223912,14.263411774725 79.0967652713828,14.2635877501618 79.0967256202959,14.2637637255819 79.0966859691303,14.2639397009853 79.0966463178862,14.264115676372 79.0966416574829,14.2642914024141 79.0966839409308,14.2644667939514 79.0967262244274,14.264642185487 79.0967630815356,14.2648176983696 79.0967290847467,14.2649947957155 79.0966950878872,14.2651718930474 79.096661090957,14.2653489903654 79.0966270939563,14.2655260876695 79.096593096885,14.2657031849596 79.0965590997431,14.2658802822358 79.0965251025305,14.2660573794981 79.0964911052474,14.2662344767464 79.0964571078937,14.2664115739808 79.0963627357463,14.266562899019 79.0962524041804,14.2667074114483 79.0961681811831,14.2668552715548 79.0962364645679,14.2670226865098 79.09630474804,14.2671901014554 79.0963730315995,14.2673575163918 79.0964413152463,14.2675249313189 79.0965095989805,14.2676923462368 79.096534002934,14.267868600555 79.0965393168313,14.2680487004807 79.0965446307183,14.2682288004046 79.0965499445951,14.268408900327</coordinates></LineString>
  </Placemark>
  <Placemark id="damage_swesph_roads.393">
	<Style><LineStyle><color>ff0000ff</color></LineStyle><PolyStyle><fill>0</fill></PolyStyle></Style>
	<ExtendedData><SchemaData schemaUrl="#damage_swesph_roads">
		<SimpleData name="osm_id">1259303935</SimpleData>
		<SimpleData name="type">residential</SimpleData>
		<SimpleData name="depth_cls">0.5-1.5 m</SimpleData>
		<SimpleData name="max_depth">1.47</SimpleData>
		<SimpleData name="length_m">79.7</SimpleData>
	</SchemaData></ExtendedData>
      <LineString><coordinates>79.0965499445951,14.268408900327 79.0965552584617,14.2685890002477 79.096560572318,14.2687691001668 79.0965658861641,14.2689492000842 79.0965712,14.2691293</coordinates></LineString>
  </Placemark>
  <Placemark id="damage_swesph_roads.394">
	<Style><LineStyle><color>ff0000ff</color></LineStyle><PolyStyle><fill>0</fill></PolyStyle></Style>
	<ExtendedData><SchemaData schemaUrl="#damage_swesph_roads">
		<SimpleData name="osm_id">1259303930</SimpleData>
		<SimpleData name="type">tertiary</SimpleData>
		<SimpleData name="depth_cls">0.1-0.5 m</SimpleData>
		<SimpleData name="max_depth">0.37</SimpleData>
		<SimpleData name="length_m">275.9</SimpleData>
	</SchemaData></ExtendedData>
      <LineString><coordinates>79.1038648,14.2618932 79.1037011873733,14.2618141809923 79.1035375748717,14.2617351618859 79.1033739624953,14.2616561426807 79.103210350244,14.2615771233767 79.1030467381179,14.2614981039741 79.1028831261169,14.2614190844726 79.1027195142411,14.2613400648725 79.1025559024904,14.2612610451736 79.1023922908648,14.261182025376 79.1022286793645,14.2611030054796 79.1020650679892,14.2610239854846 79.101908743183,14.2609850768093 79.1017829258282,14.2611141098546 79.1016571083293,14.2612431428144</coordinates></LineString>
  </Placemark>
  <Placemark id="damage_swesph_roads.395">
	<Style><LineStyle><color>ff0000ff</color></LineStyle><PolyStyle><fill>0</fill></PolyStyle></Style>
	<ExtendedData><SchemaData schemaUrl="#damage_swesph_roads">
		<SimpleData name="osm_id">1259303930</SimpleData>
		<SimpleData name="type">tertiary</SimpleData>
		<SimpleData name="depth_cls">0.1-0.5 m</SimpleData>
		<SimpleData name="max_depth">0.47</SimpleData>
		<SimpleData name="length_m">98.5</SimpleData>
	</SchemaData></ExtendedData>
      <LineString><coordinates>79.1016006806002,14.2613974990571 79.1016087468275,14.2615753919151 79.1016168130492,14.2617532847719 79.1016248792655,14.2619311776274 79.1016329454763,14.2621090704818 79.1016410116816,14.2622869633349</coordinates></LineString>
  </Placemark>
  <Placemark id="damage_swesph_roads.396">
	<Style><LineStyle><color>ff0000ff</color></LineStyle><PolyStyle><fill>0</fill></PolyStyle></Style>
	<ExtendedData><SchemaData schemaUrl="#damage_swesph_roads">
		<SimpleData name="osm_id">1259303930</SimpleData>
		<SimpleData name="type">tertiary</SimpleData>
		<SimpleData name="depth_cls">0.5-1.5 m</SimpleData>
		<SimpleData name="max_depth">1.18</SimpleData>
		<SimpleData name="length_m">78.8</SimpleData>
	</SchemaData></ExtendedData>
      <LineString><coordinates>79.1016410116816,14.2622869633349 79.1016490778813,14.2624648561868 79.1016571440756,14.2626427490376 79.1016652102644,14.2628206418871 79.1016680649799,14.2629981563486</coordinates></LineString>
  </Placemark>
  <Placemark id="damage_swesph_roads.397">
	<Style><LineStyle><color>ff0000ff</color></LineStyle><PolyStyle><fill>0</fill></PolyStyle></Style>
	<ExtendedData><SchemaData schemaUrl="#damage_swesph_roads">
		<SimpleData name="osm_id">1259303930</SimpleData>
		<SimpleData name="type">tertiary</SimpleData>
		<SimpleData name="depth_cls">&gt;1.5 m</SimpleData>
		<SimpleData name="max_depth">3.39</SimpleData>
		<SimpleData name="length_m">571.4</SimpleData>
	</SchemaData></ExtendedData>
      <LineString><coordinates>79.1016680649799,14.2629981563486 79.1016330805404,14.2631729234335 79.10159809603,14.2633476905042 79.1015631114488,14.2635224575607 79.1015281267968,14.2636972246029 79.1014931420738,14.2638719916308 79.1014581572801,14.2640467586445 79.1014214454191,14.2642210855849 79.1013643094449,14.2643902082208 79.1013071733707,14.2645593308302 79.1012970544992,14.2647369842758 79.1012880073364,14.2649148321744 79.1012347821871,14.2650843741687 79.1011753956275,14.2652527577479 79.1011160089651,14.2654211412991 79.1010566222002,14.2655895248223 79.1009221493151,14.2656715865236 79.1007421303207,14.2657012865833 79.1007354532399,14.2658752813583 79.1007336572722,14.2660533393261 79.1007318612833,14.2662313972909 79.1007639907993,14.2664029071404 79.1007665872651,14.266576748657 79.1007469803006,14.2667537854694 79.1007273732876,14.2669308222739 79.1007077662262,14.2671078590705 79.1006881591163,14.2672848958593 79.1006685519579,14.2674619326401 79.1006489447511,14.267638969413 79.1006293374958,14.2678160061781</coordinates></LineString>
  </Placemark>
  <Placemark id="damage_swesph_roads.398">
	<Style><LineStyle><color>ff0000ff</color></LineStyle><PolyStyle><fill>0</fill></PolyStyle></Style>
	<ExtendedData><SchemaData schemaUrl="#damage_swesph_roads">
		<SimpleData name="osm_id">1259303930</SimpleData>
		<SimpleData name="type">tertiary</SimpleData>
		<SimpleData name="depth_cls">0.5-1.5 m</SimpleData>
		<SimpleData name="max_depth">1.31</SimpleData>
		<SimpleData name="length_m">98.5</SimpleData>
	</SchemaData></ExtendedData>
      <LineString><coordinates>79.1006293374958,14.2678160061781 79.1006097301921,14.2679930429353 79.1005901228399,14.2681700796845 79.1005912300515,14.2683467247651 79.1006178583164,14.268522887305 79.1006444866052,14.2686990498446</coordinates></LineString>
  </Placemark>
  <Placemark id="damage_swesph_roads.399">
	<Style><LineStyle><color>ff0000ff</color></LineStyle><PolyStyle><fill>0</fill></PolyStyle></Style>
	<ExtendedData><SchemaData schemaUrl="#damage_swesph_roads">
		<SimpleData name="osm_id">1259303930</SimpleData>
		<SimpleData name="type">tertiary</SimpleData>
		<SimpleData name="depth_cls">0.1-0.5 m</SimpleData>
		<SimpleData name="max_depth">0.23</SimpleData>
		<SimpleData name="length_m">19.7</SimpleData>
	</SchemaData></ExtendedData>
      <LineString><coordinates>79.1006444866052,14.2686990498446 79.1006711149179,14.2688752123839</coordinates></LineString>
  </Placemark>
  <Placemark id="damage_swesph_roads.400">
	<Style><LineStyle><color>ff0000ff</color></LineStyle><PolyStyle><fill>0</fill></PolyStyle></Style>
	<ExtendedData><SchemaData schemaUrl="#damage_swesph_roads">
		<SimpleData name="osm_id">1259303933</SimpleData>
		<SimpleData name="type">tertiary</SimpleData>
		<SimpleData name="depth_cls">0.1-0.5 m</SimpleData>
		<SimpleData name="max_depth">0.31</SimpleData>
		<SimpleData name="length_m">59.8</SimpleData>
	</SchemaData></ExtendedData>
      <LineString><coordinates>79.1050491241695,14.2693987088974 79.1050756482794,14.2692205177842 79.1051021723298,14.2690423266604 79.1051286963205,14.268864135526</coordinates></LineString>
  </Placemark>
  <Placemark id="damage_swesph_roads.401">
	<Style><LineStyle><color>ff0000ff</color></LineStyle><PolyStyle><fill>0</fill></PolyStyle></Style>
	<ExtendedData><SchemaData schemaUrl="#damage_swesph_roads">
		<SimpleData name="osm_id">1259303933</SimpleData>
		<SimpleData name="type">tertiary</SimpleData>
		<SimpleData name="depth_cls">0.5-1.5 m</SimpleData>
		<SimpleData name="max_depth">1.35</SimpleData>
		<SimpleData name="length_m">199.2</SimpleData>
	</SchemaData></ExtendedData>
      <LineString><coordinates>79.1051286963205,14.268864135526 79.1051645757207,14.26868800736 79.105219232962,14.2685160199036 79.1052738901049,14.268344032422 79.1053285471494,14.2681720449152 79.1053832040956,14.2680000573833 79.1054378609435,14.2678280698263 79.1054944370511,14.2676566783136 79.1055518102224,14.267485534339 79.1056091832919,14.2673143903377 79.1056665562598,14.2671432463094</coordinates></LineString>
  </Placemark>
  <Placemark id="damage_swesph_roads.402">
	<Style><LineStyle><color>ff0000ff</color></LineStyle><PolyStyle><fill>0</fill></PolyStyle></Style>
	<ExtendedData><SchemaData schemaUrl="#damage_swesph_roads">
		<SimpleData name="osm_id">1259303933</SimpleData>
		<SimpleData name="type">tertiary</SimpleData>
		<SimpleData name="depth_cls">&gt;1.5 m</SimpleData>
		<SimpleData name="max_depth">2.36</SimpleData>
		<SimpleData name="length_m">378.6</SimpleData>
	</SchemaData></ExtendedData>
      <LineString><coordinates>79.1056665562598,14.2671432463094 79.1057239291259,14.2669721022543 79.1057813018903,14.2668009581724 79.1058386745531,14.2666298140636 79.1058960471141,14.266458669928 79.1059534195735,14.2662875257655 79.1060107919311,14.2661163815761 79.106068164187,14.2659452373599 79.1061298340334,14.2657755430929 79.1061931566003,14.2656064064347 79.1062564790583,14.2654372697458 79.1063198014077,14.2652681330261 79.1063831236482,14.2650989962756 79.10644644578,14.2649298594943 79.1065119763384,14.2647615546165 79.1065816643308,14.2645948158135 79.1066513522073,14.2644280769752 79.106721039968,14.2642613381016 79.1067907276127,14.2640945991928 79.1068604151416,14.2639278602487</coordinates></LineString>
  </Placemark>
  <Placemark id="damage_swesph_roads.403">
	<Style><LineStyle><color>ff0000ff</color></LineStyle><PolyStyle><fill>0</fill></PolyStyle></Style>
	<ExtendedData><SchemaData schemaUrl="#damage_swesph_roads">
		<SimpleData name="osm_id">1259303933</SimpleData>
		<SimpleData name="type">tertiary</SimpleData>
		<SimpleData name="depth_cls">0.5-1.5 m</SimpleData>
		<SimpleData name="max_depth">1.36</SimpleData>
		<SimpleData name="length_m">99.6</SimpleData>
	</SchemaData></ExtendedData>
      <LineString><coordinates>79.1068604151416,14.2639278602487 79.1069301025547,14.2637611212694 79.1069997898519,14.2635943822548 79.1070694770332,14.2634276432049 79.1071391640987,14.2632609041198 79.1072088510483,14.2630941649994</coordinates></LineString>
  </Placemark>
  <Placemark id="damage_swesph_roads.404">
	<Style><LineStyle><color>ff0000ff</color></LineStyle><PolyStyle><fill>0</fill></PolyStyle></Style>
	<ExtendedData><SchemaData schemaUrl="#damage_swesph_roads">
		<SimpleData name="osm_id">1259303933</SimpleData>
		<SimpleData name="type">tertiary</SimpleData>
		<SimpleData name="depth_cls">0.1-0.5 m</SimpleData>
		<SimpleData name="max_depth">0.47</SimpleData>
		<SimpleData name="length_m">159.4</SimpleData>
	</SchemaData></ExtendedData>
      <LineString><coordinates>79.1072088510483,14.2630941649994 79.1072785378821,14.2629274258437 79.1073482246,14.2627606866528 79.107417911202,14.2625939474267 79.1074875976883,14.2624272081653 79.1075572840587,14.2622604688686 79.1076269703132,14.2620937295367 79.1076966564519,14.2619269901695 79.1077932084384,14.2617869807763</coordinates></LineString>
  </Placemark>
  <Placemark id="damage_swesph_roads.405">
	<Style><LineStyle><color>ff0000ff</color></LineStyle><PolyStyle><fill>0</fill></PolyStyle></Style>
	<ExtendedData><SchemaData schemaUrl="#damage_swesph_roads">
		<SimpleData name="osm_id">1259303933</SimpleData>
		<SimpleData name="type">tertiary</SimpleData>
		<SimpleData name="depth_cls">0.5-1.5 m</SimpleData>
		<SimpleData name="max_depth">1.05</SimpleData>
		<SimpleData name="length_m">79.7</SimpleData>
	</SchemaData></ExtendedData>
      <LineString><coordinates>79.1077932084384,14.2617869807763 79.1079655219437,14.261722349509 79.108135765739,14.2617194586117 79.1083033828077,14.2617949293581 79.108471,14.2618704</coordinates></LineString>
  </Placemark>
  <Placemark id="damage_swesph_roads.406">
	<Style><LineStyle><color>ff0000ff</color></LineStyle><PolyStyle><fill>0</fill></PolyStyle></Style>
	<ExtendedData><SchemaData schemaUrl="#damage_swesph_roads">
		<SimpleData name="osm_id">631885055</SimpleData>
		<SimpleData name="type">unclassified</SimpleData>
		<SimpleData name="depth_cls">0.1-0.5 m</SimpleData>
		<SimpleData name="max_depth">0.49</SimpleData>
		<SimpleData name="length_m">141.9</SimpleData>
	</SchemaData></ExtendedData>
      <LineString><coordinates>79.1147965,14.2657153 79.1148654446652,14.2658608279449 79.1149309566638,14.2660078077653 79.1149927705965,14.2661563517117 79.1150414216236,14.2663088575215 79.1150761900563,14.2664655418082 79.115109167102,14.2666224289531 79.1151121335562,14.2667827144773 79.1151151,14.266943</coordinates></LineString>
  </Placemark>
  <Placemark id="damage_swesph_roads.407">
	<Style><LineStyle><color>ff0000ff</color></LineStyle><PolyStyle><fill>0</fill></PolyStyle></Style>
	<ExtendedData><SchemaData schemaUrl="#damage_swesph_roads">
		<SimpleData name="osm_id">631885054</SimpleData>
		<SimpleData name="type">residential</SimpleData>
		<SimpleData name="depth_cls">0.1-0.5 m</SimpleData>
		<SimpleData name="max_depth">0.39</SimpleData>
		<SimpleData name="length_m">175.4</SimpleData>
	</SchemaData></ExtendedData>
      <LineString><coordinates>79.1179186,14.2668474 79.1178803739272,14.2670195850194 79.1178887005312,14.2671941633469 79.1179081536301,14.2673693136968 79.1179350000513,14.267537680332 79.1181130682672,14.2675672937215 79.1182911365464,14.2675969069836 79.1184692048888,14.2676265201181 79.118647617308,14.267653987229 79.1188264565448,14.2676787915761</coordinates></LineString>
  </Placemark>
  <Placemark id="damage_swesph_roads.408">
	<Style><LineStyle><color>ff0000ff</color></LineStyle><PolyStyle><fill>0</fill></PolyStyle></Style>
	<ExtendedData><SchemaData schemaUrl="#damage_swesph_roads">
		<SimpleData name="osm_id">1259303945</SimpleData>
		<SimpleData name="type">residential</SimpleData>
		<SimpleData name="depth_cls">0.5-1.5 m</SimpleData>
		<SimpleData name="max_depth">1.21</SimpleData>
		<SimpleData name="length_m">75.6</SimpleData>
	</SchemaData></ExtendedData>
      <LineString><coordinates>79.0913809,14.2681806 79.0913321749155,14.268016575005 79.0912834498873,14.2678525500066 79.0912347249155,14.267688525005 79.091186,14.2675245</coordinates></LineString>
  </Placemark>
  <Placemark id="damage_swesph_roads.409">
	<Style><LineStyle><color>ff0000ff</color></LineStyle><PolyStyle><fill>0</fill></PolyStyle></Style>
	<ExtendedData><SchemaData schemaUrl="#damage_swesph_roads">
		<SimpleData name="osm_id">631885056</SimpleData>
		<SimpleData name="type">secondary</SimpleData>
		<SimpleData name="depth_cls">0.1-0.5 m</SimpleData>
		<SimpleData name="max_depth">0.4</SimpleData>
		<SimpleData name="length_m">97.9</SimpleData>
	</SchemaData></ExtendedData>
      <LineString><coordinates>79.1151151,14.266943 79.115067331724,14.267112897731 79.1149777719293,14.2672667432799 79.1148882120038,14.2674205887782 79.1147986519475,14.267574434226 79.1147074363437,14.267727336955</coordinates></LineString>
  </Placemark>
  <Placemark id="damage_swesph_roads.410">
	<Style><LineStyle><color>ff0000ff</color></LineStyle><PolyStyle><fill>0</fill></PolyStyle></Style>
	<ExtendedData><SchemaData schemaUrl="#damage_swesph_roads">
		<SimpleData name="osm_id">631885056</SimpleData>
		<SimpleData name="type">secondary</SimpleData>
		<SimpleData name="depth_cls">0.5-1.5 m</SimpleData>
		<SimpleData name="max_depth">1.45</SimpleData>
		<SimpleData name="length_m">117.5</SimpleData>
	</SchemaData></ExtendedData>
      <LineString><coordinates>79.1147074363437,14.267727336955 79.11461408502,14.2678790235325 79.1145207335628,14.2680307100561 79.1144273819722,14.2681823965259 79.1143291479387,14.2683310257456 79.1142265829288,14.2684769430278 79.1141223245354,14.2686215083495</coordinates></LineString>
  </Placemark>
  <Placemark id="damage_swesph_roads.411">
	<Style><LineStyle><color>ff0000ff</color></LineStyle><PolyStyle><fill>0</fill></PolyStyle></Style>
	<ExtendedData><SchemaData schemaUrl="#damage_swesph_roads">
		<SimpleData name="osm_id">631885056</SimpleData>
		<SimpleData name="type">secondary</SimpleData>
		<SimpleData name="depth_cls">&gt;1.5 m</SimpleData>
		<SimpleData name="max_depth">1.63</SimpleData>
		<SimpleData name="length_m">78.3</SimpleData>
	</SchemaData></ExtendedData>
      <LineString><coordinates>79.1141223245354,14.2686215083495 79.1139959110179,14.2687483849071 79.1138694973583,14.2688752613787 79.1137401448479,14.2689992591063 79.1136095005653,14.2691219915065</coordinates></LineString>
  </Placemark>
  <Placemark id="damage_swesph_roads.412">
	<Style><LineStyle><color>ff0000ff</color></LineStyle><PolyStyle><fill>0</fill></PolyStyle></Style>
	<ExtendedData><SchemaData schemaUrl="#damage_swesph_roads">
		<SimpleData name="osm_id">631885056</SimpleData>
		<SimpleData name="type">secondary</SimpleData>
		<SimpleData name="depth_cls">0.5-1.5 m</SimpleData>
		<SimpleData name="max_depth">1.33</SimpleData>
		<SimpleData name="length_m">176.2</SimpleData>
	</SchemaData></ExtendedData>
      <LineString><coordinates>79.1136095005653,14.2691219915065 79.1134728480967,14.2692381726295 79.113313591339,14.2693105360454 79.1131351025959,14.2693415521263 79.1129545785245,14.2693588740453 79.1127740544431,14.269376195824 79.1125933450098,14.2693915659567 79.1124126300134,14.2694068774446 79.1122319150101,14.2694221887924 79.1120512,14.2694375</coordinates></LineString>
  </Placemark>
  <Placemark id="damage_swesph_roads.413">
	<Style><LineStyle><color>ff0000ff</color></LineStyle><PolyStyle><fill>0</fill></PolyStyle></Style>
	<ExtendedData><SchemaData schemaUrl="#damage_swesph_roads">
		<SimpleData name="osm_id">1435086618</SimpleData>
		<SimpleData name="type">secondary</SimpleData>
		<SimpleData name="depth_cls">0.5-1.5 m</SimpleData>
		<SimpleData name="max_depth">1.22</SimpleData>
		<SimpleData name="length_m">330.4</SimpleData>
	</SchemaData></ExtendedData>
      <LineString><coordinates>79.112006,14.2693612 79.1118268377611,14.2693788244772 79.1116476755116,14.2693964488161 79.1114685132516,14.2694140730167 79.1112893509809,14.269431697079 79.1111101886996,14.2694493210031 79.1109310264077,14.2694669447889 79.1107518641052,14.2694845684365 79.1105727017922,14.2695021919457 79.1103935394685,14.2695198153167 79.1102142055715,14.2695354652093 79.1100345585876,14.2695475138443 79.1098549116021,14.2695595623413 79.1096752646149,14.2695716107004 79.1094956176262,14.2695836589216 79.1093159706357,14.2695957070049 79.1091363236437,14.2696077549503 79.1089566766501,14.2696198027577</coordinates></LineString>
  </Placemark>
  <Placemark id="damage_swesph_roads.414">
	<Style><LineStyle><color>ff0000ff</color></LineStyle><PolyStyle><fill>0</fill></PolyStyle></Style>
	<ExtendedData><SchemaData schemaUrl="#damage_swesph_roads">
		<SimpleData name="osm_id">1435086618</SimpleData>
		<SimpleData name="type">secondary</SimpleData>
		<SimpleData name="depth_cls">0.1-0.5 m</SimpleData>
		<SimpleData name="max_depth">0.48</SimpleData>
		<SimpleData name="length_m">58.3</SimpleData>
	</SchemaData></ExtendedData>
      <LineString><coordinates>79.1089566766501,14.2696198027577 79.1087770296548,14.2696318504273 79.1085973826579,14.2696438979589 79.1084177356594,14.2696559453526</coordinates></LineString>
  </Placemark>
  <Placemark id="damage_swesph_roads.415">
	<Style><LineStyle><color>ff0000ff</color></LineStyle><PolyStyle><fill>0</fill></PolyStyle></Style>
	<ExtendedData><SchemaData schemaUrl="#damage_swesph_roads">
		<SimpleData name="osm_id">1435086618</SimpleData>
		<SimpleData name="type">secondary</SimpleData>
		<SimpleData name="depth_cls">0.5-1.5 m</SimpleData>
		<SimpleData name="max_depth">0.65</SimpleData>
		<SimpleData name="length_m">77.7</SimpleData>
	</SchemaData></ExtendedData>
      <LineString><coordinates>79.1084177356594,14.2696559453526 79.1082380886593,14.2696679926084 79.108058672782,14.269682514111 79.1078797509192,14.2697023244274 79.1077008290423,14.2697221346055</coordinates></LineString>
  </Placemark>
  <Placemark id="damage_swesph_roads.416">
	<Style><LineStyle><color>ff0000ff</color></LineStyle><PolyStyle><fill>0</fill></PolyStyle></Style>
	<ExtendedData><SchemaData schemaUrl="#damage_swesph_roads">
		<SimpleData name="osm_id">1435086618</SimpleData>
		<SimpleData name="type">secondary</SimpleData>
		<SimpleData name="depth_cls">0.1-0.5 m</SimpleData>
		<SimpleData name="max_depth">0.42</SimpleData>
		<SimpleData name="length_m">136</SimpleData>
	</SchemaData></ExtendedData>
      <LineString><coordinates>79.1077008290423,14.2697221346055 79.1075219071514,14.2697419446453 79.1073429852463,14.2697617545467 79.1071640633272,14.2697815643097 79.106985141394,14.2698013739344 79.1068062194467,14.2698211834208 79.1066272974854,14.2698409927688 79.1064616,14.2699055</coordinates></LineString>
  </Placemark>
  <Placemark id="damage_swesph_roads.417">
	<Style><LineStyle><color>ff0000ff</color></LineStyle><PolyStyle><fill>0</fill></PolyStyle></Style>
	<ExtendedData><SchemaData schemaUrl="#damage_swesph_roads">
		<SimpleData name="osm_id">1435086619</SimpleData>
		<SimpleData name="type">secondary</SimpleData>
		<SimpleData name="depth_cls">0.1-0.5 m</SimpleData>
		<SimpleData name="max_depth">0.42</SimpleData>
		<SimpleData name="length_m">273.8</SimpleData>
	</SchemaData></ExtendedData>
      <LineString><coordinates>79.1064616,14.2699055 79.1066393389645,14.2699307808864 79.1068195954927,14.2699127837063 79.1070002018751,14.2698983911048 79.1071808082522,14.2698839983634 79.1073612480859,14.2698679725807 79.1075412227527,14.2698473858234 79.1077211974043,14.2698267989259 79.1079011720405,14.2698062118883 79.1080811466614,14.2697856247106 79.108261121267,14.2697650373928 79.1084418563182,14.2697537898214 79.1086229069184,14.2697464176093 79.1088035360439,14.2697327956359 79.1089840169911,14.2697169764534</coordinates></LineString>
  </Placemark>
  <Placemark id="damage_swesph_roads.418">
	<Style><LineStyle><color>ff0000ff</color></LineStyle><PolyStyle><fill>0</fill></PolyStyle></Style>
	<ExtendedData><SchemaData schemaUrl="#damage_swesph_roads">
		<SimpleData name="osm_id">1435086619</SimpleData>
		<SimpleData name="type">secondary</SimpleData>
		<SimpleData name="depth_cls">0.5-1.5 m</SimpleData>
		<SimpleData name="max_depth">0.99</SimpleData>
		<SimpleData name="length_m">332.4</SimpleData>
	</SchemaData></ExtendedData>
      <LineString><coordinates>79.1089840169911,14.2697169764534 79.1091644949444,14.2697011252168 79.1093449305766,14.2696848216455 79.1095253662004,14.2696685179342 79.1097058018158,14.269652214083 79.1098862374229,14.2696359100917 79.1100666730215,14.2696196059606 79.1102471086117,14.2696033016894 79.1104275441935,14.2695869972783 79.1106079681421,14.2695705715956 79.1107883721557,14.2695539381361 79.1109687761603,14.2695373045366 79.111149180156,14.2695206707971 79.1113295841427,14.2695040369176 79.1115099881205,14.2694874028982 79.1116903920893,14.2694707687388 79.1118707960491,14.2694541344394 79.1120512,14.2694375</coordinates></LineString>
  </Placemark>
  <Placemark id="damage_swesph_roads.419">
	<Style><LineStyle><color>ff0000ff</color></LineStyle><PolyStyle><fill>0</fill></PolyStyle></Style>
	<ExtendedData><SchemaData schemaUrl="#damage_swesph_roads">
		<SimpleData name="osm_id">498602330</SimpleData>
		<SimpleData name="type">residential</SimpleData>
		<SimpleData name="depth_cls">0.1-0.5 m</SimpleData>
		<SimpleData name="max_depth">0.28</SimpleData>
		<SimpleData name="length_m">56.5</SimpleData>
	</SchemaData></ExtendedData>
      <LineString><coordinates>79.10867,14.2697445 79.1086631774832,14.2699146326757 79.1086563549395,14.2700847653476 79.1086495323691,14.2702548980158</coordinates></LineString>
  </Placemark>
  <Placemark id="damage_swesph_roads.420">
	<Style><LineStyle><color>ff0000ff</color></LineStyle><PolyStyle><fill>0</fill></PolyStyle></Style>
	<ExtendedData><SchemaData schemaUrl="#damage_swesph_roads">
		<SimpleData name="osm_id">1450623125</SimpleData>
		<SimpleData name="type">residential</SimpleData>
		<SimpleData name="depth_cls">0.5-1.5 m</SimpleData>
		<SimpleData name="max_depth">1.33</SimpleData>
		<SimpleData name="length_m">218</SimpleData>
	</SchemaData></ExtendedData>
      <LineString><coordinates>79.1130945,14.2712084 79.1131235162623,14.2710315824976 79.1131525324619,14.2708547649836 79.1131745000061,14.2706774008355 79.1131745000197,14.2704983330892 79.1131745000149,14.2703192653404 79.1131782988698,14.2701403384277 79.1131922378088,14.2699617874428 79.1132070596778,14.2697834787963 79.113290648076,14.2696240441686 79.1133742363457,14.269464609495 79.1134045,14.2692935</coordinates></LineString>
  </Placemark>
  <Placemark id="damage_swesph_roads.421">
	<Style><LineStyle><color>ff0000ff</color></LineStyle><PolyStyle><fill>0</fill></PolyStyle></Style>
	<ExtendedData><SchemaData schemaUrl="#damage_swesph_roads">
		<SimpleData name="osm_id">498602335</SimpleData>
		<SimpleData name="type">residential</SimpleData>
		<SimpleData name="depth_cls">0.1-0.5 m</SimpleData>
		<SimpleData name="max_depth">0.25</SimpleData>
		<SimpleData name="length_m">18.4</SimpleData>
	</SchemaData></ExtendedData>
      <LineString><coordinates>79.106783,14.2699157 79.1067773485645,14.2700822598928</coordinates></LineString>
  </Placemark>
  <Placemark id="damage_swesph_roads.422">
	<Style><LineStyle><color>ff0000ff</color></LineStyle><PolyStyle><fill>0</fill></PolyStyle></Style>
	<ExtendedData><SchemaData schemaUrl="#damage_swesph_roads">
		<SimpleData name="osm_id">498602333</SimpleData>
		<SimpleData name="type">residential</SimpleData>
		<SimpleData name="depth_cls">0.1-0.5 m</SimpleData>
		<SimpleData name="max_depth">0.39</SimpleData>
		<SimpleData name="length_m">38.5</SimpleData>
	</SchemaData></ExtendedData>
      <LineString><coordinates>79.1073138,14.2698734 79.1073175790059,14.270047183749 79.1073213580002,14.2702209674963</coordinates></LineString>
  </Placemark>
  <Placemark id="damage_swesph_roads.423">
	<Style><LineStyle><color>ff0000ff</color></LineStyle><PolyStyle><fill>0</fill></PolyStyle></Style>
	<ExtendedData><SchemaData schemaUrl="#damage_swesph_roads">
		<SimpleData name="osm_id">1259303942</SimpleData>
		<SimpleData name="type">residential</SimpleData>
		<SimpleData name="depth_cls">0.1-0.5 m</SimpleData>
		<SimpleData name="max_depth">0.43</SimpleData>
		<SimpleData name="length_m">19.9</SimpleData>
	</SchemaData></ExtendedData>
      <LineString><coordinates>79.0926576,14.2686515 79.0926284192335,14.2688289466399</coordinates></LineString>
  </Placemark>
  <Placemark id="damage_swesph_roads.424">
	<Style><LineStyle><color>ff0000ff</color></LineStyle><PolyStyle><fill>0</fill></PolyStyle></Style>
	<ExtendedData><SchemaData schemaUrl="#damage_swesph_roads">
		<SimpleData name="osm_id">1259303942</SimpleData>
		<SimpleData name="type">residential</SimpleData>
		<SimpleData name="depth_cls">0.5-1.5 m</SimpleData>
		<SimpleData name="max_depth">1.48</SimpleData>
		<SimpleData name="length_m">298.3</SimpleData>
	</SchemaData></ExtendedData>
      <LineString><coordinates>79.0926284192335,14.2688289466399 79.0925992384036,14.2690063932679 79.0925700575102,14.2691838398843 79.0925408765533,14.2693612864889 79.092511695533,14.2695387330817 79.0924671509476,14.2697122816878 79.092403968617,14.2698811015879 79.0923407861778,14.2700499214573 79.0922760724247,14.2702181847007 79.0922295894752,14.2703876472004 79.0922667356975,14.270563672128 79.0923464206077,14.2707243395538 79.0924357482738,14.2708815257275 79.0925250760541,14.2710387118811 79.0926144039485,14.2711958980146 79.0927033542057,14.2713531663516</coordinates></LineString>
  </Placemark>
  <Placemark id="damage_swesph_roads.425">
	<Style><LineStyle><color>ff0000ff</color></LineStyle><PolyStyle><fill>0</fill></PolyStyle></Style>
	<ExtendedData><SchemaData schemaUrl="#damage_swesph_roads">
		<SimpleData name="osm_id">1259303942</SimpleData>
		<SimpleData name="type">residential</SimpleData>
		<SimpleData name="depth_cls">&gt;1.5 m</SimpleData>
		<SimpleData name="max_depth">1.57</SimpleData>
		<SimpleData name="length_m">59.7</SimpleData>
	</SchemaData></ExtendedData>
      <LineString><coordinates>79.0927033542057,14.2713531663516 79.0926910311553,14.2715324783829 79.0926787080669,14.2717117904087 79.0926663849406,14.2718911024288</coordinates></LineString>
  </Placemark>
  <Placemark id="damage_swesph_roads.426">
	<Style><LineStyle><color>ff0000ff</color></LineStyle><PolyStyle><fill>0</fill></PolyStyle></Style>
	<ExtendedData><SchemaData schemaUrl="#damage_swesph_roads">
		<SimpleData name="osm_id">1259303942</SimpleData>
		<SimpleData name="type">residential</SimpleData>
		<SimpleData name="depth_cls">0.5-1.5 m</SimpleData>
		<SimpleData name="max_depth">1.49</SimpleData>
		<SimpleData name="length_m">338.1</SimpleData>
	</SchemaData></ExtendedData>
      <LineString><coordinates>79.0926663849406,14.2718911024288 79.0926807116806,14.2720664142899 79.0927477490551,14.2722338142781 79.0928147865151,14.2724012142575 79.0928818240605,14.2725686142282 79.0929488616912,14.2727360141901 79.0930466882501,14.2728881106696 79.0931461794393,14.2730393797865 79.0932456707538,14.2731906488764 79.0933924007995,14.2732854240583 79.0935643511728,14.2733500376319 79.093736301658,14.2734146510932 79.0939082522552,14.273479264442 79.0940802029644,14.2735438776786 79.0942521537856,14.2736084908028 79.0944248689312,14.2736709788448 79.0946005315383,14.2737252713465 79.0947761942449,14.2737795637287</coordinates></LineString>
  </Placemark>
  <Placemark id="damage_swesph_roads.427">
	<Style><LineStyle><color>ff0000ff</color></LineStyle><PolyStyle><fill>0</fill></PolyStyle></Style>
	<ExtendedData><SchemaData schemaUrl="#damage_swesph_roads">
		<SimpleData name="osm_id">1259303942</SimpleData>
		<SimpleData name="type">residential</SimpleData>
		<SimpleData name="depth_cls">&gt;1.5 m</SimpleData>
		<SimpleData name="max_depth">1.68</SimpleData>
		<SimpleData name="length_m">19.9</SimpleData>
	</SchemaData></ExtendedData>
      <LineString><coordinates>79.0947761942449,14.2737795637287 79.0948329537635,14.2739493111293</coordinates></LineString>
  </Placemark>
  <Placemark id="damage_swesph_roads.428">
	<Style><LineStyle><color>ff0000ff</color></LineStyle><PolyStyle><fill>0</fill></PolyStyle></Style>
	<ExtendedData><SchemaData schemaUrl="#damage_swesph_roads">
		<SimpleData name="osm_id">1259303942</SimpleData>
		<SimpleData name="type">residential</SimpleData>
		<SimpleData name="depth_cls">0.5-1.5 m</SimpleData>
		<SimpleData name="max_depth">1.2</SimpleData>
		<SimpleData name="length_m">99.4</SimpleData>
	</SchemaData></ExtendedData>
      <LineString><coordinates>79.0948329537635,14.2739493111293 79.0948878532163,14.274120864715 79.094942752737,14.2742924182961 79.0949976523255,14.2744639718725 79.095052551982,14.2746355254443 79.0952106587543,14.2747212493021</coordinates></LineString>
  </Placemark>
  <Placemark id="damage_swesph_roads.429">
	<Style><LineStyle><color>ff0000ff</color></LineStyle><PolyStyle><fill>0</fill></PolyStyle></Style>
	<ExtendedData><SchemaData schemaUrl="#damage_swesph_roads">
		<SimpleData name="osm_id">1259303942</SimpleData>
		<SimpleData name="type">residential</SimpleData>
		<SimpleData name="depth_cls">0.1-0.5 m</SimpleData>
		<SimpleData name="max_depth">0.4</SimpleData>
		<SimpleData name="length_m">79.5</SimpleData>
	</SchemaData></ExtendedData>
      <LineString><coordinates>79.0952106587543,14.2747212493021 79.0953588339761,14.2748096508529 79.0953291845482,14.2749870238924 79.0952995350562,14.27516439692 79.0952698855001,14.2753417699357</coordinates></LineString>
  </Placemark>
  <Placemark id="damage_swesph_roads.430">
	<Style><LineStyle><color>ff0000ff</color></LineStyle><PolyStyle><fill>0</fill></PolyStyle></Style>
	<ExtendedData><SchemaData schemaUrl="#damage_swesph_roads">
		<SimpleData name="osm_id">1259303942</SimpleData>
		<SimpleData name="type">residential</SimpleData>
		<SimpleData name="depth_cls">0.1-0.5 m</SimpleData>
		<SimpleData name="max_depth">0.12</SimpleData>
		<SimpleData name="length_m">19.9</SimpleData>
	</SchemaData></ExtendedData>
      <LineString><coordinates>79.0952402358798,14.2755191429394 79.0953590791271,14.2755878901805</coordinates></LineString>
  </Placemark>
  <Placemark id="damage_swesph_roads.431">
	<Style><LineStyle><color>ff0000ff</color></LineStyle><PolyStyle><fill>0</fill></PolyStyle></Style>
	<ExtendedData><SchemaData schemaUrl="#damage_swesph_roads">
		<SimpleData name="osm_id">1259303939</SimpleData>
		<SimpleData name="type">tertiary</SimpleData>
		<SimpleData name="depth_cls">0.1-0.5 m</SimpleData>
		<SimpleData name="max_depth">0.49</SimpleData>
		<SimpleData name="length_m">179.4</SimpleData>
	</SchemaData></ExtendedData>
      <LineString><coordinates>79.0978009,14.2760451 79.0979821371174,14.2760801265364 79.0981633743082,14.2761151529416 79.0983446115724,14.2761501792157 79.0985255526562,14.2761866268261 79.0987064298369,14.2762233812848 79.0988873070935,14.2762601356131 79.099068184426,14.2762968898111 79.0992490618344,14.2763336438788 79.0994299393187,14.2763703978163</coordinates></LineString>
  </Placemark>
  <Placemark id="damage_swesph_roads.432">
	<Style><LineStyle><color>ff0000ff</color></LineStyle><PolyStyle><fill>0</fill></PolyStyle></Style>
	<ExtendedData><SchemaData schemaUrl="#damage_swesph_roads">
		<SimpleData name="osm_id">1259303939</SimpleData>
		<SimpleData name="type">tertiary</SimpleData>
		<SimpleData name="depth_cls">0.5-1.5 m</SimpleData>
		<SimpleData name="max_depth">1.33</SimpleData>
		<SimpleData name="length_m">139.6</SimpleData>
	</SchemaData></ExtendedData>
      <LineString><coordinates>79.0994299393187,14.2763703978163 79.0996095700848,14.2763863463388 79.0997848261282,14.2763292938648 79.0999600820981,14.2762722412505 79.1001086130159,14.2761693160853 79.1002485834035,14.2760516972197 79.1003885536483,14.2759340782526 79.1005285237504,14.275816459184</coordinates></LineString>
  </Placemark>
  <Placemark id="damage_swesph_roads.433">
	<Style><LineStyle><color>ff0000ff</color></LineStyle><PolyStyle><fill>0</fill></PolyStyle></Style>
	<ExtendedData><SchemaData schemaUrl="#damage_swesph_roads">
		<SimpleData name="osm_id">1259303939</SimpleData>
		<SimpleData name="type">tertiary</SimpleData>
		<SimpleData name="depth_cls">&gt;1.5 m</SimpleData>
		<SimpleData name="max_depth">1.73</SimpleData>
		<SimpleData name="length_m">119.6</SimpleData>
	</SchemaData></ExtendedData>
      <LineString><coordinates>79.1005285237504,14.275816459184 79.1006684937099,14.2756988400141 79.1008084635266,14.2755812207427 79.1009231851577,14.2754466155791 79.1009862177882,14.2752772363192 79.1010492503101,14.2751078570286 79.1011124310741,14.2749386283268</coordinates></LineString>
  </Placemark>
  <Placemark id="damage_swesph_roads.434">
	<Style><LineStyle><color>ff0000ff</color></LineStyle><PolyStyle><fill>0</fill></PolyStyle></Style>
	<ExtendedData><SchemaData schemaUrl="#damage_swesph_roads">
		<SimpleData name="osm_id">1259303939</SimpleData>
		<SimpleData name="type">tertiary</SimpleData>
		<SimpleData name="depth_cls">0.5-1.5 m</SimpleData>
		<SimpleData name="max_depth">1.2</SimpleData>
		<SimpleData name="length_m">99.7</SimpleData>
	</SchemaData></ExtendedData>
      <LineString><coordinates>79.1011124310741,14.2749386283268 79.1012885015099,14.2748840157733 79.1014645718761,14.2748294030789 79.1016406421725,14.2747747902434 79.1018187131006,14.2747577703353 79.1019996346519,14.274794312722</coordinates></LineString>
  </Placemark>
  <Placemark id="damage_swesph_roads.435">
	<Style><LineStyle><color>ff0000ff</color></LineStyle><PolyStyle><fill>0</fill></PolyStyle></Style>
	<ExtendedData><SchemaData schemaUrl="#damage_swesph_roads">
		<SimpleData name="osm_id">1259303939</SimpleData>
		<SimpleData name="type">tertiary</SimpleData>
		<SimpleData name="depth_cls">0.1-0.5 m</SimpleData>
		<SimpleData name="max_depth">0.45</SimpleData>
		<SimpleData name="length_m">79.8</SimpleData>
	</SchemaData></ExtendedData>
      <LineString><coordinates>79.1019996346519,14.274794312722 79.1021805562786,14.2748308549782 79.1023610867745,14.2748616255315 79.1025355019569,14.2748021751737 79.1026852055413,14.2747313227331</coordinates></LineString>
  </Placemark>
  <Placemark id="damage_swesph_roads.436">
	<Style><LineStyle><color>ff0000ff</color></LineStyle><PolyStyle><fill>0</fill></PolyStyle></Style>
	<ExtendedData><SchemaData schemaUrl="#damage_swesph_roads">
		<SimpleData name="osm_id">1259303939</SimpleData>
		<SimpleData name="type">tertiary</SimpleData>
		<SimpleData name="depth_cls">0.1-0.5 m</SimpleData>
		<SimpleData name="max_depth">0.12</SimpleData>
		<SimpleData name="length_m">39.9</SimpleData>
	</SchemaData></ExtendedData>
      <LineString><coordinates>79.1024947490467,14.2742236675036 79.1024312637099,14.2740544490789 79.1024300221545,14.2738782390489</coordinates></LineString>
  </Placemark>
  <Placemark id="damage_swesph_roads.437">
	<Style><LineStyle><color>ff0000ff</color></LineStyle><PolyStyle><fill>0</fill></PolyStyle></Style>
	<ExtendedData><SchemaData schemaUrl="#damage_swesph_roads">
		<SimpleData name="osm_id">1259303939</SimpleData>
		<SimpleData name="type">tertiary</SimpleData>
		<SimpleData name="depth_cls">0.1-0.5 m</SimpleData>
		<SimpleData name="max_depth">0.27</SimpleData>
		<SimpleData name="length_m">79.8</SimpleData>
	</SchemaData></ExtendedData>
      <LineString><coordinates>79.1031257340005,14.2697911089929 79.1031616506103,14.2696143567669 79.1031975671468,14.2694376045261 79.1032334836101,14.2692608522705 79.1032694,14.2690841</coordinates></LineString>
  </Placemark>
  <Placemark id="damage_swesph_roads.438">
	<Style><LineStyle><color>ff0000ff</color></LineStyle><PolyStyle><fill>0</fill></PolyStyle></Style>
	<ExtendedData><SchemaData schemaUrl="#damage_swesph_roads">
		<SimpleData name="osm_id">1450623122</SimpleData>
		<SimpleData name="type">residential</SimpleData>
		<SimpleData name="depth_cls">0.1-0.5 m</SimpleData>
		<SimpleData name="max_depth">0.38</SimpleData>
		<SimpleData name="length_m">159.3</SimpleData>
	</SchemaData></ExtendedData>
      <LineString><coordinates>79.1185067752319,14.2772498090601 79.118478702705,14.2770719847071 79.118441909826,14.2768956857943 79.1184048602973,14.2767194317827 79.1183678108094,14.27654317777 79.1183307613622,14.2763669237561 79.1183292926398,14.2761892438088 79.1183513889421,14.2760106194602 79.1183440752691,14.2758323368208</coordinates></LineString>
  </Placemark>
  <Placemark id="damage_swesph_roads.439">
	<Style><LineStyle><color>ff0000ff</color></LineStyle><PolyStyle><fill>0</fill></PolyStyle></Style>
	<ExtendedData><SchemaData schemaUrl="#damage_swesph_roads">
		<SimpleData name="osm_id">1450623122</SimpleData>
		<SimpleData name="type">residential</SimpleData>
		<SimpleData name="depth_cls">0.5-1.5 m</SimpleData>
		<SimpleData name="max_depth">1.14</SimpleData>
		<SimpleData name="length_m">836.2</SimpleData>
	</SchemaData></ExtendedData>
      <LineString><coordinates>79.1183440752691,14.2758323368208 79.1183176217049,14.2756542765684 79.1182911681646,14.2754762163158 79.1182647146482,14.2752981560628 79.1182382611558,14.2751200958094 79.1182118076872,14.2749420355557 79.1181853542427,14.2747639753017 79.118158900822,14.2745859150473 79.1181324474252,14.2744078547925 79.1181059940524,14.2742297945374 79.1180689806504,14.274053770091 79.1180239774304,14.2738792859605 79.11798816683,14.2737028190275 79.1179535253027,14.2735260999372 79.1179188838123,14.2733493808461 79.1178877751276,14.2731721182018 79.1178649491495,14.2729935811826 79.1178421231896,14.2728150441631 79.1178192972478,14.2726365071433 79.1178856631085,14.2724694004447 79.1180308991559,14.2723584592078 79.1181663513112,14.2722422540509 79.1181851124049,14.2720632672709 79.118203873451,14.2718842804833 79.1182234698574,14.2717053849202 79.1182457651954,14.2715267840957 79.1182680604803,14.2713481832623 79.118290355712,14.27116958242 79.1183126508908,14.2709909815687 79.1183643132332,14.2708197544745 79.1184190417777,14.2706500444271 79.1184224671359,14.2704701558248 79.1184258924702,14.2702902672192 79.1184293177806,14.2701103786103 79.1184327430672,14.2699304899982 79.1184621768802,14.2697529060407 79.1184825585182,14.269574730605 79.1184776415326,14.2693948748834 79.1184617825567,14.269216951873 79.1184017105747,14.2690468383345 79.1183675989873,14.2688707540933 79.118395685905,14.2686980435826 79.1184593690801,14.2685291841274</coordinates></LineString>
  </Placemark>
  <Placemark id="damage_swesph_roads.440">
	<Style><LineStyle><color>ff0000ff</color></LineStyle><PolyStyle><fill>0</fill></PolyStyle></Style>
	<ExtendedData><SchemaData schemaUrl="#damage_swesph_roads">
		<SimpleData name="osm_id">1450623122</SimpleData>
		<SimpleData name="type">residential</SimpleData>
		<SimpleData name="depth_cls">0.1-0.5 m</SimpleData>
		<SimpleData name="max_depth">0.47</SimpleData>
		<SimpleData name="length_m">99.5</SimpleData>
	</SchemaData></ExtendedData>
      <LineString><coordinates>79.1184593690801,14.2685291841274 79.1185230521461,14.2683603246413 79.1185782834739,14.2681892357029 79.1186105557171,14.2680120904816 79.1186428278924,14.2678349452473 79.1186751,14.2676578</coordinates></LineString>
  </Placemark>
  <Placemark id="damage_swesph_roads.441">
	<Style><LineStyle><color>ff0000ff</color></LineStyle><PolyStyle><fill>0</fill></PolyStyle></Style>
	<ExtendedData><SchemaData schemaUrl="#damage_swesph_roads">
		<SimpleData name="osm_id">1259303941</SimpleData>
		<SimpleData name="type">residential</SimpleData>
		<SimpleData name="depth_cls">0.1-0.5 m</SimpleData>
		<SimpleData name="max_depth">0.26</SimpleData>
		<SimpleData name="length_m">98.9</SimpleData>
	</SchemaData></ExtendedData>
      <LineString><coordinates>79.096568,14.275437 79.0963851051084,14.2754263585942 79.0962022102522,14.27541571705 79.0960193154315,14.2754050753674 79.0958386857659,14.2753985629799 79.0957462575233,14.2755528464709</coordinates></LineString>
  </Placemark>
  <Placemark id="damage_swesph_roads.442">
	<Style><LineStyle><color>ff0000ff</color></LineStyle><PolyStyle><fill>0</fill></PolyStyle></Style>
	<ExtendedData><SchemaData schemaUrl="#damage_swesph_roads">
		<SimpleData name="osm_id">1450181292</SimpleData>
		<SimpleData name="type">residential</SimpleData>
		<SimpleData name="depth_cls">0.1-0.5 m</SimpleData>
		<SimpleData name="max_depth">0.2</SimpleData>
		<SimpleData name="length_m">199.6</SimpleData>
	</SchemaData></ExtendedData>
      <LineString><coordinates>79.0128488344031,14.2659965279284 79.0130319337075,14.2660141189696 79.0132147036943,14.2660414488176 79.0133974737437,14.266068778531 79.0135780373872,14.2661064937304 79.0137568939429,14.2661522442823 79.0139369053938,14.2661932090092 79.0141179102567,14.2662300570806 79.01430013008,14.266255986109 79.0144819356638,14.2662735050688 79.014654308168,14.2663387695242</coordinates></LineString>
  </Placemark>
  <Placemark id="damage_swesph_roads.443">
	<Style><LineStyle><color>ff0000ff</color></LineStyle><PolyStyle><fill>0</fill></PolyStyle></Style>
	<ExtendedData><SchemaData schemaUrl="#damage_swesph_roads">
		<SimpleData name="osm_id">1450181292</SimpleData>
		<SimpleData name="type">residential</SimpleData>
		<SimpleData name="depth_cls">0.5-1.5 m</SimpleData>
		<SimpleData name="max_depth">0.55</SimpleData>
		<SimpleData name="length_m">39.9</SimpleData>
	</SchemaData></ExtendedData>
      <LineString><coordinates>79.014654308168,14.2663387695242 79.0148317078029,14.2663866575526 79.0150136362214,14.2664188916032</coordinates></LineString>
  </Placemark>
  <Placemark id="damage_swesph_roads.444">
	<Style><LineStyle><color>ff0000ff</color></LineStyle><PolyStyle><fill>0</fill></PolyStyle></Style>
	<ExtendedData><SchemaData schemaUrl="#damage_swesph_roads">
		<SimpleData name="osm_id">1450181292</SimpleData>
		<SimpleData name="type">residential</SimpleData>
		<SimpleData name="depth_cls">&gt;1.5 m</SimpleData>
		<SimpleData name="max_depth">5.45</SimpleData>
		<SimpleData name="length_m">119.7</SimpleData>
	</SchemaData></ExtendedData>
      <LineString><coordinates>79.0150136362214,14.2664188916032 79.0151913232729,14.2663956774649 79.0153324036697,14.2662791037063 79.0154827973515,14.2662401299972 79.0156088564475,14.2663720633641 79.015713317473,14.2665182838288 79.0157416,14.2666965</coordinates></LineString>
  </Placemark>
  <Placemark id="damage_swesph_roads.445">
	<Style><LineStyle><color>ff0000ff</color></LineStyle><PolyStyle><fill>0</fill></PolyStyle></Style>
	<ExtendedData><SchemaData schemaUrl="#damage_swesph_roads">
		<SimpleData name="osm_id">1259303917</SimpleData>
		<SimpleData name="type">unclassified</SimpleData>
		<SimpleData name="depth_cls">0.1-0.5 m</SimpleData>
		<SimpleData name="max_depth">0.47</SimpleData>
		<SimpleData name="length_m">79.3</SimpleData>
	</SchemaData></ExtendedData>
      <LineString><coordinates>79.0648040306063,14.2635752879311 79.0649619027757,14.2634834872729 79.0650169611922,14.2633350823652 79.0650159741454,14.2631558215792 79.0650149870813,14.2629765607907</coordinates></LineString>
  </Placemark>
  <Placemark id="damage_swesph_roads.446">
	<Style><LineStyle><color>ff0000ff</color></LineStyle><PolyStyle><fill>0</fill></PolyStyle></Style>
	<ExtendedData><SchemaData schemaUrl="#damage_swesph_roads">
		<SimpleData name="osm_id">1259303917</SimpleData>
		<SimpleData name="type">unclassified</SimpleData>
		<SimpleData name="depth_cls">0.5-1.5 m</SimpleData>
		<SimpleData name="max_depth">1.24</SimpleData>
		<SimpleData name="length_m">19.8</SimpleData>
	</SchemaData></ExtendedData>
      <LineString><coordinates>79.0650149870813,14.2629765607907 79.065014,14.2627973</coordinates></LineString>
  </Placemark>
  <Placemark id="damage_swesph_roads.447">
	<Style><LineStyle><color>ff0000ff</color></LineStyle><PolyStyle><fill>0</fill></PolyStyle></Style>
	<ExtendedData><SchemaData schemaUrl="#damage_swesph_roads">
		<SimpleData name="osm_id">1259303923</SimpleData>
		<SimpleData name="type">tertiary</SimpleData>
		<SimpleData name="depth_cls">0.1-0.5 m</SimpleData>
		<SimpleData name="max_depth">0.31</SimpleData>
		<SimpleData name="length_m">59.3</SimpleData>
	</SchemaData></ExtendedData>
      <LineString><coordinates>79.0733844,14.2615473 79.0735176540548,14.2616697780187 79.0736509082547,14.2617922559799 79.0737841625998,14.2619147338834</coordinates></LineString>
  </Placemark>
  <Placemark id="damage_swesph_roads.448">
	<Style><LineStyle><color>ff0000ff</color></LineStyle><PolyStyle><fill>0</fill></PolyStyle></Style>
	<ExtendedData><SchemaData schemaUrl="#damage_swesph_roads">
		<SimpleData name="osm_id">1259303923</SimpleData>
		<SimpleData name="type">tertiary</SimpleData>
		<SimpleData name="depth_cls">0.1-0.5 m</SimpleData>
		<SimpleData name="max_depth">0.43</SimpleData>
		<SimpleData name="length_m">632.4</SimpleData>
	</SchemaData></ExtendedData>
      <LineString><coordinates>79.0781436796663,14.2635660353214 79.078325801509,14.2635845097002 79.0784910006157,14.2636477355907 79.0786418088372,14.2637490178457 79.0787926172002,14.2638503000213 79.0789434257047,14.2639515821174 79.0790942343506,14.2640528641342 79.0792450431379,14.2641541460716 79.0793958520667,14.2642554279296 79.0795355430797,14.2643708063448 79.0796745992422,14.2644869898093 79.0798136555501,14.2646031732095 79.0799527120035,14.2647193565453 79.0800917686024,14.2648355398167 79.0802308253468,14.2649517230237 79.0804043340021,14.2649698752874 79.0805872292886,14.2649613182553 79.0807701245797,14.2649527610811 79.0809530198755,14.2649442037647 79.0811359151759,14.2649356463061 79.081318810481,14.2649270887053 79.0815017057907,14.2649185309623 79.081684601105,14.2649099730771 79.0818623652215,14.264867438136 79.0820400233712,14.264824201717 79.0822176814694,14.2647809651568 79.0823953395161,14.2647377284554 79.0825729975113,14.2646944916129 79.0827506554551,14.2646512546293 79.0829304227388,14.2646192326898 79.0831122485084,14.2645981552696 79.0832940742621,14.2645770777063 79.0834759,14.264556</coordinates></LineString>
  </Placemark>
  <Placemark id="damage_swesph_roads.449">
	<Style><LineStyle><color>ff0000ff</color></LineStyle><PolyStyle><fill>0</fill></PolyStyle></Style>
	<ExtendedData><SchemaData schemaUrl="#damage_swesph_roads">
		<SimpleData name="osm_id">498602339</SimpleData>
		<SimpleData name="type">secondary</SimpleData>
		<SimpleData name="depth_cls">0.1-0.5 m</SimpleData>
		<SimpleData name="max_depth">0.1</SimpleData>
		<SimpleData name="length_m">19.9</SimpleData>
	</SchemaData></ExtendedData>
      <LineString><coordinates>79.105747570065,14.2697396435906 79.1055676581158,14.2696992566045</coordinates></LineString>
  </Placemark>
  <Placemark id="damage_swesph_roads.450">
	<Style><LineStyle><color>ff0000ff</color></LineStyle><PolyStyle><fill>0</fill></PolyStyle></Style>
	<ExtendedData><SchemaData schemaUrl="#damage_swesph_roads">
		<SimpleData name="osm_id">498602339</SimpleData>
		<SimpleData name="type">secondary</SimpleData>
		<SimpleData name="depth_cls">0.1-0.5 m</SimpleData>
		<SimpleData name="max_depth">0.39</SimpleData>
		<SimpleData name="length_m">119.5</SimpleData>
	</SchemaData></ExtendedData>
      <LineString><coordinates>79.1046730588517,14.2694786471549 79.1044958820441,14.2694281234311 79.1043195512278,14.2693755773949 79.1041456168615,14.2693152215144 79.1039709879641,14.2692570247823 79.103792875648,14.269209656346 79.1036147634225,14.2691622877856</coordinates></LineString>
  </Placemark>
  <Placemark id="damage_swesph_roads.451">
	<Style><LineStyle><color>ff0000ff</color></LineStyle><PolyStyle><fill>0</fill></PolyStyle></Style>
	<ExtendedData><SchemaData schemaUrl="#damage_swesph_roads">
		<SimpleData name="osm_id">498602339</SimpleData>
		<SimpleData name="type">secondary</SimpleData>
		<SimpleData name="depth_cls">0.5-1.5 m</SimpleData>
		<SimpleData name="max_depth">0.7</SimpleData>
		<SimpleData name="length_m">99.6</SimpleData>
	</SchemaData></ExtendedData>
      <LineString><coordinates>79.1036147634225,14.2691622877856 79.1034363641229,14.2691161143113 79.1032552181758,14.2690813714716 79.1030723471673,14.2690759119553 79.1028883074573,14.2690901204333 79.1027042677426,14.2691043287662</coordinates></LineString>
  </Placemark>
  <Placemark id="damage_swesph_roads.452">
	<Style><LineStyle><color>ff0000ff</color></LineStyle><PolyStyle><fill>0</fill></PolyStyle></Style>
	<ExtendedData><SchemaData schemaUrl="#damage_swesph_roads">
		<SimpleData name="osm_id">498602339</SimpleData>
		<SimpleData name="type">secondary</SimpleData>
		<SimpleData name="depth_cls">0.1-0.5 m</SimpleData>
		<SimpleData name="max_depth">0.36</SimpleData>
		<SimpleData name="length_m">79.7</SimpleData>
	</SchemaData></ExtendedData>
      <LineString><coordinates>79.1027042677426,14.2691043287662 79.1025202280232,14.2691185369539 79.1023361882991,14.2691327449965 79.1021529195528,14.2691538666026 79.1019700509955,14.2691785768891</coordinates></LineString>
  </Placemark>
  <Placemark id="damage_swesph_roads.453">
	<Style><LineStyle><color>ff0000ff</color></LineStyle><PolyStyle><fill>0</fill></PolyStyle></Style>
	<ExtendedData><SchemaData schemaUrl="#damage_swesph_roads">
		<SimpleData name="osm_id">498602339</SimpleData>
		<SimpleData name="type">secondary</SimpleData>
		<SimpleData name="depth_cls">0.1-0.5 m</SimpleData>
		<SimpleData name="max_depth">0.49</SimpleData>
		<SimpleData name="length_m">219.2</SimpleData>
	</SchemaData></ExtendedData>
      <LineString><coordinates>79.0996337643772,14.2696887011227 79.0994506873596,14.2697118980738 79.0992676103226,14.2697350948794 79.0990845332661,14.2697582915396 79.0989045586174,14.2697978703172 79.0987250639942,14.2698399839627 79.0985440342314,14.2698722716546 79.0983598225605,14.2698603674423 79.0981756109274,14.2698484630898 79.0979918844035,14.2698316519105 79.09780873169,14.2698090310056 79.0976357019399,14.2697467612862</coordinates></LineString>
  </Placemark>
  <Placemark id="damage_swesph_roads.454">
	<Style><LineStyle><color>ff0000ff</color></LineStyle><PolyStyle><fill>0</fill></PolyStyle></Style>
	<ExtendedData><SchemaData schemaUrl="#damage_swesph_roads">
		<SimpleData name="osm_id">498602339</SimpleData>
		<SimpleData name="type">secondary</SimpleData>
		<SimpleData name="depth_cls">0.5-1.5 m</SimpleData>
		<SimpleData name="max_depth">1.27</SimpleData>
		<SimpleData name="length_m">239.1</SimpleData>
	</SchemaData></ExtendedData>
      <LineString><coordinates>79.0976357019399,14.2697467612862 79.0975327720927,14.2695978991832 79.0974429849493,14.2694407025101 79.0973591713159,14.2692803048488 79.0972081967658,14.2691856829877 79.0970253741496,14.269177787769 79.0968418809322,14.269164893984 79.0966589216103,14.2691408352451 79.0964759650502,14.2691167568209 79.0962930110384,14.2690926602542 79.0961100570835,14.2690685635518 79.0959270284621,14.269045102265 79.0957432305627,14.2690281842697</coordinates></LineString>
  </Placemark>
  <Placemark id="damage_swesph_roads.455">
	<Style><LineStyle><color>ff0000ff</color></LineStyle><PolyStyle><fill>0</fill></PolyStyle></Style>
	<ExtendedData><SchemaData schemaUrl="#damage_swesph_roads">
		<SimpleData name="osm_id">498602339</SimpleData>
		<SimpleData name="type">secondary</SimpleData>
		<SimpleData name="depth_cls">0.1-0.5 m</SimpleData>
		<SimpleData name="max_depth">0.48</SimpleData>
		<SimpleData name="length_m">119.5</SimpleData>
	</SchemaData></ExtendedData>
      <LineString><coordinates>79.0957432305627,14.2690281842697 79.0955594327091,14.2690112661358 79.0953756349014,14.2689943478635 79.0951918371394,14.2689774294527 79.0950080394233,14.2689605109034 79.0948242417531,14.2689435922155 79.0946404441286,14.2689266733892</coordinates></LineString>
  </Placemark>
  <Placemark id="damage_swesph_roads.456">
	<Style><LineStyle><color>ff0000ff</color></LineStyle><PolyStyle><fill>0</fill></PolyStyle></Style>
	<ExtendedData><SchemaData schemaUrl="#damage_swesph_roads">
		<SimpleData name="osm_id">498602339</SimpleData>
		<SimpleData name="type">secondary</SimpleData>
		<SimpleData name="depth_cls">0.1-0.5 m</SimpleData>
		<SimpleData name="max_depth">0.43</SimpleData>
		<SimpleData name="length_m">119.5</SimpleData>
	</SchemaData></ExtendedData>
      <LineString><coordinates>79.09335396426,14.2688071898472 79.0931721622831,14.2687789580573 79.0929932289775,14.268734636075 79.0928142957584,14.2686903139667 79.092635388087,14.2686458948691 79.0924566599151,14.2686007930967 79.0922779318307,14.2685556911989</coordinates></LineString>
  </Placemark>
  <Placemark id="damage_swesph_roads.457">
	<Style><LineStyle><color>ff0000ff</color></LineStyle><PolyStyle><fill>0</fill></PolyStyle></Style>
	<ExtendedData><SchemaData schemaUrl="#damage_swesph_roads">
		<SimpleData name="osm_id">498602339</SimpleData>
		<SimpleData name="type">secondary</SimpleData>
		<SimpleData name="depth_cls">0.5-1.5 m</SimpleData>
		<SimpleData name="max_depth">1.39</SimpleData>
		<SimpleData name="length_m">697.3</SimpleData>
	</SchemaData></ExtendedData>
      <LineString><coordinates>79.0922779318307,14.2685556911989 79.0920992038339,14.2685105891757 79.091927232132,14.2684479337815 79.0917622224365,14.268367190658 79.0915972128698,14.2682864474342 79.091432203432,14.2682057041103 79.0912671800182,14.2681249881124 79.0910979296214,14.2680538268865 79.0909244927056,14.2679921309182 79.0907510558986,14.2679304348351 79.0905776192004,14.267868738637 79.090404182611,14.2678070423242 79.0902307461305,14.2677453458964 79.0900573182274,14.2676836267287 79.08988088179,14.2676311558539 79.0897027042991,14.2675840310449 79.0895245236215,14.2675369179024 79.0893463342411,14.2674898362755 79.0891685038063,14.2674414990443 79.0889910383276,14.2673918851917 79.0888135729425,14.2673422712163 79.0886361076511,14.2672926571181 79.0884615094443,14.2672349073457 79.0882902675251,14.2671676337594 79.0881215514573,14.2670953088286 79.0879617596756,14.2670051363251 79.0878019680305,14.2669149637295 79.087642176522,14.2668247910419 79.0874823851501,14.2667346182623 79.0873234826305,14.2666429783128 79.087165398247,14.2665499879353 79.0870073140019,14.2664569974683 79.0868492298955,14.2663640069119 79.0866911459276,14.2662710162661 79.0865330620983,14.2661780255308 79.0863749784075,14.2660850347062</coordinates></LineString>
  </Placemark>
  <Placemark id="damage_swesph_roads.458">
	<Style><LineStyle><color>ff0000ff</color></LineStyle><PolyStyle><fill>0</fill></PolyStyle></Style>
	<ExtendedData><SchemaData schemaUrl="#damage_swesph_roads">
		<SimpleData name="osm_id">498602339</SimpleData>
		<SimpleData name="type">secondary</SimpleData>
		<SimpleData name="depth_cls">&gt;1.5 m</SimpleData>
		<SimpleData name="max_depth">1.66</SimpleData>
		<SimpleData name="length_m">99.6</SimpleData>
	</SchemaData></ExtendedData>
      <LineString><coordinates>79.0863749784075,14.2660850347062 79.0862168948553,14.2659920437921 79.0860588114416,14.2658990527886 79.0859007281665,14.2658060616957 79.0857426450299,14.2657130705134 79.0855845620319,14.2656200792416</coordinates></LineString>
  </Placemark>
  <Placemark id="damage_swesph_roads.459">
	<Style><LineStyle><color>ff0000ff</color></LineStyle><PolyStyle><fill>0</fill></PolyStyle></Style>
	<ExtendedData><SchemaData schemaUrl="#damage_swesph_roads">
		<SimpleData name="osm_id">498602339</SimpleData>
		<SimpleData name="type">secondary</SimpleData>
		<SimpleData name="depth_cls">0.5-1.5 m</SimpleData>
		<SimpleData name="max_depth">1.46</SimpleData>
		<SimpleData name="length_m">99.6</SimpleData>
	</SchemaData></ExtendedData>
      <LineString><coordinates>79.0855845620319,14.2656200792416 79.0854264791725,14.2655270878805 79.0852604816763,14.2654484586489 79.0850937405456,14.2653711789494 79.0849269995406,14.2652938991468 79.0847602586612,14.2652166192412</coordinates></LineString>
  </Placemark>
  <Placemark id="damage_swesph_roads.460">
	<Style><LineStyle><color>ff0000ff</color></LineStyle><PolyStyle><fill>0</fill></PolyStyle></Style>
	<ExtendedData><SchemaData schemaUrl="#damage_swesph_roads">
		<SimpleData name="osm_id">498602339</SimpleData>
		<SimpleData name="type">secondary</SimpleData>
		<SimpleData name="depth_cls">0.1-0.5 m</SimpleData>
		<SimpleData name="max_depth">0.45</SimpleData>
		<SimpleData name="length_m">259</SimpleData>
	</SchemaData></ExtendedData>
      <LineString><coordinates>79.0847602586612,14.2652166192412 79.0845935179075,14.2651393392326 79.0844267772794,14.2650620591211 79.0842600367769,14.2649847789065 79.0840932964001,14.264907498589 79.0839337319081,14.2648169786086 79.0837743482839,14.2647261250812 79.0836149647968,14.2646352714624 79.0834555857138,14.2645444106347 79.0833020934508,14.2644457371889 79.0831656974906,14.2643244035129 79.0830293016782,14.264203069776 79.082899175027,14.2640767617171 79.0828051220924,14.2639218303871</coordinates></LineString>
  </Placemark>
  <Placemark id="damage_swesph_roads.461">
	<Style><LineStyle><color>ff0000ff</color></LineStyle><PolyStyle><fill>0</fill></PolyStyle></Style>
	<ExtendedData><SchemaData schemaUrl="#damage_swesph_roads">
		<SimpleData name="osm_id">498602339</SimpleData>
		<SimpleData name="type">secondary</SimpleData>
		<SimpleData name="depth_cls">0.5-1.5 m</SimpleData>
		<SimpleData name="max_depth">1.34</SimpleData>
		<SimpleData name="length_m">99.6</SimpleData>
	</SchemaData></ExtendedData>
      <LineString><coordinates>79.0828051220924,14.2639218303871 79.0827423198972,14.2637537739203 79.0826915348831,14.2635806703169 79.0826407499307,14.26340756671 79.0826171827129,14.2632292982124 79.0825977164667,14.2630502515077</coordinates></LineString>
  </Placemark>
  <Placemark id="damage_swesph_roads.462">
	<Style><LineStyle><color>ff0000ff</color></LineStyle><PolyStyle><fill>0</fill></PolyStyle></Style>
	<ExtendedData><SchemaData schemaUrl="#damage_swesph_roads">
		<SimpleData name="osm_id">498602339</SimpleData>
		<SimpleData name="type">secondary</SimpleData>
		<SimpleData name="depth_cls">&gt;1.5 m</SimpleData>
		<SimpleData name="max_depth">3.09</SimpleData>
		<SimpleData name="length_m">557.9</SimpleData>
	</SchemaData></ExtendedData>
      <LineString><coordinates>79.0825977164667,14.2630502515077 79.0825871799967,14.2628706811345 79.0826271271773,14.2626996993097 79.0827062967488,14.2625370462437 79.0827854661947,14.2623743931352 79.0828646355151,14.262211739984 79.0829188936012,14.2620411571402 79.0829533465877,14.261864269986 79.0829737582032,14.2616871851611 79.0829445538756,14.2615094018966 79.0829153495759,14.2613316186318 79.0828861453043,14.2611538353667 79.0828569410605,14.2609760521012 79.0828277368447,14.2607982688353 79.082795091628,14.2606210693824 79.0827610250964,14.2604441110784 79.0827269586004,14.2602671527737 79.0827014737391,14.2600891229214 79.0826887340778,14.2599095016321 79.0826759944181,14.2597298803421 79.0826632547599,14.2595502590514 79.0826486787716,14.2593707763539 79.0826329340409,14.2591913818651 79.0826171893166,14.2590119873759 79.082554240582,14.2588435785801 79.08246528064,14.2586866668826 79.0823651642204,14.2585353944354 79.0821973062968,14.2584873563132 79.0820142373433,14.2584677477621</coordinates></LineString>
  </Placemark>
  <Placemark id="damage_swesph_roads.463">
	<Style><LineStyle><color>ff0000ff</color></LineStyle><PolyStyle><fill>0</fill></PolyStyle></Style>
	<ExtendedData><SchemaData schemaUrl="#damage_swesph_roads">
		<SimpleData name="osm_id">498602339</SimpleData>
		<SimpleData name="type">secondary</SimpleData>
		<SimpleData name="depth_cls">0.5-1.5 m</SimpleData>
		<SimpleData name="max_depth">1.09</SimpleData>
		<SimpleData name="length_m">79.7</SimpleData>
	</SchemaData></ExtendedData>
      <LineString><coordinates>79.0820142373433,14.2584677477621 79.081829775876,14.2584748377939 79.0816462957914,14.2584642694254 79.0814765153598,14.2584052086671 79.0813192287845,14.2583111377561</coordinates></LineString>
  </Placemark>
  <Placemark id="damage_swesph_roads.464">
	<Style><LineStyle><color>ff0000ff</color></LineStyle><PolyStyle><fill>0</fill></PolyStyle></Style>
	<ExtendedData><SchemaData schemaUrl="#damage_swesph_roads">
		<SimpleData name="osm_id">498602339</SimpleData>
		<SimpleData name="type">secondary</SimpleData>
		<SimpleData name="depth_cls">0.1-0.5 m</SimpleData>
		<SimpleData name="max_depth">0.43</SimpleData>
		<SimpleData name="length_m">159.4</SimpleData>
	</SchemaData></ExtendedData>
      <LineString><coordinates>79.0813192287845,14.2583111377561 79.0811589420047,14.25822181672 79.0809986553607,14.2581324955912 79.0808383688527,14.2580431743698 79.0806578078795,14.2580109823796 79.0804752045994,14.2579845452048 79.0802926013798,14.2579581078954 79.0801162129757,14.2579122022733 79.0799528691961,14.2578293784222</coordinates></LineString>
  </Placemark>
  <Placemark id="damage_swesph_roads.465">
	<Style><LineStyle><color>ff0000ff</color></LineStyle><PolyStyle><fill>0</fill></PolyStyle></Style>
	<ExtendedData><SchemaData schemaUrl="#damage_swesph_roads">
		<SimpleData name="osm_id">498602339</SimpleData>
		<SimpleData name="type">secondary</SimpleData>
		<SimpleData name="depth_cls">0.5-1.5 m</SimpleData>
		<SimpleData name="max_depth">1.22</SimpleData>
		<SimpleData name="length_m">278.9</SimpleData>
	</SchemaData></ExtendedData>
      <LineString><coordinates>79.0799528691961,14.2578293784222 79.0798130272621,14.2577124703674 79.0796288018267,14.2577009485164 79.0794445764288,14.2576894265253 79.0792603510683,14.2576779043941 79.079082370886,14.2576323319318 79.0789054749653,14.2575808481609 79.0787285791408,14.2575293642685 79.0785515871925,14.2574783158635 79.0783686484578,14.2574541901153 79.0781857097803,14.2574300642316 79.0780100397388,14.257376124758 79.0778350976458,14.2573194934663 79.0776509748556,14.2573065112855 79.0774667839704,14.2572945365484</coordinates></LineString>
  </Placemark>
  <Placemark id="damage_swesph_roads.466">
	<Style><LineStyle><color>ff0000ff</color></LineStyle><PolyStyle><fill>0</fill></PolyStyle></Style>
	<ExtendedData><SchemaData schemaUrl="#damage_swesph_roads">
		<SimpleData name="osm_id">498602339</SimpleData>
		<SimpleData name="type">secondary</SimpleData>
		<SimpleData name="depth_cls">0.1-0.5 m</SimpleData>
		<SimpleData name="max_depth">0.45</SimpleData>
		<SimpleData name="length_m">239.1</SimpleData>
	</SchemaData></ExtendedData>
      <LineString><coordinates>79.0774667839704,14.2572945365484 79.0772825079829,14.2572838207192 79.0770983903954,14.2572806193581 79.0769147215624,14.2572987116507 79.0767310527187,14.2573168037979 79.0765485456148,14.2573427961254 79.0763670670111,14.2573757828233 79.0761857624627,14.2574096107315 79.0760053535667,14.2574477732931 79.0758249478645,14.2574859502673 79.0756521348623,14.2575404548141 79.0755159433663,14.2576545957832 79.075492639611,14.2578332052588</coordinates></LineString>
  </Placemark>
  <Placemark id="damage_swesph_roads.467">
	<Style><LineStyle><color>ff0000ff</color></LineStyle><PolyStyle><fill>0</fill></PolyStyle></Style>
	<ExtendedData><SchemaData schemaUrl="#damage_swesph_roads">
		<SimpleData name="osm_id">498602339</SimpleData>
		<SimpleData name="type">secondary</SimpleData>
		<SimpleData name="depth_cls">0.5-1.5 m</SimpleData>
		<SimpleData name="max_depth">1</SimpleData>
		<SimpleData name="length_m">139.5</SimpleData>
	</SchemaData></ExtendedData>
      <LineString><coordinates>79.075492639611,14.2578332052588 79.0755049606773,14.2580121686334 79.0755245295749,14.2581912040091 79.0755334127336,14.2583676376106 79.0754114639098,14.2584878728729 79.0752285855769,14.2585124308677 79.0750537445083,14.2585549409662 79.0749487,14.2586947</coordinates></LineString>
  </Placemark>
  <Placemark id="damage_swesph_roads.468">
	<Style><LineStyle><color>ff0000ff</color></LineStyle><PolyStyle><fill>0</fill></PolyStyle></Style>
	<ExtendedData><SchemaData schemaUrl="#damage_swesph_roads">
		<SimpleData name="osm_id">1259303944</SimpleData>
		<SimpleData name="type">residential</SimpleData>
		<SimpleData name="depth_cls">0.5-1.5 m</SimpleData>
		<SimpleData name="max_depth">1.43</SimpleData>
		<SimpleData name="length_m">233.4</SimpleData>
	</SchemaData></ExtendedData>
      <LineString><coordinates>79.0895729,14.2675497 79.089745709506,14.2674997876882 79.0899185189509,14.2674498752413 79.0900913283347,14.2673999626592 79.0902641376572,14.2673500499421 79.0904369469186,14.2673001370899 79.0906097561187,14.2672502241026 79.0907825652577,14.2672003109802 79.0909553743356,14.2671503977227 79.0910602348739,14.2672426476271 79.0911321523008,14.2674038219374 79.091225162843,14.2675023266568 79.0913810301846,14.2674140770756</coordinates></LineString>
  </Placemark>
  <Placemark id="damage_swesph_roads.469">
	<Style><LineStyle><color>ff0000ff</color></LineStyle><PolyStyle><fill>0</fill></PolyStyle></Style>
	<ExtendedData><SchemaData schemaUrl="#damage_swesph_roads">
		<SimpleData name="osm_id">1259303944</SimpleData>
		<SimpleData name="type">residential</SimpleData>
		<SimpleData name="depth_cls">0.1-0.5 m</SimpleData>
		<SimpleData name="max_depth">0.36</SimpleData>
		<SimpleData name="length_m">77.8</SimpleData>
	</SchemaData></ExtendedData>
      <LineString><coordinates>79.0913810301846,14.2674140770756 79.0915368974135,14.2673258273766 79.0916927645299,14.2672375775598 79.0918486315336,14.2671493276252 79.0920100493577,14.2670752608464</coordinates></LineString>
  </Placemark>
  <Placemark id="damage_swesph_roads.470">
	<Style><LineStyle><color>ff0000ff</color></LineStyle><PolyStyle><fill>0</fill></PolyStyle></Style>
	<ExtendedData><SchemaData schemaUrl="#damage_swesph_roads">
		<SimpleData name="osm_id">1450623126</SimpleData>
		<SimpleData name="type">unclassified</SimpleData>
		<SimpleData name="depth_cls">0.5-1.5 m</SimpleData>
		<SimpleData name="max_depth">1.41</SimpleData>
		<SimpleData name="length_m">239.5</SimpleData>
	</SchemaData></ExtendedData>
      <LineString><coordinates>79.0900999,14.2676988 79.0901080566752,14.2678789687482 79.0901162133447,14.2680591374952 79.0901243700083,14.2682393062409 79.090094206267,14.2684035630478 79.0899553880511,14.2685227027834 79.0899294556324,14.2686812977438 79.089959083923,14.2688593119863 79.0899887122423,14.2690373262284 79.0900183405904,14.2692153404702 79.0900479689672,14.2693933547115 79.0900676950979,14.2695721775668 79.0900688318933,14.2697525184153</coordinates></LineString>
  </Placemark>
  <Placemark id="damage_swesph_roads.471">
	<Style><LineStyle><color>ff0000ff</color></LineStyle><PolyStyle><fill>0</fill></PolyStyle></Style>
	<ExtendedData><SchemaData schemaUrl="#damage_swesph_roads">
		<SimpleData name="osm_id">1450623126</SimpleData>
		<SimpleData name="type">unclassified</SimpleData>
		<SimpleData name="depth_cls">&gt;1.5 m</SimpleData>
		<SimpleData name="max_depth">1.54</SimpleData>
		<SimpleData name="length_m">59.9</SimpleData>
	</SchemaData></ExtendedData>
      <LineString><coordinates>79.0900688318933,14.2697525184153 79.0900699686718,14.2699328592614 79.0900711054332,14.2701132001051 79.0900722421776,14.2702935409465</coordinates></LineString>
  </Placemark>
  <Placemark id="damage_swesph_roads.472">
	<Style><LineStyle><color>ff0000ff</color></LineStyle><PolyStyle><fill>0</fill></PolyStyle></Style>
	<ExtendedData><SchemaData schemaUrl="#damage_swesph_roads">
		<SimpleData name="osm_id">1450623126</SimpleData>
		<SimpleData name="type">unclassified</SimpleData>
		<SimpleData name="depth_cls">0.5-1.5 m</SimpleData>
		<SimpleData name="max_depth">1.5</SimpleData>
		<SimpleData name="length_m">179.6</SimpleData>
	</SchemaData></ExtendedData>
      <LineString><coordinates>79.0900722421776,14.2702935409465 79.0900733789051,14.2704738817856 79.0900745156155,14.2706542226223 79.090075652309,14.2708345634566 79.0900767889854,14.2710149042886 79.0900779256449,14.2711952451182 79.0900790622873,14.2713755859455 79.090034777641,14.271526186184 79.0898631993114,14.2715934380099 79.089782526525,14.2717198594299</coordinates></LineString>
  </Placemark>
  <Placemark id="damage_swesph_roads.473">
	<Style><LineStyle><color>ff0000ff</color></LineStyle><PolyStyle><fill>0</fill></PolyStyle></Style>
	<ExtendedData><SchemaData schemaUrl="#damage_swesph_roads">
		<SimpleData name="osm_id">1450623126</SimpleData>
		<SimpleData name="type">unclassified</SimpleData>
		<SimpleData name="depth_cls">0.1-0.5 m</SimpleData>
		<SimpleData name="max_depth">0.46</SimpleData>
		<SimpleData name="length_m">79.8</SimpleData>
	</SchemaData></ExtendedData>
      <LineString><coordinates>79.089782526525,14.2717198594299 79.0897846794352,14.2719001914042 79.08978683233,14.2720805233764 79.0897889852095,14.2722608553464 79.0897911380735,14.2724411873142</coordinates></LineString>
  </Placemark>
  <Placemark id="damage_swesph_roads.474">
	<name>Madras Road</name>
	<Style><LineStyle><color>ff0000ff</color></LineStyle><PolyStyle><fill>0</fill></PolyStyle></Style>
	<ExtendedData><SchemaData schemaUrl="#damage_swesph_roads">
		<SimpleData name="osm_id">1285069700</SimpleData>
		<SimpleData name="type">trunk</SimpleData>
		<SimpleData name="depth_cls">&gt;1.5 m</SimpleData>
		<SimpleData name="max_depth">2.16</SimpleData>
		<SimpleData name="length_m">19.9</SimpleData>
	</SchemaData></ExtendedData>
      <LineString><coordinates>79.1122701,14.2631743 79.1122127431268,14.2633456847289</coordinates></LineString>
  </Placemark>
  <Placemark id="damage_swesph_roads.475">
	<name>Madras Road</name>
	<Style><LineStyle><color>ff0000ff</color></LineStyle><PolyStyle><fill>0</fill></PolyStyle></Style>
	<ExtendedData><SchemaData schemaUrl="#damage_swesph_roads">
		<SimpleData name="osm_id">1285069700</SimpleData>
		<SimpleData name="type">trunk</SimpleData>
		<SimpleData name="depth_cls">0.5-1.5 m</SimpleData>
		<SimpleData name="max_depth">1.41</SimpleData>
		<SimpleData name="length_m">119.7</SimpleData>
	</SchemaData></ExtendedData>
      <LineString><coordinates>79.1122127431268,14.2633456847289 79.1121553861518,14.263517069431 79.1120976676629,14.2636883385591 79.1120398663199,14.2638595812035 79.1119820648745,14.2640308238208 79.1119242633268,14.2642020664109 79.1118664616768,14.2643733089739</coordinates></LineString>
  </Placemark>
  <Placemark id="damage_swesph_roads.476">
	<name>Madras Road</name>
	<Style><LineStyle><color>ff0000ff</color></LineStyle><PolyStyle><fill>0</fill></PolyStyle></Style>
	<ExtendedData><SchemaData schemaUrl="#damage_swesph_roads">
		<SimpleData name="osm_id">1285069700</SimpleData>
		<SimpleData name="type">trunk</SimpleData>
		<SimpleData name="depth_cls">&gt;1.5 m</SimpleData>
		<SimpleData name="max_depth">2.43</SimpleData>
		<SimpleData name="length_m">359.1</SimpleData>
	</SchemaData></ExtendedData>
      <LineString><coordinates>79.1118664616768,14.2643733089739 79.1118086599244,14.2645445515098 79.1117508580697,14.2647157940186 79.1116930561127,14.2648870365003 79.1116352540534,14.2650582789549 79.1115812024588,14.2652306683874 79.1115284013628,14.2654034402547 79.1114756001707,14.2655762120981 79.1114227988825,14.2657489839175 79.1113940568597,14.2659265896575 79.111372543339,14.2661056477306 79.1113510297662,14.266284705795 79.1113308191186,14.2664638838373 79.1113175894216,14.2666437047273 79.1113047909153,14.2668235366562 79.1113083252465,14.2670037869038 79.1113118595647,14.2671840371495 79.1113158773899,14.2673642550403 79.1113376167169,14.2675432871597</coordinates></LineString>
  </Placemark>
  <Placemark id="damage_swesph_roads.477">
	<name>Madras Road</name>
	<Style><LineStyle><color>ff0000ff</color></LineStyle><PolyStyle><fill>0</fill></PolyStyle></Style>
	<ExtendedData><SchemaData schemaUrl="#damage_swesph_roads">
		<SimpleData name="osm_id">1285069700</SimpleData>
		<SimpleData name="type">trunk</SimpleData>
		<SimpleData name="depth_cls">0.5-1.5 m</SimpleData>
		<SimpleData name="max_depth">1.45</SimpleData>
		<SimpleData name="length_m">39.9</SimpleData>
	</SchemaData></ExtendedData>
      <LineString><coordinates>79.1113376167169,14.2675432871597 79.1113593560603,14.2677223192787 79.1113873845966,14.2679003730071</coordinates></LineString>
  </Placemark>
  <Placemark id="damage_swesph_roads.478">
	<name>Madras Road</name>
	<Style><LineStyle><color>ff0000ff</color></LineStyle><PolyStyle><fill>0</fill></PolyStyle></Style>
	<ExtendedData><SchemaData schemaUrl="#damage_swesph_roads">
		<SimpleData name="osm_id">1285069700</SimpleData>
		<SimpleData name="type">trunk</SimpleData>
		<SimpleData name="depth_cls">&gt;1.5 m</SimpleData>
		<SimpleData name="max_depth">1.69</SimpleData>
		<SimpleData name="length_m">39.9</SimpleData>
	</SchemaData></ExtendedData>
      <LineString><coordinates>79.1113873845966,14.2679003730071 79.1114238325989,14.2680771169461 79.1114605163855,14.2682537935543</coordinates></LineString>
  </Placemark>
  <Placemark id="damage_swesph_roads.479">
	<name>Madras Road</name>
	<Style><LineStyle><color>ff0000ff</color></LineStyle><PolyStyle><fill>0</fill></PolyStyle></Style>
	<ExtendedData><SchemaData schemaUrl="#damage_swesph_roads">
		<SimpleData name="osm_id">1285069700</SimpleData>
		<SimpleData name="type">trunk</SimpleData>
		<SimpleData name="depth_cls">0.5-1.5 m</SimpleData>
		<SimpleData name="max_depth">1.46</SimpleData>
		<SimpleData name="length_m">578.5</SimpleData>
	</SchemaData></ExtendedData>
      <LineString><coordinates>79.1114605163855,14.2682537935543 79.1115275816655,14.2684217930806 79.1115946470314,14.268589792598 79.111661712483,14.2687577921066 79.1117436949101,14.2689188037954 79.1118362305161,14.2690748718848 79.1119287662403,14.2692309399519 79.1120212919853,14.2693870136891 79.112113507581,14.2695432618415 79.1122055993435,14.2696995796224 79.1122976912238,14.2698558973814 79.1123897832218,14.2700122151185 79.1124818753377,14.2701685328337 79.1125739675713,14.270324850527 79.1126660599227,14.2704811681984 79.1127581523918,14.2706374858479 79.1128502449788,14.2707938034755 79.1129423376836,14.2709501210812 79.1130344305061,14.271106438665 79.1131270608366,14.2712624517116 79.1132206993217,14.2714178935266 79.1133143379263,14.2715733353186 79.1134079766505,14.2717287770877 79.1135016154942,14.2718842188339 79.1135952544574,14.2720396605571 79.1136888935401,14.2721951022574 79.1137825327423,14.2723505439348 79.1138761720641,14.2725059855892 79.1139698115054,14.2726614272207 79.1140634510663,14.2728168688293</coordinates></LineString>
  </Placemark>
  <Placemark id="damage_swesph_roads.480">
	<name>Madras Road</name>
	<Style><LineStyle><color>ff0000ff</color></LineStyle><PolyStyle><fill>0</fill></PolyStyle></Style>
	<ExtendedData><SchemaData schemaUrl="#damage_swesph_roads">
		<SimpleData name="osm_id">1285069700</SimpleData>
		<SimpleData name="type">trunk</SimpleData>
		<SimpleData name="depth_cls">0.1-0.5 m</SimpleData>
		<SimpleData name="max_depth">0.5</SimpleData>
		<SimpleData name="length_m">19.9</SimpleData>
	</SchemaData></ExtendedData>
      <LineString><coordinates>79.1140634510663,14.2728168688293 79.1141570907467,14.2729723104149</coordinates></LineString>
  </Placemark>
  <Placemark id="damage_swesph_roads.481">
	<name>Madras Road</name>
	<Style><LineStyle><color>ff0000ff</color></LineStyle><PolyStyle><fill>0</fill></PolyStyle></Style>
	<ExtendedData><SchemaData schemaUrl="#damage_swesph_roads">
		<SimpleData name="osm_id">1285069700</SimpleData>
		<SimpleData name="type">trunk</SimpleData>
		<SimpleData name="depth_cls">0.5-1.5 m</SimpleData>
		<SimpleData name="max_depth">0.56</SimpleData>
		<SimpleData name="length_m">19.9</SimpleData>
	</SchemaData></ExtendedData>
      <LineString><coordinates>79.1141570907467,14.2729723104149 79.1142507305466,14.2731277519776</coordinates></LineString>
  </Placemark>
  <Placemark id="damage_swesph_roads.482">
	<name>Madras Road</name>
	<Style><LineStyle><color>ff0000ff</color></LineStyle><PolyStyle><fill>0</fill></PolyStyle></Style>
	<ExtendedData><SchemaData schemaUrl="#damage_swesph_roads">
		<SimpleData name="osm_id">1285069700</SimpleData>
		<SimpleData name="type">trunk</SimpleData>
		<SimpleData name="depth_cls">0.1-0.5 m</SimpleData>
		<SimpleData name="max_depth">0.43</SimpleData>
		<SimpleData name="length_m">279.3</SimpleData>
	</SchemaData></ExtendedData>
      <LineString><coordinates>79.1142507305466,14.2731277519776 79.1143443704661,14.2732831935174 79.1144303911732,14.2734424382208 79.1145049086901,14.2736074247734 79.1145765010547,14.2737735497715 79.1146389262776,14.2739432424917 79.1147013515799,14.2741129352047 79.1147613053566,14.2742834395419 79.1148168357306,14.2744553964646 79.1148723661739,14.2746273533823 79.1149278966862,14.2747993102951 79.1149834272678,14.2749712672029 79.1150389579185,14.2751432241059 79.1150944886383,14.2753151810039 79.115133849237,14.2754909254277</coordinates></LineString>
  </Placemark>
  <Placemark id="damage_swesph_roads.483">
	<Style><LineStyle><color>ff0000ff</color></LineStyle><PolyStyle><fill>0</fill></PolyStyle></Style>
	<ExtendedData><SchemaData schemaUrl="#damage_swesph_roads">
		<SimpleData name="osm_id">1217956175</SimpleData>
		<SimpleData name="type">secondary</SimpleData>
		<SimpleData name="depth_cls">0.1-0.5 m</SimpleData>
		<SimpleData name="max_depth">0.5</SimpleData>
		<SimpleData name="length_m">219.8</SimpleData>
	</SchemaData></ExtendedData>
      <LineString><coordinates>79.0979227,14.2698231 79.097819841296,14.2699732680807 79.0976979197723,14.2701076771352 79.0975628735786,14.2702312361601 79.0974278272387,14.2703547950888 79.0972927807527,14.2704783539215 79.0971577341204,14.2706019126581 79.0970151378454,14.2707170235415 79.0969270296569,14.2708737007357 79.0968468198639,14.271036471474 79.0967799338113,14.271203452202 79.096747032535,14.2713811713352</coordinates></LineString>
  </Placemark>
  <Placemark id="damage_swesph_roads.484">
	<Style><LineStyle><color>ff0000ff</color></LineStyle><PolyStyle><fill>0</fill></PolyStyle></Style>
	<ExtendedData><SchemaData schemaUrl="#damage_swesph_roads">
		<SimpleData name="osm_id">1217956175</SimpleData>
		<SimpleData name="type">secondary</SimpleData>
		<SimpleData name="depth_cls">0.5-1.5 m</SimpleData>
		<SimpleData name="max_depth">1.26</SimpleData>
		<SimpleData name="length_m">139.9</SimpleData>
	</SchemaData></ExtendedData>
      <LineString><coordinates>79.096747032535,14.2713811713352 79.0967141311894,14.2715588904549 79.0966812297746,14.2717366095612 79.0966483282906,14.271914328654 79.0965954959988,14.2720867375361 79.0965311784343,14.272256086367 79.0964668607594,14.2724254351663 79.0963962244889,14.2725922842023</coordinates></LineString>
  </Placemark>
  <Placemark id="damage_swesph_roads.485">
	<Style><LineStyle><color>ff0000ff</color></LineStyle><PolyStyle><fill>0</fill></PolyStyle></Style>
	<ExtendedData><SchemaData schemaUrl="#damage_swesph_roads">
		<SimpleData name="osm_id">1217956175</SimpleData>
		<SimpleData name="type">secondary</SimpleData>
		<SimpleData name="depth_cls">&gt;1.5 m</SimpleData>
		<SimpleData name="max_depth">1.55</SimpleData>
		<SimpleData name="length_m">79.9</SimpleData>
	</SchemaData></ExtendedData>
      <LineString><coordinates>79.0963962244889,14.2725922842023 79.0963245094258,14.2727580186722 79.0963358308932,14.2729382734288 79.09634715236,14.2731185281846 79.0963414446898,14.2732980900925</coordinates></LineString>
  </Placemark>
  <Placemark id="damage_swesph_roads.486">
	<Style><LineStyle><color>ff0000ff</color></LineStyle><PolyStyle><fill>0</fill></PolyStyle></Style>
	<ExtendedData><SchemaData schemaUrl="#damage_swesph_roads">
		<SimpleData name="osm_id">1217956175</SimpleData>
		<SimpleData name="type">secondary</SimpleData>
		<SimpleData name="depth_cls">0.5-1.5 m</SimpleData>
		<SimpleData name="max_depth">1.48</SimpleData>
		<SimpleData name="length_m">199.8</SimpleData>
	</SchemaData></ExtendedData>
      <LineString><coordinates>79.0963414446898,14.2732980900925 79.096314768203,14.2734767988575 79.0962880916561,14.2736555076118 79.0962834322509,14.2738348616893 79.0962990564361,14.2740148102851 79.0963146806277,14.2741947588805 79.0963280595244,14.2743748234275 79.096332008818,14.2745553749379 79.0963359580992,14.2747359264465 79.096339907368,14.2749164779533 79.0964063826961,14.2750833735974</coordinates></LineString>
  </Placemark>
  <Placemark id="damage_swesph_roads.487">
	<Style><LineStyle><color>ff0000ff</color></LineStyle><PolyStyle><fill>0</fill></PolyStyle></Style>
	<ExtendedData><SchemaData schemaUrl="#damage_swesph_roads">
		<SimpleData name="osm_id">1217956175</SimpleData>
		<SimpleData name="type">secondary</SimpleData>
		<SimpleData name="depth_cls">0.1-0.5 m</SimpleData>
		<SimpleData name="max_depth">0.42</SimpleData>
		<SimpleData name="length_m">239.8</SimpleData>
	</SchemaData></ExtendedData>
      <LineString><coordinates>79.0964063826961,14.2750833735974 79.0964817692071,14.2752483230234 79.0965571558154,14.2754132724371 79.0967146961045,14.2754956327443 79.0968860396452,14.2755641166389 79.097057383303,14.2756326004227 79.0972224269689,14.2757133186244 79.0973810751024,14.2758064568269 79.0975397233753,14.2758995949391 79.0977001857912,14.2759896977022 79.0977711849057,14.2761064202213 79.0976920625622,14.2762696972875 79.0976284921399,14.2764380193208</coordinates></LineString>
  </Placemark>
</Folder>
</Document></kml>
