<?xml version="1.0" encoding="utf-8" ?>
<kml xmlns="http://www.opengis.net/kml/2.2">
<Document id="root_doc">
<Schema name="flood_extent" id="flood_extent">
	<SimpleField name="flooded" type="string"></SimpleField>
	<SimpleField name="area_ha" type="float"></SimpleField>
</Schema>
<Folder><name>flood_extent</name>
  <Placemark id="flood_extent.1">
	<Style><LineStyle><color>ff0000ff</color></LineStyle><PolyStyle><fill>0</fill></PolyStyle></Style>
	<ExtendedData><SchemaData schemaUrl="#flood_extent">
		<SimpleData name="flooded">1</SimpleData>
		<SimpleData name="area_ha">0.04</SimpleData>
	</SchemaData></ExtendedData>
      <Polygon><outerBoundaryIs><LinearRing><coordinates>79.0350888311266,14.3328663016819 79.0350904054039,14.3326855737063 79.0352757666362,14.3326871085504 79.0352741925071,14.3328678365461 79.0350888311266,14.3328663016819</coordinates></LinearRing></outerBoundaryIs></Polygon>
  </Placemark>
  <Placemark id="flood_extent.2">
	<Style><LineStyle><color>ff0000ff</color></LineStyle><PolyStyle><fill>0</fill></PolyStyle></Style>
	<ExtendedData><SchemaData schemaUrl="#flood_extent">
		<SimpleData name="flooded">1</SimpleData>
		<SimpleData name="area_ha">0.48</SimpleData>
	</SchemaData></ExtendedData>
      <Polygon><outerBoundaryIs><LinearRing><coordinates>79.1257721646361,14.3289004190602 79.1257736658513,14.3287196813804 79.1255882980065,14.328718217601 79.1255897993489,14.3285374799374 79.1254044316733,14.3285360160327 79.1254074345919,14.3281745407354 79.125592801971,14.3281760046017 79.1255913006704,14.328356742271 79.1263327709892,14.3283625963675 79.1263297695113,14.3287240718512 79.1261444016037,14.3287226085055 79.1261429006851,14.3289033462238 79.1257721646361,14.3289004190602</coordinates></LinearRing></outerBoundaryIs></Polygon>
  </Placemark>
  <Placemark id="flood_extent.3">
	<Style><LineStyle><color>ff0000ff</color></LineStyle><PolyStyle><fill>0</fill></PolyStyle></Style>
	<ExtendedData><SchemaData schemaUrl="#flood_extent">
		<SimpleData name="flooded">1</SimpleData>
		<SimpleData name="area_ha">17.76</SimpleData>
	</SchemaData></ExtendedData>
      <Polygon><outerBoundaryIs><LinearRing><coordinates>79.0078549451933,14.3100469035464 79.0078581320497,14.3096854528701 79.0076727927766,14.3096838990592 79.0076791668144,14.3089609977534 79.0074938281556,14.3089594438798 79.0074954217574,14.3087787185665 79.0073100832688,14.3087771645691 79.0073116769964,14.3085964392733 79.007126338678,14.308594885152 79.0071279325313,14.3084141598737 79.0069425943832,14.3084126056285 79.0069441883622,14.3082318803678 79.0067588503844,14.3082303259987 79.0067620385716,14.3078688755093 79.006576700912,14.3078673210369 79.0065798893061,14.3075058705767 79.0063945519647,14.3075043160008 79.0063961462764,14.3073235907868 79.0062108091052,14.307322036087 79.0062124035426,14.3071413108906 79.0060270665417,14.307139756067 79.0060302556455,14.3067783057062 79.0058449189629,14.3067767507792 79.0058481082735,14.3064153004476 79.0060334446603,14.3064168553337 79.0060350391342,14.3062361301431 79.0062203753953,14.3062376848645 79.006221969699,14.3060569596506 79.0064073058344,14.3060585142072 79.0064088999679,14.3058777889699 79.0065942359775,14.3058793433618 79.0065958299408,14.3056986181011 79.0067811658247,14.3057001723282 79.0067875408634,14.3049772711745 79.0075288822546,14.3049834863133 79.0075304753668,14.3048027609358 79.0079011459,14.3048058675987 79.0079027386941,14.3046251421774 79.0080880738461,14.304626695272 79.0080912590716,14.3042652443799 79.00827659395,14.3042667972893 79.0082797787906,14.3039053463447 79.0080944442081,14.3039037934761 79.0081024066601,14.3030001661657 79.0086584082554,14.3030048240322 79.0086600002352,14.3028240985001 79.0095866692659,14.3028318586236 79.0095850780257,14.3030125842579 79.0097704120464,14.3030141358702 79.0097688209319,14.3031948615219 79.0099541551228,14.3031964130104 79.009952564134,14.3033771386796 79.010137898495,14.3033786900443 79.0101347167466,14.3037401414147 79.0099493820896,14.3037385900093 79.0099461999564,14.3041000413273 79.0097608650258,14.3040984897367 79.0097544999008,14.3048213922561 79.0095691644007,14.3048198404396 79.0095659814089,14.3051812916409 79.0093806456351,14.3051797396393 79.0093790539579,14.3053604652152 79.0091937180584,14.3053589130489 79.009192126211,14.3055396386015 79.0090067901857,14.3055380862705 79.0090051981682,14.3057188117997 79.0086345258885,14.305715706664 79.0086329335527,14.3058964321495 79.0084475972983,14.3058948793448 79.0084412271411,14.3066177811758 79.0086265639874,14.3066193340622 79.0086249715405,14.3068000595331 79.008810308557,14.3068016122956 79.0088023467286,14.3077052397084 79.0086170089722,14.3077036868438 79.0086154163918,14.3078844122972 79.0084300785096,14.3078828592678 79.0084268929862,14.3082443101249 79.0086122311643,14.3082458631952 79.0086106385172,14.3084265886398 79.0091666536289,14.3084312470459 79.0091682458321,14.30825052154 79.0095389223885,14.3082536263816 79.0095405142734,14.3080729008319 79.009725852437,14.3080744530159 79.0097226689408,14.3084359041531 79.0099080074226,14.3084374562335 79.0099000490332,14.3093410841276 79.0091586922796,14.3093348745317 79.0091570999431,14.3095156000201 79.0089717606622,14.3095140472398 79.0089685756264,14.3098754981671 79.0085978965395,14.3098723920919 79.0085963036922,14.3100531175103 79.0078549451933,14.3100469035464</coordinates></LinearRing></outerBoundaryIs></Polygon>
  </Placemark>
  <Placemark id="flood_extent.4">
	<Style><LineStyle><color>ff0000ff</color></LineStyle><PolyStyle><fill>0</fill></PolyStyle></Style>
	<ExtendedData><SchemaData schemaUrl="#flood_extent">
		<SimpleData name="flooded">1</SimpleData>
		<SimpleData name="area_ha">0.68</SimpleData>
	</SchemaData></ExtendedData>
      <Polygon><outerBoundaryIs><LinearRing><coordinates>79.2165096034665,14.2947133089437 79.2165110284737,14.2945325615512 79.2163256792379,14.2945311718617 79.2163271043731,14.2943504244846 79.216141755305,14.2943490346691 79.2161431805682,14.2941682873075 79.2163285294883,14.2941696771046 79.2163299545837,14.2939889297218 79.2167006521879,14.2939917088469 79.2167020769676,14.2938109614246 79.2168874256517,14.2938123507525 79.2168860010199,14.2939930981931 79.2170713498718,14.2939944873951 79.2170656517372,14.2947174772018 79.2165096034665,14.2947133089437</coordinates></LinearRing></outerBoundaryIs></Polygon>
  </Placemark>
  <Placemark id="flood_extent.5">
	<Style><LineStyle><color>ff0000ff</color></LineStyle><PolyStyle><fill>0</fill></PolyStyle></Style>
	<ExtendedData><SchemaData schemaUrl="#flood_extent">
		<SimpleData name="flooded">1</SimpleData>
		<SimpleData name="area_ha">0.04</SimpleData>
	</SchemaData></ExtendedData>
      <Polygon><outerBoundaryIs><LinearRing><coordinates>79.2144807473615,14.2934327838258 79.214482173856,14.2932520366145 79.2146675218573,14.2932534276182 79.2146660955107,14.2934341748478 79.2144807473615,14.2934327838258</coordinates></LinearRing></outerBoundaryIs></Polygon>
  </Placemark>
  <Placemark id="flood_extent.6">
	<Style><LineStyle><color>ff0000ff</color></LineStyle><PolyStyle><fill>0</fill></PolyStyle></Style>
	<ExtendedData><SchemaData schemaUrl="#flood_extent">
		<SimpleData name="flooded">1</SimpleData>
		<SimpleData name="area_ha">0.36</SimpleData>
	</SchemaData></ExtendedData>
      <Polygon><outerBoundaryIs><LinearRing><coordinates>79.214664669144,14.2936149220746 79.2146660955107,14.2934341748478 79.2148514436798,14.2934355657257 79.2148528698785,14.2932548184777 79.2150382179197,14.293256209193 79.2150396439507,14.2930754619239 79.2152249918639,14.2930768524766 79.2152235659808,14.2932575997641 79.2154089140619,14.2932589901909 79.2154074883067,14.2934397374938 79.2155928365556,14.2934411277947 79.2155914109284,14.2936218751129 79.214664669144,14.2936149220746</coordinates></LinearRing></outerBoundaryIs></Polygon>
  </Placemark>
  <Placemark id="flood_extent.7">
	<Style><LineStyle><color>ff0000ff</color></LineStyle><PolyStyle><fill>0</fill></PolyStyle></Style>
	<ExtendedData><SchemaData schemaUrl="#flood_extent">
		<SimpleData name="flooded">1</SimpleData>
		<SimpleData name="area_ha">0.4</SimpleData>
	</SchemaData></ExtendedData>
      <Polygon><outerBoundaryIs><LinearRing><coordinates>79.2115380390631,14.2905185568244 79.2115408961255,14.2901570628933 79.2117262412937,14.2901584558927 79.2117276696471,14.2899777089045 79.2120983597477,14.2899804944342 79.2120969316901,14.2901612414591 79.2122822769182,14.290162634026 79.2122794210387,14.2905241281038 79.2115380390631,14.2905185568244</coordinates></LinearRing></outerBoundaryIs></Polygon>
  </Placemark>
  <Placemark id="flood_extent.8">
	<Style><LineStyle><color>ff0000ff</color></LineStyle><PolyStyle><fill>0</fill></PolyStyle></Style>
	<ExtendedData><SchemaData schemaUrl="#flood_extent">
		<SimpleData name="flooded">1</SimpleData>
		<SimpleData name="area_ha">1.44</SimpleData>
	</SchemaData></ExtendedData>
      <Polygon><outerBoundaryIs><LinearRing><coordinates>79.2104245372508,14.2906909424305 79.210425966699,14.2905101955794 79.210240621375,14.2905088015339 79.2102420509511,14.2903280546982 79.2100567057949,14.2903266605269 79.2100581354989,14.2901459137067 79.2096874455421,14.2901431249681 79.2096917354212,14.2896008846005 79.2095063909163,14.28959949007 79.2095092510314,14.2892379965139 79.2096945952406,14.2892393910077 79.2096960251203,14.2890586442069 79.2104374015656,14.2890642206666 79.2104345429689,14.2894257144121 79.2106198874259,14.2894271082033 79.2106184582454,14.2896078550901 79.2104331136406,14.2896064612805 79.2104316842922,14.289787208146 79.2106170290449,14.2897886019739 79.2106113120431,14.2905115894807 79.2107966574071,14.2905129832378 79.2107952282546,14.2906937301257 79.2104245372508,14.2906909424305</coordinates></LinearRing></outerBoundaryIs></Polygon>
  </Placemark>
  <Placemark id="flood_extent.9">
	<Style><LineStyle><color>ff0000ff</color></LineStyle><PolyStyle><fill>0</fill></PolyStyle></Style>
	<ExtendedData><SchemaData schemaUrl="#flood_extent">
		<SimpleData name="flooded">1</SimpleData>
		<SimpleData name="area_ha">0.6</SimpleData>
	</SchemaData></ExtendedData>
      <Polygon><outerBoundaryIs><LinearRing><coordinates>79.1042355205487,14.2886033633389 79.1042370345568,14.288422627297 79.1040517020591,14.2884211507763 79.1040532161938,14.288240414751 79.1042385485437,14.2882418912523 79.1042400625095,14.2880611552046 79.1044253947328,14.2880626315423 79.1044269085296,14.2878818954723 79.104982904883,14.2878863235621 79.1049813915296,14.2880670596904 79.1051667238375,14.2880685354515 79.1051652106107,14.2882492715963 79.104979878155,14.2882477958158 79.1049783647592,14.2884285319383 79.1046076996157,14.2884255799059 79.1046061859031,14.2886063159867 79.1042355205487,14.2886033633389</coordinates></LinearRing></outerBoundaryIs></Polygon>
  </Placemark>
  <Placemark id="flood_extent.10">
	<Style><LineStyle><color>ff0000ff</color></LineStyle><PolyStyle><fill>0</fill></PolyStyle></Style>
	<ExtendedData><SchemaData schemaUrl="#flood_extent">
		<SimpleData name="flooded">1</SimpleData>
		<SimpleData name="area_ha">2.8</SimpleData>
	</SchemaData></ExtendedData>
      <Polygon><outerBoundaryIs><LinearRing><coordinates>79.2063712946823,14.2875875497282 79.2063727270429,14.2874068032324 79.2061873846722,14.2874054063274 79.2061888171605,14.2872246598471 79.2058181327749,14.2872218656414 79.2058209982826,14.2868603727458 79.2052649727414,14.2868561804665 79.2052664059086,14.2866754340696 79.2050810642494,14.2866740363733 79.2050824975445,14.2864932899919 79.2048971560531,14.2864918921699 79.2048985894759,14.286311145804 79.2041572243022,14.2863055531479 79.2041586582961,14.2861248068529 79.2039733172006,14.2861234083469 79.2039661462913,14.2870271397014 79.2037808044768,14.2870257409592 79.2037822388466,14.2868449947124 79.2035968972,14.2868435958445 79.2035983316975,14.2866628496133 79.2034129902188,14.2866614506196 79.2034144248441,14.286480704404 79.203599766175,14.2864821033793 79.2036012006324,14.2863013571424 79.2037865418356,14.286302755955 79.2037908446441,14.2857605171717 79.203976185424,14.285761915785 79.2039747513223,14.2859426620674 79.20416009227,14.2859440605549 79.2041615262239,14.2857633142541 79.2054589123845,14.285773099502 79.2054574794653,14.2859538459317 79.2056428205733,14.2859552432661 79.2056413877819,14.2861359897113 79.2058267290578,14.28613738692 79.205825296394,14.2863181333807 79.2060106378378,14.2863195304636 79.2060092053018,14.2865002769399 79.2061945469134,14.2865016738971 79.2061931145052,14.2866824203889 79.2063784562847,14.2866838172203 79.206379888545,14.2865030707101 79.2065652301967,14.2865044673789 79.2065623659515,14.2868659604333 79.2067477079188,14.2868673569948 79.2067434118443,14.2874095966099 79.2065580694336,14.2874081999932 79.2065566372209,14.2875889465074 79.2063712946823,14.2875875497282</coordinates></LinearRing></outerBoundaryIs></Polygon>
  </Placemark>
  <Placemark id="flood_extent.11">
	<Style><LineStyle><color>ff0000ff</color></LineStyle><PolyStyle><fill>0</fill></PolyStyle></Style>
	<ExtendedData><SchemaData schemaUrl="#flood_extent">
		<SimpleData name="flooded">1</SimpleData>
		<SimpleData name="area_ha">1.16</SimpleData>
	</SchemaData></ExtendedData>
      <Polygon><outerBoundaryIs><LinearRing><coordinates>79.1062998886699,14.2855470790274 79.1063029126945,14.2851856064147 79.106117582624,14.2851841318292 79.1061206068596,14.2848226592439 79.1063059366345,14.2848241337905 79.1063074485728,14.2846433974741 79.1061221189456,14.2846419229469 79.1061236310105,14.2844611866469 79.1059383015522,14.284459711995 79.1059398137437,14.2842789757116 79.1063104723859,14.2842819248325 79.1063134961145,14.2839204521794 79.10686948335,14.2839248746635 79.1068634375812,14.2846478201913 79.107048767293,14.2846492941421 79.1070472559457,14.2848300305362 79.1068619260862,14.284828556566 79.10686041457,14.2850092929378 79.1066750845839,14.285007818804 79.1066720611926,14.2853692915001 79.1064867309321,14.2853678171833 79.106485219057,14.2855485535076 79.1062998886699,14.2855470790274</coordinates></LinearRing></outerBoundaryIs></Polygon>
  </Placemark>
  <Placemark id="flood_extent.12">
	<Style><LineStyle><color>ff0000ff</color></LineStyle><PolyStyle><fill>0</fill></PolyStyle></Style>
	<ExtendedData><SchemaData schemaUrl="#flood_extent">
		<SimpleData name="flooded">1</SimpleData>
		<SimpleData name="area_ha">1.12</SimpleData>
	</SchemaData></ExtendedData>
      <Polygon><outerBoundaryIs><LinearRing><coordinates>79.109643385476,14.2846699143236 79.1096448947337,14.2844891776549 79.1092742350353,14.2844862336827 79.1092863107003,14.2830403405398 79.1094716393569,14.2830418124428 79.1094701301205,14.2832225491152 79.1098407877926,14.2832254925278 79.1098362608429,14.2837677026439 79.1100215901539,14.2837691741922 79.1100140455543,14.2846728577582 79.109643385476,14.2846699143236</coordinates></LinearRing></outerBoundaryIs></Polygon>
  </Placemark>
  <Placemark id="flood_extent.13">
	<Style><LineStyle><color>ff0000ff</color></LineStyle><PolyStyle><fill>0</fill></PolyStyle></Style>
	<ExtendedData><SchemaData schemaUrl="#flood_extent">
		<SimpleData name="flooded">1</SimpleData>
		<SimpleData name="area_ha">1.04</SimpleData>
	</SchemaData></ExtendedData>
      <Polygon><outerBoundaryIs><LinearRing><coordinates>79.2191813070437,14.2849723725739 79.2191827289063,14.2847916247701 79.2189973873755,14.2847902380863 79.218998809366,14.2846094902978 79.2188134680029,14.2846081034882 79.2188177342985,14.2840658601603 79.2190030752182,14.2840672469151 79.2190044971292,14.2838864991151 79.2191898379211,14.2838878857076 79.2191912596643,14.2837071378864 79.2193766003283,14.2837085243165 79.2193780219039,14.2835277764742 79.21956336244,14.2835291627418 79.2195619410122,14.2837099106024 79.219747281716,14.2837112967442 79.2197430177565,14.2842535403633 79.2195576766094,14.2842521541667 79.2195519904606,14.2849751455456 79.2191813070437,14.2849723725739</coordinates></LinearRing></outerBoundaryIs></Polygon>
  </Placemark>
  <Placemark id="flood_extent.14">
	<Style><LineStyle><color>ff0000ff</color></LineStyle><PolyStyle><fill>0</fill></PolyStyle></Style>
	<ExtendedData><SchemaData schemaUrl="#flood_extent">
		<SimpleData name="flooded">1</SimpleData>
		<SimpleData name="area_ha">1.92</SimpleData>
	</SchemaData></ExtendedData>
      <Polygon><outerBoundaryIs><LinearRing><coordinates>79.2171510903046,14.2838726252638 79.2171525136734,14.2836918776437 79.2169671732482,14.2836904894842 79.216968596745,14.2835097418795 79.2164125760321,14.283505576591 79.2164139999522,14.2833248290383 79.2162286599022,14.2833234403389 79.2162300839502,14.2831426928016 79.2158594042055,14.2831399150069 79.2158608285291,14.2829591675034 79.2156754888344,14.2829577784082 79.2156769132859,14.28277703092 79.2154915737589,14.282775641699 79.215495847437,14.2822333992722 79.2162372038914,14.282238955072 79.216235779943,14.2824197026237 79.2164211192542,14.2824210912317 79.2164196954336,14.2826018387987 79.2167903744113,14.2826046156189 79.2167889508663,14.2827853632197 79.2169742905328,14.2827867514319 79.2169714436787,14.2831482466615 79.2175274636841,14.2831524105432 79.217524617637,14.2835139058709 79.2177099579742,14.2835152935798 79.2177085350685,14.2836960412576 79.2175231945836,14.2836946535304 79.2175217715103,14.2838754011871 79.2171510903046,14.2838726252638</coordinates></LinearRing></outerBoundaryIs></Polygon>
  </Placemark>
  <Placemark id="flood_extent.15">
	<Style><LineStyle><color>ff0000ff</color></LineStyle><PolyStyle><fill>0</fill></PolyStyle></Style>
	<ExtendedData><SchemaData schemaUrl="#flood_extent">
		<SimpleData name="flooded">1</SimpleData>
		<SimpleData name="area_ha">0.36</SimpleData>
	</SchemaData></ExtendedData>
      <Polygon><outerBoundaryIs><LinearRing><coordinates>79.2147544913014,14.2822278411667 79.214755916412,14.2820470937586 79.2143852387593,14.2820443138778 79.2143880895116,14.2816828191262 79.2145734280325,14.281684209102 79.214574853231,14.2815034617035 79.2147601916241,14.2815048515169 79.2147573415026,14.2818663463476 79.2151280189395,14.2818691256153 79.2151251693294,14.2822306205077 79.2147544913014,14.2822278411667</coordinates></LinearRing></outerBoundaryIs></Polygon>
  </Placemark>
  <Placemark id="flood_extent.16">
	<Style><LineStyle><color>ff0000ff</color></LineStyle><PolyStyle><fill>0</fill></PolyStyle></Style>
	<ExtendedData><SchemaData schemaUrl="#flood_extent">
		<SimpleData name="flooded">1</SimpleData>
		<SimpleData name="area_ha">0.56</SimpleData>
	</SchemaData></ExtendedData>
      <Polygon><outerBoundaryIs><LinearRing><coordinates>79.1046742820141,14.280473189486 79.1046757947742,14.2802924532749 79.1048611206868,14.2802939284885 79.1048626332781,14.2801131922551 79.1054186106995,14.2801176169731 79.1054231470171,14.2795754080807 79.105793797851,14.2795783570558 79.1057892624195,14.2801205660649 79.1056039365489,14.280119091591 79.1056024245484,14.2802998279021 79.1054170985513,14.2802983532648 79.1054155863819,14.2804790895536 79.1046742820141,14.280473189486</coordinates></LinearRing></outerBoundaryIs></Polygon>
  </Placemark>
  <Placemark id="flood_extent.17">
	<Style><LineStyle><color>ff0000ff</color></LineStyle><PolyStyle><fill>0</fill></PolyStyle></Style>
	<ExtendedData><SchemaData schemaUrl="#flood_extent">
		<SimpleData name="flooded">1</SimpleData>
		<SimpleData name="area_ha">1.04</SimpleData>
	</SchemaData></ExtendedData>
      <Polygon><outerBoundaryIs><LinearRing><coordinates>79.1080071340675,14.2808611947518 79.1080101543339,14.2804997216392 79.1078248279142,14.2804982488551 79.1078278483915,14.2801367757698 79.1076425222884,14.2801353028805 79.107644032643,14.2799545663529 79.1078293585984,14.2799560392228 79.1078308687843,14.2797753026728 79.1076455429765,14.2797738298224 79.1076470532889,14.279593093289 79.1080177046301,14.279596038807 79.1080161946131,14.2797767753792 79.1082015204631,14.2797782479416 79.1082000105727,14.2799589845303 79.1085706626314,14.2799619292617 79.1085691530152,14.2801426658863 79.108754479224,14.2801441380553 79.1087499506919,14.2806863479701 79.1085646240401,14.2806848757429 79.1085631143394,14.2808656123559 79.1080071340675,14.2808611947518</coordinates></LinearRing></outerBoundaryIs></Polygon>
  </Placemark>
  <Placemark id="flood_extent.18">
	<Style><LineStyle><color>ff0000ff</color></LineStyle><PolyStyle><fill>0</fill></PolyStyle></Style>
	<ExtendedData><SchemaData schemaUrl="#flood_extent">
		<SimpleData name="flooded">1</SimpleData>
		<SimpleData name="area_ha">0.32</SimpleData>
	</SchemaData></ExtendedData>
      <Polygon><outerBoundaryIs><LinearRing><coordinates>79.1209875553095,14.2800602447844 79.12099355398,14.2793372930753 79.1213642077618,14.2793402177731 79.121358210273,14.2800631696364 79.1209875553095,14.2800602447844</coordinates></LinearRing></outerBoundaryIs></Polygon>
  </Placemark>
  <Placemark id="flood_extent.19">
	<Style><LineStyle><color>ff0000ff</color></LineStyle><PolyStyle><fill>0</fill></PolyStyle></Style>
	<ExtendedData><SchemaData schemaUrl="#flood_extent">
		<SimpleData name="flooded">1</SimpleData>
		<SimpleData name="area_ha">0.84</SimpleData>
	</SchemaData></ExtendedData>
      <Polygon><outerBoundaryIs><LinearRing><coordinates>79.2197799661281,14.2795540948038 79.219781386951,14.2793733468588 79.2192253755377,14.2793691893159 79.2192282180101,14.2790076935269 79.2207109131462,14.2790187771342 79.2207066529532,14.2795610212515 79.2197799661281,14.2795540948038</coordinates></LinearRing></outerBoundaryIs></Polygon>
  </Placemark>
  <Placemark id="flood_extent.20">
	<Style><LineStyle><color>ff0000ff</color></LineStyle><PolyStyle><fill>0</fill></PolyStyle></Style>
	<ExtendedData><SchemaData schemaUrl="#flood_extent">
		<SimpleData name="flooded">1</SimpleData>
		<SimpleData name="area_ha">0.68</SimpleData>
	</SchemaData></ExtendedData>
      <Polygon><outerBoundaryIs><LinearRing><coordinates>79.1065547434301,14.2772346795942 79.1065562543327,14.2770539431368 79.1063709308881,14.2770524695693 79.1063739529253,14.2766909966845 79.1074858921378,14.2766998356963 79.1074813617084,14.2772420453685 79.1065547434301,14.2772346795942</coordinates></LinearRing></outerBoundaryIs></Polygon>
  </Placemark>
  <Placemark id="flood_extent.21">
	<Style><LineStyle><color>ff0000ff</color></LineStyle><PolyStyle><fill>0</fill></PolyStyle></Style>
	<ExtendedData><SchemaData schemaUrl="#flood_extent">
		<SimpleData name="flooded">1</SimpleData>
		<SimpleData name="area_ha">23.4</SimpleData>
	</SchemaData></ExtendedData>
      <Polygon><outerBoundaryIs><LinearRing><coordinates>79.2023095545394,14.285568576957 79.2023109899311,14.2853878308347 79.2021256496274,14.2853864309611 79.2021270851468,14.2852056848543 79.2010150446334,14.2851972826962 79.2010164810194,14.2850165366972 79.2000897818829,14.2850095310273 79.2000912189878,14.2848287851177 79.1999058793686,14.2848273835698 79.1999087538136,14.284465891779 79.2000940931373,14.28446729329 79.2000969672063,14.2841058014507 79.1999116281782,14.2841043999767 79.1999173766663,14.2833814163374 79.1997320382494,14.2833800147931 79.1997377870069,14.2826570311816 79.1999231248328,14.2826584326521 79.1999245618241,14.2824776867236 79.2001098995223,14.2824790880315 79.2001127731492,14.2821175961288 79.199742098364,14.2821147934427 79.1997435354428,14.281934047524 79.1993728610335,14.2819312442985 79.1993714236591,14.2821119901802 79.1990007490347,14.2821091863413 79.1989964359045,14.2826514238586 79.1988110981792,14.2826500216675 79.1988154117526,14.2821077842057 79.1986300744907,14.282106381926 79.198631512456,14.2819256361181 79.198446175362,14.2819242337128 79.1984476134549,14.2817434879205 79.1982622765287,14.2817420853895 79.1982651529498,14.2813805938333 79.1980798163392,14.2813791911952 79.1980841312632,14.2808369538946 79.1977134589888,14.280834148297 79.1977120204055,14.2810148940298 79.1975266841508,14.2810134909964 79.1975281228818,14.2808327452821 79.1969721146816,14.2808285353729 79.1969735538358,14.2806477897112 79.1967882179571,14.2806463861384 79.1967910965005,14.2802848948433 79.1966057609373,14.2802834911635 79.1966072003266,14.2801027455301 79.1964218649313,14.2801013417247 79.1964233044481,14.2799205961069 79.1962379692207,14.2799191921759 79.1962394088652,14.2797384465738 79.1958687387662,14.2797356383165 79.195870178686,14.2795548927485 79.1956848438144,14.2795534884222 79.1956891638959,14.2790112517565 79.1955038294877,14.2790098473417 79.1955067097367,14.2786483562538 79.1953213756441,14.278646951732 79.1953256963096,14.2781047151341 79.1951403626803,14.2781033105237 79.1951418030095,14.2779225650038 79.194956469548,14.2779211602679 79.1949579100048,14.2777404147636 79.1947725767112,14.2777390099021 79.1947740172956,14.2775582644135 79.1945886841698,14.2775568594265 79.1945915655734,14.2771953684777 79.1953328970159,14.2772009874133 79.1953314569149,14.2773817329632 79.1957021230525,14.2773845416038 79.1957006832268,14.2775652871879 79.1958860164734,14.2775666913106 79.1958845767753,14.2777474369102 79.1960699101898,14.2777488409074 79.1960684706193,14.2779295865227 79.1971804724156,14.2779380075914 79.1971790337111,14.2781187533148 79.197364367562,14.2781201563406 79.1973586131336,14.2788431392793 79.1975439475955,14.2788445422349 79.1975425090858,14.2790252879809 79.1977278437155,14.2790266908109 79.1977264053334,14.2792074365725 79.1979117401309,14.279208839277 79.1979103018764,14.2793895850542 79.1980956368418,14.279390987633 79.1980941987149,14.2795717334258 79.1982795338481,14.2795731358791 79.1982780958488,14.2797538816875 79.1984634311499,14.2797552840152 79.1984576795425,14.2804782672938 79.1982723436505,14.2804768648922 79.1982694674306,14.2808383564773 79.198454803618,14.2808397589158 79.1984533656257,14.2810205047225 79.198638701981,14.2810219070355 79.1986458910031,14.2801181778808 79.1992018979737,14.280122383678 79.1992004606527,14.2803031295701 79.199015124828,14.2803017277633 79.1990122498302,14.280663219502 79.1991975859504,14.2806646213457 79.1991961485691,14.2808453672292 79.2001228302103,14.2808523743789 79.2001199568648,14.2812138663219 79.2003052935488,14.2812152673564 79.2003024204184,14.2815767593248 79.200487757418,14.2815781602522 79.2004863209704,14.2817589062505 79.2006716581379,14.2817603070523 79.2006730944377,14.2815795610355 79.2010437685374,14.2815823621699 79.2010423325331,14.2817631082235 79.2012276697608,14.281764508593 79.2012233620704,14.2823067467921 79.2014086997615,14.2823081470728 79.2014072639723,14.2824888931519 79.2015926018312,14.282490293307 79.2015911661697,14.2826710394016 79.2025178565043,14.2826780381075 79.2025164215615,14.2828587842914 79.2028870981314,14.2828615828019 79.2028856634641,14.2830423290198 79.2032563404097,14.2830451269907 79.2032549060179,14.2832258732426 79.2034402446686,14.2832272720303 79.2034388104044,14.2834080182978 79.2036241492229,14.2834094169598 79.2036184125568,14.2841324020746 79.2034330731471,14.2841310033389 79.2034302043981,14.2844924958421 79.2036155441033,14.2844938946147 79.2036169783401,14.2843131483461 79.2038023179175,14.2843145469561 79.2037994497195,14.2846760395273 79.2036141098465,14.2846746408804 79.2036112412727,14.2850361334032 79.2034259011241,14.2850347345754 79.2034244666594,14.285215480814 79.2032391263831,14.2852140818236 79.2032376917504,14.285394828041 79.2030523513464,14.285393428888 79.2030509165459,14.2855741750841 79.2023095545394,14.285568576957</coordinates></LinearRing></outerBoundaryIs></Polygon>
  </Placemark>
  <Placemark id="flood_extent.22">
	<Style><LineStyle><color>ff0000ff</color></LineStyle><PolyStyle><fill>0</fill></PolyStyle></Style>
	<ExtendedData><SchemaData schemaUrl="#flood_extent">
		<SimpleData name="flooded">1</SimpleData>
		<SimpleData name="area_ha">0.96</SimpleData>
	</SchemaData></ExtendedData>
      <Polygon><outerBoundaryIs><LinearRing><coordinates>79.1048898563033,14.276859939559 79.1048928806607,14.2764984669793 79.1045222350593,14.2764955172246 79.1045237475016,14.2763147809693 79.1043384248804,14.2763133058953 79.1043399374491,14.2761325696566 79.1041546149967,14.276131094458 79.104159153019,14.2755888857827 79.1045297970591,14.2755918359191 79.1045282847015,14.275772572186 79.1048989291216,14.2757755217853 79.1048974170381,14.2759562580881 79.1050827394275,14.2759577326912 79.1050812274705,14.2761384690106 79.1052665500288,14.2761399434891 79.1052605025799,14.2768628888155 79.1048898563033,14.276859939559</coordinates></LinearRing></outerBoundaryIs></Polygon>
  </Placemark>
  <Placemark id="flood_extent.23">
	<Style><LineStyle><color>ff0000ff</color></LineStyle><PolyStyle><fill>0</fill></PolyStyle></Style>
	<ExtendedData><SchemaData schemaUrl="#flood_extent">
		<SimpleData name="flooded">1</SimpleData>
		<SimpleData name="area_ha">0.04</SimpleData>
	</SchemaData></ExtendedData>
      <Polygon><outerBoundaryIs><LinearRing><coordinates>79.1117558661411,14.2758299854705 79.1117573727403,14.2756492484469 79.1119426956158,14.2756507176829 79.1119411891642,14.2758314547258 79.1117558661411,14.2758299854705</coordinates></LinearRing></outerBoundaryIs></Polygon>
  </Placemark>
  <Placemark id="flood_extent.24">
	<Style><LineStyle><color>ff0000ff</color></LineStyle><PolyStyle><fill>0</fill></PolyStyle></Style>
	<ExtendedData><SchemaData schemaUrl="#flood_extent">
		<SimpleData name="flooded">1</SimpleData>
		<SimpleData name="area_ha">0.32</SimpleData>
	</SchemaData></ExtendedData>
      <Polygon><outerBoundaryIs><LinearRing><coordinates>79.1819947832433,14.2763765170638 79.1819991350829,14.275834284375 79.1825551264072,14.2758385277869 79.1825522260872,14.2762000163609 79.1823668953301,14.276198601997 79.182365444992,14.276379346261 79.1819947832433,14.2763765170638</coordinates></LinearRing></outerBoundaryIs></Polygon>
  </Placemark>
  <Placemark id="flood_extent.25">
	<Style><LineStyle><color>ff0000ff</color></LineStyle><PolyStyle><fill>0</fill></PolyStyle></Style>
	<ExtendedData><SchemaData schemaUrl="#flood_extent">
		<SimpleData name="flooded">1</SimpleData>
		<SimpleData name="area_ha">2.96</SimpleData>
	</SchemaData></ExtendedData>
      <Polygon><outerBoundaryIs><LinearRing><coordinates>79.1022953347377,14.276839278634 79.1022968489942,14.2766585426179 79.1021115263318,14.2766570657769 79.1021130407148,14.2764763297773 79.1019277182212,14.2764748528118 79.1019292327306,14.2762941168288 79.1015585881023,14.2762911625046 79.1015601028859,14.2761104265576 79.1010041365452,14.2761059940496 79.1010101972394,14.2753830504666 79.1011955187412,14.2753845280354 79.1011970337141,14.275203792113 79.1013823550894,14.2752052695183 79.1013838698935,14.2750245335735 79.102125155016,14.2750304416768 79.1021236408025,14.2752111776995 79.1023089622838,14.2752126543848 79.1023074481968,14.2753933904241 79.1024927698469,14.2753948669849 79.1024912558863,14.2755756030407 79.1030472214066,14.2755800319174 79.1030457078678,14.2757607680287 79.1032310298979,14.2757622440524 79.1032264895973,14.2763044524273 79.1028558446723,14.2763015001192 79.1028543309012,14.2764822361995 79.1030396535007,14.276483712445 79.103038139856,14.2766644485418 79.1026674943827,14.2766614958679 79.1026659804215,14.2768422319229 79.1022953347377,14.276839278634</coordinates></LinearRing></outerBoundaryIs></Polygon>
  </Placemark>
  <Placemark id="flood_extent.26">
	<Style><LineStyle><color>ff0000ff</color></LineStyle><PolyStyle><fill>0</fill></PolyStyle></Style>
	<ExtendedData><SchemaData schemaUrl="#flood_extent">
		<SimpleData name="flooded">1</SimpleData>
		<SimpleData name="area_ha">3.64</SimpleData>
	</SchemaData></ExtendedData>
      <Polygon><outerBoundaryIs><LinearRing><coordinates>79.1115599953202,14.2770936750195 79.1115615022147,14.2769129380356 79.1110055306771,14.2769085286248 79.1110085452889,14.2765470547645 79.1106378982932,14.2765441145147 79.1106439284449,14.2758211669142 79.111570543139,14.2758285160711 79.111569036371,14.2760092530724 79.1113837132423,14.2760077835097 79.1113822063056,14.2761885204888 79.1117528528793,14.2761914595089 79.1117543595207,14.2760107224911 79.1119396826915,14.2760121917658 79.1119411891642,14.2758314547258 79.1121265122085,14.2758329238371 79.1121280185124,14.2756521867748 79.1128693103095,14.2756580617026 79.1128708160018,14.27547732456 79.1134267846279,14.2754817291857 79.1134282898562,14.2753009919822 79.113613612626,14.2753024598834 79.1136151176856,14.2751217226576 79.1141710856785,14.2751261254391 79.1141725902741,14.2749453881524 79.1139872677364,14.2749439207219 79.1139887724585,14.2747631834516 79.1143594172598,14.27476611813 79.1143579128329,14.2749468554389 79.1145432354127,14.2749483225814 79.1145417311125,14.2751290599069 79.114356408385,14.275127592745 79.1143503903828,14.2758505419404 79.1141650670858,14.2758490745571 79.1141635623849,14.2760298118294 79.1137929155587,14.2760268765923 79.1137944205549,14.2758461393587 79.1130531277458,14.2758402672336 79.113051622159,14.2760210043898 79.1128662988618,14.2760195359792 79.1128647931063,14.2762002731131 79.1126794696824,14.2761988045391 79.1126779637582,14.2763795416508 79.1124926402078,14.2763780729135 79.1124911341148,14.2765588100029 79.1123058104378,14.2765573411022 79.1123043041761,14.2767380781694 79.1121189803725,14.2767366091052 79.1121174739421,14.2769173461502 79.1117468261028,14.2769144075511 79.1117453193559,14.2770951445545 79.1115599953202,14.2770936750195</coordinates></LinearRing></outerBoundaryIs></Polygon>
  </Placemark>
  <Placemark id="flood_extent.27">
	<Style><LineStyle><color>ff0000ff</color></LineStyle><PolyStyle><fill>0</fill></PolyStyle></Style>
	<ExtendedData><SchemaData schemaUrl="#flood_extent">
		<SimpleData name="flooded">1</SimpleData>
		<SimpleData name="area_ha">0.72</SimpleData>
	</SchemaData></ExtendedData>
      <Polygon><outerBoundaryIs><LinearRing><coordinates>79.1130742037485,14.2733099467432 79.1130757090193,14.2731292095437 79.1128903880843,14.2731277414427 79.1128933988579,14.2727662670735 79.1130787194977,14.2727677351358 79.1130802247052,14.2725869979276 79.1138215068846,14.2725928686595 79.1138154882898,14.2733158177848 79.1130742037485,14.2733099467432</coordinates></LinearRing></outerBoundaryIs></Polygon>
  </Placemark>
  <Placemark id="flood_extent.28">
	<Style><LineStyle><color>ff0000ff</color></LineStyle><PolyStyle><fill>0</fill></PolyStyle></Style>
	<ExtendedData><SchemaData schemaUrl="#flood_extent">
		<SimpleData name="flooded">1</SimpleData>
		<SimpleData name="area_ha">0.32</SimpleData>
	</SchemaData></ExtendedData>
      <Polygon><outerBoundaryIs><LinearRing><coordinates>79.1034450999555,14.2723297325831 79.1034496384157,14.2717875239588 79.1040055949532,14.2717919494503 79.1040025702199,14.2721534219861 79.1038172510576,14.2721519469273 79.1038157385116,14.2723326831714 79.1034450999555,14.2723297325831</coordinates></LinearRing></outerBoundaryIs></Polygon>
  </Placemark>
  <Placemark id="flood_extent.29">
	<Style><LineStyle><color>ff0000ff</color></LineStyle><PolyStyle><fill>0</fill></PolyStyle></Style>
	<ExtendedData><SchemaData schemaUrl="#flood_extent">
		<SimpleData name="flooded">1</SimpleData>
		<SimpleData name="area_ha">0.76</SimpleData>
	</SchemaData></ExtendedData>
      <Polygon><outerBoundaryIs><LinearRing><coordinates>79.1785011125543,14.2729154768925 79.1785025656073,14.2727347329657 79.1783172381027,14.272733315788 79.1783186912831,14.2725525718769 79.1781333639464,14.2725511545739 79.1781377238083,14.2720089228795 79.1785083776161,14.2720117572294 79.1785069246444,14.2721925011678 79.1786922517264,14.2721939181454 79.1786907988821,14.2723746620996 79.1790614534024,14.2723774956603 79.179060000833,14.2725582396489 79.1792453282713,14.2725596562319 79.1792424233667,14.272921144238 79.1785011125543,14.2729154768925</coordinates></LinearRing></outerBoundaryIs></Polygon>
  </Placemark>
  <Placemark id="flood_extent.30">
	<Style><LineStyle><color>ff0000ff</color></LineStyle><PolyStyle><fill>0</fill></PolyStyle></Style>
	<ExtendedData><SchemaData schemaUrl="#flood_extent">
		<SimpleData name="flooded">1</SimpleData>
		<SimpleData name="area_ha">0.48</SimpleData>
	</SchemaData></ExtendedData>
      <Polygon><outerBoundaryIs><LinearRing><coordinates>79.0958576600471,14.2710039707112 79.0958606975145,14.2706424998555 79.0956753804664,14.2706410186184 79.095678418144,14.2702795477902 79.0964196852832,14.2702854717184 79.0964166487863,14.2706469427028 79.0962313316744,14.2706454618977 79.0962282947974,14.2710069328315 79.0958576600471,14.2710039707112</coordinates></LinearRing></outerBoundaryIs></Polygon>
  </Placemark>
  <Placemark id="flood_extent.31">
	<Style><LineStyle><color>ff0000ff</color></LineStyle><PolyStyle><fill>0</fill></PolyStyle></Style>
	<ExtendedData><SchemaData schemaUrl="#flood_extent">
		<SimpleData name="flooded">1</SimpleData>
		<SimpleData name="area_ha">3.96</SimpleData>
	</SchemaData></ExtendedData>
      <Polygon><outerBoundaryIs><LinearRing><coordinates>79.0265457524007,14.2709821172001 79.0265489003865,14.2706206612339 79.0263635909905,14.2706191261045 79.026365165098,14.2704383981373 79.0261798558715,14.2704368628842 79.0261814301045,14.2702561349343 79.0263667391834,14.2702576701672 79.0263714613074,14.2697154862395 79.025815535465,14.2697108802913 79.0258202587187,14.2691686965196 79.0254496424858,14.2691656252893 79.0254512171548,14.2689848974001 79.0252659092189,14.2689833615894 79.0252690587858,14.2686219058427 79.0250837511671,14.2686203699285 79.025085326065,14.2684396420711 79.0249000186159,14.2684381060333 79.0249047436198,14.2678959225043 79.0250900506263,14.2678974584813 79.025091625436,14.2677167306123 79.0256475461451,14.2677213376193 79.025645971778,14.2679020655491 79.0258312788727,14.2679036009505 79.0258297046311,14.2680843288977 79.0260150118953,14.2680858641755 79.0260134377792,14.26826659214 79.026198745213,14.2682681272941 79.0261955972097,14.2686295832548 79.0263809049606,14.2686311183055 79.0263793310735,14.2688118463018 79.026935254901,14.2688164506512 79.0269336814345,14.2689971787053 79.0271189895686,14.2689987132208 79.0271126960724,14.2697216254889 79.0272980048188,14.2697231599415 79.0272964315372,14.2699038880215 79.0271111226433,14.2699023535487 79.0271095491922,14.2700830816055 79.0272948582337,14.2700846160986 79.0272932849081,14.2702653441727 79.0271079757191,14.2702638096595 79.0271048287067,14.2706252657586 79.0269195192446,14.270623731061 79.0269163718491,14.2709851871081 79.0265457524007,14.2709821172001</coordinates></LinearRing></outerBoundaryIs></Polygon>
  </Placemark>
  <Placemark id="flood_extent.32">
	<Style><LineStyle><color>ff0000ff</color></LineStyle><PolyStyle><fill>0</fill></PolyStyle></Style>
	<ExtendedData><SchemaData schemaUrl="#flood_extent">
		<SimpleData name="flooded">1</SimpleData>
		<SimpleData name="area_ha">8.6</SimpleData>
	</SchemaData></ExtendedData>
      <Polygon><outerBoundaryIs><LinearRing><coordinates>79.1759138026706,14.2719919046851 79.1759152576888,14.2718111610055 79.1757299312073,14.2718097419054 79.1757313863527,14.2716289982417 79.1755460600392,14.2716275790163 79.1755475153119,14.2714468353684 79.1753621891663,14.2714454160178 79.1753636445663,14.2712646723857 79.1751783185887,14.2712632529098 79.1751826851092,14.2707210220525 79.1755533361989,14.270723860748 79.1755547913698,14.2705431170857 79.1757401167976,14.2705445361988 79.1757415718004,14.2703637925149 79.1755562465202,14.2703623734205 79.1755577016504,14.2701816297525 79.1750017263748,14.2701773716616 79.1750031819274,14.2699966280468 79.1744472072781,14.2699923687164 79.1744501192077,14.2696308815904 79.1740794701338,14.2696280413919 79.174078013884,14.2698087849188 79.17389268923,14.2698073645849 79.1738912328121,14.2699881080902 79.1737059080309,14.2699866875936 79.1737044514451,14.2701674310773 79.1735191265367,14.270166010418 79.1735205832701,14.269985266953 79.1733352585297,14.2699838461684 79.1733396290505,14.2694416158123 79.1731543047733,14.2694401949399 79.1731557617203,14.2692594515009 79.1729704376111,14.2692580305033 79.1729718946854,14.2690772870801 79.1727865707442,14.2690758659573 79.1727894851267,14.2687143791397 79.1731601324392,14.2687172211664 79.1731615893047,14.2685364777158 79.1735322364035,14.2685393191291 79.1735307798332,14.2687200626172 79.1739014273088,14.2687229034923 79.1738999710133,14.2689036470149 79.175011914815,14.2689121662974 79.1750104593846,14.2690929099295 79.1755664320033,14.2690971676835 79.1755649769954,14.2692779113689 79.17575030139,14.269279330351 79.1757488465093,14.2694600740522 79.1759341710718,14.2694614929091 79.1759327163184,14.2696422366261 79.1766740153625,14.2696479106888 79.1766725611791,14.2698286544778 79.1774138611394,14.2698343263118 79.177412407526,14.2700150701727 79.1775977327146,14.27001648779 79.1775962792286,14.2701972316666 79.177781604585,14.2701986491586 79.1777772444477,14.2707408808274 79.1775919186483,14.2707394632793 79.1775904650809,14.2709202071444 79.1774051391543,14.2709187894337 79.1774022316632,14.2712802771179 79.1772169054617,14.2712788592258 79.177215451538,14.2714596030449 79.1774007778871,14.2714610209557 79.1773978702739,14.2718225086227 79.1762859107129,14.2718139987737 79.17628445599,14.2719947424907 79.1759138026706,14.2719919046851</coordinates></LinearRing></outerBoundaryIs></Polygon>
  </Placemark>
  <Placemark id="flood_extent.33">
	<Style><LineStyle><color>ff0000ff</color></LineStyle><PolyStyle><fill>0</fill></PolyStyle></Style>
	<ExtendedData><SchemaData schemaUrl="#flood_extent">
		<SimpleData name="flooded">1</SimpleData>
		<SimpleData name="area_ha">0.08</SimpleData>
	</SchemaData></ExtendedData>
      <Polygon><outerBoundaryIs><LinearRing><coordinates>79.1726041615011,14.2687129579104 79.1726070760972,14.2683514711188 79.1727923994276,14.2683528923106 79.1727894851267,14.2687143791397 79.1726041615011,14.2687129579104</coordinates></LinearRing></outerBoundaryIs></Polygon>
  </Placemark>
  <Placemark id="flood_extent.34">
	<Style><LineStyle><color>ff0000ff</color></LineStyle><PolyStyle><fill>0</fill></PolyStyle></Style>
	<ExtendedData><SchemaData schemaUrl="#flood_extent">
		<SimpleData name="flooded">1</SimpleData>
		<SimpleData name="area_ha">2.24</SimpleData>
	</SchemaData></ExtendedData>
      <Polygon><outerBoundaryIs><LinearRing><coordinates>79.1713025215462,14.269245235047 79.1713039799488,14.2690644917925 79.1703773613652,14.269057378261 79.1703817386645,14.2685151487616 79.1701964154518,14.2685137256797 79.1701978746583,14.2683329825262 79.1700125516137,14.2683315593192 79.1700140109473,14.2681508161816 79.1698286880707,14.2681493928493 79.1698301475315,14.2679686497276 79.171127407064,14.2679786098992 79.1711259486362,14.2681593531522 79.1714965946959,14.2681621976575 79.1714951365429,14.2683429409452 79.1722364294975,14.2683486283034 79.172233514311,14.26871011502 79.1720481907465,14.2687086933589 79.1720452751832,14.2690701800266 79.1716746275252,14.2690673361975 79.1716731694178,14.2692480794895 79.1713025215462,14.269245235047</coordinates></LinearRing></outerBoundaryIs></Polygon>
  </Placemark>
  <Placemark id="flood_extent.35">
	<Style><LineStyle><color>ff0000ff</color></LineStyle><PolyStyle><fill>0</fill></PolyStyle></Style>
	<ExtendedData><SchemaData schemaUrl="#flood_extent">
		<SimpleData name="flooded">1</SimpleData>
		<SimpleData name="area_ha">9</SimpleData>
	</SchemaData></ExtendedData>
      <Polygon><outerBoundaryIs><LinearRing><coordinates>79.0095179901017,14.2684908394083 79.0095195773926,14.2683101132587 79.008778355166,14.2683039198939 79.0087799430248,14.2681231938231 79.007668111237,14.2681138995816 79.0076696999587,14.2679331736304 79.006743174818,14.2679254245743 79.0067447642551,14.2677446987224 79.0061888498803,14.2677400476233 79.0061904397377,14.2675593218298 79.0058198305608,14.2675562204186 79.005821420691,14.2673754946631 79.0056361162835,14.2673739437621 79.005637706539,14.2671932180241 79.0054524023012,14.2671916669997 79.0054603539823,14.2662880383685 79.0052750505044,14.2662864873025 79.0052798216884,14.2657443101502 79.0056504277815,14.2657474120157 79.0056488377041,14.265928137777 79.0054635344989,14.2659265868957 79.0054619442517,14.2661073126336 79.0056472476045,14.2661088635353 79.0056456574825,14.2662895892907 79.005830961005,14.266291140069 79.0058261909482,14.2668333173791 79.0063821029768,14.2668379690348 79.0063773340473,14.2673801465028 79.0074891613605,14.2673894462973 79.0074939276347,14.2668472684615 79.0071233193264,14.2668441692281 79.007124908335,14.2666634433179 79.0076808203882,14.2666680918908 79.0076792318222,14.2668488178623 79.0080498402639,14.2668519162324 79.0080482519706,14.2670326422419 79.0084188607963,14.2670357400773 79.0084172727758,14.2672164661247 79.0097144053984,14.2672273041593 79.0097159923863,14.2670465779689 79.0104572109265,14.2670527678844 79.0104556245287,14.2672334941564 79.0108262342271,14.2672365882917 79.0108278203299,14.2670558619789 79.0113837346015,14.2670605020415 79.0113821489413,14.2672412284154 79.0119380638552,14.2672458672442 79.0119364786153,14.2674265936764 79.0132336152236,14.2674374127168 79.0132304467428,14.2677988658578 79.0130451411514,14.2677973206715 79.0130435567302,14.2679780472173 79.0123023339965,14.2679718649517 79.0123007489629,14.268152591413 79.011744831703,14.2681479531418 79.0117432462047,14.268328679539 79.0104461056757,14.268317851727 79.0104445191225,14.2684985779786 79.0095179901017,14.2684908394083</coordinates></LinearRing></outerBoundaryIs></Polygon>
  </Placemark>
  <Placemark id="flood_extent.36">
	<Style><LineStyle><color>ff0000ff</color></LineStyle><PolyStyle><fill>0</fill></PolyStyle></Style>
	<ExtendedData><SchemaData schemaUrl="#flood_extent">
		<SimpleData name="flooded">1</SimpleData>
		<SimpleData name="area_ha">3.08</SimpleData>
	</SchemaData></ExtendedData>
      <Polygon><outerBoundaryIs><LinearRing><coordinates>79.0158326380586,14.2669168490577 79.0158373842184,14.2663746684431 79.0156520794969,14.266373125434 79.0156536616534,14.266192398577 79.0158389662274,14.2661939415657 79.0158405482142,14.2660132146855 79.0160258526628,14.2660147575099 79.0160290162751,14.2656533037 79.0163996246487,14.2656563888359 79.0164012061266,14.2654756618859 79.0171424225495,14.2654818303498 79.0171440034152,14.2653011033156 79.0188117403338,14.2653149737603 79.0188085812352,14.2656764281917 79.0186232767496,14.265674887566 79.0186216970197,14.2658556147571 79.0182510878199,14.2658525330335 79.0182495077728,14.266033260181 79.0178788983665,14.2660301778412 79.0178773180023,14.2662109049452 79.0175067083895,14.2662078219892 79.0175051277081,14.2663885490496 79.016763908158,14.2663823813299 79.0167623268644,14.2665631083061 79.0162064119917,14.2665584809446 79.0162048302335,14.2667392078568 79.0160195251727,14.2667376650949 79.0160179432448,14.2669183919838 79.0158326380586,14.2669168490577</coordinates></LinearRing></outerBoundaryIs></Polygon>
  </Placemark>
  <Placemark id="flood_extent.37">
	<Style><LineStyle><color>ff0000ff</color></LineStyle><PolyStyle><fill>0</fill></PolyStyle></Style>
	<ExtendedData><SchemaData schemaUrl="#flood_extent">
		<SimpleData name="flooded">1</SimpleData>
		<SimpleData name="area_ha">0.64</SimpleData>
	</SchemaData></ExtendedData>
      <Polygon><outerBoundaryIs><LinearRing><coordinates>79.0193660739423,14.2655003219303 79.019367653038,14.2653195946522 79.0197382616181,14.2653226745275 79.0197429978877,14.2647804925538 79.0204842135431,14.2647866503344 79.0204794790435,14.2653288325517 79.0201088702866,14.2653257538273 79.0201072917809,14.2655064811867 79.0193660739423,14.2655003219303</coordinates></LinearRing></outerBoundaryIs></Polygon>
  </Placemark>
  <Placemark id="flood_extent.38">
	<Style><LineStyle><color>ff0000ff</color></LineStyle><PolyStyle><fill>0</fill></PolyStyle></Style>
	<ExtendedData><SchemaData schemaUrl="#flood_extent">
		<SimpleData name="flooded">1</SimpleData>
		<SimpleData name="area_ha">0.84</SimpleData>
	</SchemaData></ExtendedData>
      <Polygon><outerBoundaryIs><LinearRing><coordinates>79.1637335433845,14.2655719468516 79.1637364714521,14.2652104617654 79.1642924310345,14.2652147446772 79.1642938945949,14.2650340020733 79.1652204935709,14.2650411372871 79.1652161050414,14.2655833653723 79.1637335433845,14.2655719468516</coordinates></LinearRing></outerBoundaryIs></Polygon>
  </Placemark>
  <Placemark id="flood_extent.39">
	<Style><LineStyle><color>ff0000ff</color></LineStyle><PolyStyle><fill>0</fill></PolyStyle></Style>
	<ExtendedData><SchemaData schemaUrl="#flood_extent">
		<SimpleData name="flooded">1</SimpleData>
		<SimpleData name="area_ha">1.56</SimpleData>
	</SchemaData></ExtendedData>
      <Polygon><outerBoundaryIs><LinearRing><coordinates>79.158907887355,14.266438483261 79.1589093553381,14.2662577412241 79.1587240351667,14.266256309444 79.1587255032768,14.2660755674231 79.1585401832735,14.2660741355179 79.1585416515107,14.265893393513 79.1583563316755,14.2658919614828 79.1583592683833,14.2655304775021 79.1581739488637,14.2655290453658 79.1581754173343,14.26534830339 79.1579900979829,14.2653468711287 79.1579930351575,14.2649853872062 79.1583636732907,14.2649882515094 79.1583622050088,14.2651689935099 79.1589181628055,14.265173288942 79.1589152270652,14.2655347730476 79.1594711859322,14.2655390672978 79.1594697184739,14.2657198094028 79.1596550382848,14.2657212405506 79.1596491688364,14.2664442090176 79.158907887355,14.266438483261</coordinates></LinearRing></outerBoundaryIs></Polygon>
  </Placemark>
  <Placemark id="flood_extent.40">
	<Style><LineStyle><color>ff0000ff</color></LineStyle><PolyStyle><fill>0</fill></PolyStyle></Style>
	<ExtendedData><SchemaData schemaUrl="#flood_extent">
		<SimpleData name="flooded">1</SimpleData>
		<SimpleData name="area_ha">0.32</SimpleData>
	</SchemaData></ExtendedData>
      <Polygon><outerBoundaryIs><LinearRing><coordinates>79.1205620068922,14.2643316513429 79.120563505209,14.2641509132262 79.1207488196273,14.2641523744602 79.1207503177755,14.2639716363214 79.1213062607137,14.2639760191023 79.1213047630081,14.2641567572989 79.1214900775103,14.2641582179574 79.1214885799312,14.2643389561704 79.1205620068922,14.2643316513429</coordinates></LinearRing></outerBoundaryIs></Polygon>
  </Placemark>
  <Placemark id="flood_extent.41">
	<Style><LineStyle><color>ff0000ff</color></LineStyle><PolyStyle><fill>0</fill></PolyStyle></Style>
	<ExtendedData><SchemaData schemaUrl="#flood_extent">
		<SimpleData name="flooded">1</SimpleData>
		<SimpleData name="area_ha">1.44</SimpleData>
	</SchemaData></ExtendedData>
      <Polygon><outerBoundaryIs><LinearRing><coordinates>79.0236406863481,14.264089884179 79.0236454128619,14.2635477008662 79.0238307161739,14.2635492373642 79.0238322914869,14.2633685095672 79.0240175946735,14.263370045901 79.024019169817,14.2631893180808 79.0242044728781,14.2631908542505 79.024206047852,14.2630101264072 79.0245766537454,14.2630131982746 79.0245782284024,14.2628324703878 79.0255047427843,14.2628401474376 79.0255015949232,14.2632016034107 79.0251309885143,14.2631985329414 79.0251294142557,14.2633792608831 79.0249441109369,14.2633777254123 79.0249425365087,14.2635584533309 79.0247572330645,14.2635569176961 79.0247556584668,14.2637376455914 79.0243850513495,14.2637345738497 79.0243834764348,14.2639153017017 79.0240128691107,14.263912229344 79.0240112938789,14.2640929571526 79.0236406863481,14.264089884179</coordinates></LinearRing></outerBoundaryIs></Polygon>
  </Placemark>
  <Placemark id="flood_extent.42">
	<Style><LineStyle><color>ff0000ff</color></LineStyle><PolyStyle><fill>0</fill></PolyStyle></Style>
	<ExtendedData><SchemaData schemaUrl="#flood_extent">
		<SimpleData name="flooded">1</SimpleData>
		<SimpleData name="area_ha">0.28</SimpleData>
	</SchemaData></ExtendedData>
      <Polygon><outerBoundaryIs><LinearRing><coordinates>79.1125995189489,14.2635457321701 79.1126010235248,14.2633649948724 79.1124157106215,14.2633635273848 79.1124172153239,14.2631827901036 79.1126025280796,14.2631842575718 79.1126040326133,14.2630035202684 79.1127893452426,14.2630049875734 79.1127908496078,14.2628242502477 79.1129761621106,14.2628257173896 79.1129716493944,14.263367929416 79.1127863364491,14.2633664622161 79.1127848320207,14.2635471995332 79.1125995189489,14.2635457321701</coordinates></LinearRing></outerBoundaryIs></Polygon>
  </Placemark>
  <Placemark id="flood_extent.43">
	<Style><LineStyle><color>ff0000ff</color></LineStyle><PolyStyle><fill>0</fill></PolyStyle></Style>
	<ExtendedData><SchemaData schemaUrl="#flood_extent">
		<SimpleData name="flooded">1</SimpleData>
		<SimpleData name="area_ha">0.68</SimpleData>
	</SchemaData></ExtendedData>
      <Polygon><outerBoundaryIs><LinearRing><coordinates>79.034405575989,14.2621907482847 79.034408709429,14.2618292903374 79.0345940125421,14.2618308182903 79.0345955790817,14.2616500892921 79.0347808820692,14.261651617081 79.0347824484394,14.2614708880597 79.0353383570913,14.261475470503 79.0353367911634,14.2616561995846 79.0357073973359,14.2616592538679 79.0357058316811,14.261839982987 79.0353352252137,14.2618369286634 79.035333659242,14.2620176577393 79.0349630525674,14.2620146028001 79.0349614862788,14.2621953318328 79.034405575989,14.2621907482847</coordinates></LinearRing></outerBoundaryIs></Polygon>
  </Placemark>
  <Placemark id="flood_extent.44">
	<Style><LineStyle><color>ff0000ff</color></LineStyle><PolyStyle><fill>0</fill></PolyStyle></Style>
	<ExtendedData><SchemaData schemaUrl="#flood_extent">
		<SimpleData name="flooded">1</SimpleData>
		<SimpleData name="area_ha">5.52</SimpleData>
	</SchemaData></ExtendedData>
      <Polygon><outerBoundaryIs><LinearRing><coordinates>79.1153807196001,14.2633869899214 79.1153822219423,14.2632062523308 79.1146409697825,14.263200390227 79.1146424726937,14.2630196527108 79.1144571598538,14.2630181868445 79.1144586628914,14.2628374493447 79.1140880375699,14.2628345172191 79.1140895408815,14.2626537797551 79.1131629786836,14.2626464470202 79.1131614746345,14.2628271843875 79.1129761621106,14.2628257173896 79.1129836828831,14.261922030621 79.1133543064769,14.2619249642795 79.1133528026595,14.2621057016777 79.1137234266326,14.2621086347995 79.1137219230892,14.2622893722335 79.1146484841279,14.2622967026169 79.1146469813009,14.2624774401447 79.1148322937192,14.2624789058091 79.1148307910187,14.2626596433534 79.1153867288426,14.2626640395414 79.1153852265635,14.2628447771407 79.1157558521796,14.2628477072521 79.1157573541636,14.2626669696141 79.1161279795689,14.2626698991112 79.1161309828839,14.2623084237493 79.1166869202644,14.2623128168001 79.1166854190599,14.2624935545405 79.1170560443804,14.2624964825603 79.1170575452898,14.2623157447813 79.1179841082212,14.2623230622166 79.1179826080493,14.2625038000921 79.1190944851452,14.2625125763826 79.1190974836981,14.2621511003971 79.1192827963259,14.2621525625701 79.1192842954234,14.2619718245537 79.1198402329902,14.2619762101515 79.1198387343353,14.2621569482257 79.1202093597798,14.2621598712768 79.1202078613988,14.2623406093867 79.1198372356593,14.262337686297 79.1198357369624,14.2625184243655 79.119279798068,14.2625140385941 79.1192782989075,14.2626947766018 79.1194636119989,14.2626962386887 79.11946061391,14.263057714734 79.1192753005237,14.2630562526085 79.1192738013003,14.2632369906075 79.1181619205382,14.2632282147173 79.1181634206467,14.263047476834 79.1164956022491,14.2630343034606 79.1164941008131,14.2632150411701 79.1161234744387,14.2632121121325 79.1161219726866,14.2633928498005 79.1153807196001,14.2633869899214</coordinates></LinearRing></outerBoundaryIs></Polygon>
  </Placemark>
  <Placemark id="flood_extent.45">
	<Style><LineStyle><color>ff0000ff</color></LineStyle><PolyStyle><fill>0</fill></PolyStyle></Style>
	<ExtendedData><SchemaData schemaUrl="#flood_extent">
		<SimpleData name="flooded">1</SimpleData>
		<SimpleData name="area_ha">1.48</SimpleData>
	</SchemaData></ExtendedData>
      <Polygon><outerBoundaryIs><LinearRing><coordinates>79.1116804802624,14.2626347071631 79.1116834906574,14.2622732327296 79.1114981787446,14.2622717646387 79.1114996840579,14.262091027437 79.1113143723137,14.2620895592217 79.1113173831722,14.2617280848483 79.1115026946215,14.2617295530249 79.1115041998717,14.2615488158145 79.1118748225385,14.2615517516974 79.1118763274726,14.2613710144453 79.1120616386901,14.2613724821516 79.1120631434556,14.2611917448773 79.1124337656589,14.2611946798196 79.1124307566967,14.2615561544427 79.1126160681249,14.2615576217368 79.1126115549661,14.2620998337078 79.1124262430954,14.2620983663557 79.1124247385195,14.2622791036542 79.1122394265224,14.2622776361389 79.1122379217779,14.2624583734151 79.1124232339225,14.2624598409499 79.1124217293044,14.2626405782426 79.1116804802624,14.2626347071631</coordinates></LinearRing></outerBoundaryIs></Polygon>
  </Placemark>
  <Placemark id="flood_extent.46">
	<Style><LineStyle><color>ff0000ff</color></LineStyle><PolyStyle><fill>0</fill></PolyStyle></Style>
	<ExtendedData><SchemaData schemaUrl="#flood_extent">
		<SimpleData name="flooded">1</SimpleData>
		<SimpleData name="area_ha">0.6</SimpleData>
	</SchemaData></ExtendedData>
      <Polygon><outerBoundaryIs><LinearRing><coordinates>79.0307167777134,14.2601721437989 79.030718347152,14.2599914151982 79.0305330459746,14.2599898844267 79.0305346155386,14.2598091558434 79.0307199165686,14.2598106865946 79.0307214859632,14.2596299579882 79.0309067868677,14.2596314885755 79.0309083560929,14.2594507599459 79.0314642584958,14.2594553507843 79.0314595520813,14.259997536846 79.031274250816,14.2599960066498 79.0312726818198,14.260176735311 79.0307167777134,14.2601721437989</coordinates></LinearRing></outerBoundaryIs></Polygon>
  </Placemark>
  <Placemark id="flood_extent.47">
	<Style><LineStyle><color>ff0000ff</color></LineStyle><PolyStyle><fill>0</fill></PolyStyle></Style>
	<ExtendedData><SchemaData schemaUrl="#flood_extent">
		<SimpleData name="flooded">1</SimpleData>
		<SimpleData name="area_ha">0.32</SimpleData>
	</SchemaData></ExtendedData>
      <Polygon><outerBoundaryIs><LinearRing><coordinates>79.1848992382367,14.2608536839375 79.1849006849123,14.2606729391836 79.1847153666048,14.2606715281492 79.1847168134076,14.2604907834111 79.1845314952679,14.2604893722515 79.184532942198,14.260308627529 79.1850888962353,14.2603128605205 79.1850874497478,14.2604936052988 79.1852727679483,14.2604950160268 79.1852698752075,14.2608565056119 79.1848992382367,14.2608536839375</coordinates></LinearRing></outerBoundaryIs></Polygon>
  </Placemark>
  <Placemark id="flood_extent.48">
	<Style><LineStyle><color>ff0000ff</color></LineStyle><PolyStyle><fill>0</fill></PolyStyle></Style>
	<ExtendedData><SchemaData schemaUrl="#flood_extent">
		<SimpleData name="flooded">1</SimpleData>
		<SimpleData name="area_ha">0.92</SimpleData>
	</SchemaData></ExtendedData>
      <Polygon><outerBoundaryIs><LinearRing><coordinates>79.0316495593408,14.2594568807762 79.0316511279542,14.259276152063 79.0314658272568,14.2592746220913 79.0314689647126,14.2589131646965 79.0316542651153,14.2589146946278 79.0316558336628,14.2587339659059 79.03184113394,14.2587354956732 79.0318427023182,14.2585547669282 79.0325839030568,14.2585608844787 79.0325776317713,14.2592837997641 79.0320217294152,14.2592792115749 79.0320201610966,14.2594599403284 79.0316495593408,14.2594568807762</coordinates></LinearRing></outerBoundaryIs></Polygon>
  </Placemark>
  <Placemark id="flood_extent.49">
	<Style><LineStyle><color>ff0000ff</color></LineStyle><PolyStyle><fill>0</fill></PolyStyle></Style>
	<ExtendedData><SchemaData schemaUrl="#flood_extent">
		<SimpleData name="flooded">1</SimpleData>
		<SimpleData name="area_ha">8</SimpleData>
	</SchemaData></ExtendedData>
      <Polygon><outerBoundaryIs><LinearRing><coordinates>79.1105731255475,14.2620836849217 79.1105746315773,14.261902947814 79.1098333857385,14.2618970712897 79.1098348923371,14.2617163342566 79.1092789586221,14.261711925411 79.1092804656421,14.2615311884331 79.1089098435659,14.2615282485222 79.1089083362508,14.2617089854613 79.1085377139641,14.2617060449362 79.1085392215741,14.2615253080359 79.1083539106098,14.261523837577 79.1083569260615,14.2611623638065 79.1078009941804,14.2611579516829 79.1078040104325,14.2607964780173 79.1072480796263,14.2607920647155 79.1072495881631,14.2606113279365 79.1070642780842,14.2606098565676 79.1070657867473,14.2604291198052 79.1068804768369,14.2604276483119 79.1068865118681,14.2597047013111 79.107442439893,14.2597091151266 79.1074409316093,14.2598898519394 79.1076262411406,14.2598913229429 79.1076232248048,14.2602527965987 79.1079938445207,14.2602557382519 79.1080059069976,14.2588098432492 79.1083765244386,14.2588127840167 79.1083750169978,14.2589935209409 79.1085603258974,14.2589949911283 79.1085588185829,14.2591757280691 79.1087441276511,14.259177198132 79.108742620463,14.2593579350893 79.1089279296998,14.2593594050278 79.108926422638,14.2595401420016 79.1091117320433,14.2595416118156 79.1091087181515,14.2599030857933 79.1092940278728,14.2599045555023 79.1092925210427,14.2600852925062 79.1094778309327,14.2600867620907 79.1094763242289,14.2602674991111 79.1096616342874,14.2602689685712 79.1096601277101,14.2604497056081 79.1100307481853,14.2604526441355 79.1100292418818,14.2606333812083 79.1103998627364,14.2606363191991 79.1104013687449,14.2604555820876 79.1111426101173,14.2604614562655 79.1111411046987,14.2606421934545 79.1113264152419,14.2606436616587 79.1113173831722,14.2617280848483 79.111132071744,14.2617266165278 79.1111305661778,14.2619073536966 79.1109452546232,14.2619058852129 79.1109437488884,14.2620866223594 79.1105731255475,14.2620836849217</coordinates></LinearRing></outerBoundaryIs><innerBoundaryIs><LinearRing><coordinates>79.1105776435736,14.2615414735898 79.110762954791,14.2615429423224 79.1107644606101,14.2613622051866 79.1105791495401,14.2613607364734 79.1105776435736,14.2615414735898</coordinates></LinearRing></innerBoundaryIs></Polygon>
  </Placemark>
  <Placemark id="flood_extent.50">
	<Style><LineStyle><color>ff0000ff</color></LineStyle><PolyStyle><fill>0</fill></PolyStyle></Style>
	<ExtendedData><SchemaData schemaUrl="#flood_extent">
		<SimpleData name="flooded">1</SimpleData>
		<SimpleData name="area_ha">2</SimpleData>
	</SchemaData></ExtendedData>
      <Polygon><outerBoundaryIs><LinearRing><coordinates>79.1126281022883,14.2601117230202 79.1126296064639,14.2599309856676 79.112444296363,14.2599295185478 79.1124518176624,14.2590258318383 79.1128224364106,14.2590287657406 79.1128239403124,14.2588480283514 79.1130092495706,14.2588494950674 79.1130077458163,14.259030232476 79.113193055243,14.2590316990676 79.1131945588499,14.2588509616397 79.1137504868141,14.2588553604934 79.1137474804642,14.2592168354625 79.1139327901226,14.2592183014981 79.1139252746166,14.2601219889671 79.1126281022883,14.2601117230202</coordinates></LinearRing></outerBoundaryIs></Polygon>
  </Placemark>
  <Placemark id="flood_extent.51">
	<Style><LineStyle><color>ff0000ff</color></LineStyle><PolyStyle><fill>0</fill></PolyStyle></Style>
	<ExtendedData><SchemaData schemaUrl="#flood_extent">
		<SimpleData name="flooded">1</SimpleData>
		<SimpleData name="area_ha">6.2</SimpleData>
	</SchemaData></ExtendedData>
      <Polygon><outerBoundaryIs><LinearRing><coordinates>79.0638814377017,14.260986035066 79.0638829808111,14.2608053028897 79.06369767529,14.2608037978029 79.0636992185253,14.2606230656436 79.0635139131732,14.2606215604329 79.0635185431918,14.2600793639971 79.0633332383038,14.2600778587022 79.0633347817475,14.259897126571 79.0635200864881,14.2598986318461 79.0635231730158,14.2595371675353 79.0638937819719,14.2595401775746 79.0638953249085,14.2593594453752 79.0644512380624,14.259363959296 79.0644496955682,14.259544691555 79.0642643910145,14.2595431870387 79.0642628483513,14.259723919275 79.0644481530524,14.2597254238111 79.064446610515,14.2599061560643 79.0646319153852,14.2599076604765 79.0646288305406,14.2602691250139 79.0648141357273,14.2602706293219 79.0648110510911,14.2606320938874 79.0651816621192,14.2606351021514 79.0651832041532,14.2604543698304 79.0657391204149,14.260458881088 79.0657406619849,14.2602781487046 79.0662965779985,14.2602826586082 79.0662981191045,14.2601019261624 79.0666687295933,14.260104932006 79.0666702703828,14.2599241995177 79.0668555755121,14.2599257022039 79.0668571161326,14.2597449696928 79.067042421136,14.2597464722154 79.0670439615874,14.2595657396816 79.067229266465,14.2595672420406 79.0672323470083,14.2592057769246 79.0674176516125,14.2592072791001 79.0674191917043,14.259026546518 79.0676044961827,14.2590280485298 79.0676060361055,14.258847315925 79.0677913404579,14.2588488177732 79.0677928802118,14.2586680851456 79.0681634886865,14.258671088371 79.0681681069339,14.258128890352 79.0689093223728,14.2581348948393 79.0689077835683,14.2583156275944 79.0687224795288,14.2583141266685 79.0687194015602,14.2586755921304 79.0690900102505,14.2586785939176 79.0690869327855,14.2590400594471 79.0692722374579,14.2590415601646 79.0692737760537,14.2588608273815 79.0696443851682,14.2588638283454 79.0696428468672,14.2590445611681 79.0694575421518,14.2590430607383 79.0694560036818,14.2592237935383 79.0692706988405,14.2592222929448 79.0692691602016,14.2594030257221 79.0687132453644,14.2593985230194 79.0687147844457,14.2592177903015 79.068344174957,14.2592147878202 79.0683426355808,14.2593955204985 79.0681573307213,14.2593940190223 79.0681557911762,14.2595747516779 79.0679704861908,14.2595732500381 79.0679689464766,14.259753982671 79.0677836413653,14.2597524808675 79.0677821014821,14.2599332134777 79.0674114910294,14.2599302093997 79.0674099508297,14.2601109419673 79.0672246454882,14.2601094396928 79.0672200243173,14.2606516373189 79.067034718555,14.260650134841 79.0670331779741,14.2608308673574 79.0657360372101,14.2608203458461 79.0657344955754,14.2610010782209 79.0649932721667,14.260995062685 79.0649948143913,14.2608143303896 79.0646242031115,14.2608113217983 79.064622660592,14.260992054054 79.0638814377017,14.260986035066</coordinates></LinearRing></outerBoundaryIs></Polygon>
  </Placemark>
  <Placemark id="flood_extent.52">
	<Style><LineStyle><color>ff0000ff</color></LineStyle><PolyStyle><fill>0</fill></PolyStyle></Style>
	<ExtendedData><SchemaData schemaUrl="#flood_extent">
		<SimpleData name="flooded">1</SimpleData>
		<SimpleData name="area_ha">1.2</SimpleData>
	</SchemaData></ExtendedData>
      <Polygon><outerBoundaryIs><LinearRing><coordinates>79.1732300389797,14.2600415322874 79.1732314948663,14.2598607886985 79.1726755456168,14.259856528197 79.1726770019256,14.2596757846615 79.1723063694895,14.2596729436454 79.1723107391783,14.2591307131338 79.1726813707294,14.2591335540375 79.1726828269566,14.2589528104904 79.1730534582943,14.2589556507812 79.1730520023622,14.2591363943658 79.1732373182091,14.2591378143141 79.173235862404,14.2593185579145 79.173606494454,14.2593213974171 79.1736050389235,14.2595021410521 79.1737903551266,14.2595035606063 79.1737874442994,14.2598650479052 79.1736021278013,14.2598636283135 79.1736006722096,14.2600443719398 79.1732300389797,14.2600415322874</coordinates></LinearRing></outerBoundaryIs></Polygon>
  </Placemark>
  <Placemark id="flood_extent.53">
	<Style><LineStyle><color>ff0000ff</color></LineStyle><PolyStyle><fill>0</fill></PolyStyle></Style>
	<ExtendedData><SchemaData schemaUrl="#flood_extent">
		<SimpleData name="flooded">1</SimpleData>
		<SimpleData name="area_ha">0.68</SimpleData>
	</SchemaData></ExtendedData>
      <Polygon><outerBoundaryIs><LinearRing><coordinates>79.0333266713235,14.258386270819 79.0333298056112,14.2580248129917 79.0335151054963,14.2580263413841 79.0335166724598,14.2578456124459 79.0346284713466,14.2578547796597 79.0346269052676,14.2580355087188 79.0344416052508,14.2580339811892 79.0344400390025,14.2582147102253 79.0342547388603,14.2582131825317 79.0342531724426,14.2583939115447 79.0333266713235,14.258386270819</coordinates></LinearRing></outerBoundaryIs></Polygon>
  </Placemark>
  <Placemark id="flood_extent.54">
	<Style><LineStyle><color>ff0000ff</color></LineStyle><PolyStyle><fill>0</fill></PolyStyle></Style>
	<ExtendedData><SchemaData schemaUrl="#flood_extent">
		<SimpleData name="flooded">1</SimpleData>
		<SimpleData name="area_ha">0.4</SimpleData>
	</SchemaData></ExtendedData>
      <Polygon><outerBoundaryIs><LinearRing><coordinates>79.1137504868141,14.2588553604934 79.1137549961812,14.258313148018 79.1139403051023,14.2583146139569 79.1139388021485,14.2584953514709 79.1144947294806,14.2584997484826 79.1144932269481,14.2586804860518 79.1146785362483,14.258681951454 79.1146770338422,14.2588626890396 79.1137504868141,14.2588553604934</coordinates></LinearRing></outerBoundaryIs></Polygon>
  </Placemark>
  <Placemark id="flood_extent.55">
	<Style><LineStyle><color>ff0000ff</color></LineStyle><PolyStyle><fill>0</fill></PolyStyle></Style>
	<ExtendedData><SchemaData schemaUrl="#flood_extent">
		<SimpleData name="flooded">1</SimpleData>
		<SimpleData name="area_ha">0.36</SimpleData>
	</SchemaData></ExtendedData>
      <Polygon><outerBoundaryIs><LinearRing><coordinates>79.1654555321975,14.2588973098123 79.1654569941559,14.2587165669946 79.1652716794621,14.2587151410421 79.1652746036124,14.2583536554358 79.1658305468703,14.2583579327488 79.1658290852478,14.2585386756099 79.1660143998555,14.258540101112 79.1660129383599,14.258720843989 79.1658276236048,14.258719418468 79.1658261619413,14.2589001613233 79.1654555321975,14.2588973098123</coordinates></LinearRing></outerBoundaryIs></Polygon>
  </Placemark>
  <Placemark id="flood_extent.56">
	<Style><LineStyle><color>ff0000ff</color></LineStyle><PolyStyle><fill>0</fill></PolyStyle></Style>
	<ExtendedData><SchemaData schemaUrl="#flood_extent">
		<SimpleData name="flooded">1</SimpleData>
		<SimpleData name="area_ha">1.72</SimpleData>
	</SchemaData></ExtendedData>
      <Polygon><outerBoundaryIs><LinearRing><coordinates>79.0696459234476,14.2586830955198 79.0696505381565,14.2581408970256 79.0692799302215,14.2581378962201 79.0692814687096,14.2579571634225 79.0689108611557,14.2579541620813 79.068913938657,14.2575926965566 79.0690992421283,14.2575941972595 79.0691007806992,14.257413464473 79.0692860840446,14.2574149650123 79.0692876224465,14.2572342322031 79.069472925666,14.2572357325788 79.069474463899,14.2570549997469 79.0698450701078,14.2570580000273 79.0698466080243,14.2568772671529 79.0705878201109,14.2568832659089 79.070586282784,14.2570639988624 79.0704009795827,14.2570624993693 79.0703994420869,14.2572432323002 79.0702141387596,14.2572417326435 79.0702126010949,14.2574224655516 79.0700272976417,14.2574209657314 79.0700226840759,14.2579631643791 79.069837380202,14.2579616643556 79.0698358421563,14.2581423972126 79.0702064502205,14.2581453971553 79.0702018368385,14.2586875958276 79.0696459234476,14.2586830955198</coordinates></LinearRing></outerBoundaryIs></Polygon>
  </Placemark>
  <Placemark id="flood_extent.57">
	<Style><LineStyle><color>ff0000ff</color></LineStyle><PolyStyle><fill>0</fill></PolyStyle></Style>
	<ExtendedData><SchemaData schemaUrl="#flood_extent">
		<SimpleData name="flooded">1</SimpleData>
		<SimpleData name="area_ha">0.12</SimpleData>
	</SchemaData></ExtendedData>
      <Polygon><outerBoundaryIs><LinearRing><coordinates>79.0730029031971,14.2561798131051 79.0730044384999,14.2559990798801 79.0735603464188,14.2560035715327 79.0735588115582,14.2561843048171 79.0730029031971,14.2561798131051</coordinates></LinearRing></outerBoundaryIs></Polygon>
  </Placemark>
  <Placemark id="flood_extent.58">
	<Style><LineStyle><color>ff0000ff</color></LineStyle><PolyStyle><fill>0</fill></PolyStyle></Style>
	<ExtendedData><SchemaData schemaUrl="#flood_extent">
		<SimpleData name="flooded">1</SimpleData>
		<SimpleData name="area_ha">3.12</SimpleData>
	</SchemaData></ExtendedData>
      <Polygon><outerBoundaryIs><LinearRing><coordinates>79.154710246325,14.2584528822494 79.1547117167957,14.2582721405203 79.1545264035881,14.2582707062628 79.1545278741857,14.2580899645498 79.1543425611461,14.2580885301673 79.1543440318706,14.2579077884703 79.1541587189991,14.2579063539629 79.1541601898504,14.2577256122821 79.1539748771469,14.2577241776498 79.1539763481251,14.2575434359849 79.1537910355897,14.2575420012277 79.1537925066947,14.2573612595789 79.1528659450643,14.2573540837301 79.152867416886,14.2571733421731 79.152496792673,14.2571704708647 79.152498264769,14.2569897293427 79.1523129528409,14.2569882934917 79.1523188416084,14.2562653274508 79.1530600870854,14.2562710696887 79.1530586155142,14.2564518112791 79.1534292386713,14.256454681573 79.1534277673744,14.2566354231984 79.1536130791313,14.2566368581486 79.1536101367706,14.2569983414285 79.153980760936,14.2570012109731 79.1539792900196,14.2571819526466 79.1543499145624,14.2571848216538 79.1543484439203,14.2573655633622 79.1547190688403,14.257368431832 79.1547175984726,14.2575491735754 79.15508822377,14.2575520415077 79.1550867536765,14.2577327832861 79.1552720665036,14.2577342170554 79.155270596537,14.2579149588498 79.1554559095321,14.2579163924942 79.1554544396924,14.2580971343047 79.1561956924684,14.2581028675196 79.156192753907,14.2584643512832 79.155822126888,14.2584614848878 79.1558235964739,14.2582807430452 79.1554529698322,14.2582778761123 79.1554514999513,14.258458617917 79.154710246325,14.2584528822494</coordinates></LinearRing></outerBoundaryIs></Polygon>
  </Placemark>
  <Placemark id="flood_extent.59">
	<Style><LineStyle><color>ff0000ff</color></LineStyle><PolyStyle><fill>0</fill></PolyStyle></Style>
	<ExtendedData><SchemaData schemaUrl="#flood_extent">
		<SimpleData name="flooded">1</SimpleData>
		<SimpleData name="area_ha">3.36</SimpleData>
	</SchemaData></ExtendedData>
      <Polygon><outerBoundaryIs><LinearRing><coordinates>79.071321348641,14.2577929274984 79.0713228854642,14.2576121944774 79.0711375817344,14.2576106955001 79.0711391186836,14.257429962496 79.0709538151228,14.2574284633947 79.0709599632938,14.2567055314281 79.0711452662649,14.2567070304503 79.0711468031064,14.2565262974316 79.0713321059517,14.2565277962902 79.0713351792753,14.2561663302046 79.0715204818472,14.2561678288798 79.0715220183293,14.2559870958129 79.0717073207753,14.2559885943245 79.0717103933801,14.2556271281425 79.0718956955528,14.2556286264708 79.0718972316756,14.2554478933557 79.072638439992,14.255453885152 79.0726399755035,14.2552731519549 79.0733811835745,14.2552791413717 79.0733765787441,14.2558213411915 79.0730059737812,14.2558183466521 79.0730044384999,14.2559990798801 79.0726338333281,14.255996084726 79.0726307621114,14.2563575510942 79.072445459263,14.2563560532619 79.0724439234749,14.2565367864219 79.0722586205006,14.2565352884261 79.0722555485651,14.2568967546978 79.0720702453174,14.2568952565187 79.0720656368105,14.2574374558452 79.0718803331421,14.257435957463 79.0718787967827,14.2576166905463 79.0716934929883,14.2576151920004 79.0716919564599,14.2577959250611 79.071321348641,14.2577929274984</coordinates></LinearRing></outerBoundaryIs></Polygon>
  </Placemark>
  <Placemark id="flood_extent.60">
	<Style><LineStyle><color>ff0000ff</color></LineStyle><PolyStyle><fill>0</fill></PolyStyle></Style>
	<ExtendedData><SchemaData schemaUrl="#flood_extent">
		<SimpleData name="flooded">1</SimpleData>
		<SimpleData name="area_ha">0.88</SimpleData>
	</SchemaData></ExtendedData>
      <Polygon><outerBoundaryIs><LinearRing><coordinates>79.1369395569923,14.255964916833 79.1369425256854,14.255603436948 79.1374984532798,14.2556077794798 79.1374999371529,14.2554270394756 79.1378705553582,14.2554299337396 79.13786907178,14.255610673782 79.1387956183941,14.2556179070208 79.1387971012352,14.255437166883 79.1389824104729,14.2554386130803 79.1389809277793,14.2556193532372 79.1391662371852,14.2556207993097 79.1391647546182,14.2558015394828 79.1386088260205,14.2557972007765 79.1386073429904,14.2559779408895 79.1374954854713,14.2559692594794 79.1374969693859,14.2557885194811 79.137126350674,14.2557856245655 79.1371248664645,14.2559663645256 79.1369395569923,14.255964916833</coordinates></LinearRing></outerBoundaryIs></Polygon>
  </Placemark>
  <Placemark id="flood_extent.61">
	<Style><LineStyle><color>ff0000ff</color></LineStyle><PolyStyle><fill>0</fill></PolyStyle></Style>
	<ExtendedData><SchemaData schemaUrl="#flood_extent">
		<SimpleData name="flooded">1</SimpleData>
		<SimpleData name="area_ha">0.8</SimpleData>
	</SchemaData></ExtendedData>
      <Polygon><outerBoundaryIs><LinearRing><coordinates>79.1354541108282,14.2563148096827 79.1354555964062,14.2561340699003 79.1350849775622,14.2561311717444 79.1350909208457,14.255408212739 79.1349056120446,14.2554067635218 79.1349070979609,14.2552260237824 79.1354630239842,14.255230370945 79.1354615385103,14.2554111107418 79.1358321562581,14.2554140081695 79.1358262153335,14.2561369674809 79.1356409058594,14.2561355187625 79.1356394204289,14.256316258564 79.1354541108282,14.2563148096827</coordinates></LinearRing></outerBoundaryIs></Polygon>
  </Placemark>
  <Placemark id="flood_extent.62">
	<Style><LineStyle><color>ff0000ff</color></LineStyle><PolyStyle><fill>0</fill></PolyStyle></Style>
	<ExtendedData><SchemaData schemaUrl="#flood_extent">
		<SimpleData name="flooded">1</SimpleData>
		<SimpleData name="area_ha">0.52</SimpleData>
	</SchemaData></ExtendedData>
      <Polygon><outerBoundaryIs><LinearRing><coordinates>79.1295301756646,14.2555454128527 79.1295331560687,14.2551839344876 79.1297184641178,14.2551853878558 79.1297199541412,14.2550046486497 79.1306464939628,14.2550119132378 79.1306435153695,14.2553733918387 79.1299022822911,14.2553675803025 79.1299007923735,14.255548319522 79.1295301756646,14.2555454128527</coordinates></LinearRing></outerBoundaryIs></Polygon>
  </Placemark>
  <Placemark id="flood_extent.63">
	<Style><LineStyle><color>ff0000ff</color></LineStyle><PolyStyle><fill>0</fill></PolyStyle></Style>
	<ExtendedData><SchemaData schemaUrl="#flood_extent">
		<SimpleData name="flooded">1</SimpleData>
		<SimpleData name="area_ha">0.04</SimpleData>
	</SchemaData></ExtendedData>
      <Polygon><outerBoundaryIs><LinearRing><coordinates>79.1230473875155,14.2551329760095 79.1230488828459,14.2549522374952 79.1232341900157,14.254953695877 79.1232326948327,14.2551344344106 79.1230473875155,14.2551329760095</coordinates></LinearRing></outerBoundaryIs></Polygon>
  </Placemark>
  <Placemark id="flood_extent.64">
	<Style><LineStyle><color>ff0000ff</color></LineStyle><PolyStyle><fill>0</fill></PolyStyle></Style>
	<ExtendedData><SchemaData schemaUrl="#flood_extent">
		<SimpleData name="flooded">1</SimpleData>
		<SimpleData name="area_ha">0.04</SimpleData>
	</SchemaData></ExtendedData>
      <Polygon><outerBoundaryIs><LinearRing><coordinates>79.0859878726877,14.2546576709884 79.0859893974791,14.2544769363587 79.0861747002708,14.2544784234781 79.0861731756269,14.2546591581274 79.0859878726877,14.2546576709884</coordinates></LinearRing></outerBoundaryIs></Polygon>
  </Placemark>
  <Placemark id="flood_extent.65">
	<Style><LineStyle><color>ff0000ff</color></LineStyle><PolyStyle><fill>0</fill></PolyStyle></Style>
	<ExtendedData><SchemaData schemaUrl="#flood_extent">
		<SimpleData name="flooded">1</SimpleData>
		<SimpleData name="area_ha">1.44</SimpleData>
	</SchemaData></ExtendedData>
      <Polygon><outerBoundaryIs><LinearRing><coordinates>79.1513908123281,14.2564388878373 79.1513922852262,14.2562581464175 79.1512069740117,14.2562567097794 79.1512113930247,14.2557144855596 79.1513967037969,14.2557159221408 79.1513981766126,14.2555351807095 79.151583487258,14.2555366171279 79.1515849599055,14.2553558756748 79.1517702704242,14.2553573119305 79.1517746878008,14.2548150874968 79.1525159283124,14.2548208308541 79.1525100407945,14.2555437970631 79.1519541086107,14.2555394895334 79.1519511638434,14.2559009725069 79.1521364748456,14.2559024085319 79.1521350025785,14.2560831500333 79.1519496914289,14.2560817139894 79.1519467465378,14.2564431969456 79.1513908123281,14.2564388878373</coordinates></LinearRing></outerBoundaryIs></Polygon>
  </Placemark>
  <Placemark id="flood_extent.66">
	<Style><LineStyle><color>ff0000ff</color></LineStyle><PolyStyle><fill>0</fill></PolyStyle></Style>
	<ExtendedData><SchemaData schemaUrl="#flood_extent">
		<SimpleData name="flooded">1</SimpleData>
		<SimpleData name="area_ha">0.72</SimpleData>
	</SchemaData></ExtendedData>
      <Polygon><outerBoundaryIs><LinearRing><coordinates>79.1234165071144,14.2553166312178 79.1234194972065,14.254955154115 79.1232341900157,14.254953695877 79.1232356851778,14.2547729573405 79.1236062992855,14.2547758736342 79.1236077941318,14.2545951350564 79.1239784080284,14.2545980507365 79.1239769134769,14.2547787893528 79.1243475277521,14.2547817044962 79.1243430448566,14.2553239204433 79.1234165071144,14.2553166312178</coordinates></LinearRing></outerBoundaryIs></Polygon>
  </Placemark>
  <Placemark id="flood_extent.67">
	<Style><LineStyle><color>ff0000ff</color></LineStyle><PolyStyle><fill>0</fill></PolyStyle></Style>
	<ExtendedData><SchemaData schemaUrl="#flood_extent">
		<SimpleData name="flooded">1</SimpleData>
		<SimpleData name="area_ha">3.88</SimpleData>
	</SchemaData></ExtendedData>
      <Polygon><outerBoundaryIs><LinearRing><coordinates>79.0932101458666,14.2552577690319 79.0932116649731,14.2550770336468 79.0928410569061,14.2550740700741 79.0928456149823,14.254531864019 79.0926603114229,14.2545303820756 79.0926618308865,14.2543496467377 79.0928471342984,14.2543511286615 79.0928486535933,14.2541703933011 79.0930339568792,14.2541718750616 79.0930354760054,14.2539911396787 79.0932207791651,14.2539926212758 79.0932192601863,14.2541733566782 79.0934045635147,14.2541748381511 79.0934060823461,14.2539941027292 79.0945179018788,14.2540029884301 79.0945163839318,14.2541837239693 79.095442901531,14.2541911248639 79.0954413842997,14.2543718604979 79.0959972955564,14.254376299368 79.0959957787461,14.2545570350576 79.0965516906363,14.2545614726922 79.0965471414046,14.2551036799197 79.095435315162,14.255094803005 79.0954368324783,14.2549140673826 79.0948809200862,14.2549096270427 79.0948794023277,14.2550903626066 79.0933969690385,14.2550785152175 79.0933954500794,14.2552592506221 79.0932101458666,14.2552577690319</coordinates></LinearRing></outerBoundaryIs></Polygon>
  </Placemark>
  <Placemark id="flood_extent.68">
	<Style><LineStyle><color>ff0000ff</color></LineStyle><PolyStyle><fill>0</fill></PolyStyle></Style>
	<ExtendedData><SchemaData schemaUrl="#flood_extent">
		<SimpleData name="flooded">1</SimpleData>
		<SimpleData name="area_ha">9.36</SimpleData>
	</SchemaData></ExtendedData>
      <Polygon><outerBoundaryIs><LinearRing><coordinates>79.0470560612812,14.25651095188 79.0470576172866,14.2563302214487 79.0466870172932,14.2563271859153 79.0466885735715,14.2561464555212 79.0465032737549,14.2561449375589 79.0465110555568,14.2552412856449 79.0463257564991,14.255239767639 79.0463273129414,14.2550590372675 79.0457714163411,14.2550544824471 79.0457729732038,14.2548737521329 79.0452170772419,14.2548691960787 79.045218634525,14.2546884658217 79.045033336062,14.2546869468695 79.0450348934707,14.2545062166296 79.044664296905,14.254503178334 79.0446674122465,14.2541417179257 79.0444821142911,14.2541401986024 79.0444836720765,14.2539594684139 79.044113076526,14.2539564293761 79.0441146345844,14.2537756992248 79.0435587418645,14.25377113965 79.0435618587999,14.2534096794592 79.0437471560566,14.2534111994211 79.0437487143442,14.2532304693013 79.0450457947206,14.2532411048692 79.0450442374646,14.2534218351294 79.0457854273206,14.2534279095145 79.0457838706324,14.2536086398519 79.0465250614268,14.2536147120171 79.0465235053063,14.2537954424318 79.0470793990732,14.2537999951063 79.0470778433729,14.2539807255782 79.0478190359567,14.2539867938784 79.0478174808242,14.2541675244275 79.048002779172,14.2541690411631 79.0480012241651,14.2543497717293 79.0483718212209,14.2543528048094 79.048370266487,14.2545335354127 79.0492967602443,14.2545411156971 79.0492952062256,14.2547218463976 79.0494805051898,14.2547233620432 79.0494789512967,14.2549040927607 79.04966425043,14.2549056082826 79.0496626966625,14.2550863390172 79.049847995965,14.2550878544153 79.0498448886595,14.2554493159159 79.0500301882786,14.2554508312102 79.0500286347406,14.2556315619761 79.0502139345288,14.2556330771466 79.0502123811164,14.2558138079297 79.0503976810738,14.2558153229764 79.0503945744786,14.2561767845738 79.0502092742264,14.2561752694871 79.0502108276823,14.2559945387098 79.049840227538,14.2559915081451 79.0498417812669,14.2558107774049 79.0494711815045,14.255807746305 79.0494727355065,14.255627015602 79.0489168364683,14.2556224679338 79.0489199452913,14.255261006639 79.0487346459503,14.2552594905021 79.0487362004765,14.2550787598704 79.0481803030262,14.255074210657 79.0481787480578,14.2552549412287 79.047066952861,14.2552458388001 79.0470638410901,14.2556072996946 79.0472491405298,14.2556088171655 79.0472460289665,14.2559702780884 79.0474313287229,14.2559717954556 79.0474266616566,14.2565139868783 79.0470560612812,14.25651095188</coordinates></LinearRing></outerBoundaryIs></Polygon>
  </Placemark>
  <Placemark id="flood_extent.69">
	<Style><LineStyle><color>ff0000ff</color></LineStyle><PolyStyle><fill>0</fill></PolyStyle></Style>
	<ExtendedData><SchemaData schemaUrl="#flood_extent">
		<SimpleData name="flooded">1</SimpleData>
		<SimpleData name="area_ha">1.16</SimpleData>
	</SchemaData></ExtendedData>
      <Polygon><outerBoundaryIs><LinearRing><coordinates>79.1434372338704,14.2545695755584 79.1434387129013,14.2543888349267 79.1432534040502,14.254387392295 79.1432548832079,14.2542066516794 79.1434401919116,14.2542080942921 79.1434416709011,14.2540273536547 79.1436269794781,14.2540287961045 79.1436284582995,14.2538480554451 79.1438137667498,14.2538494977322 79.143815245403,14.2536687570509 79.1440005537266,14.2536701991751 79.1440020322118,14.2534894584718 79.1445579568646,14.2534937839247 79.1445564788217,14.253674524685 79.1447417872281,14.253675966234 79.144738831375,14.2540374477841 79.1445535226738,14.2540360061969 79.1445520445687,14.2542167469486 79.1443667357408,14.2542153051987 79.1443652574676,14.2543960459284 79.1439946395789,14.2543931619591 79.1439931609903,14.2545739026479 79.1434372338704,14.2545695755584</coordinates></LinearRing></outerBoundaryIs></Polygon>
  </Placemark>
  <Placemark id="flood_extent.70">
	<Style><LineStyle><color>ff0000ff</color></LineStyle><PolyStyle><fill>0</fill></PolyStyle></Style>
	<ExtendedData><SchemaData schemaUrl="#flood_extent">
		<SimpleData name="flooded">1</SimpleData>
		<SimpleData name="area_ha">10.16</SimpleData>
	</SchemaData></ExtendedData>
      <Polygon><outerBoundaryIs><LinearRing><coordinates>79.0913555843072,14.2554236804079 79.0913616665869,14.2547007396445 79.0917322737236,14.2547037054394 79.0917337939455,14.2545229702022 79.0913631871036,14.2545200044464 79.091364707599,14.2543392692454 79.090438191604,14.2543318524376 79.0904397128151,14.2541511173316 79.0896985009923,14.2541451813757 79.0896924136617,14.254868121469 79.0895071101697,14.2548666370422 79.0895055881363,14.2550473720387 79.0887643737919,14.2550414328154 79.0887658964149,14.2548606978973 79.0878393797013,14.2548532707311 79.0878378563413,14.2550340055512 79.087096642765,14.2550280611518 79.0870981667146,14.2548473264101 79.0867275603493,14.254844353387 79.0867290845724,14.2546636186817 79.0863584785874,14.2546606451226 79.0863600030839,14.2544799104537 79.0861747002708,14.2544784234781 79.0861762248934,14.2542976888259 79.0863615275591,14.2542991757818 79.0863630520129,14.2541184411071 79.0867336571136,14.2541214145484 79.0867367053676,14.2537599451118 79.0869220076552,14.2537614315776 79.0869235316028,14.2535806968353 79.0871088337643,14.2535821831377 79.0871103575432,14.2534014483729 79.0874809616355,14.2534044205072 79.0874824850982,14.2532236857003 79.0884089949656,14.2532311134219 79.0884105176701,14.2530503785141 79.0895223293306,14.2530592869183 79.0895208075104,14.2532400219437 79.0902620163001,14.2532459580829 79.0902635375307,14.2530652229792 79.0908194439046,14.2530696735153 79.0908209646717,14.2528889383499 79.0911915687327,14.252891904616 79.0911900482604,14.2530726398206 79.0915606527014,14.2530756055508 79.0915591325025,14.2532563407916 79.0917444349023,14.2532578234606 79.0917429148295,14.2534385587181 79.091928217398,14.2534400412629 79.0919266974513,14.2536207765371 79.0921120001885,14.2536222589577 79.0921059207784,14.2543452001037 79.0922912241264,14.2543466824588 79.0922897043681,14.2545274177576 79.0921044008726,14.2545259353829 79.0921028809455,14.2547066706593 79.0919175773239,14.2547051881212 79.0919145371111,14.2550666586262 79.091729233216,14.2550651759052 79.0917277129302,14.2552459111338 79.091542408909,14.2552444282495 79.0915408884545,14.2554251634555 79.0913555843072,14.2554236804079</coordinates></LinearRing></outerBoundaryIs></Polygon>
  </Placemark>
  <Placemark id="flood_extent.71">
	<Style><LineStyle><color>ff0000ff</color></LineStyle><PolyStyle><fill>0</fill></PolyStyle></Style>
	<ExtendedData><SchemaData schemaUrl="#flood_extent">
		<SimpleData name="flooded">1</SimpleData>
		<SimpleData name="area_ha">0.56</SimpleData>
	</SchemaData></ExtendedData>
      <Polygon><outerBoundaryIs><LinearRing><coordinates>79.1106438861513,14.2535890377327 79.1106484012041,14.2530468259932 79.1112043141305,14.2530512290281 79.1112028095761,14.2532319663356 79.1115734185939,14.253234901012 79.1115719143133,14.2534156383553 79.1117572190012,14.2534171054973 79.111755714847,14.2535978428571 79.1106438861513,14.2535890377327</coordinates></LinearRing></outerBoundaryIs></Polygon>
  </Placemark>
  <Placemark id="flood_extent.72">
	<Style><LineStyle><color>ff0000ff</color></LineStyle><PolyStyle><fill>0</fill></PolyStyle></Style>
	<ExtendedData><SchemaData schemaUrl="#flood_extent">
		<SimpleData name="flooded">1</SimpleData>
		<SimpleData name="area_ha">5.16</SimpleData>
	</SchemaData></ExtendedData>
      <Polygon><outerBoundaryIs><LinearRing><coordinates>79.0049855415341,14.2570663716774 79.0049903101964,14.2565241942029 79.0053609011608,14.2565272945574 79.0053656687383,14.2559851169341 79.0059215540254,14.2559897662035 79.0059263200761,14.2554475883699 79.006482204237,14.2554522361615 79.0064853806086,14.2550907841352 79.0066706750786,14.2550923330707 79.006675439027,14.2545501549482 79.0068607330771,14.2545517036785 79.0068623208681,14.2543709776115 79.0070476147931,14.2543725261776 79.0070507900135,14.2540110739939 79.007236083666,14.2540126223755 79.0072392585028,14.2536511701392 79.0074245518828,14.2536527183362 79.0074309007,14.2529298137471 79.0076161935128,14.2529313617186 79.0076225413848,14.2522084570013 79.0078078336304,14.2522100047473 79.007812593859,14.2516678261175 79.0081831775329,14.2516709210558 79.0081800046588,14.2520323735603 79.0083652968238,14.2520339208547 79.0083541920958,14.2532990046718 79.0081688988993,14.2532974572344 79.0081609655472,14.254201088343 79.0079756716361,14.2541995406597 79.0079740847517,14.2543802668523 79.0077887907155,14.2543787190049 79.0077872036614,14.2545594451741 79.0076019095001,14.2545578971625 79.0076003222764,14.2547386233084 79.0074150279899,14.2547370751326 79.0074118531811,14.2550985273748 79.0070412640853,14.2550954305103 79.0070396763528,14.2552761565862 79.0068543816909,14.2552746079178 79.0068512058644,14.25563606002 79.00666591093,14.255634511167 79.0066627347196,14.2559959632166 79.0064774395127,14.255994414179 79.0064758512268,14.256175140179 79.0062905558947,14.2561735909772 79.0062873789613,14.2565350429277 79.0061020833567,14.2565334935412 79.0061004947093,14.2567142194916 79.0059151989795,14.2567126699409 79.0059136101624,14.2568933958679 79.0057283143075,14.256891846153 79.0057267253207,14.2570725720567 79.0049855415341,14.2570663716774</coordinates></LinearRing></outerBoundaryIs></Polygon>
  </Placemark>
  <Placemark id="flood_extent.73">
	<Style><LineStyle><color>ff0000ff</color></LineStyle><PolyStyle><fill>0</fill></PolyStyle></Style>
	<ExtendedData><SchemaData schemaUrl="#flood_extent">
		<SimpleData name="flooded">1</SimpleData>
		<SimpleData name="area_ha">17.36</SimpleData>
	</SchemaData></ExtendedData>
      <Polygon><outerBoundaryIs><LinearRing><coordinates>79.0574514762601,14.2544269356386 79.0574530237502,14.254246204054 79.0572677242941,14.2542446946503 79.05726927191,14.2540639630827 79.0570839726229,14.2540624535551 79.0570855203645,14.2538817220046 79.0569002212465,14.2538802123531 79.0569033169593,14.2535187492833 79.0570886157826,14.2535202588949 79.057091711114,14.2531587957736 79.0572770096642,14.2531603052016 79.05727855715,14.2529795736167 79.0576491540207,14.2529825920016 79.0576507011901,14.2528018603739 79.0582065962166,14.2528063868135 79.0582081429222,14.2526256551232 79.0587640377015,14.2526301802092 79.0587655839433,14.2524494484563 79.0602479697958,14.2524615088682 79.060249514837,14.2522807769532 79.0604348130186,14.252282283838 79.0604363578909,14.2521015519002 79.0621040411729,14.2521151072154 79.062102497627,14.2522958393321 79.0619171992506,14.2522943337411 79.061912568041,14.2528365300143 79.0617272692442,14.2528350242198 79.0617226373978,14.2533772204073 79.0624638344834,14.2533832429609 79.0624653778643,14.2532025108218 79.0626506770424,14.2532040160809 79.0626522202543,14.2530232839191 79.0628375193066,14.2530247890146 79.0628390623496,14.25284405683 79.0626537634446,14.2528425517544 79.0626553066133,14.2526618195867 79.0633965017733,14.2526678389474 79.0633980443309,14.2524871066974 79.0635833430276,14.2524886111583 79.0635848854162,14.2523078788856 79.0661790673745,14.2523289259672 79.0661806076784,14.2521481934137 79.0671071015235,14.2521557033015 79.0671024827577,14.2526979012505 79.0667318842707,14.2526948976077 79.0667303443443,14.2528756302119 79.0665450449858,14.2528741281551 79.0665435048903,14.2530548607366 79.0654317083083,14.2530458452577 79.0654270852397,14.2535880426279 79.0656123850582,14.2535895456266 79.0656093031993,14.2539510105652 79.065424003086,14.2539495075268 79.0654224619768,14.254130239972 79.0652371617377,14.25412873677 79.0652387029943,14.2539480043447 79.0641269028976,14.2539389822327 79.0641284450169,14.2537582499236 79.0637578454522,14.2537552414425 79.0637563030381,14.253935973712 79.0630151035786,14.2539299549453 79.0630135605533,14.2541106871324 79.0624576607435,14.2541061714882 79.0624592042109,14.2539254393607 79.0615327056972,14.2539179105113 79.0615311614929,14.2540986425394 79.0606046627831,14.2540911099964 79.0606031178202,14.2542718419222 79.059120719831,14.2542597822186 79.0591191736673,14.2544405139824 79.0574514762601,14.2544269356386</coordinates></LinearRing></outerBoundaryIs><innerBoundaryIs><LinearRing><coordinates>79.0630212754634,14.253207026168 79.0632065747064,14.2532085309958 79.0632081174762,14.2530277987744 79.0630228183806,14.2530262939664 79.0630212754634,14.253207026168</coordinates></LinearRing></innerBoundaryIs></Polygon>
  </Placemark>
  <Placemark id="flood_extent.74">
	<Style><LineStyle><color>ff0000ff</color></LineStyle><PolyStyle><fill>0</fill></PolyStyle></Style>
	<ExtendedData><SchemaData schemaUrl="#flood_extent">
		<SimpleData name="flooded">1</SimpleData>
		<SimpleData name="area_ha">0.64</SimpleData>
	</SchemaData></ExtendedData>
      <Polygon><outerBoundaryIs><LinearRing><coordinates>79.0507931259659,14.2529266588022 79.050794678588,14.2527459279128 79.050424083619,14.2527428989303 79.0504256365141,14.252562168078 79.0502403392097,14.2525606533912 79.0502434452293,14.2521991917178 79.050428742239,14.2522007063647 79.0504302950688,14.2520199755036 79.0508008888588,14.2520230043262 79.0507993363238,14.2522037352272 79.0509846333988,14.2522052494428 79.0509830809893,14.2523859803609 79.0511683782334,14.2523874944528 79.0511652736439,14.2527489563202 79.0509799761051,14.2527474421884 79.0509784236303,14.2529281730978 79.0507931259659,14.2529266588022</coordinates></LinearRing></outerBoundaryIs></Polygon>
  </Placemark>
  <Placemark id="flood_extent.75">
	<Style><LineStyle><color>ff0000ff</color></LineStyle><PolyStyle><fill>0</fill></PolyStyle></Style>
	<ExtendedData><SchemaData schemaUrl="#flood_extent">
		<SimpleData name="flooded">1</SimpleData>
		<SimpleData name="area_ha">0.76</SimpleData>
	</SchemaData></ExtendedData>
      <Polygon><outerBoundaryIs><LinearRing><coordinates>79.1467816573391,14.2535110727952 79.1467831335924,14.2533303318038 79.1465978252531,14.2533288918745 79.1466037306491,14.2526059279561 79.1475302696042,14.2526131257851 79.1475273184216,14.2529746079401 79.1473420102944,14.2529731686239 79.1473390587343,14.2533346507293 79.1469684419524,14.2533317715895 79.1469669658465,14.2535125125998 79.1467816573391,14.2535110727952</coordinates></LinearRing></outerBoundaryIs></Polygon>
  </Placemark>
  <Placemark id="flood_extent.76">
	<Style><LineStyle><color>ff0000ff</color></LineStyle><PolyStyle><fill>0</fill></PolyStyle></Style>
	<ExtendedData><SchemaData schemaUrl="#flood_extent">
		<SimpleData name="flooded">1</SimpleData>
		<SimpleData name="area_ha">0.36</SimpleData>
	</SchemaData></ExtendedData>
      <Polygon><outerBoundaryIs><LinearRing><coordinates>79.1530865718414,14.2530177205697 79.1530880430209,14.2528369789246 79.1525321172854,14.2528326735416 79.1525335888865,14.2526519319504 79.1536454396586,14.2526605413087 79.1536424982047,14.2530220247154 79.1530865718414,14.2530177205697</coordinates></LinearRing></outerBoundaryIs></Polygon>
  </Placemark>
  <Placemark id="flood_extent.77">
	<Style><LineStyle><color>ff0000ff</color></LineStyle><PolyStyle><fill>0</fill></PolyStyle></Style>
	<ExtendedData><SchemaData schemaUrl="#flood_extent">
		<SimpleData name="flooded">1</SimpleData>
		<SimpleData name="area_ha">0.44</SimpleData>
	</SchemaData></ExtendedData>
      <Polygon><outerBoundaryIs><LinearRing><coordinates>79.1119530511685,14.2521534107604 79.1119545550068,14.2519726733581 79.1117692514769,14.2519712065148 79.1117737633076,14.2514289943488 79.1121443695041,14.2514319277754 79.1121428658764,14.2516126652057 79.1123281691537,14.2516141317227 79.1123266656522,14.2517948691695 79.1125119690979,14.2517963355621 79.1125104657228,14.2519770730253 79.1123251621297,14.2519756066133 79.1123236585862,14.2521563440543 79.1119530511685,14.2521534107604</coordinates></LinearRing></outerBoundaryIs></Polygon>
  </Placemark>
  <Placemark id="flood_extent.78">
	<Style><LineStyle><color>ff0000ff</color></LineStyle><PolyStyle><fill>0</fill></PolyStyle></Style>
	<ExtendedData><SchemaData schemaUrl="#flood_extent">
		<SimpleData name="flooded">1</SimpleData>
		<SimpleData name="area_ha">1.16</SimpleData>
	</SchemaData></ExtendedData>
      <Polygon><outerBoundaryIs><LinearRing><coordinates>79.1773650987958,14.2528429745448 79.1773665506239,14.2526622304291 79.1769959286703,14.2526593980641 79.1769973807729,14.2524786539828 79.1766267591955,14.25247582108 79.1766282115726,14.2522950770333 79.1764429009618,14.252293660385 79.1764443534659,14.2521129163541 79.177000284917,14.2521171658117 79.1770017369585,14.2519364217218 79.1777429785885,14.2519420855776 79.1777415271366,14.2521228297422 79.1779268377423,14.2521242453654 79.1779239350723,14.2524857337235 79.1781092459932,14.2524871492402 79.1781063435367,14.2528486376241 79.1773650987958,14.2528429745448</coordinates></LinearRing></outerBoundaryIs></Polygon>
  </Placemark>
  <Placemark id="flood_extent.79">
	<Style><LineStyle><color>ff0000ff</color></LineStyle><PolyStyle><fill>0</fill></PolyStyle></Style>
	<ExtendedData><SchemaData schemaUrl="#flood_extent">
		<SimpleData name="flooded">1</SimpleData>
		<SimpleData name="area_ha">0.52</SimpleData>
	</SchemaData></ExtendedData>
      <Polygon><outerBoundaryIs><LinearRing><coordinates>79.1299320762605,14.2517527953073 79.1299335657399,14.2515720560272 79.1297482606179,14.2515706031864 79.1297497502237,14.2513898639226 79.1299350551983,14.2513913167442 79.1299365446359,14.2512105774584 79.1306777641534,14.2512163872306 79.1306732975466,14.2517586053096 79.1299320762605,14.2517527953073</coordinates></LinearRing></outerBoundaryIs></Polygon>
  </Placemark>
  <Placemark id="flood_extent.80">
	<Style><LineStyle><color>ff0000ff</color></LineStyle><PolyStyle><fill>0</fill></PolyStyle></Style>
	<ExtendedData><SchemaData schemaUrl="#flood_extent">
		<SimpleData name="flooded">1</SimpleData>
		<SimpleData name="area_ha">0.6</SimpleData>
	</SchemaData></ExtendedData>
      <Polygon><outerBoundaryIs><LinearRing><coordinates>79.1484627082453,14.2518973552954 79.148464182986,14.2517166141071 79.1482788757872,14.2517151756427 79.1482833003273,14.2511729521174 79.1488392206591,14.2511772669085 79.1488377462752,14.2513580081435 79.1490230532411,14.2513594461386 79.1490201047062,14.2517209286378 79.1492054119876,14.2517223665272 79.1492039378365,14.2519031077914 79.1484627082453,14.2518973552954</coordinates></LinearRing></outerBoundaryIs></Polygon>
  </Placemark>
  <Placemark id="flood_extent.81">
	<Style><LineStyle><color>ff0000ff</color></LineStyle><PolyStyle><fill>0</fill></PolyStyle></Style>
	<ExtendedData><SchemaData schemaUrl="#flood_extent">
		<SimpleData name="flooded">1</SimpleData>
		<SimpleData name="area_ha">16.28</SimpleData>
	</SchemaData></ExtendedData>
      <Polygon><outerBoundaryIs><LinearRing><coordinates>79.035397846101,14.254607763248 79.0354009762245,14.2542463048554 79.0355862732555,14.254247831243 79.035587838137,14.2540671020221 79.0357731350425,14.2540686282458 79.0357762644449,14.2537071697552 79.0355909678342,14.2537056435718 79.0355925326499,14.2535249143422 79.0354072362084,14.2535233880352 79.0354119309661,14.2529812003896 79.0352266349887,14.2529796739993 79.0352297650123,14.2526182155947 79.0350444693515,14.2526166891009 79.0350460344778,14.2524359599144 79.0352313299912,14.2524374863881 79.0352375896876,14.2517145695324 79.0354228846335,14.2517160957818 79.0354244493554,14.2515353665405 79.0357950390183,14.2515384185676 79.035793474591,14.2517191478492 79.0361640646363,14.2517221993417 79.0361656287688,14.2515414700198 79.0359803338826,14.2515399443656 79.0359818981406,14.251359215061 79.0357966034236,14.2513576892831 79.035798167807,14.2511769599957 79.0356128732593,14.2511754340943 79.0356144377681,14.2509947048242 79.0354291433896,14.2509931787991 79.0354307080239,14.2508124495462 79.0352454138147,14.2508109233976 79.0352563666718,14.2495458186871 79.0354416598496,14.2495473446947 79.0354432243085,14.2493666154185 79.0356285173609,14.2493681412623 79.0356269530494,14.2495488705585 79.0359975395147,14.2495519218551 79.0359959754759,14.2497326511888 79.0361812688888,14.2497341766416 79.0361797049754,14.2499149059925 79.0363649985575,14.2499164313218 79.0363634347695,14.2500971606899 79.0371046099063,14.2501032606505 79.0371092994365,14.2495610722959 79.0372945928335,14.2495625968664 79.0372977187828,14.2492011379085 79.0378535982212,14.249205710637 79.0378426601093,14.2504708173612 79.0380279543305,14.2504723414575 79.0380263918029,14.250653070998 79.0382116861934,14.2506545949707 79.0382101237912,14.2508353245284 79.0385807129325,14.2508383720828 79.038579150803,14.2510191016779 79.0389497403266,14.2510221486976 79.0389513021613,14.2508414190623 79.0393218914777,14.2508444654668 79.0393234529958,14.2506637357884 79.0395087475395,14.250665258755 79.0395103088884,14.2504845290536 79.0396956033067,14.2504860518563 79.0396971644864,14.2503053221319 79.0398824587791,14.2503068447708 79.0398840197896,14.2501261150234 79.0402546081461,14.25012915983 79.0402530474302,14.2503098896176 79.0404383417886,14.2503114118254 79.0404367811982,14.2504921416302 79.0406220757258,14.2504936637144 79.0406205152609,14.2506743935364 79.040435220586,14.2506728714322 79.0404336599519,14.2508536012312 79.040063070373,14.2508505565513 79.0400615094223,14.2510312863072 79.0398762145183,14.2510297637316 79.0398746533985,14.2512104934645 79.039689358369,14.2512089707251 79.0396877970799,14.251389700435 79.039502501925,14.2513881775317 79.0395009404667,14.2515689072187 79.0393156451863,14.2515673841515 79.0393140835587,14.2517481138155 79.0389434927689,14.2517450672098 79.0389403688587,14.2521065264486 79.038569777567,14.2521034791875 79.0385682152843,14.2522842087623 79.0383829195239,14.2522826848961 79.0383813570721,14.2524634144479 79.0381960611862,14.2524618904178 79.0381944985651,14.2526426199466 79.0380092025537,14.2526410957526 79.0380076397634,14.2528218252584 79.0378223436265,14.2528203009006 79.0378207806669,14.2530010303833 79.0376354844046,14.2529995058616 79.0376339212757,14.2531802353213 79.037448624888,14.2531787106358 79.0374470615898,14.2533594400725 79.0372617650766,14.2533579152231 79.0372586381198,14.2537193740475 79.0370733413338,14.2537178490141 79.0370717776751,14.2538985784018 79.0368864807636,14.2538970532045 79.0368817892141,14.2544392412899 79.0363258972846,14.2544346646543 79.0363243329488,14.2546153939499 79.035397846101,14.254607763248</coordinates></LinearRing></outerBoundaryIs><innerBoundaryIs><LinearRing><coordinates>79.0363305901605,14.2538924767501 79.0365158870063,14.2538940023787 79.0365174511071,14.2537132730514 79.0363321544086,14.2537117474429 79.0363305901605,14.2538924767501</coordinates></LinearRing></innerBoundaryIs><innerBoundaryIs><LinearRing><coordinates>79.0365299631243,14.2522674383283 79.0367152586657,14.2522689636319 79.0367183861562,14.2519075048819 79.0363477956847,14.2519044542115 79.0363462316557,14.2520851835477 79.0365315270279,14.2520867089749 79.0365299631243,14.2522674383283</coordinates></LinearRing></innerBoundaryIs><innerBoundaryIs><LinearRing><coordinates>79.0361625004819,14.2519029286607 79.0363477956847,14.2519044542115 79.0363493596918,14.2517237248724 79.0361640646363,14.2517221993417 79.0361625004819,14.2519029286607</coordinates></LinearRing></innerBoundaryIs></Polygon>
  </Placemark>
  <Placemark id="flood_extent.82">
	<Style><LineStyle><color>ff0000ff</color></LineStyle><PolyStyle><fill>0</fill></PolyStyle></Style>
	<ExtendedData><SchemaData schemaUrl="#flood_extent">
		<SimpleData name="flooded">1</SimpleData>
		<SimpleData name="area_ha">1.6</SimpleData>
	</SchemaData></ExtendedData>
      <Polygon><outerBoundaryIs><LinearRing><coordinates>79.0674915516925,14.2505321118902 79.0674930907491,14.250351379169 79.0673077933673,14.2503498779647 79.0673124108498,14.2498076798432 79.0674977077895,14.2498091809882 79.0674992467599,14.2496284482554 79.0678698404093,14.2496314500745 79.0678713790634,14.2494507172993 79.0686125660316,14.2494567191335 79.0686110279669,14.249637451988 79.0687963249101,14.2496389521071 79.0687932490106,14.2500004178471 79.0689785462702,14.250001917862 79.0689754705792,14.25036338363 79.0680489830237,14.2503558819198 79.0680474444091,14.2505366147005 79.0674915516925,14.2505321118902</coordinates></LinearRing></outerBoundaryIs></Polygon>
  </Placemark>
  <Placemark id="flood_extent.83">
	<Style><LineStyle><color>ff0000ff</color></LineStyle><PolyStyle><fill>0</fill></PolyStyle></Style>
	<ExtendedData><SchemaData schemaUrl="#flood_extent">
		<SimpleData name="flooded">1</SimpleData>
		<SimpleData name="area_ha">1.48</SimpleData>
	</SchemaData></ExtendedData>
      <Polygon><outerBoundaryIs><LinearRing><coordinates>79.0695329007853,14.2501871499894 79.069534438178,14.2500064170446 79.0697197355237,14.2500079164846 79.0697228099498,14.2496464505467 79.0695375128987,14.2496449511462 79.0695421248183,14.249102752277 79.0697274214273,14.2491042516181 79.0697289585434,14.2489235186362 79.0700995515314,14.2489265168476 79.0701010883313,14.2487457838232 79.0702863847103,14.2487472826935 79.0702879213413,14.2485665496464 79.0706585138691,14.2485695469164 79.0706569775328,14.2487502800032 79.0704716811107,14.2487487814202 79.0704639983692,14.2496524467114 79.0706492955279,14.2496539453933 79.0706462225752,14.2500154115291 79.07027562769,14.2500124139425 79.0702740908867,14.2501931469665 79.0695329007853,14.2501871499894</coordinates></LinearRing></outerBoundaryIs></Polygon>
  </Placemark>
  <Placemark id="flood_extent.84">
	<Style><LineStyle><color>ff0000ff</color></LineStyle><PolyStyle><fill>0</fill></PolyStyle></Style>
	<ExtendedData><SchemaData schemaUrl="#flood_extent">
		<SimpleData name="flooded">1</SimpleData>
		<SimpleData name="area_ha">0.64</SimpleData>
	</SchemaData></ExtendedData>
      <Polygon><outerBoundaryIs><LinearRing><coordinates>79.1095651836484,14.2496040099643 79.1095681945451,14.2492425355797 79.1097534956115,14.2492440038573 79.1097565061292,14.2488825294223 79.1103124085709,14.2488869332764 79.1103109037646,14.2490676705535 79.1104962047681,14.2490691382368 79.110493195387,14.249430612821 79.1103078940889,14.2494291450989 79.1103063892194,14.2496098823673 79.1095651836484,14.2496040099643</coordinates></LinearRing></outerBoundaryIs></Polygon>
  </Placemark>
  <Placemark id="flood_extent.85">
	<Style><LineStyle><color>ff0000ff</color></LineStyle><PolyStyle><fill>0</fill></PolyStyle></Style>
	<ExtendedData><SchemaData schemaUrl="#flood_extent">
		<SimpleData name="flooded">1</SimpleData>
		<SimpleData name="area_ha">11.16</SimpleData>
	</SchemaData></ExtendedData>
      <Polygon><outerBoundaryIs><LinearRing><coordinates>79.1089806635637,14.2530336091252 79.1089821698656,14.2528528720474 79.1087968659362,14.252851402807 79.1087983723644,14.2526706657457 79.1080571574475,14.2526647874242 79.1080586644442,14.2524840504376 79.1078733609151,14.2524825805173 79.107874868038,14.2523018435472 79.1076895646775,14.2523003735025 79.1076910719267,14.2521196365489 79.1075057687346,14.2521181663798 79.1075072761101,14.2519374294427 79.1073219730865,14.2519359591493 79.1073249880688,14.2515744853053 79.1069543826746,14.2515715443648 79.1069573981619,14.2512100705869 79.1065867934416,14.2512071291491 79.1065883014483,14.2510263922946 79.1064029992673,14.2510249213795 79.1064045074002,14.2508441845416 79.1062192053876,14.2508427135021 79.1062207136468,14.2506619766808 79.1054795063974,14.2506560911631 79.1054810152249,14.2504753544166 79.1051104120217,14.2504724108342 79.1051119211228,14.2502916741236 79.1047413182989,14.2502887300051 79.1047428276736,14.2501079933304 79.1045575264407,14.250106521075 79.1045590359416,14.2499257844169 79.1041884338341,14.2499228395138 79.1041899436085,14.2497421028917 79.1038193418803,14.2497391574524 79.1038208519282,14.2495584208663 79.1034502505794,14.2495554748911 79.1034517609009,14.249374738341 79.1030811599314,14.2493717918297 79.1030826705264,14.2491910553156 79.102526769673,14.2491866345291 79.1025282806889,14.2490058980705 79.1023429805941,14.249004424207 79.102346002857,14.24864295132 79.1030872021844,14.248648845756 79.1030856916529,14.2488295822788 79.1034562917383,14.2488325286733 79.1034547814803,14.2490132652321 79.1036400817021,14.2490147382333 79.1036385715703,14.2491954748086 79.1040091723721,14.2491984204186 79.1040076625138,14.2493791570299 79.1051194663109,14.2493879905272 79.1051209752851,14.2492072537992 79.1054915764253,14.2492101971096 79.1054900677458,14.2493909338764 79.1060459700567,14.2493953478223 79.1060444617981,14.2495760846445 79.106970966809,14.2495834384435 79.106969459266,14.2497641753599 79.1077106642445,14.2497700558895 79.1077091572698,14.2499507928807 79.1080797601804,14.2499537323219 79.1080767467572,14.2503152063731 79.1082620485389,14.2503166759169 79.1082590353259,14.2506781499954 79.1080737332495,14.2506766804127 79.108072226464,14.2508574174282 79.1082575286877,14.2508588870302 79.1082530086466,14.2514010981176 79.1084383113336,14.251402567634 79.1084368047584,14.2515833046768 79.1088074104905,14.2515862433172 79.1088059041889,14.2517669803959 79.1091765103002,14.2517699185001 79.1091750042723,14.2519506556146 79.1093603075069,14.2519521244705 79.1093588016053,14.2521328616015 79.1095441050084,14.252134330333 79.1095425992331,14.2523150674806 79.1099132063974,14.252318004551 79.109914711878,14.2521372673647 79.1101000153444,14.252138735665 79.1101015206566,14.2519579984564 79.110472127358,14.2519609345868 79.1104691173021,14.2523224090786 79.1106544209792,14.2523238769669 79.1106559258703,14.2521431397031 79.1110265329929,14.2521460750097 79.1110235237792,14.2525075496119 79.1108382199126,14.2525060819917 79.1108367151267,14.2526868192691 79.1106514111338,14.2526853514858 79.1106499061795,14.252866088741 79.110093993885,14.2528616844703 79.1100924884674,14.2530424216645 79.1089806635637,14.2530336091252</coordinates></LinearRing></outerBoundaryIs></Polygon>
  </Placemark>
  <Placemark id="flood_extent.86">
	<Style><LineStyle><color>ff0000ff</color></LineStyle><PolyStyle><fill>0</fill></PolyStyle></Style>
	<ExtendedData><SchemaData schemaUrl="#flood_extent">
		<SimpleData name="flooded">1</SimpleData>
		<SimpleData name="area_ha">0.36</SimpleData>
	</SchemaData></ExtendedData>
      <Polygon><outerBoundaryIs><LinearRing><coordinates>79.1319897761296,14.249419153672 79.131995726353,14.2486961955411 79.1323663324026,14.2486990970157 79.1323648451727,14.2488798365911 79.1325501483762,14.248881287132 79.1325486612728,14.2490620267236 79.132363357922,14.2490605761636 79.1323603833581,14.2494220552999 79.1319897761296,14.249419153672</coordinates></LinearRing></outerBoundaryIs></Polygon>
  </Placemark>
  <Placemark id="flood_extent.87">
	<Style><LineStyle><color>ff0000ff</color></LineStyle><PolyStyle><fill>0</fill></PolyStyle></Style>
	<ExtendedData><SchemaData schemaUrl="#flood_extent">
		<SimpleData name="flooded">1</SimpleData>
		<SimpleData name="area_ha">0.36</SimpleData>
	</SchemaData></ExtendedData>
      <Polygon><outerBoundaryIs><LinearRing><coordinates>79.0015508798556,14.2472777109244 79.0015540621786,14.2469162597418 79.0024804985953,14.2469240177788 79.0024789081813,14.247104743474 79.0022936207061,14.2471031921335 79.0022920301226,14.2472839178053 79.0015508798556,14.2472777109244</coordinates></LinearRing></outerBoundaryIs></Polygon>
  </Placemark>
  <Placemark id="flood_extent.88">
	<Style><LineStyle><color>ff0000ff</color></LineStyle><PolyStyle><fill>0</fill></PolyStyle></Style>
	<ExtendedData><SchemaData schemaUrl="#flood_extent">
		<SimpleData name="flooded">1</SimpleData>
		<SimpleData name="area_ha">2.84</SimpleData>
	</SchemaData></ExtendedData>
      <Polygon><outerBoundaryIs><LinearRing><coordinates>79.0035858647762,14.2476562259369 79.0035874543732,14.2474755001275 79.0032168785886,14.2474723989449 79.0032184684579,14.2472916731736 79.0028478930569,14.2472885714573 79.0028494831986,14.2471078457241 79.0026641956788,14.2471062946709 79.0026657859455,14.2469255689552 79.0030363607128,14.246928670877 79.0030379506626,14.2467479451174 79.0032232379323,14.2467494958423 79.0032216481298,14.2469302216223 79.0037775105147,14.2469348729965 79.0037790998753,14.246754147155 79.0041496746154,14.2467572473118 79.0041480855493,14.2469379731942 79.004518660673,14.2469410728172 79.0045202494445,14.246760346894 79.0047055368925,14.2467618964695 79.0047039482682,14.2469426224133 79.0050745235255,14.2469457211743 79.0050761118552,14.2467649951896 79.0061878372775,14.2467742879019 79.0061862498315,14.2469550140093 79.0065568254448,14.2469581104716 79.0065536510753,14.2473195627594 79.0061830748728,14.2473164662153 79.0061814873601,14.2474971923139 79.0043286062099,14.2474817007686 79.004327017202,14.2476624266598 79.0035858647762,14.2476562259369</coordinates></LinearRing></outerBoundaryIs></Polygon>
  </Placemark>
  <Placemark id="flood_extent.89">
	<Style><LineStyle><color>ff0000ff</color></LineStyle><PolyStyle><fill>0</fill></PolyStyle></Style>
	<ExtendedData><SchemaData schemaUrl="#flood_extent">
		<SimpleData name="flooded">1</SimpleData>
		<SimpleData name="area_ha">0.76</SimpleData>
	</SchemaData></ExtendedData>
      <Polygon><outerBoundaryIs><LinearRing><coordinates>79.1140259386772,14.2480125708822 79.1140274404103,14.2478318332006 79.1136568396867,14.2478289034228 79.1136583416933,14.247648165777 79.1140289421222,14.2476510955162 79.1140304438132,14.2474703578288 79.1145863441724,14.2474747513017 79.1145878454003,14.2472940135535 79.1147731454148,14.2472954777377 79.1147716443342,14.2474762155053 79.1149569445171,14.2474776795651 79.1149554435628,14.2476584173491 79.115140743914,14.2476598812845 79.115139243086,14.247840619085 79.1149539425875,14.2478391551302 79.1149524415911,14.2480198929084 79.1140259386772,14.2480125708822</coordinates></LinearRing></outerBoundaryIs></Polygon>
  </Placemark>
  <Placemark id="flood_extent.90">
	<Style><LineStyle><color>ff0000ff</color></LineStyle><PolyStyle><fill>0</fill></PolyStyle></Style>
	<ExtendedData><SchemaData schemaUrl="#flood_extent">
		<SimpleData name="flooded">1</SimpleData>
		<SimpleData name="area_ha">0.48</SimpleData>
	</SchemaData></ExtendedData>
      <Polygon><outerBoundaryIs><LinearRing><coordinates>79.1572015291431,14.2483499597234 79.157202996545,14.2481692175872 79.1570176913247,14.2481677862579 79.1570206263615,14.2478063020145 79.157205931287,14.247807733306 79.1572073986272,14.2476269911611 79.1577633130852,14.2476312841166 79.1577603792684,14.2479927685169 79.1575750741338,14.2479913376377 79.1575721399401,14.2483528219886 79.1572015291431,14.2483499597234</coordinates></LinearRing></outerBoundaryIs></Polygon>
  </Placemark>
  <Placemark id="flood_extent.91">
	<Style><LineStyle><color>ff0000ff</color></LineStyle><PolyStyle><fill>0</fill></PolyStyle></Style>
	<ExtendedData><SchemaData schemaUrl="#flood_extent">
		<SimpleData name="flooded">1</SimpleData>
		<SimpleData name="area_ha">0.88</SimpleData>
	</SchemaData></ExtendedData>
      <Polygon><outerBoundaryIs><LinearRing><coordinates>79.0901269082904,14.2472802149591 79.090128428965,14.2470994797795 79.089943131767,14.2470979964825 79.0899446525676,14.2469172613196 79.0908711380346,14.2469246762696 79.0908726580773,14.2467439410059 79.0917991433403,14.2467513522657 79.0917961047067,14.2471128229859 79.0914255099483,14.2471098588348 79.0914239903049,14.2472905941515 79.0901269082904,14.2472802149591</coordinates></LinearRing></outerBoundaryIs></Polygon>
  </Placemark>
  <Placemark id="flood_extent.92">
	<Style><LineStyle><color>ff0000ff</color></LineStyle><PolyStyle><fill>0</fill></PolyStyle></Style>
	<ExtendedData><SchemaData schemaUrl="#flood_extent">
		<SimpleData name="flooded">1</SimpleData>
		<SimpleData name="area_ha">0.4</SimpleData>
	</SchemaData></ExtendedData>
      <Polygon><outerBoundaryIs><LinearRing><coordinates>79.1716612345248,14.2477381875957 79.1716626903513,14.2475574439797 79.1712920779142,14.2475546037501 79.1712949900953,14.2471931165845 79.1716656019429,14.247195956739 79.1716641461573,14.2473767003608 79.1722200645238,14.2473809595709 79.1722171537754,14.2477424469183 79.1716612345248,14.2477381875957</coordinates></LinearRing></outerBoundaryIs></Polygon>
  </Placemark>
  <Placemark id="flood_extent.93">
	<Style><LineStyle><color>ff0000ff</color></LineStyle><PolyStyle><fill>0</fill></PolyStyle></Style>
	<ExtendedData><SchemaData schemaUrl="#flood_extent">
		<SimpleData name="flooded">1</SimpleData>
		<SimpleData name="area_ha">3.04</SimpleData>
	</SchemaData></ExtendedData>
      <Polygon><outerBoundaryIs><LinearRing><coordinates>79.0315661822599,14.2477079797001 79.0315677495929,14.2475272508184 79.0313824584963,14.247525722015 79.0313855933911,14.2471642642833 79.031570884193,14.2471657930463 79.0315724514601,14.246985064156 79.0317577421367,14.2469865927551 79.0317593092346,14.2468058638416 79.0325004715715,14.2468119767207 79.0324989050629,14.2469927057149 79.0328694866576,14.2469957613327 79.0328710528717,14.2468150322982 79.0330563435547,14.2468165598714 79.0330594756225,14.2464551017533 79.0332447660329,14.2464566291425 79.0332478977183,14.2460951709725 79.0336184780157,14.2460982252392 79.0336200435309,14.2459174961095 79.0339906236216,14.2459205497612 79.0339874931584,14.2462820080983 79.0341727835312,14.246283534749 79.0341680881137,14.2468257222934 79.033982797299,14.2468241955823 79.0339812319687,14.2470049247378 79.0337959410287,14.2470033978628 79.0337912444642,14.2475455852514 79.0336059531042,14.2475440581723 79.0336043873916,14.2477247872759 79.0330485130013,14.2477202051158 79.0330500791559,14.2475394760727 79.0319383318519,14.2475303079941 79.0319367648135,14.2477110369161 79.0315661822599,14.2477079797001</coordinates></LinearRing></outerBoundaryIs></Polygon>
  </Placemark>
  <Placemark id="flood_extent.94">
	<Style><LineStyle><color>ff0000ff</color></LineStyle><PolyStyle><fill>0</fill></PolyStyle></Style>
	<ExtendedData><SchemaData schemaUrl="#flood_extent">
		<SimpleData name="flooded">1</SimpleData>
		<SimpleData name="area_ha">1.4</SimpleData>
	</SchemaData></ExtendedData>
      <Polygon><outerBoundaryIs><LinearRing><coordinates>79.1788852988658,14.2481549465716 79.1788867489861,14.2479742022315 79.1787014416685,14.2479727877568 79.1787028919159,14.2477920434325 79.1785175847659,14.2477906288328 79.1785233861416,14.2470676515817 79.1787086927022,14.2470690661068 79.1787101428479,14.2468883217681 79.1790807557353,14.2468911503497 79.1790793058843,14.2470718947257 79.1792646125058,14.2470733088196 79.1792631627818,14.2472540532114 79.179448469571,14.2472554671802 79.1794470199739,14.2474362115878 79.1796323269308,14.2474376254315 79.1796308774608,14.2476183698549 79.1798161845854,14.2476197835736 79.1798118364956,14.2481620168824 79.1788852988658,14.2481549465716</coordinates></LinearRing></outerBoundaryIs></Polygon>
  </Placemark>
  <Placemark id="flood_extent.95">
	<Style><LineStyle><color>ff0000ff</color></LineStyle><PolyStyle><fill>0</fill></PolyStyle></Style>
	<ExtendedData><SchemaData schemaUrl="#flood_extent">
		<SimpleData name="flooded">1</SimpleData>
		<SimpleData name="area_ha">3.48</SimpleData>
	</SchemaData></ExtendedData>
      <Polygon><outerBoundaryIs><LinearRing><coordinates>79.1607281933182,14.2476541580325 79.1607296578382,14.2474734155261 79.1599884378764,14.247467700572 79.1599899029653,14.2472869581381 79.1598045981735,14.2472855290592 79.1598060633892,14.2471047866413 79.1601766726986,14.2471076446177 79.1601781375991,14.2469269021592 79.1603634421373,14.246928330913 79.1603649068699,14.2467475884327 79.1605502112812,14.2467490170239 79.1605516758459,14.2465682745218 79.1607369801305,14.2465697029505 79.1607384445274,14.2463889604267 79.1614796612814,14.2463946726285 79.1614781974739,14.2465754152277 79.161663501861,14.2465768429377 79.1616649655213,14.2463961003197 79.1618502697816,14.2463975278672 79.1618488062687,14.246578270504 79.1620341106969,14.2465796979266 79.1620355740624,14.2463989552709 79.162591487028,14.2464032366198 79.1625900241045,14.2465839793321 79.1631459376966,14.2465882594441 79.163141550129,14.2471304877332 79.1629562451358,14.2471290611164 79.1629547824249,14.2473098038548 79.1627694773048,14.2473083770755 79.1627680144261,14.2474891197922 79.1611002679423,14.2474762721407 79.161098803717,14.2476570146849 79.1607281933182,14.2476541580325</coordinates></LinearRing></outerBoundaryIs></Polygon>
  </Placemark>
  <Placemark id="flood_extent.96">
	<Style><LineStyle><color>ff0000ff</color></LineStyle><PolyStyle><fill>0</fill></PolyStyle></Style>
	<ExtendedData><SchemaData schemaUrl="#flood_extent">
		<SimpleData name="flooded">1</SimpleData>
		<SimpleData name="area_ha">1</SimpleData>
	</SchemaData></ExtendedData>
      <Polygon><outerBoundaryIs><LinearRing><coordinates>79.1640666135758,14.2473183615127 79.1640680754026,14.2471376186613 79.1636974652317,14.2471347667212 79.1637003894132,14.246773281085 79.1638856941937,14.2467747070893 79.1638871561064,14.246593964248 79.1642577654342,14.2465968157877 79.1642592270318,14.2464160729059 79.1648151407352,14.246420349081 79.1648107572072,14.2469625778871 79.164996062258,14.2469640030479 79.1649946011884,14.2471447459963 79.1648092959903,14.2471433208168 79.1648078347528,14.2473240637435 79.1640666135758,14.2473183615127</coordinates></LinearRing></outerBoundaryIs></Polygon>
  </Placemark>
  <Placemark id="flood_extent.97">
	<Style><LineStyle><color>ff0000ff</color></LineStyle><PolyStyle><fill>0</fill></PolyStyle></Style>
	<ExtendedData><SchemaData schemaUrl="#flood_extent">
		<SimpleData name="flooded">1</SimpleData>
		<SimpleData name="area_ha">0.68</SimpleData>
	</SchemaData></ExtendedData>
      <Polygon><outerBoundaryIs><LinearRing><coordinates>79.0830947814813,14.2461393412594 79.0830963076257,14.245958606808 79.0827257166414,14.2459556293851 79.0827272430589,14.2457748949702 79.0829125383931,14.2457763837338 79.0829140646419,14.2455956492963 79.0838405408971,14.245603090861 79.0838390153847,14.2457838253967 79.0842096063311,14.2457868010561 79.0842080810919,14.2459675356283 79.083837489851,14.2459645599296 79.0838359642959,14.2461452944596 79.0830947814813,14.2461393412594</coordinates></LinearRing></outerBoundaryIs></Polygon>
  </Placemark>
  <Placemark id="flood_extent.98">
	<Style><LineStyle><color>ff0000ff</color></LineStyle><PolyStyle><fill>0</fill></PolyStyle></Style>
	<ExtendedData><SchemaData schemaUrl="#flood_extent">
		<SimpleData name="flooded">1</SimpleData>
		<SimpleData name="area_ha">0.32</SimpleData>
	</SchemaData></ExtendedData>
      <Polygon><outerBoundaryIs><LinearRing><coordinates>79.1114452667211,14.2463654132948 79.1114467703271,14.2461846758581 79.1112614715756,14.2461832092034 79.1112644790191,14.2458217343602 79.111635075954,14.2458246674486 79.1116335725374,14.2460054049104 79.1120041698512,14.2460083374627 79.1120026667082,14.2461890749603 79.1118173678934,14.2461876087366 79.111815864582,14.2463683462119 79.1114452667211,14.2463654132948</coordinates></LinearRing></outerBoundaryIs></Polygon>
  </Placemark>
  <Placemark id="flood_extent.99">
	<Style><LineStyle><color>ff0000ff</color></LineStyle><PolyStyle><fill>0</fill></PolyStyle></Style>
	<ExtendedData><SchemaData schemaUrl="#flood_extent">
		<SimpleData name="flooded">1</SimpleData>
		<SimpleData name="area_ha">16.32</SimpleData>
	</SchemaData></ExtendedData>
      <Polygon><outerBoundaryIs><LinearRing><coordinates>79.1001208940193,14.2488059904261 79.1001224069082,14.2486252542148 79.0993812089369,14.2486193505808 79.099382722394,14.2484386144445 79.0982709269574,14.2484297547988 79.0982724412773,14.2482490187767 79.096604750881,14.2482357197828 79.0966062665056,14.2480549839333 79.0964209678262,14.2480535055683 79.0964224835769,14.2478727697355 79.0960518865765,14.2478698126133 79.0960534026006,14.2476890768166 79.0947563147997,14.2476787224989 79.0947547977443,14.2478594581588 79.0943842011264,14.2478564984499 79.0943857184765,14.247675762829 79.0930886320152,14.2476653994576 79.0930901503752,14.2474846639707 79.0927195547296,14.2474817017532 79.092721073363,14.2473009663025 79.0925357757194,14.2472994849977 79.0925372944789,14.2471187495637 79.0923519970039,14.2471172681348 79.0923535158895,14.2469365327174 79.0927241105661,14.2469394953924 79.0927256291357,14.246758759933 79.0932815208683,14.246763202809 79.0932845570598,14.2464017317643 79.0930992600889,14.2464002509884 79.0931038146585,14.2458580444582 79.0934744077377,14.245861005749 79.0934759255904,14.245680270194 79.0936612220145,14.2456817506043 79.0936597043092,14.2458624861788 79.0938450009019,14.245863966465 79.09384651846,14.2456832308709 79.0940318149268,14.2456847109938 79.094030297516,14.2458654466074 79.0942155941513,14.2458669266062 79.0942140768665,14.2460476622364 79.0943993736704,14.246049142111 79.0943978565117,14.2462298777579 79.0947684504778,14.2462328371152 79.0947669335925,14.2464135727983 79.0953228251431,14.2464180108151 79.0953213086784,14.2465987465538 79.0956919034464,14.2466017045523 79.0956903872551,14.2467824403272 79.0960609824027,14.2467853977899 79.096065530029,14.2462431903392 79.0962508271927,14.2462446687965 79.0962523428783,14.2460639329543 79.0969935311564,14.2460698452682 79.0969950462316,14.2458891093451 79.0971803432069,14.2458905870448 79.0971818581135,14.2457098510992 79.0979230456378,14.2457157603833 79.0979215313204,14.2458964964069 79.0981068284019,14.2458979733882 79.0981053142106,14.2460787094284 79.0986612060242,14.2460831395686 79.0986642335018,14.2457216673683 79.0988495305208,14.2457231437553 79.0988510440804,14.2455424076314 79.0992216378875,14.2455453599354 79.0992155847001,14.2462683045699 79.0990302871967,14.2462668284118 79.0990242330807,14.2469897729222 79.0988389350092,14.2469882965423 79.0988359075293,14.2473497687412 79.0986506091844,14.2473482921787 79.0986490952653,14.2475290282543 79.0993902893613,14.24753493372 79.0993918026911,14.2473541975665 79.1003182950517,14.2473615760678 79.1003137572085,14.2479037848121 79.1004990561862,14.2479052601397 79.1004975436767,14.2480859964015 79.101053441179,14.2480904215804 79.1010519290903,14.2482711578977 79.1012372284475,14.2482726326894 79.1012342045012,14.2486341053544 79.1006783056094,14.2486296804313 79.1006767931624,14.2488104167011 79.1001208940193,14.2488059904261</coordinates></LinearRing></outerBoundaryIs><innerBoundaryIs><LinearRing><coordinates>79.0936536332749,14.2465854284479 79.0938389304569,14.2465869088122 79.0938404481,14.2464061732297 79.0936551510653,14.2464046928849 79.0936536332749,14.2465854284479</coordinates></LinearRing></innerBoundaryIs></Polygon>
  </Placemark>
  <Placemark id="flood_extent.100">
	<Style><LineStyle><color>ff0000ff</color></LineStyle><PolyStyle><fill>0</fill></PolyStyle></Style>
	<ExtendedData><SchemaData schemaUrl="#flood_extent">
		<SimpleData name="flooded">1</SimpleData>
		<SimpleData name="area_ha">0.6</SimpleData>
	</SchemaData></ExtendedData>
      <Polygon><outerBoundaryIs><LinearRing><coordinates>79.0816154715033,14.245765959371 79.0816200532789,14.2452237564628 79.0825465273123,14.2452312028596 79.0825419477461,14.2457734060629 79.0816154715033,14.245765959371</coordinates></LinearRing></outerBoundaryIs></Polygon>
  </Placemark>
  <Placemark id="flood_extent.101">
	<Style><LineStyle><color>ff0000ff</color></LineStyle><PolyStyle><fill>0</fill></PolyStyle></Style>
	<ExtendedData><SchemaData schemaUrl="#flood_extent">
		<SimpleData name="flooded">1</SimpleData>
		<SimpleData name="area_ha">7.16</SimpleData>
	</SchemaData></ExtendedData>
      <Polygon><outerBoundaryIs><LinearRing><coordinates>79.1479185871526,14.2504471102824 79.1479259620331,14.2495434044816 79.1482965728316,14.249546281386 79.148298047451,14.2493655401792 79.1484833527338,14.2493669783968 79.1484848271852,14.2491862371682 79.1488554375182,14.2491891131341 79.1488569116541,14.2490083718646 79.1490422167043,14.249009809613 79.1490436906722,14.2488290683216 79.1494143005397,14.2488319433492 79.1494157741923,14.248651202017 79.1497863838477,14.2486540764317 79.1497878571849,14.2484733350587 79.1499731618962,14.2484747720315 79.1499746350654,14.2482940306366 79.15015993965,14.2482954674466 79.1501614126513,14.2481147260299 79.1503467171092,14.2481161626772 79.1503481899424,14.2479354212386 79.1505334942736,14.2479368577233 79.1505349669388,14.2477561162629 79.1507202711433,14.2477575525848 79.1507217436406,14.2475768111025 79.1509070477184,14.2475782472618 79.1509085200476,14.2473975057577 79.1510938239987,14.2473989417543 79.15109529616,14.2472182002283 79.1514659038294,14.2472210717524 79.1514673756754,14.2470403301856 79.1518379831326,14.247043201097 79.1518423976628,14.2465009762656 79.1514717910896,14.246498105468 79.1514732628531,14.2463173638897 79.151658565982,14.2463187993414 79.1516600375776,14.2461380577412 79.1518453405798,14.2461394930302 79.1518497548007,14.2455972681556 79.1522203599831,14.2456001381889 79.1522218310542,14.2454193965204 79.1529630410771,14.2454251347866 79.1529615705954,14.2456058765309 79.1531468733,14.2456073107572 79.1531454029449,14.2457880525176 79.1533307058174,14.245789486619 79.1533292355891,14.2459702283955 79.1531439325692,14.245968794275 79.1531424621729,14.2461495360297 79.1529571590263,14.2461481017466 79.1529556884621,14.2463288434794 79.1527703851888,14.2463274090337 79.1527674437039,14.2466888924527 79.1525821401565,14.2466874578254 79.1525791982944,14.247048941195 79.1527645021365,14.2470503758602 79.1527586187543,14.2477733426407 79.1520174011524,14.2477676028144 79.152015929666,14.2479483444265 79.1516453206941,14.2479454736131 79.1516438488923,14.2481262151844 79.1512732397082,14.2481233437582 79.1512717675911,14.2483040852887 79.1509011581949,14.2483012132496 79.1508996857624,14.2484819547394 79.1507143809479,14.2484805184853 79.1507114357264,14.2488420014182 79.1503408255698,14.2488391284029 79.1503393526334,14.2490198698271 79.1501540474387,14.2490184330849 79.1501525743343,14.2491991744872 79.1494113531726,14.249193426005 79.149409879458,14.2493741673286 79.1492245740719,14.2493727298297 79.1492216262861,14.2497342124303 79.1490363206259,14.2497327747497 79.1490348465547,14.2499135160267 79.1488495407677,14.2499120781834 79.1488465922685,14.2502735606907 79.1486612862075,14.2502721226657 79.1486598117796,14.250452863896 79.1479185871526,14.2504471102824</coordinates></LinearRing></outerBoundaryIs></Polygon>
  </Placemark>
  <Placemark id="flood_extent.102">
	<Style><LineStyle><color>ff0000ff</color></LineStyle><PolyStyle><fill>0</fill></PolyStyle></Style>
	<ExtendedData><SchemaData schemaUrl="#flood_extent">
		<SimpleData name="flooded">1</SimpleData>
		<SimpleData name="area_ha">0.72</SimpleData>
	</SchemaData></ExtendedData>
      <Polygon><outerBoundaryIs><LinearRing><coordinates>79.0710613583872,14.2447771472911 79.0710644295021,14.2444156809083 79.0712497224533,14.2444171785854 79.0712512578312,14.2442364453699 79.0723630151071,14.244245428297 79.0723599460972,14.2446068949624 79.0719893596634,14.244603901149 79.0719878248317,14.2447846344378 79.0710613583872,14.2447771472911</coordinates></LinearRing></outerBoundaryIs></Polygon>
  </Placemark>
  <Placemark id="flood_extent.103">
	<Style><LineStyle><color>ff0000ff</color></LineStyle><PolyStyle><fill>0</fill></PolyStyle></Style>
	<ExtendedData><SchemaData schemaUrl="#flood_extent">
		<SimpleData name="flooded">1</SimpleData>
		<SimpleData name="area_ha">24.48</SimpleData>
	</SchemaData></ExtendedData>
      <Polygon><outerBoundaryIs><LinearRing><coordinates>79.0408073702752,14.2504951856549 79.0408089305709,14.2503144558099 79.0406236361688,14.2503129338895 79.0406283173667,14.2497707443973 79.0402577295121,14.249767700246 79.0402592901624,14.2495869704497 79.0400739964152,14.2495854481785 79.0400771179447,14.2492239886174 79.0398918245141,14.2492224662427 79.0398933853934,14.2490417364779 79.0397080921319,14.2490402139796 79.0397096531367,14.248859484232 79.0402655325446,14.2488640512353 79.0402670930855,14.2486833214245 79.0404523861179,14.2486848434515 79.0404570671674,14.2481426539413 79.040271774577,14.2481411319746 79.0402764558716,14.2475989424986 79.0397205795572,14.2475943759173 79.0397190187056,14.2477751056853 79.0391631421462,14.2477705377504 79.039170948395,14.2468668891833 79.0389856569888,14.2468653663515 79.0389872183202,14.2466846366495 79.0384313446747,14.2466800673524 79.0384297829014,14.2468607969941 79.0376886177581,14.246854702506 79.0376901801205,14.2466739729448 79.0375048890367,14.2466724489837 79.0375080139906,14.2463109898928 79.0376933047798,14.2463125138137 79.0376979916045,14.2457703250952 79.038253862778,14.2457748958147 79.0382523009668,14.2459556254508 79.0395493355019,14.2459662855752 79.0395477746999,14.2461470153491 79.0402889383619,14.2461531037684 79.0402920587658,14.2457916440568 79.0404773494413,14.2457931657623 79.040485149332,14.2448895163322 79.0410410192807,14.2448940802852 79.0410441382003,14.2445326203723 79.0414147176863,14.244535662209 79.0414162768188,14.2443549322081 79.0421574354639,14.2443610140772 79.042162110963,14.243818823816 79.0427179788509,14.2438233835288 79.0427164208148,14.244004113679 79.0429017103017,14.244005633316 79.0429001523911,14.2441863634834 79.042714862757,14.2441848438263 79.0427133046772,14.2443655739707 79.0425280149176,14.2443640541498 79.0425248983981,14.2447255143898 79.0423396083658,14.2447239943851 79.0423349329809,14.2452661846631 79.0419643520982,14.2452631441024 79.0419612344765,14.2456246041929 79.0423318159484,14.2456276448339 79.0423302573994,14.2458083749149 79.0427008392532,14.2458114150214 79.0426977226788,14.2461728752551 79.0425124314464,14.2461713552335 79.0425061974463,14.2468942755858 79.0423209056466,14.2468927553403 79.0423131119185,14.2477964056151 79.0421278194041,14.2477948851256 79.0421200243933,14.2486985352275 79.0419347311642,14.2486970144939 79.0419331719492,14.2488777444855 79.0421184653256,14.2488792652392 79.0421137879915,14.2494214552569 79.0426696695778,14.2494260168365 79.0426712282691,14.2492452867733 79.0428565220276,14.2492468069923 79.0428580805497,14.2490660769061 79.0448963117133,14.2490827896103 79.044897868593,14.2489020593006 79.0450831623188,14.2489035777551 79.0450847190293,14.2487228474224 79.0452700126296,14.2487243657131 79.045271569171,14.2485436353575 79.0450862757181,14.2485421170868 79.045087832385,14.2483613867484 79.0449025391012,14.248359868354 79.0449087661401,14.2476369470514 79.0454646442892,14.2476415015627 79.0454630880041,14.2478222319529 79.0456483809114,14.247823749856 79.0456468247519,14.2480044802633 79.0458321178283,14.2480059980427 79.0458305617942,14.2481867284671 79.0462011483071,14.248189763635 79.0461995925459,14.2483704940966 79.0463848859824,14.2483720114851 79.0463817746891,14.2487334724396 79.046567068442,14.2487349897244 79.04656551291,14.2489157202174 79.0467508068321,14.2489172373785 79.0467492514256,14.2490979678886 79.0469345455168,14.2490994849261 79.0469329902358,14.2492802154533 79.047488873082,14.2492847657634 79.0474842084344,14.249826957508 79.0472989136886,14.2498254408216 79.0472973586151,14.2500061713772 79.0465561792603,14.2500001031143 79.0465577349231,14.2498193726388 79.0456312619568,14.2498117841767 79.0456328183345,14.2496310537984 79.0454475239539,14.2496295356949 79.045445967429,14.2498102660532 79.0434077290627,14.2497935572089 79.0434061708952,14.2499742873437 79.0430355820904,14.2499712474636 79.0430340236065,14.2501519775554 79.0419222568323,14.2501428543456 79.0419206974425,14.250323584314 79.0415501083978,14.2503205420541 79.0415485486915,14.2505012719795 79.0408073702752,14.2504951856549</coordinates></LinearRing></outerBoundaryIs></Polygon>
  </Placemark>
  <Placemark id="flood_extent.104">
	<Style><LineStyle><color>ff0000ff</color></LineStyle><PolyStyle><fill>0</fill></PolyStyle></Style>
	<ExtendedData><SchemaData schemaUrl="#flood_extent">
		<SimpleData name="flooded">1</SimpleData>
		<SimpleData name="area_ha">19.12</SimpleData>
	</SchemaData></ExtendedData>
      <Polygon><outerBoundaryIs><LinearRing><coordinates>79.061013871873,14.2495758233638 79.0610169600625,14.2492143592791 79.0613875516106,14.2492173710789 79.0613890953782,14.2490366389924 79.0612037997407,14.2490351331843 79.061205343634,14.2488544011148 79.0613906391242,14.2488559069031 79.0613921828486,14.2486751748108 79.0615774782131,14.2486766804355 79.0615867392209,14.2475922877019 79.0617720337232,14.2475937930637 79.0617735770015,14.2474130609114 79.0619588713781,14.2474145661096 79.0619604144874,14.2472338339345 79.0621457087383,14.2472353389692 79.0621426227926,14.2475968033561 79.0625132119485,14.2475998130737 79.0625101265055,14.2479612775286 79.0626954214105,14.2479627822115 79.0627000491006,14.2474205854654 79.0630706380915,14.2474235942811 79.0630737225209,14.2470621296897 79.0632590167542,14.2470636338423 79.0632621008025,14.2467021691996 79.0630768068638,14.2467006650867 79.0630783490028,14.2465199327809 79.0632636427942,14.2465214368739 79.0632651847643,14.2463407045453 79.0630798911203,14.2463392004721 79.0630829752903,14.245977735846 79.0632682686397,14.2459792398794 79.063269810545,14.2457985075421 79.0634551037688,14.245800011412 79.0634566455052,14.245619279052 79.0641978180273,14.2456252930154 79.0641962768801,14.2458060254548 79.0645668635653,14.2458090316141 79.0645653226911,14.2459897640904 79.0649359097573,14.2459927697147 79.064937450337,14.2458120371988 79.0651227437552,14.2458135397755 79.0651242841659,14.2456328072369 79.0653095774584,14.2456343096501 79.0653111177003,14.2454535770887 79.0654964108671,14.2454550793385 79.0654979509401,14.2452743467544 79.0656832439811,14.2452758488406 79.0656878636288,14.2447336510113 79.0658731562496,14.2447351528944 79.0658762356122,14.2443736876207 79.06606152796,14.2443751893205 79.0660646069417,14.2440137239955 79.0658793148884,14.2440122223355 79.0658823940784,14.2436507570386 79.0656971023412,14.2436492552746 79.0656986420511,14.2434685226416 79.0666251002164,14.2434760299263 79.0666235612428,14.2436567626584 79.0671794368427,14.2436612653648 79.0671778982894,14.2438419981534 79.0677337745252,14.2438464996263 79.0677322363922,14.2440272324715 79.0679175286612,14.244028732695 79.0679190666469,14.24384799983 79.0681043587902,14.24384949989 79.0681028209517,14.2440302327748 79.0682881132638,14.244031732711 79.0682865755511,14.2442124656127 79.068471868032,14.244213965425 79.0684657175545,14.2449368970822 79.0682804244845,14.2449353971907 79.0682788866639,14.245116130078 79.0680935934681,14.245114630023 79.0680920554788,14.2452953628875 79.0675361755789,14.245290861801 79.0675346371261,14.2454715946032 79.0671640503394,14.2454685931209 79.0671625115704,14.2456493258806 79.0669772180621,14.2456478249041 79.0669756791243,14.2458285576411 79.0667903854903,14.2458270565011 79.0667873072554,14.2461885219267 79.0666020133483,14.2461870206034 79.0666004740512,14.246367753292 79.0664151800184,14.2463662518052 79.0664136405524,14.2465469844711 79.0658577581417,14.246542479089 79.0658592980496,14.2463617464826 79.065303416275,14.2463572398668 79.0652972547463,14.2470801700372 79.0651119602754,14.2470786674652 79.0651104196919,14.2472593999807 79.0649251250953,14.2472578972452 79.0649189619562,14.2479808271989 79.0647336667919,14.2479793242403 79.0647259616456,14.2488829865181 79.0649112575465,14.2488844895759 79.0649081756315,14.2492459545064 79.0650934718487,14.2492474574602 79.0650919310061,14.2494281899409 79.0649066346416,14.2494266869673 79.0649050936301,14.2496074194253 79.0643492042242,14.2496029095826 79.0643507456777,14.2494221771842 79.0639801531431,14.2494191699435 79.0639816948696,14.2492384375818 79.0636111027161,14.2492354298059 79.0636095606949,14.2494161621279 79.062312487807,14.2494056302464 79.0623109447328,14.2495863624264 79.061013871873,14.2495758233638</coordinates></LinearRing></outerBoundaryIs><innerBoundaryIs><LinearRing><coordinates>79.0653049566033,14.246176507317 79.0656755441368,14.2461795118315 79.0656770841488,14.2459987792391 79.0653064969099,14.2459957747643 79.0653049566033,14.246176507317</coordinates></LinearRing></innerBoundaryIs><innerBoundaryIs><LinearRing><coordinates>79.0660507508443,14.2456403178665 79.0662360442447,14.2456418195613 79.0662375837501,14.2454610869008 79.066052290497,14.2454595852257 79.0660507508443,14.2456403178665</coordinates></LinearRing></innerBoundaryIs><innerBoundaryIs><LinearRing><coordinates>79.0658669972654,14.245458083407 79.066052290497,14.2454595852257 79.0660538301281,14.2452788525821 79.0658685370438,14.2452773507832 79.0658669972654,14.245458083407</coordinates></LinearRing></innerBoundaryIs></Polygon>
  </Placemark>
  <Placemark id="flood_extent.105">
	<Style><LineStyle><color>ff0000ff</color></LineStyle><PolyStyle><fill>0</fill></PolyStyle></Style>
	<ExtendedData><SchemaData schemaUrl="#flood_extent">
		<SimpleData name="flooded">1</SimpleData>
		<SimpleData name="area_ha">0.6</SimpleData>
	</SchemaData></ExtendedData>
      <Polygon><outerBoundaryIs><LinearRing><coordinates>79.1042337178631,14.244500739594 79.1042412633502,14.2435970560213 79.1040559674843,14.2435955840346 79.1040574766656,14.2434148473308 79.1044280681239,14.2434177911217 79.1044265592372,14.2435985278644 79.1047971510748,14.2436014711195 79.1047911164948,14.2443244182167 79.104420523479,14.2443214748061 79.1044190144865,14.2445022115343 79.1042337178631,14.244500739594</coordinates></LinearRing></outerBoundaryIs></Polygon>
  </Placemark>
  <Placemark id="flood_extent.106">
	<Style><LineStyle><color>ff0000ff</color></LineStyle><PolyStyle><fill>0</fill></PolyStyle></Style>
	<ExtendedData><SchemaData schemaUrl="#flood_extent">
		<SimpleData name="flooded">1</SimpleData>
		<SimpleData name="area_ha">1.04</SimpleData>
	</SchemaData></ExtendedData>
      <Polygon><outerBoundaryIs><LinearRing><coordinates>79.0358622886545,14.2437670567153 79.0358654155583,14.243405597894 79.0356801273445,14.2434040728587 79.0356816909108,14.2432233434638 79.0360522670658,14.2432263933506 79.0360569567496,14.2426842050278 79.0364275321087,14.2426872542191 79.0364290949983,14.2425065247321 79.0366143825635,14.2425080490922 79.036615945284,14.2423273195822 79.0369865201856,14.2423303678312 79.0369818328419,14.2428725564735 79.0367965449384,14.2428710323604 79.0367934196386,14.2432324914004 79.0366081314626,14.2432309671034 79.0366065686325,14.243411696599 79.0362359920516,14.2434086475338 79.0362344289052,14.2435893769862 79.0360491405003,14.243587852218 79.0360475771847,14.2437685816473 79.0358622886545,14.2437670567153</coordinates></LinearRing></outerBoundaryIs></Polygon>
  </Placemark>
  <Placemark id="flood_extent.107">
	<Style><LineStyle><color>ff0000ff</color></LineStyle><PolyStyle><fill>0</fill></PolyStyle></Style>
	<ExtendedData><SchemaData schemaUrl="#flood_extent">
		<SimpleData name="flooded">1</SimpleData>
		<SimpleData name="area_ha">10.6</SimpleData>
	</SchemaData></ExtendedData>
      <Polygon><outerBoundaryIs><LinearRing><coordinates>79.0749310641583,14.2473388393356 79.0749341296887,14.2469773722039 79.0751194251537,14.2469788671404 79.0751224903036,14.2466173999576 79.0753077854954,14.2466188947109 79.0753093178908,14.2464381610955 79.0756799080442,14.2464411501315 79.0756814401236,14.2462604164737 79.0760520300683,14.2462634048956 79.0760535618316,14.2460826711954 79.0762388566888,14.2460841651711 79.0762403882833,14.2459034314483 79.0766109777677,14.2459064189291 79.0766125090461,14.245725685164 79.0767978036731,14.2457271786691 79.0767993347828,14.2455464448814 79.076984629284,14.2455479382231 79.0769938146077,14.2444635353176 79.0771791082466,14.2444650283974 79.0771821695549,14.2441035606996 79.0773674629208,14.2441050535963 79.0773689933955,14.2439243197234 79.0775542866355,14.2439258124567 79.0775558169415,14.2437450785611 79.0777411100557,14.243746571131 79.077745700403,14.2432043693679 79.0775604077307,14.2432028768571 79.0775634681495,14.24284140904 79.0777487605274,14.2428429015114 79.0777502905574,14.2426621675788 79.0781208750829,14.2426651520511 79.0781224047969,14.2424844180762 79.0784929891137,14.2424874019345 79.0784899302533,14.2428488699603 79.0786752227383,14.2428503617134 79.0786736934232,14.2430310957417 79.078858986077,14.2430325873708 79.0788574568877,14.2432133214159 79.0790427497102,14.2432148129211 79.0790396915618,14.2435762810419 79.0792249847003,14.2435777724428 79.0792234557412,14.2437585065186 79.0790381624555,14.243757015098 79.0790305166023,14.244660685335 79.0792158106245,14.2446621768541 79.0792142815368,14.2448429109125 79.0793995757277,14.2448444023077 79.0793980467659,14.2450251363829 79.0799539299089,14.2450296097653 79.0799524013675,14.2452103438967 79.0803229905313,14.2452133254727 79.080324518778,14.2450325913019 79.0808804022424,14.2450370625293 79.0808758187635,14.2455792652101 79.0803199339735,14.2455747938056 79.0803184056624,14.2457555279677 79.079947815615,14.2457525462736 79.0799462869879,14.2459332803934 79.0795756967315,14.2459302980852 79.0795741677885,14.2461110321628 79.0793888725451,14.2461095407735 79.0793904016355,14.2459288067156 79.0792051065608,14.2459273152023 79.0792035773232,14.2461080492405 79.0773506262832,14.2460931260077 79.077349095551,14.2462738598459 79.0767932102154,14.246269380015 79.0767916790199,14.2464501137912 79.0766063838036,14.2464486202071 79.0766048524393,14.2466293539607 79.0762342617766,14.2466263663221 79.0762327300962,14.2468071000333 79.0758621392247,14.2468041117804 79.0758606072283,14.2469848454493 79.0756753116774,14.2469833510876 79.0756737795122,14.2471640847338 79.0753031881802,14.2471610955399 79.0753016556989,14.2473418291438 79.0749310641583,14.2473388393356</coordinates></LinearRing></outerBoundaryIs></Polygon>
  </Placemark>
  <Placemark id="flood_extent.108">
	<Style><LineStyle><color>ff0000ff</color></LineStyle><PolyStyle><fill>0</fill></PolyStyle></Style>
	<ExtendedData><SchemaData schemaUrl="#flood_extent">
		<SimpleData name="flooded">1</SimpleData>
		<SimpleData name="area_ha">0.6</SimpleData>
	</SchemaData></ExtendedData>
      <Polygon><outerBoundaryIs><LinearRing><coordinates>79.067000299541,14.2429368335021 79.0670018381338,14.2427561007188 79.0668165470035,14.2427545999157 79.0668196244187,14.2423931343801 79.0670049152545,14.2423946351435 79.0670064537825,14.2422139023515 79.0673770352243,14.2422169034077 79.0673739587357,14.242578369068 79.0677445408527,14.2425813696289 79.0677430028706,14.2427621024944 79.0679282941088,14.2427636025792 79.0679267562523,14.2429443354615 79.067000299541,14.2429368335021</coordinates></LinearRing></outerBoundaryIs></Polygon>
  </Placemark>
  <Placemark id="flood_extent.109">
	<Style><LineStyle><color>ff0000ff</color></LineStyle><PolyStyle><fill>0</fill></PolyStyle></Style>
	<ExtendedData><SchemaData schemaUrl="#flood_extent">
		<SimpleData name="flooded">1</SimpleData>
		<SimpleData name="area_ha">0.52</SimpleData>
	</SchemaData></ExtendedData>
      <Polygon><outerBoundaryIs><LinearRing><coordinates>79.0429172882069,14.2421983314831 79.0429188458773,14.2420176012839 79.0431041337663,14.2420191205566 79.0431056912676,14.2418383903344 79.0432909790311,14.2418399094433 79.0432925363634,14.2416591791982 79.0434778240015,14.2416606981434 79.0434793811647,14.2414799678753 79.0440352437684,14.2414845237892 79.0440321303036,14.2418459844429 79.0436615546237,14.2418429472303 79.0436599975641,14.2420236775127 79.0434747096097,14.242022158671 79.043473152381,14.2422028889304 79.0429172882069,14.2421983314831</coordinates></LinearRing></outerBoundaryIs></Polygon>
  </Placemark>
  <Placemark id="flood_extent.110">
	<Style><LineStyle><color>ff0000ff</color></LineStyle><PolyStyle><fill>0</fill></PolyStyle></Style>
	<ExtendedData><SchemaData schemaUrl="#flood_extent">
		<SimpleData name="flooded">1</SimpleData>
		<SimpleData name="area_ha">4.36</SimpleData>
	</SchemaData></ExtendedData>
      <Polygon><outerBoundaryIs><LinearRing><coordinates>79.1527850913768,14.2445199917656 79.152788032367,14.2441585082774 79.1526027308822,14.2441570739153 79.15260126025,14.2443378156418 79.1518600539275,14.2443320766807 79.1518615251488,14.2441513350299 79.1520468265512,14.2441527699668 79.1520482976047,14.2439720282942 79.1526042014936,14.2439763321858 79.1526056720845,14.2437955904534 79.153532178242,14.2438027606377 79.1535336480758,14.2436220188078 79.1533483469503,14.2436205850772 79.1533542266686,14.2428976178044 79.153168926153,14.2428961840059 79.1531703961783,14.2427154421995 79.1533556965466,14.242716875979 79.1533586362409,14.2423553923196 79.1535439363352,14.2423568259176 79.1535454060042,14.2421760840646 79.1537307059719,14.2421775175 79.1537321754729,14.2419967756252 79.1542880750577,14.2420010750126 79.1542866059985,14.2421818169441 79.1544719060486,14.2421832498049 79.1544674991892,14.2427254756391 79.1542821986973,14.2427240427216 79.1542807295557,14.2429047846417 79.1540954289371,14.2429033515616 79.1540939596276,14.2430840934598 79.1539086588823,14.2430826602171 79.1539071894049,14.2432634020936 79.154648393099,14.243269134278 79.1546498619872,14.2430883923258 79.1550204636631,14.2430912575181 79.1550219322362,14.2429105155253 79.1552072329577,14.242911947887 79.155205764532,14.2430926898988 79.1555763663315,14.243095554229 79.1555748981798,14.2432762962757 79.1553895971225,14.2432748641635 79.1553881288029,14.2434556061885 79.1550175264554,14.2434527414952 79.1550160578206,14.2436334834795 79.1548307565304,14.2436320508984 79.1548292877277,14.2438127928608 79.1546439863108,14.2438113601172 79.1546425173402,14.2439921020578 79.1544572157967,14.2439906691515 79.1544557466582,14.2441714110703 79.1542704449879,14.2441699780014 79.1542689756815,14.2443507198984 79.1540836738845,14.2443492866669 79.1540822044102,14.2445300285421 79.1527850913768,14.2445199917656</coordinates></LinearRing></outerBoundaryIs></Polygon>
  </Placemark>
  <Placemark id="flood_extent.111">
	<Style><LineStyle><color>ff0000ff</color></LineStyle><PolyStyle><fill>0</fill></PolyStyle></Style>
	<ExtendedData><SchemaData schemaUrl="#flood_extent">
		<SimpleData name="flooded">1</SimpleData>
		<SimpleData name="area_ha">0.04</SimpleData>
	</SchemaData></ExtendedData>
      <Polygon><outerBoundaryIs><LinearRing><coordinates>79.1142667838741,14.2413267387189 79.1142682846813,14.2411460009111 79.1144535796457,14.2411474647253 79.1144520789858,14.2413282025524 79.1142667838741,14.2413267387189</coordinates></LinearRing></outerBoundaryIs></Polygon>
  </Placemark>
  <Placemark id="flood_extent.112">
	<Style><LineStyle><color>ff0000ff</color></LineStyle><PolyStyle><fill>0</fill></PolyStyle></Style>
	<ExtendedData><SchemaData schemaUrl="#flood_extent">
		<SimpleData name="flooded">1</SimpleData>
		<SimpleData name="area_ha">0.48</SimpleData>
	</SchemaData></ExtendedData>
      <Polygon><outerBoundaryIs><LinearRing><coordinates>79.1137123999141,14.2411416086067 79.1137169035346,14.2405993953403 79.1142727869764,14.2406037874707 79.1142712862324,14.2407845252871 79.1148271703053,14.2407889161827 79.1148256699821,14.2409696540542 79.1142697854674,14.2409652631005 79.1142682846813,14.2411460009111 79.1137123999141,14.2411416086067</coordinates></LinearRing></outerBoundaryIs></Polygon>
  </Placemark>
  <Placemark id="flood_extent.113">
	<Style><LineStyle><color>ff0000ff</color></LineStyle><PolyStyle><fill>0</fill></PolyStyle></Style>
	<ExtendedData><SchemaData schemaUrl="#flood_extent">
		<SimpleData name="flooded">1</SimpleData>
		<SimpleData name="area_ha">0.64</SimpleData>
	</SchemaData></ExtendedData>
      <Polygon><outerBoundaryIs><LinearRing><coordinates>79.1533659851159,14.2414516831206 79.1533718638451,14.2407287157096 79.1541130590442,14.2407344485579 79.1541071826714,14.2414574162719 79.1533659851159,14.2414516831206</coordinates></LinearRing></outerBoundaryIs></Polygon>
  </Placemark>
  <Placemark id="flood_extent.114">
	<Style><LineStyle><color>ff0000ff</color></LineStyle><PolyStyle><fill>0</fill></PolyStyle></Style>
	<ExtendedData><SchemaData schemaUrl="#flood_extent">
		<SimpleData name="flooded">1</SimpleData>
		<SimpleData name="area_ha">1.52</SimpleData>
	</SchemaData></ExtendedData>
      <Polygon><outerBoundaryIs><LinearRing><coordinates>79.1566999096271,14.2416582063861 79.1567013767099,14.2414774642 79.156516077002,14.241476033139 79.1565175442115,14.2412952909689 79.1567028437722,14.241296722011 79.1567043108139,14.2411159798192 79.1568896102479,14.2411174106988 79.1568910771217,14.2409366684851 79.1574469751052,14.2409409602053 79.1574499079076,14.240579475656 79.157635206982,14.2405809059042 79.1576366732051,14.2404001636064 79.1580072711211,14.2404030236342 79.1580058051925,14.2405837659698 79.1581911043286,14.2405851957872 79.1581852409978,14.2413081651765 79.1579999412727,14.2413067352837 79.1579984752413,14.2414874776049 79.1576278755581,14.2414846173504 79.1576264092117,14.241665359631 79.1566999096271,14.2416582063861</coordinates></LinearRing></outerBoundaryIs></Polygon>
  </Placemark>
  <Placemark id="flood_extent.115">
	<Style><LineStyle><color>ff0000ff</color></LineStyle><PolyStyle><fill>0</fill></PolyStyle></Style>
	<ExtendedData><SchemaData schemaUrl="#flood_extent">
		<SimpleData name="flooded">1</SimpleData>
		<SimpleData name="area_ha">0.8</SimpleData>
	</SchemaData></ExtendedData>
      <Polygon><outerBoundaryIs><LinearRing><coordinates>79.1422510184987,14.2410039286039 79.1422524970067,14.2408231878893 79.1420671993512,14.2408217456799 79.1420701565995,14.2404602642802 79.1426260487445,14.240464590363 79.1426275268958,14.2402838496017 79.1435540134822,14.2402910567716 79.1435525360672,14.2404717976281 79.143181941076,14.240468915153 79.1431789855948,14.2408303967813 79.1428083900974,14.2408275136555 79.1428069120312,14.2410082544272 79.1422510184987,14.2410039286039</coordinates></LinearRing></outerBoundaryIs></Polygon>
  </Placemark>
  <Placemark id="flood_extent.116">
	<Style><LineStyle><color>ff0000ff</color></LineStyle><PolyStyle><fill>0</fill></PolyStyle></Style>
	<ExtendedData><SchemaData schemaUrl="#flood_extent">
		<SimpleData name="flooded">1</SimpleData>
		<SimpleData name="area_ha">0.64</SimpleData>
	</SchemaData></ExtendedData>
      <Polygon><outerBoundaryIs><LinearRing><coordinates>79.1513321074764,14.2408936801738 79.1513379924379,14.2401707135619 79.1520791849629,14.2401764525035 79.1520733023577,14.2408994194187 79.1513321074764,14.2408936801738</coordinates></LinearRing></outerBoundaryIs></Polygon>
  </Placemark>
  <Placemark id="flood_extent.117">
	<Style><LineStyle><color>ff0000ff</color></LineStyle><PolyStyle><fill>0</fill></PolyStyle></Style>
	<ExtendedData><SchemaData schemaUrl="#flood_extent">
		<SimpleData name="flooded">1</SimpleData>
		<SimpleData name="area_ha">0.88</SimpleData>
	</SchemaData></ExtendedData>
      <Polygon><outerBoundaryIs><LinearRing><coordinates>79.1552219160828,14.2411045276107 79.1552233842821,14.2409237855672 79.1548527860997,14.2409209211163 79.1548542545729,14.2407401791078 79.1544836567674,14.2407373141202 79.1544851255146,14.2405565721466 79.1546704242598,14.2405580046934 79.1546718928391,14.240377262698 79.1548571914576,14.2403786950822 79.1548586598691,14.240197953065 79.155043958361,14.2401993852866 79.1550454266046,14.2400186432477 79.1554160233555,14.240021507222 79.1554145554064,14.2402022492988 79.1555998539601,14.2402036810895 79.1555939825469,14.2409266494435 79.1554086834042,14.2409252175772 79.1554072153522,14.2411059596395 79.1552219160828,14.2411045276107</coordinates></LinearRing></outerBoundaryIs></Polygon>
  </Placemark>
  <Placemark id="flood_extent.118">
	<Style><LineStyle><color>ff0000ff</color></LineStyle><PolyStyle><fill>0</fill></PolyStyle></Style>
	<ExtendedData><SchemaData schemaUrl="#flood_extent">
		<SimpleData name="flooded">1</SimpleData>
		<SimpleData name="area_ha">0.4</SimpleData>
	</SchemaData></ExtendedData>
      <Polygon><outerBoundaryIs><LinearRing><coordinates>79.1152052596209,14.2398881531342 79.1152067595235,14.2397074152067 79.1150214656529,14.2397059521217 79.1150244656894,14.2393444762968 79.1152097592656,14.2393459393431 79.115211259105,14.239165201407 79.1155818460259,14.2391681270301 79.1155758477197,14.2398910789119 79.1152052596209,14.2398881531342</coordinates></LinearRing></outerBoundaryIs></Polygon>
  </Placemark>
  <Placemark id="flood_extent.119">
	<Style><LineStyle><color>ff0000ff</color></LineStyle><PolyStyle><fill>0</fill></PolyStyle></Style>
	<ExtendedData><SchemaData schemaUrl="#flood_extent">
		<SimpleData name="flooded">1</SimpleData>
		<SimpleData name="area_ha">11.6</SimpleData>
	</SchemaData></ExtendedData>
      <Polygon><outerBoundaryIs><LinearRing><coordinates>79.1831835383608,14.2436688201572 79.183184984585,14.2434880753162 79.1826290723421,14.2434838427763 79.1826319656136,14.2431223531975 79.1824466618678,14.2431209421008 79.1824481086204,14.2429401973257 79.1817068944293,14.2429345515766 79.1817054470875,14.2431152962771 79.1815201434431,14.2431138844619 79.1815215909322,14.2429331397801 79.1809656805628,14.2429289035284 79.1809671284735,14.2427481588996 79.1807818252049,14.2427467465471 79.1807803771469,14.2429274911572 79.1802244670211,14.2429232531813 79.180225915521,14.2427425086272 79.1800406123336,14.2427410956999 79.1800449581535,14.2421988620761 79.1802302608989,14.2422002749475 79.180233157716,14.2418387858133 79.1804184601872,14.2418401985036 79.1804228048187,14.2412979647248 79.1806081068683,14.2412993772155 79.1806138988369,14.2405763987288 79.1807992003178,14.2405778110012 79.1808020958857,14.2402163217033 79.1806167946994,14.2402149094682 79.1806240340003,14.2393111862664 79.1808093344503,14.2393125984082 79.1808122297341,14.23895110907 79.1809975299098,14.2389525210308 79.180998977374,14.2387717763388 79.1815548775813,14.2387760113035 79.1815577715653,14.2384145217989 79.1813724717704,14.2384131103249 79.1813739188792,14.2382323655869 79.1815592185268,14.2382337770423 79.181562112389,14.2378722875204 79.1819327111562,14.2378751099255 79.181929817883,14.238236599522 79.1821151175915,14.2382380105464 79.1821122245317,14.2385995001686 79.182297524555,14.2386009110867 79.182280166259,14.2407698488024 79.1820948644685,14.2407684376606 79.1820934176647,14.2409491824329 79.1819081157472,14.2409477711289 79.1819052217843,14.2413092606276 79.1822758262286,14.2413120831666 79.1822772729257,14.2411313383814 79.1826478771565,14.2411341603085 79.182646430754,14.2413149051309 79.1830170353606,14.2413177265206 79.1830112507261,14.2420407059308 79.1831965536489,14.2420421164847 79.1831936615046,14.2424036062098 79.1830083582871,14.2424021956187 79.1830040194767,14.2429444301289 79.1835599305155,14.2429486616389 79.1835584846467,14.2431294065258 79.1837437885141,14.2431308167604 79.1837423427724,14.243311561663 79.1839276468074,14.2433129717725 79.1839262011926,14.2434937166909 79.1835555928483,14.2434908962909 79.1835541469187,14.2436716411692 79.1831835383608,14.2436688201572</coordinates></LinearRing></outerBoundaryIs></Polygon>
  </Placemark>
  <Placemark id="flood_extent.120">
	<Style><LineStyle><color>ff0000ff</color></LineStyle><PolyStyle><fill>0</fill></PolyStyle></Style>
	<ExtendedData><SchemaData schemaUrl="#flood_extent">
		<SimpleData name="flooded">1</SimpleData>
		<SimpleData name="area_ha">1.48</SimpleData>
	</SchemaData></ExtendedData>
      <Polygon><outerBoundaryIs><LinearRing><coordinates>79.143376103624,14.2393859113941 79.1433790584791,14.2390244296816 79.1431937621719,14.2390229885246 79.1431967172387,14.2386615068387 79.1433820132515,14.2386629479576 79.1433834906065,14.2384822070913 79.1435687864928,14.2384836480476 79.1435717408463,14.2381221662683 79.1437570364588,14.2381236070429 79.1437585134573,14.2379428661298 79.1439438089433,14.2379443067418 79.1439452857738,14.2377635658068 79.1441305811333,14.2377650062561 79.1441320577959,14.2375842652993 79.1443173530288,14.2375857055859 79.1443203059974,14.2372242236255 79.1446908959365,14.2372271036918 79.1446879435568,14.2375885857284 79.1445026482825,14.237587145729 79.1445011719143,14.2377678867239 79.1443158765134,14.2377664465618 79.1443114468431,14.2383086694722 79.1441261510213,14.2383072291094 79.1441231975097,14.2386687109972 79.144308493626,14.2386701513981 79.1443070169864,14.2388508923567 79.1441217207229,14.2388494519368 79.1441202439153,14.2390301928735 79.1439349475252,14.239028752291 79.1439334705497,14.2392094932058 79.1435628775371,14.2392066115718 79.1435614002464,14.2393873524456 79.143376103624,14.2393859113941</coordinates></LinearRing></outerBoundaryIs></Polygon>
  </Placemark>
  <Placemark id="flood_extent.121">
	<Style><LineStyle><color>ff0000ff</color></LineStyle><PolyStyle><fill>0</fill></PolyStyle></Style>
	<ExtendedData><SchemaData schemaUrl="#flood_extent">
		<SimpleData name="flooded">1</SimpleData>
		<SimpleData name="area_ha">0.44</SimpleData>
	</SchemaData></ExtendedData>
      <Polygon><outerBoundaryIs><LinearRing><coordinates>79.1815635592897,14.2376915427551 79.1815707934887,14.2367878188858 79.1819413904891,14.2367906410672 79.1819399439843,14.2369713858841 79.1821252426622,14.236972796778 79.1821223498863,14.2373342864405 79.1819370509139,14.2373328755093 79.1819356043483,14.2375136203176 79.1817503052491,14.2375122092241 79.1817488585159,14.2376929540109 79.1815635592897,14.2376915427551</coordinates></LinearRing></outerBoundaryIs></Polygon>
  </Placemark>
  <Placemark id="flood_extent.122">
	<Style><LineStyle><color>ff0000ff</color></LineStyle><PolyStyle><fill>0</fill></PolyStyle></Style>
	<ExtendedData><SchemaData schemaUrl="#flood_extent">
		<SimpleData name="flooded">1</SimpleData>
		<SimpleData name="area_ha">0.08</SimpleData>
	</SchemaData></ExtendedData>
      <Polygon><outerBoundaryIs><LinearRing><coordinates>78.9999851679594,14.235697305237 78.9999883500773,14.2353358540515 79.0001736276934,14.2353374059269 79.0001704458698,14.2356988571534 78.9999851679594,14.235697305237</coordinates></LinearRing></outerBoundaryIs></Polygon>
  </Placemark>
  <Placemark id="flood_extent.123">
	<Style><LineStyle><color>ff0000ff</color></LineStyle><PolyStyle><fill>0</fill></PolyStyle></Style>
	<ExtendedData><SchemaData schemaUrl="#flood_extent">
		<SimpleData name="flooded">1</SimpleData>
		<SimpleData name="area_ha">0.6</SimpleData>
	</SchemaData></ExtendedData>
      <Polygon><outerBoundaryIs><LinearRing><coordinates>79.1508085844541,14.2369130585472 79.1508100557132,14.2367323168921 79.1509953509541,14.2367337519136 79.1509968220454,14.2365530102366 79.1511821171597,14.2365544450956 79.1511835880832,14.2363737033968 79.1515541780793,14.236376572646 79.1515556486877,14.2361958309064 79.1517409435695,14.2361972652967 79.1517394731083,14.2363780070552 79.1522953583189,14.2363823094212 79.1522938882787,14.2365630512338 79.1519232978232,14.2365601830955 79.151921827468,14.2367409248672 79.1513659414978,14.2367366215259 79.1513644706803,14.2369173632379 79.1508085844541,14.2369130585472</coordinates></LinearRing></outerBoundaryIs></Polygon>
  </Placemark>
  <Placemark id="flood_extent.124">
	<Style><LineStyle><color>ff0000ff</color></LineStyle><PolyStyle><fill>0</fill></PolyStyle></Style>
	<ExtendedData><SchemaData schemaUrl="#flood_extent">
		<SimpleData name="flooded">1</SimpleData>
		<SimpleData name="area_ha">0.44</SimpleData>
	</SchemaData></ExtendedData>
      <Polygon><outerBoundaryIs><LinearRing><coordinates>79.1154295404648,14.2351904285406 79.1154310396734,14.2350096905188 79.1152457496094,14.2350082280799 79.1152487482579,14.2346467520663 79.1156193278183,14.2346496767232 79.1156208268167,14.2344689386734 79.1158061164813,14.2344704007672 79.1158046176301,14.2346511388363 79.1159899074628,14.2346526008057 79.1159869099917,14.2350140769739 79.1158016198646,14.2350126149658 79.1158001209503,14.2351933530263 79.1154295404648,14.2351904285406</coordinates></LinearRing></outerBoundaryIs></Polygon>
  </Placemark>
  <Placemark id="flood_extent.125">
	<Style><LineStyle><color>ff0000ff</color></LineStyle><PolyStyle><fill>0</fill></PolyStyle></Style>
	<ExtendedData><SchemaData schemaUrl="#flood_extent">
		<SimpleData name="flooded">1</SimpleData>
		<SimpleData name="area_ha">1.2</SimpleData>
	</SchemaData></ExtendedData>
      <Polygon><outerBoundaryIs><LinearRing><coordinates>79.1419513820487,14.2323254882818 79.1419528598561,14.232144747467 79.1417675693084,14.232143305885 79.1417690472422,14.2319625650863 79.1415837568624,14.2319611233798 79.1415896689791,14.2312381602328 79.1419602485822,14.2312410433499 79.1419617262652,14.2310603025179 79.142332305657,14.2310631850227 79.1423308282683,14.2312439258928 79.1425161181424,14.231245366949 79.1425146408801,14.2314261078353 79.1426999309221,14.2314275487669 79.1426969766297,14.231789030569 79.1425116862933,14.2317875895993 79.1425087316237,14.2321490713518 79.1423234410138,14.2321476302004 79.1423219635007,14.2323283710533 79.1419513820487,14.2323254882818</coordinates></LinearRing></outerBoundaryIs></Polygon>
  </Placemark>
  <Placemark id="flood_extent.126">
	<Style><LineStyle><color>ff0000ff</color></LineStyle><PolyStyle><fill>0</fill></PolyStyle></Style>
	<ExtendedData><SchemaData schemaUrl="#flood_extent">
		<SimpleData name="flooded">1</SimpleData>
		<SimpleData name="area_ha">1.92</SimpleData>
	</SchemaData></ExtendedData>
      <Polygon><outerBoundaryIs><LinearRing><coordinates>79.0070796380055,14.2296114789614 79.0070812227278,14.2294307524936 79.0067106755797,14.2294276605707 79.0067154304956,14.2288854812723 79.0069007036173,14.2288870272442 79.0069022883977,14.2287063007852 79.007458107455,14.2287109377786 79.007459691772,14.2285302112554 79.0078302376271,14.2285333018261 79.0078318216277,14.2283525752591 79.0091287317911,14.2283633875942 79.00912714882,14.2285441143041 79.0089418757258,14.2285425700948 79.0089402925855,14.2287232967814 79.0085697461696,14.2287202078916 79.0085681627128,14.2289009345345 79.0083828893911,14.2288993898539 79.0083813057651,14.2290801164734 79.0081960323185,14.229078571629 79.0081944485232,14.2292592982252 79.0078239014025,14.229256208065 79.0078223172908,14.2294369346175 79.0072664963352,14.2294322982398 79.00726491176,14.2296130247281 79.0070796380055,14.2296114789614</coordinates></LinearRing></outerBoundaryIs></Polygon>
  </Placemark>
  <Placemark id="flood_extent.127">
	<Style><LineStyle><color>ff0000ff</color></LineStyle><PolyStyle><fill>0</fill></PolyStyle></Style>
	<ExtendedData><SchemaData schemaUrl="#flood_extent">
		<SimpleData name="flooded">1</SimpleData>
		<SimpleData name="area_ha">0.12</SimpleData>
	</SchemaData></ExtendedData>
      <Polygon><outerBoundaryIs><LinearRing><coordinates>79.0095008604067,14.2281857487878 79.0095040256495,14.2278242952719 79.0098745708167,14.2278273825228 79.0098729885006,14.228008109323 79.0096877157588,14.2280065657489 79.0096861332733,14.2281872925259 79.0095008604067,14.2281857487878</coordinates></LinearRing></outerBoundaryIs></Polygon>
  </Placemark>
  <Placemark id="flood_extent.128">
	<Style><LineStyle><color>ff0000ff</color></LineStyle><PolyStyle><fill>0</fill></PolyStyle></Style>
	<ExtendedData><SchemaData schemaUrl="#flood_extent">
		<SimpleData name="flooded">1</SimpleData>
		<SimpleData name="area_ha">0.44</SimpleData>
	</SchemaData></ExtendedData>
      <Polygon><outerBoundaryIs><LinearRing><coordinates>79.1479086805495,14.2289374561775 79.147913098604,14.2283952317342 79.148283674906,14.2283981044822 79.1482851472553,14.2282173629574 79.1484704352901,14.2282187990971 79.1484660186218,14.2287610237198 79.1486513071187,14.228762459773 79.1486498350017,14.2289432013271 79.1479086805495,14.2289374561775</coordinates></LinearRing></outerBoundaryIs></Polygon>
  </Placemark>
  <Placemark id="flood_extent.129">
	<Style><LineStyle><color>ff0000ff</color></LineStyle><PolyStyle><fill>0</fill></PolyStyle></Style>
	<ExtendedData><SchemaData schemaUrl="#flood_extent">
		<SimpleData name="flooded">1</SimpleData>
		<SimpleData name="area_ha">3.8</SimpleData>
	</SchemaData></ExtendedData>
      <Polygon><outerBoundaryIs><LinearRing><coordinates>79.0152806196708,14.224076807286 79.0152821972349,14.2238960798311 79.0150969272323,14.2238945408857 79.0150985049212,14.2237138134482 79.0152837747768,14.2237153523732 79.0152979716577,14.2220888051218 79.0154832402123,14.2220903437202 79.0154863945372,14.2217288887029 79.0156716628199,14.2217304271172 79.0156763937003,14.2211882445085 79.0158616615641,14.2211897827183 79.0158648150797,14.2208283275906 79.0162353502858,14.2208314034988 79.0162369267164,14.2206506758899 79.0164221942057,14.2206522136086 79.0164237704672,14.2204714859765 79.0166090378315,14.2204730235314 79.0166121899942,14.2201115682178 79.0167974570867,14.2201131055886 79.0167990329879,14.2199323779071 79.0169842999556,14.2199339151143 79.0169858756877,14.2197531874096 79.0173564093954,14.219756261353 79.0173579848114,14.2195755336047 79.0177285183136,14.2195786069339 79.0177253680474,14.2199400625089 79.0175401009913,14.2199385258753 79.017538525678,14.2201192536381 79.017353258497,14.2201177168408 79.0173516830147,14.2202984445804 79.0169811484251,14.220295370515 79.0169795726267,14.220476098211 79.016794305218,14.2204745609429 79.0167927292505,14.2206552886157 79.016607461717,14.2206537511838 79.0166027332407,14.2211959341238 79.0167880012152,14.2211974716166 79.0167816968584,14.221920382244 79.0162258912374,14.2219157690912 79.0162180080886,14.2228194070052 79.0160327388575,14.222817868899 79.0160311620143,14.2229985964528 79.0158458926583,14.2229970581829 79.015844315646,14.2231777857134 79.0156590461651,14.2231762472797 79.0156511600365,14.2240798847871 79.0152806196708,14.224076807286</coordinates></LinearRing></outerBoundaryIs></Polygon>
  </Placemark>
  <Placemark id="flood_extent.130">
	<Style><LineStyle><color>ff0000ff</color></LineStyle><PolyStyle><fill>0</fill></PolyStyle></Style>
	<ExtendedData><SchemaData schemaUrl="#flood_extent">
		<SimpleData name="flooded">1</SimpleData>
		<SimpleData name="area_ha">0.08</SimpleData>
	</SchemaData></ExtendedData>
      <Polygon><outerBoundaryIs><LinearRing><coordinates>79.0162668746944,14.2172168507705 79.0162684506826,14.2170361231037 79.0166389798044,14.2170391975841 79.0166374041102,14.2172199252916 79.0162668746944,14.2172168507705</coordinates></LinearRing></outerBoundaryIs></Polygon>
  </Placemark>
  <Placemark id="flood_extent.131">
	<Style><LineStyle><color>ff0000ff</color></LineStyle><PolyStyle><fill>0</fill></PolyStyle></Style>
	<ExtendedData><SchemaData schemaUrl="#flood_extent">
		<SimpleData name="flooded">1</SimpleData>
		<SimpleData name="area_ha">0.48</SimpleData>
	</SchemaData></ExtendedData>
      <Polygon><outerBoundaryIs><LinearRing><coordinates>79.1024338938681,14.2159281367802 79.102436908677,14.2155666628757 79.1022516358477,14.2155651923248 79.1022531433673,14.2153844553877 79.1024384160496,14.2153859259191 79.1024399234011,14.2152051889597 79.1028104685353,14.2152081295535 79.1028074543989,14.2155696035474 79.1031780002056,14.2155725436456 79.1031764933996,14.2157532806771 79.1029912203387,14.2157518106802 79.1029897133646,14.2159325476894 79.1024338938681,14.2159281367802</coordinates></LinearRing></outerBoundaryIs></Polygon>
  </Placemark>
  <Placemark id="flood_extent.132">
	<Style><LineStyle><color>ff0000ff</color></LineStyle><PolyStyle><fill>0</fill></PolyStyle></Style>
	<ExtendedData><SchemaData schemaUrl="#flood_extent">
		<SimpleData name="flooded">1</SimpleData>
		<SimpleData name="area_ha">7.24</SimpleData>
	</SchemaData></ExtendedData>
      <Polygon><outerBoundaryIs><LinearRing><coordinates>79.0173642862542,14.2188526225827 79.0173705873433,14.2181297115142 79.017741118494,14.2181327845183 79.0177395435488,14.2183135123304 79.0179248093043,14.2183150486376 79.0179279588786,14.2179535929699 79.0177426934171,14.2179520567032 79.0177458431969,14.2175906010646 79.0171900478266,14.2175859915264 79.0171931983997,14.2172245359981 79.0170079336144,14.2172229992393 79.0170095090147,14.2170422714911 79.0171947736531,14.2170438082296 79.0171994992805,14.2165016249067 79.0173847635001,14.2165031614408 79.017387913514,14.216141705837 79.0175731774618,14.2161432421871 79.0175810513748,14.2152396030254 79.0173957881617,14.2152380667769 79.0174036622566,14.2143344276444 79.0179594497586,14.2143390356549 79.0179610240705,14.2141583077588 79.0181462864685,14.2141598434553 79.0181447123035,14.2143405713718 79.0183299748705,14.2143421069453 79.0183284008303,14.2145228348792 79.0185136635663,14.2145243703297 79.0185105157135,14.2148858262295 79.0190663049357,14.2148904318428 79.0190615843131,14.2154326158536 79.0196173750564,14.2154372203597 79.0196079358597,14.2165215886684 79.0184963492821,14.216512377635 79.0184806067034,14.2183196566992 79.0181100750819,14.2183165848015 79.0181085004085,14.2184973126514 79.017923234484,14.2184957764672 79.017920084777,14.2188572321175 79.0173642862542,14.2188526225827</coordinates></LinearRing></outerBoundaryIs></Polygon>
  </Placemark>
  <Placemark id="flood_extent.133">
	<Style><LineStyle><color>ff0000ff</color></LineStyle><PolyStyle><fill>0</fill></PolyStyle></Style>
	<ExtendedData><SchemaData schemaUrl="#flood_extent">
		<SimpleData name="flooded">1</SimpleData>
		<SimpleData name="area_ha">0.56</SimpleData>
	</SchemaData></ExtendedData>
      <Polygon><outerBoundaryIs><LinearRing><coordinates>79.1835314922514,14.2001092303884 79.1835358162119,14.1995669937806 79.1842768898805,14.1995726170528 79.1842754491678,14.1997533626661 79.1844607177824,14.1997547681446 79.18445783659,14.2001162593999 79.1835314922514,14.2001092303884</coordinates></LinearRing></outerBoundaryIs></Polygon>
  </Placemark>
  <Placemark id="flood_extent.134">
	<Style><LineStyle><color>ff0000ff</color></LineStyle><PolyStyle><fill>0</fill></PolyStyle></Style>
	<ExtendedData><SchemaData schemaUrl="#flood_extent">
		<SimpleData name="flooded">1</SimpleData>
		<SimpleData name="area_ha">2.12</SimpleData>
	</SchemaData></ExtendedData>
      <Polygon><outerBoundaryIs><LinearRing><coordinates>79.1636947308391,14.2015846429214 79.1636961880722,14.2014038994178 79.16351092027,14.2014024777093 79.1635152922867,14.2008602472379 79.1633300249454,14.2008588254427 79.1633314823902,14.2006780819653 79.1635167495846,14.2006795037417 79.1635225785716,14.1999565297281 79.1633373119644,14.199955108027 79.16334168393,14.1994128775432 79.1635269500968,14.1994142991878 79.1635284072309,14.1992335556686 79.1637136732714,14.1992349771512 79.1637151302382,14.1990542336103 79.164085662087,14.1990570761081 79.1640842054137,14.1992378196867 79.1642694715157,14.1992392407396 79.1642621885763,14.2001429586833 79.1644474554327,14.2001443796871 79.1644445424073,14.2005058668821 79.1642592752573,14.2005044458407 79.1642563618564,14.2008659329866 79.1640710944333,14.2008645117643 79.1640696375553,14.2010452553141 79.1638843700058,14.2010438339297 79.1638829129605,14.2012245774579 79.1640681806568,14.201225998861 79.1640667237379,14.2014067424051 79.1638814558948,14.2014053209831 79.1638799988086,14.2015860645055 79.1636947308391,14.2015846429214</coordinates></LinearRing></outerBoundaryIs></Polygon>
  </Placemark>
  <Placemark id="flood_extent.135">
	<Style><LineStyle><color>ff0000ff</color></LineStyle><PolyStyle><fill>0</fill></PolyStyle></Style>
	<ExtendedData><SchemaData schemaUrl="#flood_extent">
		<SimpleData name="flooded">1</SimpleData>
		<SimpleData name="area_ha">0.6</SimpleData>
	</SchemaData></ExtendedData>
      <Polygon><outerBoundaryIs><LinearRing><coordinates>79.1740958476849,14.1984106286018 79.1740987449534,14.1980491393858 79.173913478797,14.1980477260548 79.1739149275475,14.1978669814612 79.1741001935571,14.1978683947735 79.1741016421404,14.1976876501583 79.1742869080236,14.1976890633087 79.1742883564398,14.1975083186719 79.1744736221966,14.1975097316603 79.1744721739272,14.1976904763158 79.1746574398511,14.1976918891798 79.1746559917081,14.1978726338511 79.1748412577992,14.1978740465906 79.1748383617457,14.1982355359621 79.1744678289968,14.1982327102651 79.1744663806459,14.1984134549091 79.1740958476849,14.1984106286018</coordinates></LinearRing></outerBoundaryIs></Polygon>
  </Placemark>
  <Placemark id="flood_extent.136">
	<Style><LineStyle><color>ff0000ff</color></LineStyle><PolyStyle><fill>0</fill></PolyStyle></Style>
	<ExtendedData><SchemaData schemaUrl="#flood_extent">
		<SimpleData name="flooded">1</SimpleData>
		<SimpleData name="area_ha">12.12</SimpleData>
	</SchemaData></ExtendedData>
      <Polygon><outerBoundaryIs><LinearRing><coordinates>79.0688678456329,14.1975847758114 79.0688693776406,14.1974040421443 79.0686841232351,14.197402547461 79.0686871874794,14.1970410801577 79.068501933389,14.1970395853708 79.0685034656255,14.1968588517346 79.0681329578028,14.196855861771 79.0681344903113,14.1966751281715 79.0675787291789,14.1966706422117 79.0675802621061,14.1964899086688 79.0673950085851,14.1964884130824 79.0674072724005,14.1950425447937 79.0672220200749,14.1950410492226 79.0672266190902,14.1944988486261 79.0670413672263,14.1944973529713 79.0670444334222,14.1941358859323 79.0668591818733,14.194134390174 79.0668607150856,14.1939536566699 79.0666754637049,14.1939521607883 79.0666769970424,14.1937714273012 79.0664917458299,14.1937699312962 79.0664948127336,14.193408464353 79.0663095618361,14.1934069682446 79.066312628947,14.1930455013294 79.0661273783644,14.1930440051175 79.0661335129142,14.1923210713319 79.06631876291,14.1923225674645 79.0663202963469,14.1921418339911 79.0665055462176,14.1921433299608 79.0665070794862,14.1919625964646 79.0666923292318,14.1919640922713 79.066695395411,14.1916026252307 79.0674363934354,14.191608606868 79.0674317958943,14.1921508076623 79.0676170458943,14.1921523027733 79.0676124485994,14.1926945036011 79.067797699061,14.1926959986284 79.0677931020123,14.1932381994896 79.0679783529355,14.1932396944332 79.0679737561331,14.193781895328 79.0681590075179,14.1937833901878 79.0681528787332,14.194506324753 79.0683381307264,14.194507819549 79.0683365986231,14.1946885532028 79.0685218507845,14.1946900478754 79.0685203188064,14.1948707815462 79.0687055711361,14.1948722760955 79.0687071029675,14.1946915424049 79.068892355172,14.1946930367912 79.0688877600533,14.1952352379138 79.0687025074086,14.1952337434681 79.0686979116559,14.1957759445052 79.0688831647408,14.1957774390104 79.0688801010914,14.1961389063937 79.0694358613554,14.1961433891689 79.0694373927507,14.1959626554193 79.0701784061505,14.1959686303695 79.0701768753421,14.1961493641982 79.0705473824646,14.196152350854 79.0705504434728,14.1957908831145 79.0707356967729,14.195792376188 79.070737227098,14.1956116422942 79.0709224802728,14.1956131352048 79.0709255405651,14.1952516673689 79.071110793468,14.1952531600968 79.0711138533809,14.1948916922098 79.0714843586643,14.1948946771571 79.0714782399263,14.1956176130778 79.071292986687,14.1956161205966 79.0712868670181,14.1963390563921 79.0711016132134,14.1963375636886 79.0711000830957,14.1965182976105 79.0709148291657,14.1965168047441 79.0709132988798,14.1966975386434 79.0703575367787,14.1966930591259 79.070356006031,14.1968737929629 79.0701707518936,14.1968722994844 79.0701692209777,14.1970530332987 79.0699839667151,14.1970515396571 79.0699824356309,14.1972322734488 79.0697971812431,14.1972307796443 79.0697956499906,14.1974115134133 79.069425140986,14.1974085253352 79.0694236094186,14.1975892590617 79.0688678456329,14.1975847758114</coordinates></LinearRing></outerBoundaryIs></Polygon>
  </Placemark>
  <Placemark id="flood_extent.137">
	<Style><LineStyle><color>ff0000ff</color></LineStyle><PolyStyle><fill>0</fill></PolyStyle></Style>
	<ExtendedData><SchemaData schemaUrl="#flood_extent">
		<SimpleData name="flooded">1</SimpleData>
		<SimpleData name="area_ha">1.08</SimpleData>
	</SchemaData></ExtendedData>
      <Polygon><outerBoundaryIs><LinearRing><coordinates>79.0648505742635,14.1906839944595 79.0648521086797,14.1905032611188 79.0652226054575,14.1905062548478 79.0652241395588,14.1903255214645 79.0654093878334,14.1903270180945 79.0654124556779,14.1899655512795 79.0655977036807,14.1899670477268 79.065599237424,14.1897863142952 79.0657844853017,14.1897878105795 79.0657860188768,14.1896070771251 79.0663417621995,14.1896115650601 79.0663356295299,14.1903344990981 79.0661503811475,14.1903330031835 79.0661488477795,14.190513736666 79.065778350786,14.190510744368 79.0657768171032,14.1906914778079 79.0648505742635,14.1906839944595</coordinates></LinearRing></outerBoundaryIs></Polygon>
  </Placemark>
  <Placemark id="flood_extent.138">
	<Style><LineStyle><color>ff0000ff</color></LineStyle><PolyStyle><fill>0</fill></PolyStyle></Style>
	<ExtendedData><SchemaData schemaUrl="#flood_extent">
		<SimpleData name="flooded">1</SimpleData>
		<SimpleData name="area_ha">1.08</SimpleData>
	</SchemaData></ExtendedData>
      <Polygon><outerBoundaryIs><LinearRing><coordinates>79.1137599188067,14.1907127456968 79.1137614144589,14.1905320071789 79.1135761607718,14.1905305479189 79.1135776565496,14.1903498094175 79.1133924030302,14.1903483500338 79.1133983865177,14.1896253960768 79.1141393983745,14.1896312324437 79.1141379031208,14.1898119710146 79.1143231562843,14.1898134297679 79.1143216611563,14.1899941683553 79.1145069144874,14.1899956269848 79.1145039244617,14.1903571041896 79.1143186708373,14.1903556455214 79.1143171756462,14.1905363841001 79.1141319218961,14.1905349252695 79.1141304265373,14.190715663826 79.1137599188067,14.1907127456968</coordinates></LinearRing></outerBoundaryIs></Polygon>
  </Placemark>
  <Placemark id="flood_extent.139">
	<Style><LineStyle><color>ff0000ff</color></LineStyle><PolyStyle><fill>0</fill></PolyStyle></Style>
	<ExtendedData><SchemaData schemaUrl="#flood_extent">
		<SimpleData name="flooded">1</SimpleData>
		<SimpleData name="area_ha">0.68</SimpleData>
	</SchemaData></ExtendedData>
      <Polygon><outerBoundaryIs><LinearRing><coordinates>79.1843474600001,14.1907160784895 79.1843488997005,14.1905353327329 79.1841636385907,14.1905339280606 79.1841708375226,14.1896301993276 79.1849118791493,14.1896358167858 79.1849090008108,14.1899973084365 79.1847237400804,14.1899959042494 79.1847208613676,14.1903573958515 79.184535600364,14.190355991484 79.1845327212768,14.1907174830374 79.1843474600001,14.1907160784895</coordinates></LinearRing></outerBoundaryIs></Polygon>
  </Placemark>
  <Placemark id="flood_extent.140">
	<Style><LineStyle><color>ff0000ff</color></LineStyle><PolyStyle><fill>0</fill></PolyStyle></Style>
	<ExtendedData><SchemaData schemaUrl="#flood_extent">
		<SimpleData name="flooded">1</SimpleData>
		<SimpleData name="area_ha">4.6</SimpleData>
	</SchemaData></ExtendedData>
      <Polygon><outerBoundaryIs><LinearRing><coordinates>79.0691005778848,14.1919835247353 79.0691021090783,14.1918027909589 79.0685463595062,14.1917983087503 79.0685509542778,14.1912561075821 79.0687362036736,14.1912576017354 79.0687377350744,14.1910768679871 79.0689229843451,14.1910783619774 79.0689245155777,14.1908976282065 79.0692950138903,14.1909006157183 79.0692980757043,14.1905391480885 79.0691128268305,14.1905376544437 79.0691143578519,14.1903569206443 79.0687438604623,14.1903539329651 79.068746923027,14.1899924654368 79.0689321714178,14.1899939593083 79.0689337025212,14.18981322552 79.0691189507868,14.1898147192287 79.069120481722,14.1896339854178 79.0693057298625,14.1896354789636 79.0693118528016,14.1889125436117 79.0691266052478,14.1889110501451 79.0691281360754,14.1887303163197 79.0702396208414,14.1887392748544 79.0702304408323,14.1898236784759 79.0700451924375,14.1898221856257 79.0700436622141,14.1900029195328 79.0702289107554,14.1900044124027 79.0702273806571,14.1901851463266 79.0704126293666,14.1901866390732 79.0704110993934,14.190367373014 79.0705963482711,14.1903688656373 79.0705932885536,14.1907303335499 79.0707785377461,14.1907318260696 79.0707754782358,14.1910932940102 79.0704049792855,14.1910903087485 79.0704034492048,14.1912710426749 79.0700329500472,14.1912680568012 79.0700344804213,14.1910873229144 79.0698492310215,14.1910858297827 79.0698477005007,14.1912665636497 79.0696624509757,14.1912650703551 79.0696578588443,14.1918072718796 79.0692873589788,14.1918042847423 79.0692858279319,14.1919850185384 79.0691005778848,14.1919835247353</coordinates></LinearRing></outerBoundaryIs></Polygon>
  </Placemark>
</Folder>
</Document></kml>
