<?xml version="1.0" encoding="UTF-8"?>
<kml xmlns="http://www.opengis.net/kml/2.2">
  <Document id="root_doc">
    <Schema id="gee_annamayya_reservoir_water" name="gee_annamayya_reservoir_water">
      <SimpleField name="date" type="string"/>
      <SimpleField name="area_ha" type="float"/>
    </Schema>
    <Schema id="gee_annamayya_reservoir_water.schema">
      <SimpleField name="date" type="string"/>
      <SimpleField name="area_ha" type="double"/>
    </Schema>
    <Document id="gee_annamayya_reservoir_water">
      <name>gee_annamayya_reservoir_water</name>
      <Placemark id="gee_annamayya_reservoir_water.1">
        <ExtendedData>
          <SchemaData schemaUrl="#gee_annamayya_reservoir_water.schema">
            <SimpleData name="date">2021-11-04</SimpleData>
            <SimpleData name="area_ha">0.92</SimpleData>
          </SchemaData>
        </ExtendedData>
        <Polygon>
          <outerBoundaryIs>
            <LinearRing>
              <coordinates>
                79.028556691093,14.1780070949835,0
                79.0285574719601,14.177916730182,0
                79.0284648549023,14.1779159682889,0
                79.0284656358004,14.1778256034917,0
                79.0283730187847,14.1778248415678,0
                79.0283737997141,14.177734476775,0
                79.0282811827405,14.1777337148205,0
                79.0282827446559,14.1775529852427,0
                79.0281901277611,14.1775522232625,0
                79.0281940326366,14.1771003993307,0
                79.0281014159304,14.1770996373401,0
                79.0281021969256,14.1770092725566,0
                79.0280095802615,14.1770085105353,0
                79.0280103612879,14.1769181457562,0
                79.0279177446659,14.1769173837042,0
                79.0279185257234,14.1768270189294,0
                79.0278259091435,14.1768262568467,0
                79.0278266902322,14.1767358920762,0
                79.0277340736944,14.1767351299629,0
                79.0277364170372,14.1764640356623,0
                79.0276438006149,14.1764632735283,0
                79.0276445817547,14.1763729087651,0
                79.0275519653745,14.1763721466005,0
                79.0275550900256,14.1760106875604,0
                79.0276477062594,14.1760114497048,0
                79.0276469251415,14.1761018144709,0
                79.0277395414173,14.1761025765846,0
                79.0277387603305,14.1761929413551,0
                79.0278313766485,14.1761937034381,0
                79.0278305955929,14.176284068213,0
                79.027923211953,14.1762848302653,0
                79.0279224309285,14.1763751950445,0
                79.0280150473307,14.1763759570661,0
                79.0280142663373,14.1764663218496,0
                79.0281068827817,14.1764670838406,0
                79.0281061018194,14.1765574486284,0
                79.0281987183059,14.1765582105887,0
                79.0281979373747,14.1766485753808,0
                79.0283831704374,14.1766500992043,0
                79.0283816087051,14.1768308288067,0
                79.0284742253179,14.1768315906749,0
                79.0284711019339,14.1771930498911,0
                79.0285637186988,14.1771938117438,0
                79.0285613762129,14.1774649061636,0
                79.0286539930931,14.1774656679957,0
                79.0286524314817,14.1776463976154,0
                79.0287450484406,14.1776471594219,0
                79.0287442676633,14.1777375242357,0
                79.0289295016709,14.1777390477516,0
                79.0289287209613,14.1778294125748,0
                79.0288361039182,14.1778286508296,0
                79.0288353231665,14.177919015647,0
                79.0287427060922,14.1779182538611,0
                79.0287419252984,14.1780086186727,0
                79.028556691093,14.1780070949835,0
              </coordinates>
            </LinearRing>
          </outerBoundaryIs>
        </Polygon>
      </Placemark>
      <Placemark id="gee_annamayya_reservoir_water.2">
        <ExtendedData>
          <SchemaData schemaUrl="#gee_annamayya_reservoir_water.schema">
            <SimpleData name="date">2021-11-04</SimpleData>
            <SimpleData name="area_ha">3.95</SimpleData>
          </SchemaData>
        </ExtendedData>
        <Polygon>
          <outerBoundaryIs>
            <LinearRing>
              <coordinates>
                79.029464909306,14.1800931033974,0
                79.0294711541688,14.1793701846937,0
                79.0295637718731,14.1793709462745,0
                79.0295645524197,14.1792805814283,0
                79.0297497877715,14.1792821044726,0
                79.0297505682392,14.1791917396155,0
                79.0298431858867,14.179192501079,0
                79.0298439663124,14.1791021362162,0
                79.0299365839287,14.1791028976389,0
                79.0299373643122,14.1790125327703,0
                79.0300299818975,14.1790132941522,0
                79.0300338835496,14.178561469773,0
                79.0299412661475,14.1785607084164,0
                79.0299420464981,14.1784703435434,0
                79.0298494291382,14.1784695821561,0
                79.0298502095199,14.1783792172874,0
                79.0296649748897,14.1783776944156,0
                79.0296657553392,14.1782873295563,0
                79.029202669043,14.1782835217765,0
                79.0292034496701,14.1781931569418,0
                79.029110832464,14.1781923952837,0
                79.0291116131223,14.1781020304533,0
                79.0290189959582,14.1781012687645,0
                79.0290197766476,14.1780109039384,0
                79.0289271595257,14.1780101422189,0
                79.0289287209613,14.1778294125748,0
                79.0294844233356,14.1778339822951,0
                79.0294852038254,14.1777436174416,0
                79.0295778208704,14.1777443789315,0
                79.0295793817603,14.1775636492123,0
                79.0296719987375,14.1775644106564,0
                79.029675900683,14.1771125863205,0
                79.0295832838889,14.1771118249016,0
                79.0295840642982,14.1770214600373,0
                79.0294914475462,14.1770206985878,0
                79.0294922279866,14.1769303337278,0
                79.0293996112767,14.1769295722476,0
                79.0294003917483,14.176839207392,0
                79.0293077750805,14.1768384458811,0
                79.0293093360803,14.1766577161777,0
                79.0294019526748,14.1766584776785,0
                79.0294027331299,14.1765681128207,0
                79.0294953496933,14.1765688742807,0
                79.0294961301062,14.1764785094171,0
                79.0296813631762,14.1764800322198,0
                79.0296821435104,14.1763896673454,0
                79.0297747600169,14.1763904286881,0
                79.029775540309,14.1763000638079,0
                79.0299607732655,14.176301586376,0
                79.0299615534788,14.176211221485,0
                79.0300541699286,14.1762119827104,0
                79.0300549500999,14.1761216178137,0
                79.0301475665186,14.1761223789983,0
                79.0301483466477,14.1760320140958,0
                79.0302409630352,14.1760327752396,0
                79.0302417431223,14.1759424103313,0
                79.0303343594787,14.1759431714343,0
                79.0303351395236,14.1758528065203,0
                79.0304277558489,14.1758535675825,0
                79.0304285358517,14.1757632026627,0
                79.0305211521459,14.1757639636842,0
                79.0305219321066,14.1756735987586,0
                79.0306145483696,14.1756743597393,0
                79.030617668011,14.1753129000094,0
                79.030710284133,14.1753136609342,0
                79.0307110639931,14.1752232959949,0
                79.030803680084,14.1752240568789,0
                79.0308044599019,14.1751336919338,0
                79.0308970759616,14.1751344527771,0
                79.0308978557375,14.1750440878262,0
                79.0309904717661,14.1750448486287,0
                79.0309818943332,14.1760388631039,0
                79.0308892779018,14.1760381022459,0
                79.0308861585242,14.1763995620133,0
                79.0307935419518,14.1763988010994,0
                79.0307919821568,14.1765795309686,0
                79.0306993655166,14.1765787700089,0
                79.0306985855743,14.1766691349374,0
                79.0306059689029,14.1766683739369,0
                79.0306051889185,14.1767587388596,0
                79.030419955519,14.1767572167413,0
                79.0304191754558,14.1768475816532,0
                79.0303265587277,14.1768468205354,0
                79.0303179772677,14.1778408344632,0
                79.0302253601422,14.1778400732542,0
                79.0302230195188,14.1781111679315,0
                79.0303156367543,14.1781119291557,0
                79.0303117357887,14.1785637536286,0
                79.0304043532128,14.1785645148423,0
                79.0304012324881,14.1789259744278,0
                79.0303086149176,14.1789252131939,0
                79.030307054449,14.1791059429723,0
                79.0302144368107,14.1791051816925,0
                79.030212876247,14.1792859114579,0
                79.0301202585409,14.1792851501323,0
                79.0301186978819,14.1794658798847,0
                79.0300260801081,14.1794651185133,0
                79.0300252997337,14.1795554833833,0
                79.0299326819287,14.1795547219711,0
                79.0299311210903,14.179735451699,0
                79.0298385032175,14.1797346902409,0
                79.0298377227535,14.1798250550987,0
                79.0297451048496,14.1798242935999,0
                79.0297435438317,14.1800050233032,0
                79.02965092586,14.1800042617585,0
                79.0296501453062,14.180094626604,0
                79.029464909306,14.1800931033974,0
              </coordinates>
            </LinearRing>
          </outerBoundaryIs>
        </Polygon>
      </Placemark>
      <Placemark id="gee_annamayya_reservoir_water.3">
        <ExtendedData>
          <SchemaData schemaUrl="#gee_annamayya_reservoir_water.schema">
            <SimpleData name="date">2021-11-04</SimpleData>
            <SimpleData name="area_ha">0.37</SimpleData>
          </SchemaData>
        </ExtendedData>
        <Polygon>
          <outerBoundaryIs>
            <LinearRing>
              <coordinates>
                79.0273706387968,14.1759187984127,0
                79.0273722012249,14.1757380689072,0
                79.0272795851174,14.1757373066708,0
                79.0272803663598,14.1756469419219,0
                79.0271877502946,14.1756461796548,0
                79.0271885315681,14.1755558149104,0
                79.0270959155449,14.1755550526126,0
                79.0270974781487,14.1753743231316,0
                79.0270048622043,14.1753735608082,0
                79.0270056435345,14.1752831960716,0
                79.0270982594424,14.17528395839,0
                79.0270990407305,14.1751935936476,0
                79.0271916566072,14.1751943559252,0
                79.0271924378533,14.1751039911771,0
                79.0270998220132,14.1751032289046,0
                79.0271006032904,14.1750128641608,0
                79.0270079874924,14.1750121018577,0
                79.0270118939789,14.1745602781533,0
                79.0271045095938,14.1745610404312,0
                79.0271029470889,14.1747417699252,0
                79.0271955627825,14.1747425321775,0
                79.0271947815584,14.1748328969285,0
                79.0272873972942,14.1748336591501,0
                79.0272850536989,14.1751047534138,0
                79.02737766955,14.1751055156149,0
                79.0273745448257,14.1754669746434,0
                79.0274671608288,14.1754677368289,0
                79.0274648173378,14.1757388311078,0
                79.0275574334562,14.1757395932728,0
                79.0275558711746,14.1759203227986,0
                79.0273706387968,14.1759187984127,0
              </coordinates>
            </LinearRing>
          </outerBoundaryIs>
        </Polygon>
      </Placemark>
      <Placemark id="gee_annamayya_reservoir_water.4">
        <ExtendedData>
          <SchemaData schemaUrl="#gee_annamayya_reservoir_water.schema">
            <SimpleData name="date">2021-11-04</SimpleData>
            <SimpleData name="area_ha">444.46</SimpleData>
          </SchemaData>
        </ExtendedData>
        <Polygon>
          <outerBoundaryIs>
            <LinearRing>
              <coordinates>
                79.0349857454292,14.2165581136101,0
                79.034990428505,14.2160159244284,0
                79.0347125298182,14.2160136401078,0
                79.0347133104219,14.2159232752568,0
                79.034620677574,14.21592251375,0
                79.0346214582089,14.2158321489032,0
                79.0345288254032,14.2158313873656,0
                79.0345296060694,14.2157410225232,0
                79.0344369733059,14.2157402609548,0
                79.0344385346953,14.2155595312778,0
                79.0337901060187,14.2155541993659,0
                79.0337908869624,14.2154638345617,0
                79.0336982543529,14.2154630727217,0
                79.0336990353278,14.2153727079217,0
                79.0336064027606,14.2153719460509,0
                79.0336071837667,14.2152815812552,0
                79.0335145512417,14.2152808193536,0
                79.0335153322791,14.2151904545623,0
                79.0334226997963,14.2151896926299,0
                79.033423480865,14.2150993278429,0
                79.0333308484244,14.2150985658797,0
                79.0333316295243,14.215008201097,0
                79.0332389971259,14.215007439103,0
                79.0332397782571,14.2149170743246,0
                79.0331471459009,14.2149163122999,0
                79.0331479270633,14.2148259475258,0
                79.0330552947494,14.2148251854702,0
                79.033056075943,14.2147348207005,0
                79.0329634436713,14.2147340586141,0
                79.0329681309383,14.2141918700107,0
                79.0328754988924,14.2141911079187,0
                79.0328762801211,14.214100743154,0
                79.0327836481175,14.2140999810312,0
                79.0327844293774,14.2140096162708,0
                79.0326917974161,14.2140088541173,0
                79.0326933599929,14.2138281246044,0
                79.0326007281105,14.2138273624251,0
                79.0326015094274,14.2137369976726,0
                79.0322309820994,14.2137339486173,0
                79.0322317635578,14.2136435838842,0
                79.0321391317762,14.2136428215359,0
                79.0321399132658,14.2135524568072,0
                79.0320472815265,14.213551694428,0
                79.0320480630473,14.2134613297036,0
                79.0319554313502,14.2134605672937,0
                79.0319562129023,14.2133702025736,0
                79.031770949598,14.2133686776563,0
                79.031771731218,14.2132783129456,0
                79.0316790996108,14.2132775504382,0
                79.0316798812621,14.2131871857318,0
                79.0315872496971,14.2131864231937,0
                79.0315880313797,14.2130960584916,0
                79.0314027683396,14.2130945333179,0
                79.0314035500901,14.2130041686252,0
                79.0306624984432,14.2129980665377,0
                79.0306617163989,14.21308843119,0
                79.0299206648095,14.2130823267689,0
                79.0299198824659,14.2131726913801,0
                79.0296419881003,14.2131704016159,0
                79.029641205641,14.2132607662112,0
                79.0294559426846,14.2132592395125,0
                79.0294551601464,14.213349604097,0
                79.0293625286397,14.2133488406888,0
                79.0293617460592,14.2134392052676,0
                79.029083851462,14.2134369148129,0
                79.0290893301813,14.2128043628525,0
                79.0289966989169,14.2128035993313,0
                79.0289974816059,14.2127132347677,0
                79.0289048503838,14.2127124712157,0
                79.0289056331039,14.2126221066564,0
                79.0282572149601,14.2126167608247,0
                79.0282564319829,14.2127071253486,0
                79.027978538465,14.2127048337253,0
                79.027977755372,14.2127951982333,0
                79.0276998617934,14.2127929062724,0
                79.0276990785848,14.2128832707645,0
                79.0275138161531,14.2128817426013,0
                79.0275130328656,14.2129721070826,0
                79.0274204016213,14.2129713429422,0
                79.0274196182915,14.2130617074177,0
                79.0272343557459,14.2130601790192,0
                79.0272335723372,14.2131505434839,0
                79.0268630471651,14.2131474862369,0
                79.0268622636039,14.2132378506806,0
                79.0254727944416,14.2132263808223,0
                79.0254720103241,14.2133167451894,0
                79.0247309603168,14.2133106245947,0
                79.0247301758999,14.2134009889206,0
                79.0244522821279,14.2133986930912,0
                79.0244514975953,14.2134890574012,0
                79.0243588663122,14.213488292048,0
                79.0243580817375,14.2135786563522,0
                79.0242654504232,14.2135778909581,0
                79.0242646658061,14.2136682552566,0
                79.0241720344606,14.2136674898216,0
                79.0241704651366,14.2138482184061,0
                79.0240778337232,14.2138474529252,0
                79.0240770490162,14.2139378172113,0
                79.0239844175715,14.2139370516894,0
                79.0239828480675,14.2141177802494,0
                79.0238902165549,14.2141170146816,0
                79.0238886469554,14.2142977432285,0
                79.0237960153748,14.2142969776147,0
                79.0237952305301,14.214387341882,0
                79.023609967312,14.2143858105368,0
                79.0236091823883,14.2144761747933,0
                79.0235165507508,14.2144754090619,0
                79.0235181206662,14.2142946805584,0
                79.0232402260071,14.2142923831796,0
                79.0232410110667,14.2142020189419,0
                79.0231483795614,14.2142012530824,0
                79.0231499497376,14.2140205246151,0
                79.0229646868905,14.2140189928088,0
                79.0229654720437,14.2139286285842,0
                79.0220391585064,14.2139209674534,0
                79.0220383729858,14.2140113316273,0
                79.0219457416257,14.2140105653121,0
                79.0219449560629,14.2141009294802,0
                79.0218523246715,14.2141001631241,0
                79.0218515390665,14.2141905272864,0
                79.0216662762269,14.2141889944565,0
                79.0216654905429,14.214279358608,0
                79.0215728590946,14.2142785921342,0
                79.0215712876366,14.2144593204248,0
                79.0214786561204,14.214458553905,0
                79.0214778703464,14.2145489180442,0
                79.0213852387989,14.2145481514835,0
                79.0213844529827,14.2146385156169,0
                79.021291821404,14.2146377490153,0
                79.0212910355455,14.2147281131429,0
                79.0211984039357,14.2147273465004,0
                79.0211976180349,14.2148177106222,0
                79.0211049863938,14.2148169439388,0
                79.0211042004508,14.2149073080548,0
                79.0210115687785,14.2149065413305,0
                79.0210107827933,14.2149969054407,0
                79.020547624331,14.2149930712564,0
                79.0205468381566,14.2150834353405,0
                79.0198057846101,14.2150772987416,0
                79.0198065710783,14.2149869346981,0
                79.0197139394466,14.2149861674671,0
                79.0197147259461,14.214895803428,0
                79.0195294627727,14.2148942688685,0
                79.0195302493401,14.2148039048388,0
                79.0194376177984,14.2148031375104,0
                79.019438404397,14.2147127734851,0
                79.0192531414036,14.214711238731,0
                79.0192539280702,14.214620874715,0
                79.0191612966185,14.2146201072893,0
                79.0191620833163,14.2145297432777,0
                79.0190694519069,14.2145289758212,0
                79.0190702386359,14.214438611814,0
                79.0189776072687,14.2144378443267,0
                79.0189783940289,14.2143474803239,0
                79.018885762704,14.2143467128059,0
                79.0188865494954,14.2142563488074,0
                79.0187939182128,14.2142555812586,0
                79.0187947050354,14.2141652172644,0
                79.018702073795,14.2141644496849,0
                79.0187036474971,14.2139837217046,0
                79.0186110163357,14.2139829540994,0
                79.0186118032152,14.2138925901132,0
                79.018519172096,14.2138918224773,0
                79.0185199590067,14.2138014584954,0
                79.0184273279298,14.2138006908287,0
                79.0184289018081,14.2136199628731,0
                79.0183362708101,14.2136191951807,0
                79.0183370577777,14.2135288312069,0
                79.018244426822,14.2135280634837,0
                79.0182452138208,14.2134376995142,0
                79.017967321097,14.2134353961451,0
                79.0179681082005,14.2133450321902,0
                79.0178754773403,14.2133442643339,0
                79.017876264475,14.2132539003832,0
                79.0176910028447,14.2132523645733,0
                79.0176957259773,14.2127101809154,0
                79.0177883565693,14.2127109488078,0
                79.017789143702,14.2126205848572,0
                79.0178817742628,14.2126213527087,0
                79.0178825613533,14.2125309887523,0
                79.0179751918829,14.2125317565629,0
                79.0179854230784,14.2113570249977,0
                79.0178927930262,14.2113562572532,0
                79.0178959410453,14.2109948013827,0
                79.0179885709507,14.2109955691069,0
                79.0179893579049,14.2109052051324,0
                79.0182672475439,14.2109075080748,0
                79.0182680343825,14.2108171440843,0
                79.018453294096,14.21081867919,0
                79.0184540808556,14.2107283151886,0
                79.0185467106839,14.2107290826827,0
                79.0185506442155,14.2102772626396,0
                79.0186432738658,14.2102780300724,0
                79.0186456338083,14.2100069380226,0
                79.0187382633539,14.2100077054044,0
                79.0187406231366,14.2097366133329,0
                79.0188332525776,14.2097373806636,0
                79.0188356122003,14.2094662885703,0
                79.0189282415367,14.2094670558499,0
                79.0189306009997,14.2091959637349,0
                79.0190232302314,14.2091967309635,0
                79.0190248031057,14.2090160028731,0
                79.0191174322695,14.2090167700557,0
                79.0191190050482,14.2088360419522,0
                79.0192116341442,14.2088368090888,0
                79.0192124204885,14.2087464450309,0
                79.0193050495533,14.2087472121266,0
                79.0193058358554,14.2086568480629,0
                79.019398464889,14.2086576151178,0
                79.0193992511488,14.2085672510483,0
                79.0194918801512,14.2085680180622,0
                79.0194926663689,14.2084776539869,0
                79.0195852953401,14.20847842096,0
                79.0195860815155,14.2083880568789,0
                79.0196787104555,14.208388823811,0
                79.0196794965887,14.2082984597241,0
                79.0197721254974,14.2082992266154,0
                79.0197729115884,14.2082088625227,0
                79.019865540466,14.2082096293731,0
                79.0198702566755,14.2076674447711,0
                79.0199628853384,14.2076682115552,0
                79.0199636713173,14.2075778474473,0
                79.0200562999489,14.2075786141905,0
                79.0200570858856,14.2074882500768,0
                79.0202423430921,14.2074897834456,0
                79.0202447006487,14.2072186910697,0
                79.0205225861694,14.2072209908087,0
                79.0205218004328,14.2073113549499,0
                79.0206144289875,14.207312121463,0
                79.0206136432821,14.2074024856087,0
                79.020706271879,14.207403252091,0
                79.0207054862048,14.207493616241,0
                79.0208907434885,14.2074951491084,0
                79.0208899578823,14.2075855132678,0
                79.021908873741,14.2075939415337,0
                79.0219096589434,14.2075035773186,0
                79.0221875450924,14.2075058751692,0
                79.0221867600001,14.2075962393996,0
                79.0223720175337,14.2075977711311,0
                79.0223673073045,14.208139956559,0
                79.0222746783147,14.2081391906807,0
                79.0222738932205,14.2082295549111,0
                79.0221812641994,14.208228788992,0
                79.022179693921,14.2084095174405,0
                79.0220870648321,14.2084087514754,0
                79.022084709263,14.2086798441274,0
                79.0221773384621,14.2086806101077,0
                79.0221765532981,14.2087709743287,0
                79.0222691825394,14.2087717402783,0
                79.0222683974066,14.2088621045036,0
                79.0226389145739,14.2088651679639,0
                79.0226396995599,14.2087748037183,0
                79.0227323288287,14.2087755694887,0
                79.0227331137725,14.2086852052373,0
                79.0230110015021,14.2086875023186,0
                79.0230117863301,14.2085971380513,0
                79.0231970447707,14.2085986692495,0
                79.0231978295198,14.2085083049713,0
                79.0232904587116,14.2085090705117,0
                79.0232912434185,14.2084187062277,0
                79.0233838725791,14.2084194717272,0
                79.0233846572438,14.2083291074374,0
                79.0234772863732,14.208329872896,0
                79.0234780709957,14.2082395086005,0
                79.0235707000939,14.2082402740181,0
                79.023573053818,14.207969181112,0
                79.0236656828116,14.2079699464787,0
                79.0236664673386,14.2078795821701,0
                79.023759096301,14.2078803474959,0
                79.023762234207,14.2075188902341,0
                79.023854863028,14.2075196555038,0
                79.0238564318746,14.2073389268585,0
                79.0239490606277,14.2073396920822,0
                79.023949845006,14.2072493277534,0
                79.0240424737279,14.2072500929363,0
                79.0240440423946,14.2070693642663,0
                79.0241366710486,14.2070701294033,0
                79.024137455337,14.2069797650621,0
                79.0242300839598,14.2069805301582,0
                79.0242308682059,14.2068901658113,0
                79.0246013826054,14.2068932258172,0
                79.0245998144013,14.2070739545508,0
                79.0246924430884,14.2070747194728,0
                79.0246830338417,14.2081590918745,0
                79.0247756629748,14.2081598568215,0
                79.0247740947634,14.2083405855551,0
                79.0248667239754,14.2083413504764,0
                79.0248659398981,14.2084317148472,0
                79.0249585691524,14.2084324797377,0
                79.0249577851064,14.2085228441129,0
                79.0252356730123,14.2085251385848,0
                79.0252364569482,14.2084347741945,0
                79.0255143447935,14.2084370683288,0
                79.0255151286138,14.2083467039226,0
                79.0265340507334,14.208355112935,0
                79.0265348341443,14.2082647484724,0
                79.0269053512969,14.2082678052003,0
                79.0269061345555,14.2081774407167,0
                79.0269987638207,14.2081782048041,0
                79.0269995470371,14.2080878403148,0
                79.027092176271,14.2080886043613,0
                79.0270929594452,14.2079982398662,0
                79.027185588648,14.2079990038718,0
                79.0271871549063,14.2078182748693,0
                79.0272797840412,14.207819038829,0
                79.0272813502041,14.2076383098135,0
                79.027373979271,14.2076390737273,0
                79.0273755453386,14.2074583446988,0
                79.0274681743376,14.2074591085666,0
                79.0274705232875,14.2071880150032,0
                79.0275631521819,14.2071887788201,0
                79.0275662838913,14.2068273207053,0
                79.0276589126443,14.2068280844661,0
                79.0276636098232,14.2062858972418,0
                79.0277562383615,14.2062866609365,0
                79.0277578039704,14.2061059318459,0
                79.0278504324408,14.2061066954946,0
                79.0278512152003,14.2060163309431,0
                79.0279438436394,14.206017094551,0
                79.0279454090685,14.2058363654358,0
                79.0281306658165,14.2058378925239,0
                79.0281314484494,14.2057475279551,0
                79.0282240767949,14.2057482914404,0
                79.0282248593856,14.2056579268658,0
                79.0283174876999,14.2056586903103,0
                79.0283198353288,14.205387596567,0
                79.0284124635385,14.2053883599605,0
                79.0284132460338,14.2052979953729,0
                79.0285058742123,14.2052987587255,0
                79.0285066566654,14.2052083941321,0
                79.0284140285236,14.2052076307846,0
                79.0284148110079,14.2051172661956,0
                79.0283221829083,14.2051165028173,0
                79.0283229654238,14.2050261382326,0
                79.0282303373664,14.2050253748235,0
                79.0282334675203,14.2046639164977,0
                79.0281408396152,14.2046631530731,0
                79.0281416221767,14.2045727884949,0
                79.0280489943138,14.2045720250395,0
                79.0280497769064,14.2044816604656,0
                79.0279571490858,14.2044808969795,0
                79.02796106215,14.2040290741245,0
                79.0281463174298,14.2040306010105,0
                79.0281470999527,14.2039402364272,0
                79.0282397275642,14.2039409998114,0
                79.028238945078,14.2040313643998,0
                79.0284242003908,14.2040328910709,0
                79.0284234179724,14.2041232556686,0
                79.0285160456738,14.2041240189555,0
                79.0285152632866,14.2042143835575,0
                79.0287005187792,14.204215910034,0
                79.02869973646,14.2043062746454,0
                79.0289776198502,14.2043085641067,0
                79.0289784020593,14.2042181994801,0
                79.0291636576068,14.2042197255985,0
                79.029164439737,14.2041293609611,0
                79.0292570674823,14.2041301239616,0
                79.0292578495704,14.2040397593184,0
                79.0293504772845,14.204040522278,0
                79.0293520413706,14.2038597929793,0
                79.0294446690168,14.203860555893,0
                79.0294462330076,14.2036798265814,0
                79.0295388605859,14.2036805894492,0
                79.0295396425364,14.2035902247872,0
                79.0296322700835,14.2035909876141,0
                79.0296330519917,14.2035006229464,0
                79.0297256795076,14.2035013857325,0
                79.0297272432343,14.2033206563848,0
                79.0298198706822,14.2033214191249,0
                79.0298214343135,14.2031406897642,0
                79.0299140616936,14.2031414524585,0
                79.0299148434643,14.203051087772,0
                79.0300074708131,14.2030518504254,0
                79.0300098159822,14.2027807563464,0
                79.0301024432265,14.2027815189489,0
                79.0301040065717,14.2026007895492,0
                79.030196633748,14.2026015521057,0
                79.0301989786146,14.2023304579857,0
                79.0301063515483,14.2023296954443,0
                79.0301118229683,14.2016971425075,0
                79.0302044497776,14.2016979050135,0
                79.0302052313504,14.2016075403003,0
                79.0302978581286,14.2016083027655,0
                79.0302986396592,14.2015179380465,0
                79.0302060129177,14.2015171755864,0
                79.0302067944795,14.2014268108717,0
                79.0301141677802,14.2014260483808,0
                79.0301149493731,14.2013356836705,0
                79.030022322716,14.2013349211489,0
                79.0300238859589,14.2011541917362,0
                79.0299312593807,14.2011534291888,0
                79.0299336043139,14.2008823350795,0
                79.0298409778512,14.2008815725115,0
                79.0298417595213,14.2007912078119,0
                79.0297491331009,14.2007904452132,0
                79.029750696498,14.2006097158221,0
                79.0296580701564,14.2006089531976,0
                79.0296588518834,14.2005185885061,0
                79.029566225584,14.2005178258509,0
                79.0295670073422,14.2004274611636,0
                79.0294743810849,14.2004266984777,0
                79.0294751628744,14.2003363337947,0
                79.0292899104497,14.2003348083255,0
                79.029290692307,14.200244443652,0
                79.0291054399778,14.2002429180497,0
                79.029106221903,14.2001525533855,0
                79.0290135957833,14.2001517905358,0
                79.0290143777396,14.2000614258759,0
                79.0289217516621,14.2000606629954,0
                79.0289225336497,14.1999702983399,0
                79.0288299076144,14.1999695354286,0
                79.0288306896332,14.1998791707774,0
                79.0286454376523,14.1998776448576,0
                79.028646219739,14.1997872802158,0
                79.0284609678535,14.1997857541629,0
                79.0284601856935,14.1998761187946,0
                79.0282749337567,14.1998745925884,0
                79.0282741515177,14.1999649572092,0
                79.0280888995295,14.1999634308497,0
                79.0280881172117,14.2000537954598,0
                79.0279954911891,14.2000530322213,0
                79.0279939264637,14.2002337614291,0
                79.0278086742883,14.2002322348245,0
                79.0278078918439,14.2003225994172,0
                79.0277152657278,14.2003218360561,0
                79.0277144832413,14.2004122006431,0
                79.0276218570939,14.2004114372412,0
                79.0276210745652,14.2005018018223,0
                79.0274358222136,14.200500274901,0
                79.027435039606,14.2005906394713,0
                79.0273424134018,14.2005898759519,0
                79.027341630752,14.2006802405165,0
                79.0271563782866,14.2006787133602,0
                79.027155595558,14.2007690779139,0
                79.0267850905465,14.2007660231514,0
                79.0267843076656,14.2008563876842,0
                79.0261359238505,14.2008510404363,0
                79.0261367069883,14.2007606759389,0
                79.0260440807877,14.2007599119083,0
                79.0260472134305,14.2003984539319,0
                79.0261398394844,14.2003992179423,0
                79.0261421887987,14.2001281244373,0
                79.026234814748,14.2001288883968,0
                79.0262355978051,14.2000385238886,0
                79.0263282237231,14.2000392878072,0
                79.026329006738,14.1999489232932,0
                79.0264216326249,14.199949687171,0
                79.0264224155976,14.1998593226513,0
                79.0266076673146,14.1998608502893,0
                79.0266084502084,14.1997704857587,0
                79.0267937018739,14.1997720132434,0
                79.0267952674983,14.1995912841599,0
                79.0268878932659,14.1995920478384,0
                79.0268933725212,14.1989594959877,0
                79.0268007470104,14.1989587323446,0
                79.0268015297758,14.1988683677966,0
                79.0267089043072,14.1988676041227,0
                79.0267096871038,14.1987772395791,0
                79.0265244362564,14.1987757121341,0
                79.0265252191209,14.1986853475999,0
                79.0263399683688,14.1986838200217,0
                79.0263407513012,14.1985934554969,0
                79.0262481259701,14.1985926916592,0
                79.0262473430011,14.198683056179,0
                79.0257842162448,14.1986792364284,0
                79.0257834330868,14.1987696009221,0
                79.0256908077153,14.1987688368595,0
                79.0256900245152,14.1988592013475,0
                79.0255973991125,14.1988584372441,0
                79.0255966158702,14.1989488017263,0
                79.0255039904364,14.198948037582,0
                79.0255024238618,14.199128766534,0
                79.0254097983601,14.1991280023439,0
                79.0254090150278,14.1992183668137,0
                79.0252237639676,14.1992168383159,0
                79.0252229805565,14.1993072027749,0
                79.025130354998,14.1993064384672,0
                79.0251295715446,14.1993968029205,0
                79.0249443203707,14.1993952741876,0
                79.0249435368385,14.19948563863,0
                79.0248509112231,14.1994848742048,0
                79.0248501276487,14.1995752386414,0
                79.0246648763611,14.1995737096735,0
                79.0246640927078,14.1996640740993,0
                79.0245714670355,14.1996633095566,0
                79.0245706833401,14.1997536739766,0
                79.0244780576366,14.199752909393,0
                79.024477273899,14.1998432738072,0
                79.0243846481643,14.1998425091828,0
                79.0243838643845,14.1999328735912,0
                79.0242912386187,14.1999321089259,0
                79.0242904547966,14.2000224733285,0
                79.0241978289996,14.2000217086224,0
                79.0241970451354,14.2001120730192,0
                79.0241044193072,14.2001113082722,0
                79.0241036354008,14.2002016726633,0
                79.0240110095414,14.2002009078754,0
                79.0240094416386,14.2003816366452,0
                79.0239168157114,14.2003808718114,0
                79.023916031715,14.2004712361902,0
                79.0237307798038,14.2004697064051,0
                79.0237292116478,14.2006504351402,0
                79.023636585627,14.2006496701838,0
                79.0236350173756,14.2008303989058,0
                79.023542391287,14.2008296339035,0
                79.0235416071163,14.2009199982584,0
                79.0232637287734,14.2009177030215,0
                79.023266081599,14.2006466100003,0
                79.0233587075978,14.2006473750999,0
                79.0233618444747,14.2002859177079,0
                79.0234544703322,14.2002866827514,0
                79.0234576069743,14.1999252253275,0
                79.0235502326905,14.199925990315,0
                79.0235525850042,14.1996548972243,0
                79.0236452106158,14.1996556621608,0
                79.0236459946727,14.1995652977907,0
                79.0237386202532,14.1995660626863,0
                79.0237433242584,14.1990238764203,0
                79.0238359496243,14.1990246412497,0
                79.0238367335692,14.1989342768645,0
                79.0239293589039,14.198935041653,0
                79.0239301428066,14.198844677262,0
                79.0240227681101,14.1988454420097,0
                79.0240235519707,14.1987550776128,0
                79.024116177243,14.1987558423197,0
                79.0241177448741,14.1985751135137,0
                79.0242103700786,14.1985758781746,0
                79.024212721374,14.198304784945,0
                79.0243053464739,14.198305549555,0
                79.0243076976096,14.1980344563037,0
                79.024400322605,14.1980352208626,0
                79.0244011062693,14.197944856439,0
                79.0245863562032,14.1979463854394,0
                79.0245871397885,14.197856021005,0
                79.0246797647271,14.1978567854464,0
                79.0246805482702,14.1977664210062,0
                79.0247731731776,14.1977671854068,0
                79.0247739566786,14.1976768209608,0
                79.0248665815548,14.1976775853205,0
                79.0248673650135,14.1975872208687,0
                79.0249599898585,14.1975879851876,0
                79.0249607732751,14.19749762073,0
                79.025053398089,14.197498385008,0
                79.0250549648323,14.1973176560805,0
                79.0251475895782,14.1973184203127,0
                79.025148372905,14.1972280558428,0
                79.0252409976198,14.1972288200341,0
                79.0252417809043,14.1971384555584,0
                79.0253344055879,14.1971392197088,0
                79.0253351888302,14.1970488552274,0
                79.0254278134827,14.197049619337,0
                79.0254301630666,14.1967785258731,0
                79.0255227876145,14.1967792899317,0
                79.0255259201694,14.1964178319495,0
                79.0254332957682,14.1964170679111,0
                79.0254379946554,14.1958748809464,0
                79.0253453704798,14.1958741169027,0
                79.0253461536451,14.1957837524111,0
                79.0252535295116,14.1957829883366,0
                79.0252605780816,14.1949697079254,0
                79.025353201885,14.1949704719543,0
                79.0253547681,14.194789742956,0
                79.02526214437,14.1947889789371,0
                79.0252629275059,14.194698614442,0
                79.0251703038181,14.1946978503924,0
                79.0251710869852,14.1946074859015,0
                79.0250784633395,14.1946067218212,0
                79.0250792465378,14.1945163573347,0
                79.0249866229343,14.1945155932237,0
                79.0249983707976,14.1931601259151,0
                79.0249057477498,14.1931593618443,0
                79.0249065309333,14.1930689973563,0
                79.0248139079276,14.1930682332547,0
                79.0248146911423,14.1929778687711,0
                79.0247220681787,14.1929771046388,0
                79.0247291171932,14.1921638242992,0
                79.0246364945652,14.1921630601767,0
                79.0246372777981,14.192072695696,0
                79.0245446552123,14.1920719315428,0
                79.0245454384764,14.1919815670664,0
                79.0240823258131,14.191977745789,0
                79.0240815423656,14.1920681102401,0
                79.0239889198128,14.1920673458722,0
                79.0239897032969,14.1919769814262,0
                79.0230634784384,14.1919693358305,0
                79.0230642622837,14.1918789714344,0
                79.0229716398648,14.1918782066832,0
                79.0229732076122,14.191697477899,0
                79.0231584523088,14.1916990073455,0
                79.0231592361009,14.1916086429422,0
                79.0233444807462,14.1916101722354,0
                79.0233452644595,14.1915198078213,0
                79.0234378867538,14.1915205724092,0
                79.0234386704248,14.1914302079892,0
                79.0235312926879,14.1914309725363,0
                79.0235320763168,14.1913406081105,0
                79.0236246985488,14.1913413726167,0
                79.0236262657167,14.191160643753,0
                79.0237188878809,14.1911614082133,0
                79.023722805521,14.1907095860158,0
                79.0240006714965,14.1907118791062,0
                79.0240030216846,14.1904407857334,0
                79.0239103997972,14.190440021421,0
                79.0239111832189,14.190349656967,0
                79.0238185613737,14.1903488926238,0
                79.0238193448265,14.1902585281742,0
                79.0237267230235,14.1902577638003,0
                79.0237275065075,14.190167399355,0
                79.0236348847466,14.1901666349504,0
                79.0236356682618,14.1900762705095,0
                79.0235430465431,14.1900755060742,0
                79.0235438300894,14.1899851416376,0
                79.0230807217619,14.1899813189499,0
                79.023081505486,14.1898909545379,0
                79.0229888838737,14.1898901898981,0
                79.0229896676289,14.1897998254904,0
                79.0228970460588,14.1897990608199,0
                79.0228993974014,14.1895279676079,0
                79.0228067759467,14.1895272029168,0
                79.0228075597532,14.1894368385164,0
                79.0229001811712,14.1894376032024,0
                79.0229009649356,14.1893472387962,0
                79.0229935863224,14.1893480034414,0
                79.0229943700445,14.1892576390294,0
                79.0227165060106,14.1892553450019,0
                79.0227180736583,14.1890746162061,0
                79.022625452398,14.1890738514689,0
                79.0226262362502,14.188983487075,0
                79.0225336150321,14.188982722307,0
                79.0225351827934,14.1888019935273,0
                79.0223499405202,14.1888004639043,0
                79.0223507244659,14.1887100995235,0
                79.0219802401324,14.1887070398686,0
                79.0219794560401,14.1887974042292,0
                79.0217015927378,14.1887951090973,0
                79.0217023769401,14.188704744752,0
                79.0216097558871,14.1887039796416,0
                79.0216105401205,14.1886136153005,0
                79.0215179191096,14.1886128501594,0
                79.0215187033742,14.1885224858228,0
                79.0212408404846,14.1885201902,0
                79.0212416248536,14.1884298258779,0
                79.0211490039381,14.1884290606038,0
                79.0211497883383,14.188338696286,0
                79.0210571674649,14.1883379309813,0
                79.0210579518963,14.1882475666678,0
                79.0209653310651,14.1882468013324,0
                79.0209676844359,14.1879757084028,0
                79.0208750637202,14.1879749430469,0
                79.0208766326798,14.1877942144337,0
                79.020784012043,14.1877934490521,0
                79.0207871500427,14.1874319918374,0
                79.0206945295579,14.1874312264403,0
                79.0207023745375,14.1865275834037,0
                79.0206097544248,14.1865268180216,0
                79.0206105389291,14.186436453719,0
                79.0204252987935,14.1864349228577,0
                79.0204260833655,14.1863445585645,0
                79.0200556033072,14.186341496433,0
                79.0200563880203,14.1862511321594,0
                79.0198711480976,14.1862496008893,0
                79.0198797803842,14.1852555939439,0
                79.0197871608342,14.185254828311,0
                79.0197879455911,14.185164464044,0
                79.0196953260833,14.1851636983804,0
                79.0196984652021,14.1848022413254,0
                79.0195132264962,14.1848007099316,0
                79.0195140113354,14.1847103456761,0
                79.0194213920274,14.1847095799307,0
                79.0194221768977,14.1846192156796,0
                79.0193295576319,14.1846184499035,0
                79.0193303425333,14.1845280856568,0
                79.0192377233096,14.1845273198499,0
                79.0192385082422,14.1844369556076,0
                79.0191458890607,14.1844361897701,0
                79.0191466740244,14.1843458255321,0
                79.019054054885,14.1843450596639,0
                79.0190548398799,14.1842546954302,0
                79.0189622207827,14.1842539295314,0
                79.0189630058086,14.1841635653021,0
                79.0188703867536,14.1841627993725,0
                79.0188711718106,14.1840724351476,0
                79.0187785527978,14.1840716691874,0
                79.018779337886,14.1839813049668,0
                79.0186867189153,14.1839805389759,0
                79.0186898593594,14.1836190821066,0
                79.0185972405408,14.1836183161003,0
                79.0185980256747,14.1835279518863,0
                79.0185054068982,14.1835271858493,0
                79.0185085475251,14.1831657290062,0
                79.0184159289008,14.1831649629537,0
                79.0184167140803,14.1830745987462,0
                79.0183240954981,14.1830738326631,0
                79.0183248807088,14.18298346846,0
                79.0180470251052,14.1829811700113,0
                79.0180478104203,14.1828908058227,0
                79.0179551919334,14.1828900396067,0
                79.0179559772796,14.1827996754224,0
                79.0178633588349,14.1827989091758,0
                79.0178641442122,14.1827085449959,0
                79.0177715258097,14.1827077787186,0
                79.0177723112181,14.182617414543,0
                79.017587074503,14.1826158818913,0
                79.0175878599791,14.1825255177252,0
                79.017032150186,14.1825209189425,0
                79.0170329358765,14.1824305548062,0
                79.0169403176336,14.1824297882224,0
                79.0169411033552,14.1823394240904,0
                79.0168484851545,14.1823386574759,0
                79.0168492709072,14.1822482933482,0
                79.0164787983062,14.1822452265532,0
                79.0164795841999,14.1821548624451,0
                79.0163869661001,14.1821540956621,0
                79.0163877520249,14.1820637315584,0
                79.0162951339673,14.1820629647447,0
                79.0162959199232,14.1819726006454,0
                79.0162033019078,14.181971833801,0
                79.0162072317878,14.181520013319,0
                79.0160219961398,14.1815184795738,0
                79.0160235681997,14.1813377513963,0
                79.0159309504572,14.1813369844803,0
                79.0159317365155,14.1812466203955,0
                79.0158391188152,14.1812458534488,0
                79.0158399049046,14.1811554893684,0
                79.0157472872465,14.1811547223911,0
                79.015748073367,14.181064358315,0
                79.0153776029364,14.1810612900684,0
                79.0153783891978,14.180970926012,0
                79.0151005365429,14.180968624467,0
                79.0151013229087,14.1808782604252,0
                79.0144530004971,14.180872888938,0
                79.0144868200222,14.1769872359851,0
                79.0145794359179,14.1769880032288,0
                79.0145802222602,14.1768976391857,0
                79.0146728381249,14.1768984063886,0
                79.0146736244249,14.1768080423396,0
                79.0147662402585,14.1768088095017,0
                79.0147678127689,14.1766280813915,0
                79.0146751970085,14.1766273142395,0
                79.014675983292,14.1765369501884,0
                79.0147685990158,14.1765377173353,0
                79.0147693852571,14.1764473532783,0
                79.0148620009497,14.1764481203843,0
                79.0148627871489,14.1763577563216,0
                79.0149554028104,14.1763585233868,0
                79.0149561889675,14.1762681593182,0
                79.0150488045979,14.1762689263426,0
                79.0150495907128,14.1761785622682,0
                79.0151422063122,14.1761793292518,0
                79.0151429923849,14.1760889651716,0
                79.0152356079532,14.1760897321144,0
                79.0152379660283,14.1758186398542,0
                79.0153305814923,14.175819406746,0
                79.0153313674697,14.1757290426527,0
                79.0154239829025,14.1757298095037,0
                79.0154247688377,14.1756394454046,0
                79.0155173842395,14.1756402122147,0
                79.015522099515,14.1750980275748,0
                79.0156147147026,14.1750987943186,0
                79.0156155005259,14.1750084302044,0
                79.0157081156824,14.1750091969074,0
                79.0157096872391,14.1748284686665,0
                79.0158023023279,14.1748292353237,0
                79.0158030880614,14.174738871197,0
                79.0158957031191,14.1747396378134,0
                79.0158972744962,14.1745589095478,0
                79.0159898894862,14.1745596761183,0
                79.0159906751298,14.1744693119793,0
                79.0160832900887,14.1744700785089,0
                79.0160848612862,14.1742893502187,0
                79.0162700910741,14.1742908831504,0
                79.0162708765914,14.1742005189941,0
                79.016363491457,14.1742012854012,0
                79.0163642769321,14.1741109212391,0
                79.0166421214523,14.174113220231,0
                79.016642906812,14.1740228560529,0
                79.0168281364466,14.1740243885254,0
                79.016829707003,14.1738436601466,0
                79.0169223217553,14.1738444263191,0
                79.0169238922164,14.1736636979272,0
                79.017016506901,14.1736644640538,0
                79.0170172920866,14.1735740998518,0
                79.0171099067402,14.1735748659375,0
                79.0171106918837,14.1734845017297,0
                79.0172033065061,14.1734852677746,0
                79.0172048767033,14.1733045393465,0
                79.0172974912581,14.1733053053456,0
                79.0172982763118,14.1732149411254,0
                79.0173908908354,14.1732157070837,0
                79.017391675847,14.1731253428577,0
                79.0174842903396,14.1731261087752,0
                79.017485075309,14.1730357445433,0
                79.0175776897705,14.17303651042,0
                79.0175784746978,14.1729461461824,0
                79.0176710891282,14.1729469120183,0
                79.017672658893,14.1727661835307,0
                79.0177652732557,14.1727669493207,0
                79.0177660580932,14.1726765850707,0
                79.0178586724248,14.1726773508199,0
                79.0178594572201,14.1725869865641,0
                79.0179520715207,14.1725877522725,0
                79.0179528562739,14.172497388011,0
                79.0180454705433,14.1724981536786,0
                79.0180462552544,14.1724077894112,0
                79.0182314837367,14.172409320629,0
                79.018232268369,14.1723189563508,0
                79.0184174968001,14.1723204874156,0
                79.0184182813537,14.1722301231265,0
                79.018696123932,14.1722324194405,0
                79.0186969083702,14.1721420551354,0
                79.0187895225374,14.1721428204969,0
                79.0187903069335,14.172052456186,0
                79.0188829210696,14.1720532215067,0
                79.0188844897721,14.1718724928726,0
                79.0189771038405,14.1718732581474,0
                79.0189778881468,14.1717828938242,0
                79.0190705021841,14.1717836590583,0
                79.0190712864484,14.1716932947293,0
                79.0199974267588,14.171700945054,0
                79.0199982106514,14.1716105806735,0
                79.0200908246762,14.1716113455044,0
                79.0200916085267,14.1715209811182,0
                79.0201842225204,14.1715217459083,0
                79.0201850063288,14.1714313815162,0
                79.0202776202914,14.1714321462656,0
                79.0202784040576,14.1713417818677,0
                79.0203710179891,14.1713425465763,0
                79.0203718017133,14.1712521821726,0
                79.0204644156137,14.1712529468404,0
                79.0204651992957,14.1711625824309,0
                79.0206504270399,14.1711641116491,0
                79.0206512106432,14.1710737472288,0
                79.0207438244869,14.1710745117792,0
                79.0207453916037,14.1708937829263,0
                79.0208380053798,14.1708945474309,0
                79.0208387888933,14.1708041829982,0
                79.0209314026382,14.170804947462,0
                79.0209321861096,14.1707145830236,0
                79.0210247998235,14.1707153474466,0
                79.0210263666766,14.1705346185574,0
                79.0211189803228,14.1705353829346,0
                79.0211213304512,14.1702642895802,0
                79.021213943993,14.1702650539064,0
                79.0212155106446,14.1700843249898,0
                79.0213081241187,14.1700850892701,0
                79.021309690675,14.1699043603404,0
                79.0214023040815,14.1699051245749,0
                79.0214030873147,14.1698147601039,0
                79.0214957006901,14.1698155242976,0
                79.0215003997543,14.169273337426,0
                79.0215930129156,14.1692741015536,0
                79.021593796037,14.1691837370674,0
                79.0216864091672,14.1691845011542,0
                79.0216871922466,14.1690941366622,0
                79.021594579153,14.1690933725805,0
                79.0215961453684,14.1689126436045,0
                79.0216887583888,14.168913407676,0
                79.0216903245089,14.168732678687,0
                79.0217829374616,14.1687334427127,0
                79.0217845034865,14.1685527137107,0
                79.0218771163715,14.1685534776906,0
                79.0218810311543,14.1681016551474,0
                79.0219736438618,14.1681024190662,0
                79.0219814726481,14.1671987738752,0
                79.0218888603065,14.1671980100071,0
                79.0218896431914,14.1671076454891,0
                79.0217970308919,14.1671068815903,0
                79.0217985967184,14.1669261525623,0
                79.0217059844976,14.1669253886379,0
                79.0217075503753,14.1667446596171,0
                79.0216149382332,14.1667438956672,0
                79.0216157212003,14.1666535311608,0
                79.0215231091004,14.1666527671803,0
                79.0215238920986,14.1665624026782,0
                79.0214312800407,14.1665616386671,0
                79.0214328460938,14.1663809096709,0
                79.0213402341147,14.1663801456342,0
                79.0213418002189,14.1661994166453,0
                79.0212491883184,14.166198652583,0
                79.0212499713989,14.1661082880925,0
                79.0211573595405,14.1661075239996,0
                79.0211581426521,14.1660171595135,0
                79.0210655308358,14.1660163953899,0
                79.0210670971155,14.1658356664256,0
                79.0209744853779,14.1658349022765,0
                79.0209752685461,14.1657445377984,0
                79.0208826568507,14.1657437736186,0
                79.0208834400499,14.1656534091448,0
                79.0207908283966,14.1656526449344,0
                79.0207916116269,14.165562280465,0
                79.0206990000156,14.1655615162239,0
                79.020699783277,14.1654711517588,0
                79.0206071717079,14.1654703874872,0
                79.0206079550004,14.1653800230264,0
                79.0205153434733,14.1653792587241,0
                79.0205161267969,14.1652888942677,0
                79.020423515312,14.1652881299348,0
                79.0204242986666,14.1651977654828,0
                79.0203316872238,14.1651970011192,0
                79.0203324706095,14.1651066366715,0
                79.0201472478136,14.1651051078474,0
                79.0201480312669,14.1650147434091,0
                79.0200554199138,14.1650139789486,0
                79.0200562033983,14.1649236145147,0
                79.0197783694818,14.1649213209341,0
                79.0197791530705,14.1648309565147,0
                79.0191308743814,14.1648256036124,0
                79.0191316582207,14.1647352392278,0
                79.0187612135232,14.1647321796614,0
                79.0187619975033,14.1646418152964,0
                79.018484164148,14.1646395202619,0
                79.0184849482323,14.1645491559114,0
                79.0181145039821,14.1645460953859,0
                79.0181152882073,14.164455731055,0
                79.0177448441918,14.1644526699786,0
                79.0177464129183,14.1642719413552,0
                79.0171907474998,14.1642673487305,0
                79.0171915320743,14.1641769844482,0
                79.0170063103854,14.1641754532979,0
                79.0170070950276,14.164085089025,0
                79.0160809872808,14.164077431182,0
                79.0160802022728,14.164167795404,0
                79.0158949807166,14.1641662633968,0
                79.0158957657978,14.1640758991849,0
                79.015525322898,14.1640728347625,0
                79.01552610812,14.1639824705702,0
                79.0149704441557,14.163977872896,0
                79.0149696587142,14.1640682370577,0
                79.0145066053798,14.1640644046553,0
                79.0145058197498,14.1641547687909,0
                79.0140427663707,14.1641509354705,0
                79.0140419805523,14.1642412995799,0
                79.0135789271286,14.1642374653416,0
                79.01357971313,14.1641471012576,0
                79.011912722609,14.1641332907011,0
                79.011911935949,14.1642236546934,0
                79.0116341042602,14.1642213517941,0
                79.011633317485,14.1643117157704,0
                79.0114480963136,14.1643101803155,0
                79.0114473094597,14.1644005442809,0
                79.0112620882373,14.164399008673,0
                79.0112613013047,14.1644893726274,0
                79.0110760800313,14.1644878368665,0
                79.0110752930199,14.16457820081,0
                79.0108900716955,14.1645766648962,0
                79.0108892846055,14.1646670288288,0
                79.010796673915,14.1646662608132,0
                79.0107950996451,14.164846988666,0
                79.0107024888869,14.1648462206045,0
                79.0107017017071,14.1649365845248,0
                79.0106090909179,14.1649358164225,0
                79.0106083036959,14.1650261803369,0
                79.0099600280709,14.1650208025855,0
                79.009960815549,14.1649304387068,0
                79.0094051511632,14.1649258278437,0
                79.0094043634656,14.1650161916919,0
                79.0091265312378,14.1650138857631,0
                79.0091257434249,14.1651042495952,0
                79.0090331326568,14.1651034808757,0
                79.0090323448017,14.165193844702,0
                79.0089397340026,14.1651930759418,0
                79.0089381582026,14.1653738035819,0
                79.0088455473359,14.1653730347758,0
                79.008844759391,14.1654633985897,0
                79.0087521484931,14.1654626297427,0
                79.0087513605061,14.1655529935508,0
                79.0086587495773,14.165552224663,0
                79.0086579615481,14.1656425884653,0
                79.0085653505882,14.1656418195367,0
                79.0085645625169,14.1657321833331,0
                79.008471951526,14.1657314143638,0
                79.0084703752935,14.1659121419443,0
                79.008377764235,14.165911372929,0
                79.0083761879072,14.1660921004963,0
                79.008283576781,14.1660913314351,0
                79.0082820003578,14.1662720589894,0
                79.008189389164,14.1662712898823,0
                79.0081878126454,14.1664520174235,0
                79.0080952013839,14.1664512482705,0
                79.0080873180922,14.167354885882,0
                79.0079947064704,14.1673541166423,0
                79.0079923412649,14.1676252078963,0
                79.0078997295388,14.1676244386055,0
                79.0078934217872,14.1683473485437,0
                79.0078008097739,14.1683465791764,0
                79.0077992327073,14.1685273066435,0
                79.0077066206263,14.1685265372302,0
                79.0077050434643,14.1687072646842,0
                79.0076124313157,14.168706495225,0
                79.0076076994769,14.1692486775391,0
                79.0077003118451,14.169249447029,0
                79.0076947913701,14.1698819930649,0
                79.0076021787458,14.1698812235393,0
                79.007600601344,14.1700619509615,0
                79.007507988652,14.17006118139,0
                79.0075071999062,14.1701515450948,0
                79.0074145871831,14.1701507754825,0
                79.0074137983951,14.1702411391816,0
                79.0072285728924,14.1702395998395,0
                79.0072277840257,14.1703299635276,0
                79.0068573329404,14.1703268843946,0
                79.0068565439217,14.1704172480615,0
                79.0067639311277,14.1704164781839,0
                79.0067631420669,14.170506841845,0
                79.0063926907998,14.1705037619567,0
                79.006391901587,14.1705941255967,0
                79.0062992887475,14.1705933555302,0
                79.0062984994926,14.1706837191643,0
                79.006205886622,14.170682949057,0
                79.0062050973249,14.1707733126854,0
                79.0061124844234,14.1707725425372,0
                79.0061109057393,14.1709532697815,0
                79.00601829277,14.1709524995874,0
                79.006017503383,14.1710428632033,0
                79.005832277388,14.1710413226978,0
                79.0058314879223,14.1711316863028,0
                79.005275809851,14.1711270638984,0
                79.0052765995363,14.1710367003241,0
                79.0051839865805,14.1710359298034,0
                79.0051831968585,14.1711262933726,0
                79.0048127449443,14.1711232109124,0
                79.0048135348127,14.1710328473637,0
                79.0047209218847,14.1710320766645,0
                79.0047217117841,14.1709417131201,0
                79.0046290988983,14.1709409423903,0
                79.0046298888287,14.1708505788503,0
                79.004722501678,14.170851349575,0
                79.0047240814491,14.1706706224827,0
                79.0046314686731,14.1706698517682,0
                79.0046330484951,14.1704891246832,0
                79.0048182739064,14.170490666056,0
                79.0048190637359,14.1704003025022,0
                79.0050042890962,14.1704018437219,0
                79.0050050788469,14.1703114801572,0
                79.0051903041562,14.1703130212238,0
                79.0051910938282,14.1702226576481,0
                79.0053763190866,14.1702241985616,0
                79.0053771086798,14.170133834975,0
                79.0054697212807,14.1701346053731,0
                79.0054705108317,14.1700442417806,0
                79.005655735977,14.1700457824594,0
                79.0056565254493,14.169955418856,0
                79.0057491379937,14.1699561891367,0
                79.0057499274238,14.1698658255274,0
                79.005935152456,14.1698673659715,0
                79.0059359418074,14.1697770023513,0
                79.0062137792876,14.1697793127342,0
                79.0062145685236,14.1696889490979,0
                79.0063997934649,14.1696904891644,0
                79.0064005826222,14.1696001255172,0
                79.0064931950646,14.1696008954918,0
                79.0064939841797,14.1695105318387,0
                79.006586596591,14.1695113017725,0
                79.0065881747314,14.169330574454,0
                79.0066807870751,14.1693313443418,0
                79.0066815761003,14.1692409806764,0
                79.006774188413,14.1692417505234,0
                79.0067757663736,14.1690610231802,0
                79.0068683786186,14.1690617929812,0
                79.006869167554,14.1689714293034,0
                79.006961779768,14.1689721990637,0
                79.0069625686612,14.16888183538,0
                79.0070551808441,14.1688826050995,0
                79.0070567585407,14.1687018777198,0
                79.007149370656,14.1687026473933,0
                79.0071509482572,14.1685219200005,0
                79.0072435603048,14.1685226896281,0
                79.0072467152941,14.1681612348135,0
                79.0071541033929,14.1681604652064,0
                79.0071556809275,14.167979737805,0
                79.0070630691049,14.1679789681723,0
                79.0070646466905,14.1677982407782,0
                79.0069720349467,14.1677974711201,0
                79.0069751901976,14.1674360163437,0
                79.0070678017949,14.1674367859814,0
                79.0070693793138,14.1672560585786,0
                79.0071619908436,14.1672568281704,0
                79.0071659343607,14.1668050096253,0
                79.007073323014,14.1668042400591,0
                79.0070741117373,14.166713876353,0
                79.0069815004327,14.1667131067561,0
                79.0069822891871,14.1666227430544,0
                79.0068896779246,14.166621973427,0
                79.00689046671,14.1665316097297,0
                79.0067978554897,14.1665308400717,0
                79.0067986443062,14.1664404763787,0
                79.0066134219554,14.1664389369657,0
                79.0066126330657,14.1665293006485,0
                79.0064274106639,14.1665277610824,0
                79.0064281996267,14.1664373974099,0
                79.0063355884707,14.1664366275785,0
                79.0063363774646,14.1663462639104,0
                79.0061511552425,14.1663447241505,0
                79.0061503661754,14.1664350878084,0
                79.0056873105344,14.1664312377585,0
                79.0056857320176,14.166611965021,0
                79.0055931208329,14.1666111948936,0
                79.0055907529063,14.1668822857666,0
                79.0052203077839,14.1668792048389,0
                79.0052218866999,14.1666984776318,0
                79.0051292755063,14.1666977073208,0
                79.0051300649926,14.1666073437213,0
                79.0050374538412,14.1666065733798,0
                79.0050390328702,14.1664258461888,0
                79.0051316439484,14.1664266165202,0
                79.005132433418,14.1663362529185,0
                79.0052250444652,14.166337023209,0
                79.0052258338926,14.1662466596015,0
                79.005133222882,14.1662458893161,0
                79.0051348017934,14.1660651621092,0
                79.0050421908616,14.1660643917982,0
                79.0050429803455,14.1659740281988,0
                79.0049503694558,14.1659732578573,0
                79.0049519484802,14.1657925306665,0
                79.0047667268639,14.1657909898968,0
                79.0047675164409,14.1657006263105,0
                79.00458229492,14.1656990854083,0
                79.0045830845646,14.1656087218315,0
                79.0044904738491,14.1656079513319,0
                79.0044928428595,14.1653368606126,0
                79.0044002322593,14.1653360900927,0
                79.0044018116449,14.1651553629531,0
                79.0043092011235,14.1651545924077,0
                79.0043107805601,14.1649738652754,0
                79.0042181701173,14.1649730947045,0
                79.0042197496048,14.1647923675796,0
                79.0041271392408,14.1647915969833,0
                79.0041295085402,14.1645205063058,0
                79.0040368982915,14.1645197356891,0
                79.0040400574258,14.1641582814628,0
                79.003947447329,14.1641575108309,0
                79.0039585041106,14.1628924210195,0
                79.0038658945316,14.1628916504235,0
                79.0038666842966,14.1628012868652,0
                79.0037740747597,14.1628005162386,0
                79.0037772339104,14.1624390620188,0
                79.003869843301,14.162439832625,0
                79.0038706330381,14.1623494690631,0
                79.0037780236841,14.1623486984621,0
                79.0037890799331,14.1610836085917,0
                79.003881688775,14.1610843791211,0
                79.0038848473568,14.1607229248259,0
                79.003977456058,14.1607236952992,0
                79.0039798248262,14.1604526045549,0
                79.0040724334232,14.1604533749772,0
                79.0040779600985,14.1598208298461,0
                79.004170568445,14.1598216001968,0
                79.0041745157205,14.1593697821988,0
                79.0040819075569,14.1593690118736,0
                79.0040882232012,14.1586461030801,0
                79.0041808310723,14.1586468733644,0
                79.0041855673526,14.1581046917083,0
                79.0048338210703,14.1581100824842,0
                79.0048330319601,14.1582004461312,0
                79.0049256396929,14.1582012161044,0
                79.0049248506137,14.1582915797557,0
                79.0050174583886,14.1582923496984,0
                79.0050158802867,14.1584730770091,0
                79.0052010959994,14.1584746168078,0
                79.0052003070133,14.1585649804723,0
                79.0055707386517,14.1585680596619,0
                79.0055715274915,14.158477695977,0
                79.0057567432709,14.1584792353474,0
                79.0057559545042,14.1585695990426,0
                79.0058485624388,14.1585703686794,0
                79.0058454074626,14.1589318234734,0
                79.0057527993818,14.1589310538161,0
                79.0057512217872,14.1591117811985,0
                79.0056586136388,14.1591110114954,0
                79.0056570359489,14.1592917388647,0
                79.0055644277328,14.1592909691156,0
                79.0055628499476,14.1594716964718,0
                79.0054702416639,14.1594709266768,0
                79.0054568289702,14.161007109001,0
                79.0055494378756,14.1610078788829,0
                79.0055462818606,14.1613693335375,0
                79.0056388909178,14.1613701034041,0
                79.0056373129502,14.1615508307373,0
                79.0057299220861,14.1615516005784,0
                79.0057283441694,14.161732327919,0
                79.0058209533841,14.1617330977346,0
                79.005818586577,14.1620041887553,0
                79.005911195907,14.1620049585506,0
                79.005909618081,14.1621856859044,0
                79.0060022274897,14.1621864556742,0
                79.0059998608188,14.1624575467147,0
                79.0060924703428,14.1624583164642,0
                79.006091681478,14.162548680148,0
                79.0061842910441,14.1625494498669,0
                79.006182713371,14.1627301772427,0
                79.0062753230158,14.1627309469361,0
                79.0062737453936,14.1629116743191,0
                79.0063663551172,14.162912443987,0
                79.0063647775459,14.1630931713774,0
                79.0064573873482,14.1630939410199,0
                79.0064565985908,14.1631843047191,0
                79.0065492084352,14.1631850743309,0
                79.006547630977,14.1633658017374,0
                79.0066402409001,14.1633665713238,0
                79.0066386634928,14.1635472987376,0
                79.0067312734946,14.1635480682985,0
                79.0067304848192,14.1636384320094,0
                79.0069157049127,14.1636399710343,0
                79.006914916305,14.1637303347548,0
                79.0071001364938,14.1637318736471,0
                79.0070993479537,14.163822237377,0
                79.0072845682379,14.1638237761367,0
                79.0072837797654,14.1639141398761,0
                79.0081172716486,14.1639210625737,0
                79.0081180597918,14.1638306987883,0
                79.0083958904097,14.1638330056963,0
                79.0083966784377,14.1637426418949,0
                79.0085818988041,14.1637441796448,0
                79.0085826867534,14.1636538158325,0
                79.0086752969084,14.1636545846488,0
                79.0086760848155,14.1635642208307,0
                79.0087686949394,14.1635649896062,0
                79.0087694828044,14.1634746257822,0
                79.0088620928973,14.1634753945169,0
                79.0088628807202,14.1633850306871,0
                79.0089554907821,14.163385799381,0
                79.0089562785628,14.1632954355454,0
                79.0090488885936,14.1632962041985,0
                79.0090496763322,14.163205840357,0
                79.0094201163647,14.1632089145921,0
                79.0094209039514,14.1631185507295,0
                79.0095135139368,14.1631193191939,0
                79.0095143014814,14.1630289553255,0
                79.0096069114357,14.1630297237491,0
                79.0096076989382,14.1629393598749,0
                79.0097003088615,14.1629401282577,0
                79.0097066083891,14.1622172171972,0
                79.0096139987584,14.1622164488551,0
                79.009615573658,14.162035721093,0
                79.0097081832155,14.1620364894248,0
                79.0097097580198,14.1618557616495,0
                79.0098023675096,14.1618565299355,0
                79.0098031548669,14.1617661660417,0
                79.0098957643257,14.1617669342868,0
                79.0098965516408,14.1616765703871,0
                79.0099891610687,14.1616773385915,0
                79.0099899483417,14.161586974686,0
                79.0100825577384,14.1615877428495,0
                79.0100833449693,14.1614973789383,0
                79.0101759543351,14.161498147061,0
                79.0101767415238,14.1614077831439,0
                79.0103619601988,14.1614093192721,0
                79.0103627473088,14.1613189553441,0
                79.0104553566181,14.1613197233496,0
                79.010456143686,14.1612293594157,0
                79.0106413622479,14.1612308953094,0
                79.0106421492372,14.1611405313646,0
                79.0107347584898,14.1611412992528,0
                79.0107355454369,14.1610509353022,0
                79.0108281546586,14.1610517031496,0
                79.0108297284631,14.1608709752361,0
                79.0109223376171,14.1608717430376,0
                79.0109231244744,14.1607813790747,0
                79.0110157335975,14.1607821468354,0
                79.0110165204127,14.1606917828666,0
                79.0112017386022,14.1606933182708,0
                79.0112025253387,14.1606029542911,0
                79.0112951344052,14.1606037219346,0
                79.0112959210996,14.1605133579491,0
                79.0116663572746,14.1605164281456,0
                79.0116671438172,14.160426064139,0
                79.0117597528382,14.1604268315938,0
                79.0117589663322,14.1605171956055,0
                79.0123146207941,14.1605217996153,0
                79.0123154070806,14.1604314355731,0
                79.0125932342766,14.1604337370809,0
                79.0125940204479,14.1603433730227,0
                79.0127792385331,14.1603449071726,0
                79.0127800246257,14.1602545431034,0
                79.0129652426598,14.1602560771003,0
                79.0129660286738,14.1601657130203,0
                79.0131512466569,14.1601672468643,0
                79.0131520325922,14.1600768827733,0
                79.0132446415555,14.1600776496367,0
                79.0132454274486,14.1599872855399,0
                79.0133380363809,14.1599880523625,0
                79.0133388222319,14.1598976882599,0
                79.0134314311331,14.1598984550417,0
                79.013432216942,14.1598080909333,0
                79.0140804791495,14.159813457371,0
                79.0140796935966,14.1599038215151,0
                79.0141723025421,14.1599045880114,0
                79.0141707314929,14.1600853163075,0
                79.0142633405171,14.1600860827782,0
                79.0142617695189,14.1602668110816,0
                79.0143543786217,14.1602675775269,0
                79.0143535931509,14.1603579416826,0
                79.0144462022959,14.1603587080973,0
                79.0144454168561,14.1604490722573,0
                79.0146306352357,14.1604506049897,0
                79.0146298498636,14.1605409691593,0
                79.0147224590983,14.160541735477,0
                79.0147208884105,14.1607224638241,0
                79.0148134977239,14.1607232301163,0
                79.0148127124083,14.1608135942938,0
                79.0149979311248,14.1608151267814,0
                79.0149971458768,14.1609054909684,0
                79.0151823646886,14.1609070233234,0
                79.0151815795083,14.1609973875198,0
                79.0159224552692,14.1610035155528,0
                79.0159216703759,14.1610938797892,0
                79.0161994989872,14.1610961772278,0
                79.0161987141981,14.1611865414787,0
                79.0162913237828,14.1611873072253,0
                79.0162905390248,14.1612776714806,0
                79.0165683679219,14.1612799685215,0
                79.0165675832681,14.1613703327913,0
                79.0166601929481,14.1613710984052,0
                79.0166594083253,14.1614614626794,0
                79.016844627775,14.1614629938105,0
                79.0168438432199,14.1615533580941,0
                79.0170290627648,14.1615548890925,0
                79.0170282782774,14.1616452533855,0
                79.0171208880947,14.1616460188363,0
                79.0171193191763,14.1618267474304,0
                79.0173045389739,14.1618282782451,0
                79.0173037545796,14.1619186425513,0
                79.0173963645233,14.1619194079102,0
                79.01739558016,14.1620097722207,0
                79.0183216802659,14.1620174238973,0
                79.018320896263,14.1621077882578,0
                79.0185061164236,14.162109318175,0
                79.0185053324882,14.162199682545,0
                79.0187831628803,14.1622019771682,0
                79.0187823790492,14.1622923415527,0
                79.0188749892275,14.1622931063608,0
                79.0188742054275,14.1623834707496,0
                79.0190594258738,14.1623850002689,0
                79.0190586421414,14.1624753646671,0
                79.0192438626829,14.1624768940537,0
                79.0192430790182,14.1625672584615,0
                79.019428299655,14.1625687877154,0
                79.0194275160579,14.1626591521326,0
                79.019797957544,14.1626622102324,0
                79.0197971740877,14.1627525746692,0
                79.0202602262524,14.1627563965161,0
                79.0202610095258,14.1626660320541,0
                79.0204462303571,14.1626675605328,0
                79.0204470135518,14.1625771960599,0
                79.020632234332,14.1625787243857,0
                79.020633017448,14.1624883599019,0
                79.0209108485499,14.1624906521076,0
                79.0209100655436,14.1625810166067,0
                79.0210026759585,14.162581780609,0
                79.0210011100026,14.162762509615,0
                79.0210937204962,14.1627632735918,0
                79.0210905886645,14.1631247316155,0
                79.02118319931,14.1631254955768,0
                79.0211816334342,14.1633062245945,0
                79.0212742441583,14.1633069885303,0
                79.0212734612488,14.1633973530431,0
                79.021366072015,14.1633981169482,0
                79.0213652891365,14.1634884814654,0
                79.0214578999448,14.1634892453399,0
                79.0214563342445,14.1636699743822,0
                79.0215489451315,14.1636707382312,0
                79.0215481623096,14.1637611027563,0
                79.0217333841733,14.1637626303572,0
                79.0217326014191,14.1638529948918,0
                79.0218252123958,14.1638537586438,0
                79.0218244296727,14.1639441231827,0
                79.0219170406915,14.163944886904,0
                79.0219162579995,14.1640352514473,0
                79.0220088690604,14.164036015138,0
                79.0220080863994,14.1641263796856,0
                79.0221006975024,14.1641271433457,0
                79.0220999148725,14.1642175078976,0
                79.0222851371682,14.1642190351208,0
                79.022284354606,14.1643093996822,0
                79.0223769657987,14.1643101632453,0
                79.0223761832675,14.164400527811,0
                79.0225614057426,14.1644020548403,0
                79.0225606232791,14.1644924194154,0
                79.0227458458494,14.1644939463119,0
                79.0227450634536,14.1645843108965,0
                79.0228376747836,14.1645850742963,0
                79.0228368924189,14.1646754388852,0
                79.0230221151686,14.1646769655878,0
                79.0230197682609,14.1649480593805,0
                79.0231123797537,14.1649488226935,0
                79.0231108151942,14.1651295518952,0
                79.0232034267658,14.1651303151826,0
                79.0232026445144,14.1652206797874,0
                79.023295256128,14.1652214430441,0
                79.0232936916819,14.1654021722618,0
                79.0233863033742,14.1654029354929,0
                79.0233855211794,14.1654933001057,0
                79.0234781329139,14.1654940633062,0
                79.0234773507502,14.1655844279234,0
                79.0235699625268,14.1655851910933,0
                79.0235683982561,14.1657659203355,0
                79.023753621972,14.1657674465884,0
                79.0237528399016,14.1658578112186,0
                79.0238454518044,14.1658585742965,0
                79.0238376311634,14.1667622206092,0
                79.0239302434376,14.1667629837021,0
                79.0239278972477,14.167034077597,0
                79.0238352848637,14.1670333144889,0
                79.0238290278223,14.1677562314697,0
                79.0239216404991,14.1677569946183,0
                79.0239200762569,14.1679377238664,0
                79.0240126890125,14.1679384869894,0
                79.0240111248214,14.1681192162448,0
                79.0241963504954,14.1681207424039,0
                79.0241955684648,14.1682111070406,0
                79.0244734071268,14.1682133960267,0
                79.0244718432687,14.1683941253284,0
                79.0245644562403,14.1683948882624,0
                79.0245628924334,14.1685756175713,0
                79.0244702793886,14.1685748546271,0
                79.0244694974403,14.1686652192754,0
                79.0243768843645,14.1686644562905,0
                79.0243761023741,14.168754820933,0
                79.0242834892672,14.1687540579073,0
                79.0242827072347,14.168844422544,0
                79.0241900940966,14.1688436594775,0
                79.0241885299419,14.1690243887387,0
                79.0240959167362,14.1690236256263,0
                79.024095134614,14.1691139902508,0
                79.0240025213772,14.1691132270976,0
                79.024000957043,14.1692939563342,0
                79.0239083437385,14.1692931931353,0
                79.0239075615265,14.1693835577474,0
                79.0238149481909,14.1693827945077,0
                79.0238126014123,14.1696538883246,0
                79.0237199879724,14.1696531250339,0
                79.0237192056652,14.1697434896331,0
                79.0236265921942,14.1697427263016,0
                79.0236250274901,14.1699234554876,0
                79.0235324139514,14.1699226921103,0
                79.0235308491521,14.1701034212832,0
                79.0234382355457,14.1701026578601,0
                79.0234358881957,14.1703737515989,0
                79.023343274485,14.1703729881249,0
                79.0233417094842,14.1705537172704,0
                79.0232490957058,14.1705529537505,0
                79.0232475306098,14.1707336828829,0
                79.0231549167636,14.1707329193172,0
                79.0231533515724,14.1709136484366,0
                79.0230607376586,14.170912884825,0
                79.0230591723721,14.1710936139314,0
                79.0229665583905,14.171092850274,0
                79.0229657757024,14.171183214821,0
                79.0228731616898,14.1711824511228,0
                79.0228715962238,14.1713631802046,0
                79.0226863680686,14.1713616526807,0
                79.0226855852542,14.1714520172104,0
                79.0225003570479,14.1714504895335,0
                79.0224995741547,14.1715408540523,0
                79.0224069600231,14.1715400901552,0
                79.0224061770878,14.1716304546682,0
                79.0223135629252,14.1716296907304,0
                79.0223127799478,14.1717200552376,0
                79.0222201657541,14.1717192912589,0
                79.0222185997095,14.1719000202611,0
                79.0221259854481,14.1718992562366,0
                79.0221252023809,14.1719896207315,0
                79.0220325880884,14.1719888566662,0
                79.0220310218643,14.1721695856438,0
                79.0219384075041,14.1721688215326,0
                79.0219368411847,14.1723495504972,0
                79.0218442267568,14.1723487863401,0
                79.0218434435522,14.1724391508162,0
                79.0217508290932,14.1724383866184,0
                79.0217500458465,14.1725287510887,0
                79.0216574313564,14.1725279868501,0
                79.0216566480676,14.1726183513146,0
                79.0215640335464,14.1726175870352,0
                79.0215632502154,14.1727079514939,0
                79.0214706356631,14.1727071871737,0
                79.0214698522901,14.1727975516267,0
                79.0213772377066,14.1727967872656,0
                79.0213764542915,14.1728871517128,0
                79.021283839677,14.172886387311,0
                79.0212822727568,14.173067116193,0
                79.0211896580746,14.1730663517453,0
                79.0211888745697,14.1731567161802,0
                79.0210962598563,14.1731559516917,0
                79.0210946927567,14.1733366805491,0
                79.0210020779757,14.1733359160148,0
                79.021001294381,14.1734262804373,0
                79.0209086795688,14.1734255158622,0
                79.020907895932,14.1735158802789,0
                79.0208152810888,14.173515115663,0
                79.0208144974098,14.173605480074,0
                79.0207218825355,14.1736047154172,0
                79.0207210988144,14.1736950798224,0
                79.020535869009,14.1736935503916,0
                79.0205350852092,14.1737839147859,0
                79.0202572404327,14.1737816203565,0
                79.0202564565175,14.1738719847348,0
                79.0201638415664,14.1738712198485,0
                79.0201630576091,14.1739615842211,0
                79.0200704426269,14.173960819294,0
                79.0200696586274,14.1740511836607,0
                79.0199770436141,14.1740504186928,0
                79.0199762595726,14.1741407830538,0
                79.0198836445282,14.174140018045,0
                79.0198828604445,14.1742303824002,0
                79.019790245369,14.1742296173507,0
                79.0197894612432,14.1743199817001,0
                79.0196968461366,14.1743192166097,0
                79.0196960619686,14.1744095809533,0
                79.0196034468309,14.1744088158222,0
                79.0196026626208,14.17449918016,0
                79.019510047452,14.174498414988,0
                79.0195092631998,14.17458877932,0
                79.0194166479999,14.1745880141073,0
                79.0194158637055,14.1746783784335,0
                79.0193232484746,14.1746776131799,0
                79.019321679796,14.17485834182,0
                79.0192290644974,14.1748575765205,0
                79.0192259269276,14.1752190337717,0
                79.0191333114879,14.1752182684162,0
                79.0191309581428,14.1754893613318,0
                79.0190383425988,14.1754885959253,0
                79.0190359890941,14.1757596888192,0
                79.0189433734458,14.1757589233618,0
                79.0189410197816,14.1760300162338,0
                79.018848404029,14.1760292507255,0
                79.0188468348187,14.1762099792931,0
                79.0187542189983,14.1762092137389,0
                79.0187526496927,14.1763899422935,0
                79.0186600338046,14.1763891766933,0
                79.0186568949806,14.1767506337735,0
                79.0187495110151,14.176751399394,0
                79.0187393097032,14.1779261348907,0
                79.0186466931925,14.1779253692043,0
                79.0186396298696,14.1787386475079,0
                79.0187322467099,14.17873941324,0
                79.0187251832695,14.1795526915308,0
                79.018817800445,14.1795534572729,0
                79.0188154459754,14.1798245500387,0
                79.0189080632663,14.1798253157603,0
                79.0189064936656,14.1800060442774,0
                79.0189991110353,14.1800068099734,0
                79.0189975414857,14.1801875384977,0
                79.0190901589342,14.1801883041681,0
                79.0190885894358,14.1803690326998,0
                79.0191812069631,14.1803697983446,0
                79.0191741442768,14.1811830767468,0
                79.0192667621393,14.1811838424015,0
                79.0192659774055,14.1812742066699,0
                79.0193585953101,14.181274972294,0
                79.0193570258991,14.1814557008387,0
                79.0195422618715,14.1814572319999,0
                79.019541477231,14.1815475962814,0
                79.0196340952621,14.1815483618135,0
                79.0196333106527,14.1816387260992,0
                79.019725928726,14.1816394916006,0
                79.0197251441477,14.1817298558908,0
                79.0198177622631,14.1817306213615,0
                79.0198169777159,14.181820985656,0
                79.0200022140366,14.1818225165004,0
                79.0200014295572,14.1819128808043,0
                79.0200940477625,14.1819136461779,0
                79.0200932633142,14.1820040104862,0
                79.0202784998145,14.1820055411364,0
                79.020277715434,14.1820959054541,0
                79.0203703337291,14.1820966707306,0
                79.0203695493796,14.1821870350526,0
                79.0205547860596,14.1821885655086,0
                79.020554001778,14.1822789298401,0
                79.0206466201629,14.1822796950195,0
                79.0206458359123,14.1823700593553,0
                79.0207384543394,14.1823708245041,0
                79.0207368858951,14.1825515531837,0
                79.0208295044009,14.1825523183069,0
                79.0208287202071,14.1826426826507,0
                79.0209213387551,14.1826434477431,0
                79.0209197704243,14.1828241764387,0
                79.0210123890511,14.1828249415056,0
                79.021011604914,14.1829153058573,0
                79.0211042235829,14.1829160708935,0
                79.0211026553655,14.183096799605,0
                79.0212878928666,14.1830983295905,0
                79.0212871088229,14.1831886939553,0
                79.0214723464192,14.1831902238078,0
                79.0214715624433,14.1832805881821,0
                79.0215641812864,14.1832813530598,0
                79.0215633973416,14.1833717174384,0
                79.0217486351176,14.1833732470967,0
                79.0217478512406,14.1834636114847,0
                79.0219330891119,14.1834651410101,0
                79.0219323053027,14.1835555054076,0
                79.0220249242833,14.1835562701217,0
                79.0220241405052,14.1836466345235,0
                79.0222093785561,14.1836481638547,0
                79.0222085948458,14.1837385282659,0
                79.0224864520735,14.1837408220098,0
                79.0224856684676,14.1838311864354,0
                79.0225782875912,14.1838319509503,0
                79.0225775040164,14.1839223153803,0
                79.0226701231821,14.1839230798645,0
                79.0226677725345,14.1841941731653,0
                79.0227603918157,14.184194937629,0
                79.0227580412285,14.1844660309385,0
                79.0228506606251,14.1844667953816,0
                79.0228498771217,14.1845571598217,0
                79.0229424965604,14.1845579242341,0
                79.0229417130881,14.1846482886786,0
                79.0230343325691,14.1846490530603,0
                79.0230335491279,14.1847394175091,0
                79.023126168651,14.1847401818601,0
                79.0231253852409,14.1848305463133,0
                79.0232180048062,14.1848313106336,0
                79.0232172214273,14.1849216750912,0
                79.0234024606476,14.1849232036346,0
                79.0234016773364,14.1850135681016,0
                79.0234942969915,14.1850143323247,0
                79.0234935137115,14.185104696796,0
                79.0235861334087,14.1851054609885,0
                79.0235845669055,14.185286189939,0
                79.0236771866815,14.1852869541059,0
                79.0236756202296,14.1854676830636,0
                79.0237682400844,14.1854684472048,0
                79.0237666736838,14.1856491761698,0
                79.0238592936174,14.1856499402854,0
                79.0238585104454,14.1857403047719,0
                79.0239511304212,14.1857410688568,0
                79.0239495641341,14.1859217978377,0
                79.0240421841887,14.185922561897,0
                79.0240414010735,14.1860129263914,0
                79.0241340211702,14.18601369042,0
                79.0241332380862,14.1861040549188,0
                79.0245963388357,14.1861078745506,0
                79.0245971217365,14.1860175100265,0
                79.0246897418663,14.1860182738405,0
                79.024691307578,14.18583754478,0
                79.02478392764,14.1858383085482,0
                79.0247862760564,14.1855672149369,0
                79.0248788960139,14.185567978654,0
                79.0248796787717,14.1854776141104,0
                79.0249722986981,14.1854783777868,0
                79.0249769949094,14.1849361904796,0
                79.0250696146214,14.1849369540898,0
                79.0250711799079,14.1847562249715,0
                79.0251637995521,14.1847569885358,0
                79.0251653647433,14.1845762594045,0
                79.0252579843197,14.184577022923,0
                79.0252595494156,14.1843962937787,0
                79.0253521689242,14.1843970572513,0
                79.0253537339248,14.1842163280939,0
                79.0254463533656,14.1842170915206,0
                79.0254479182709,14.1840363623503,0
                79.025540537644,14.1840371257311,0
                79.0255413200517,14.1839467611398,0
                79.025726558741,14.1839482877842,0
                79.02572734107,14.183857923182,0
                79.0264682957544,14.1838640282887,0
                79.0264690777847,14.1837736636453,0
                79.0265616971083,14.1837744266177,0
                79.0265624790965,14.1836840619686,0
                79.026655098389,14.1836848249002,0
                79.026655880335,14.1835944602452,0
                79.0267484995964,14.183595223136,0
                79.0267508452915,14.1833241291517,0
                79.0268434644484,14.1833248919916,0
                79.0268442462991,14.1832345273237,0
                79.0269368654249,14.1832352901227,0
                79.0269376472335,14.183144925449,0
                79.0270302663282,14.1831456882072,0
                79.0270310480946,14.1830553235277,0
                79.0271236671581,14.1830560862451,0
                79.0271252306012,14.1828753568739,0
                79.027217849597,14.1828761195454,0
                79.0272186312737,14.1827857548537,0
                79.0273112502382,14.1827865174844,0
                79.0273120318728,14.1826961527869,0
                79.0274046508062,14.1826969153768,0
                79.0274054323986,14.1826065506735,0
                79.0274980513009,14.1826073132226,0
                79.0274996143959,14.1824265838037,0
                79.0275922332305,14.182427346307,0
                79.0275937962302,14.1822466168751,0
                79.0276864149969,14.1822473793325,0
                79.0276879779015,14.1820666498876,0
                79.0277805966004,14.1820674122991,0
                79.0277821594096,14.1818866828412,0
                79.0278747780408,14.1818874452069,0
                79.0278755594006,14.1817970804718,0
                79.0279681780006,14.1817978427967,0
                79.0279689593182,14.1817074780558,0
                79.0280615778871,14.1817082403399,0
                79.0280623591625,14.1816178755933,0
                79.0284328333465,14.181620924352,0
                79.0284336144699,14.1815305595844,0
                79.028526232993,14.1815313216796,0
                79.0285270140743,14.1814409569063,0
                79.0286196325663,14.1814417189607,0
                79.0286211946391,14.1812609894017,0
                79.0287138130633,14.1812617514103,0
                79.0287153750409,14.1810810218383,0
                79.0288079933973,14.1810817838011,0
                79.0288095552796,14.1809010542161,0
                79.0289021735682,14.180901816133,0
                79.0289037353553,14.180721086535,0
                79.0289963535762,14.1807218484061,0
                79.0289971344249,14.180631483601,0
                79.0290897526146,14.1806322454312,0
                79.0290905334211,14.1805418806203,0
                79.0291831515796,14.1805426424098,0
                79.0291839323441,14.1804522775931,0
                79.0293691686044,14.1804538010547,0
                79.0293676072166,14.1806345307075,0
                79.0292749890104,14.1806337689845,0
                79.0292718660223,14.1809952282612,0
                79.0291792476751,14.1809944664822,0
                79.0291769052665,14.1812655609171,0
                79.0292695237236,14.1812663227112,0
                79.0292671813755,14.1815374171547,0
                79.029359799948,14.1815381789282,0
                79.0293566768868,14.1818996381962,0
                79.0292640581677,14.1818988764025,0
                79.029263277352,14.1819892412127,0
                79.0290780398571,14.1819877175079,0
                79.0290772589627,14.1820780823072,0
                79.0288920214164,14.1820765584493,0
                79.0288912404432,14.1821669232379,0
                79.0287986216417,14.1821661612502,0
                79.0287978406264,14.182256526033,0
                79.0287052217937,14.1822557640046,0
                79.0287036596733,14.1824364935578,0
                79.0286110407728,14.1824357314835,0
                79.0286094785572,14.1826164610237,0
                79.0285168595889,14.1826156989036,0
                79.028515297278,14.1827964284308,0
                79.028422678242,14.1827956662648,0
                79.0284211158358,14.182976395779,0
                79.0283284967319,14.1829756335672,0
                79.0283269342305,14.1831563630684,0
                79.0282343150589,14.1831556008107,0
                79.0282335337633,14.1832459655552,0
                79.0281409145605,14.1832452032567,0
                79.0281401332228,14.1833355679954,0
                79.0280475139889,14.1833348056561,0
                79.028046732609,14.183425170389,0
                79.027954113344,14.1834244080089,0
                79.0279525504944,14.1836051374624,0
                79.0278599311616,14.1836043750365,0
                79.0278583682168,14.183785104477,0
                79.0277657488162,14.1837843420052,0
                79.0277634042478,14.1840554361455,0
                79.0276707847428,14.1840546736227,0
                79.0276676584281,14.1844161324461,0
                79.027575038782,14.1844153698674,0
                79.0275695672632,14.1850479227451,0
                79.0274769473661,14.1850471600952,0
                79.0274738205164,14.1854086188463,0
                79.0275664405601,14.1854093815164,0
                79.0275594051566,14.1862226637097,0
                79.027466784783,14.1862219009941,0
                79.0274620940468,14.1867640890601,0
                79.0273694734588,14.1867633262785,0
                79.0273647823047,14.1873055142881,0
                79.0274574031126,14.1873062771001,0
                79.0274550575713,14.1875773711104,0
                79.0275476784947,14.1875781339018,0
                79.0275461148463,14.1877588632485,0
                79.0276387358485,14.1877596260142,0
                79.0276379540528,14.1878499906915,0
                79.0278231961469,14.1878515161259,0
                79.0278224144189,14.1879418808126,0
                79.0285633833087,14.1879479811597,0
                79.0285641647434,14.1878576164326,0
                79.0286567858427,14.18785837881,0
                79.0286575672352,14.1877680140771,0
                79.0287501883034,14.1877687764137,0
                79.0287509696538,14.1876784116751,0
                79.0288435906908,14.1876791739708,0
                79.0288451533018,14.1874984444812,0
                79.028937774271,14.1874992067311,0
                79.0289393367867,14.1873184772285,0
                79.0290319576881,14.1873192394326,0
                79.0290350825071,14.1869577803985,0
                79.0291277032673,14.1869585425466,0
                79.0291308278519,14.1865970834807,0
                79.029223448471,14.1865978455729,0
                79.029225010657,14.1864171160255,0
                79.0293176312083,14.1864178780717,0
                79.0293184122564,14.1863275132919,0
                79.0295962738333,14.1863297992009,0
                79.0295939310023,14.1866008935837,0
                79.0296865516489,14.186601655497,0
                79.0296849898074,14.1867823850919,0
                79.0297776105327,14.1867831469796,0
                79.0297768296404,14.186873511781,0
                79.0298694504079,14.1868742736379,0
                79.0298678886801,14.1870550032488,0
                79.0299605095264,14.18705576508,0
                79.0299597286909,14.1871461298894,0
                79.0300523495794,14.1871468916899,0
                79.0300507879652,14.1873276213166,0
                79.0301434089325,14.1873283830915,0
                79.0301426281538,14.1874187479088,0
                79.0302352491632,14.187419509653,0
                79.0302336876627,14.1876002392955,0
                79.0303263087509,14.187601001014,0
                79.0303255280291,14.1876913658393,0
                79.0304181491594,14.1876921275271,0
                79.0304173684688,14.1877824923566,0
                79.0305099896412,14.1877832540137,0
                79.0305092089818,14.1878736188476,0
                79.0306018301964,14.1878743804739,0
                79.030601049568,14.1879647453121,0
                79.0306936708248,14.1879655069078,0
                79.0306928902277,14.1880558717503,0
                79.0308781328309,14.1880573948444,0
                79.0308773523016,14.1881477596963,0
                79.0318961874151,14.1881561342119,0
                79.0318969675412,14.1880657693045,0
                79.0320822102871,14.1880672914686,0
                79.0320829903344,14.1879769265504,0
                79.032175611679,14.1879776875738,0
                79.0321763916841,14.1878873226498,0
                79.0324542556407,14.1878896054903,0
                79.0324534757455,14.1879799704294,0
                79.0326387184839,14.1879814921543,0
                79.0326379386565,14.1880718571027,0
                79.0328231814901,14.1880733786946,0
                79.0328216219656,14.1882541086096,0
                79.0329142434639,14.188254869362,0
                79.0329134637301,14.1883452343234,0
                79.0328208421951,14.188344473566,0
                79.0328200624191,14.1884348385217,0
                79.0327274408529,14.1884340777234,0
                79.0327266610348,14.1885244426733,0
                79.0323561746782,14.1885213991025,0
                79.0323553947079,14.1886117640315,0
                79.0321701514892,14.1886102420214,0
                79.0321693714402,14.1887006069396,0
                79.0319841281701,14.1886990847764,0
                79.0319833480423,14.1887894496838,0
                79.0317981047208,14.1887879273674,0
                79.0317973245142,14.188878292264,0
                79.0316120811413,14.1888767697944,0
                79.0316113008559,14.1889671346802,0
                79.0315186791411,14.1889663733867,0
                79.0315178988135,14.1890567382667,0
                79.0313326553269,14.1890552155624,0
                79.0313318749206,14.1891455804316,0
                79.0311466313826,14.1891440575741,0
                79.0311450704068,14.1893247872901,0
                79.0310524485727,14.1893240257976,0
                79.0310516680399,14.1894143906495,0
                79.0308664243149,14.1894128675471,0
                79.0308656437033,14.1895032323882,0
                79.0307730218124,14.1895024707783,0
                79.0307714604993,14.1896832004482,0
                79.0306788385406,14.1896824387924,0
                79.0306780578392,14.1897728036212,0
                79.0305854358493,14.1897720419247,0
                79.0305846551057,14.1898624067477,0
                79.0304920330846,14.1898616450103,0
                79.0304904715077,14.1900423746441,0
                79.0303978494188,14.1900416128609,0
                79.0303970685854,14.1901319776717,0
                79.0303044464653,14.1901312158476,0
                79.0303036655898,14.1902215806526,0
                79.0303962877466,14.1902223424817,0
                79.0303947260524,14.1904030720997,0
                79.030487348288,14.1904038339031,0
                79.0304857866452,14.1905845635282,0
                79.0305784089595,14.190585325306,0
                79.0305760665642,14.1908564197535,0
                79.030668688994,14.1908571815106,0
                79.0306647850753,14.1913090056005,0
                79.0305721624621,14.1913082438181,0
                79.0305659156134,14.1920311622839,0
                79.0306585385199,14.1920319241067,0
                79.030656195971,14.1923030185345,0
                79.030748818993,14.1923037803367,0
                79.0307417913801,14.1931170636268,0
                79.0308344147377,14.1931178254385,0
                79.0308305104995,14.1935696494885,0
                79.0309231340459,14.1935704112897,0
                79.0309215723855,14.1937511409148,0
                79.0310141960107,14.1937519026903,0
                79.0310118535891,14.1940229971376,0
                79.0311044773297,14.1940237588925,0
                79.0311021349687,14.1942948533484,0
                79.0311947588249,14.1942956150826,0
                79.0311924165246,14.1945667095471,0
                79.0312850404963,14.1945674712607,0
                79.0312826982565,14.1948385657339,0
                79.0313753223437,14.1948393274269,0
                79.0313737608965,14.1950200570821,0
                79.0314663850625,14.1950208187494,0
                79.0314648236667,14.1952015484118,0
                79.0315574479116,14.1952023100534,0
                79.0315558865671,14.1953830397231,0
                79.0316485108909,14.1953838013389,0
                79.0316477302471,14.1954741661777,0
                79.031740354613,14.1954749277629,0
                79.0317395740004,14.195565292606,0
                79.0318321984085,14.1955660541604,0
                79.0318306372402,14.1957467838545,0
                79.0319232617271,14.1957475453832,0
                79.0319224811714,14.1958379102342,0
                79.032107730235,14.1958394331944,0
                79.0321069497472,14.1959297980548,0
                79.0321995743239,14.1959305594862,0
                79.0321987938673,14.1960209243509,0
                79.0322914184861,14.1960216857516,0
                79.0322906380607,14.1961120506206,0
                79.0323832627217,14.1961128119906,0
                79.0323824823275,14.1962031768639,0
                79.0324751070307,14.1962039382031,0
                79.0324735462991,14.1963846679578,0
                79.0325661710812,14.1963854292713,0
                79.0325653907439,14.1964757941525,0
                79.032658015568,14.1964765554353,0
                79.0326564549503,14.1966572852058,0
                79.0327490798534,14.1966580464628,0
                79.0327482995729,14.196748411352,0
                79.0328409245182,14.1967491725783,0
                79.0328393640142,14.1969299023646,0
                79.0329319890383,14.1969306635652,0
                79.0329296483513,14.1972017582543,0
                79.0330222734909,14.1972025194343,0
                79.0330207130789,14.1973832492335,0
                79.0331133382973,14.1973840103877,0
                79.0331117779367,14.1975647401942,0
                79.0332970285368,14.1975662624154,0
                79.033295468301,14.1977469922391,0
                79.0333880936826,14.1977477533061,0
                79.033384973292,14.198109212965,0
                79.0332923477636,14.1981084518778,0
                79.0332907874621,14.1982891816928,0
                79.0333834130638,14.1982899427901,0
                79.0333748314168,14.1992839567764,0
                79.0332822054116,14.1992831956237,0
                79.0332798647372,14.199554290317,0
                79.0331872386273,14.1995535291133,0
                79.0331841175047,14.199914988674,0
                79.0330914912536,14.1999142274144,0
                79.033089930586,14.2000949571804,0
                79.032997304267,14.2000941958749,0
                79.0329957435041,14.2002749256279,0
                79.0329031171171,14.2002741642765,0
                79.0328992149305,14.2007259886211,0
                79.0328065883656,14.2007252272087,0
                79.0328003442882,14.201448146082,0
                79.0327077174352,14.2014473845935,0
                79.0327038145252,14.2018992088407,0
                79.0327964415616,14.2018999703544,0
                79.0327940998599,14.2021710649091,0
                79.0328867270119,14.2021718264021,0
                79.0328812631061,14.2028043803731,0
                79.0329738905204,14.2028051418656,0
                79.0329707683147,14.2031666012819,0
                79.0330633958813,14.2031673627588,0
                79.0330602737347,14.2035288221836,0
                79.0331529014536,14.2035295836449,0
                79.0331458766331,14.2043428673539,0
                79.0332385046878,14.2043436288247,0
                79.0332361630924,14.2046147233964,0
                79.0331435349276,14.2046139619105,0
                79.0331427543482,14.2047043267613,0
                79.0332353825497,14.2047050882522,0
                79.0332338214477,14.2048858179617,0
                79.0331411931728,14.2048850564606,0
                79.0331388513686,14.2051561510043,0
                79.033046222989,14.2051553894523,0
                79.0330376355477,14.2061494026678,0
                79.0329450067698,14.2061486410246,0
                79.0329434452722,14.2063293706806,0
                79.0328508164264,14.2063286089915,0
                79.0328476932184,14.2066900682748,0
                79.0327550642313,14.2066893065297,0
                79.0327527216576,14.2069604009694,0
                79.0326600925658,14.2069596391733,0
                79.0326569689106,14.207321098396,0
                79.0325643396775,14.207320336544,0
                79.0325627777436,14.2075010661409,0
                79.0324701484425,14.2075003042429,0
                79.032464681244,14.2081328577741,0
                79.0323720516914,14.208132095805,0
                79.0323689273105,14.2084935549296,0
                79.0322762976165,14.2084927929045,0
                79.0322747353197,14.2086735224523,0
                79.0321821055578,14.2086727603814,0
                79.0321805431656,14.2088534899163,0
                79.0320879133358,14.2088527277994,0
                79.0320871320948,14.2089430925607,0
                79.0319945022337,14.208942330403,0
                79.0319929396618,14.2091230599133,0
                79.0319003097328,14.2091222977097,0
                79.0318995284018,14.2092126624587,0
                79.0318068984416,14.2092119002142,0
                79.0318053356899,14.2093926297,0
                79.0317127056617,14.2093918674096,0
                79.0317119242409,14.2094822321464,0
                79.0316192941815,14.2094814698151,0
                79.0316185127185,14.2095718345462,0
                79.0315258826278,14.209571072174,0
                79.0315251011226,14.2096614368993,0
                79.0313398408844,14.2096599120374,0
                79.0313390593002,14.2097502767518,0
                79.0312464291526,14.2097495142621,0
                79.0312456475263,14.2098398789708,0
                79.0311530173474,14.2098391164402,0
                79.0311514540048,14.2100198458453,0
                79.031058823758,14.2100190832688,0
                79.0310580420418,14.2101094479652,0
                79.0309654117638,14.2101086853478,0
                79.0309630664719,14.2103797794176,0
                79.0308704360892,14.2103790167492,0
                79.0308657451369,14.2109212048389,0
                79.0309583757398,14.2109219675375,0
                79.0309560302997,14.2111930615877,0
                79.0311412917425,14.2111945869077,0
                79.0311405099916,14.2112849515998,0
                79.0312331407579,14.2112857142111,0
                79.0312323590382,14.2113760789074,0
                79.0313249898468,14.211376841488,0
                79.0313242081583,14.2114672061887,0
                79.0314168390091,14.2114679687384,0
                79.0314160573519,14.2115583334434,0
                79.0315086882449,14.2115590959624,0
                79.0315079066189,14.2116494606717,0
                79.0316005375541,14.2116502231599,0
                79.0315989743591,14.2118309525865,0
                79.0316916053732,14.211831715049,0
                79.0316900422297,14.2120124444828,0
                79.0317826733228,14.2120132069195,0
                79.0317811102308,14.2121939363605,0
                79.0318737414028,14.2121946987714,0
                79.0318729598853,14.2122850634959,0
                79.0320582223192,14.2122865882205,0
                79.0320574408697,14.2123769529543,0
                79.0321500721316,14.2123777152678,0
                79.0321492907133,14.212468080006,0
                79.032334553327,14.2124696045357,0
                79.0323337719767,14.2125599692832,0
                79.0325190346857,14.2125614936798,0
                79.0325182534034,14.2126518584366,0
                79.0326108848029,14.2126526205862,0
                79.0326101035518,14.2127429853474,0
                79.0327027349935,14.2127437474662,0
                79.0327019537736,14.2128341122317,0
                79.0331651112481,14.2128379223133,0
                79.0331643302064,14.2129282871033,0
                79.033812751158,14.212933619748,0
                79.0338119703679,14.2130239845725,0
                79.0340898652539,14.2130262694693,0
                79.0340890845684,14.2131166343083,0
                79.0344596113067,14.2131196803559,0
                79.0344588307627,14.2132100452142,0
                79.0346440942382,14.2132115680331,0
                79.0346433137622,14.2133019329008,0
                79.034828577333,14.2133034555865,0
                79.034827796925,14.2133938204635,0
                79.0349204287554,14.2133945817576,0
                79.0349196483786,14.213484946639,0
                79.0353828077963,14.2134887525973,0
                79.0353835879894,14.2133983876907,0
                79.0354762198527,14.2133991487698,0
                79.0354770000036,14.2133087838575,0
                79.0355696318356,14.2133095448957,0
                79.0355704119443,14.2132191799777,0
                79.0356630437451,14.213219940975,0
                79.0356646038727,14.2130392111266,0
                79.0357572356054,14.2130399720781,0
                79.0357587956376,14.2128592422167,0
                79.0358514273024,14.2128600031223,0
                79.0358522072736,14.2127696381855,0
                79.0359448389071,14.2127703990502,0
                79.0359456188361,14.2126800341077,0
                79.0360382504384,14.2126807949315,0
                79.0360390303252,14.2125904299832,0
                79.0361316618962,14.2125911907662,0
                79.0361355610643,14.2121393659886,0
                79.0364134552593,14.2121416480471,0
                79.0364142349664,14.2120512830743,0
                79.036599497717,14.2120528042574,0
                79.0366002773451,14.2119624392738,0
                79.0373413282728,14.2119685225328,0
                79.0373405489385,14.2120588875567,0
                79.0375258117985,14.2120604080232,0
                79.0375250325322,14.2121507730564,0
                79.0378029269736,14.2121530535025,0
                79.037802147812,14.2122434185501,0
                79.0381726739572,14.2122464586635,0
                79.0381718949371,14.2123368237304,0
                79.0382645265238,14.2123375836742,0
                79.0382637475348,14.2124279487454,0
                79.0383563791638,14.2124287086584,0
                79.0383501473492,14.2131516292425,0
                79.0382575154265,14.2131508692893,0
                79.0382559573447,14.213331599418,0
                79.038163325354,14.2133308394189,0
                79.0381625462682,14.2134212044771,0
                79.0380699142462,14.2134204444371,0
                79.0380691351182,14.2135108094896,0
                79.037976503065,14.2135100494088,0
                79.0379757238947,14.2136004144555,0
                79.0378830918103,14.2135996543338,0
                79.0378823125978,14.2136900193748,0
                79.0377896804821,14.2136892592123,0
                79.0377889012275,14.2137796242475,0
                79.0376962690805,14.2137788640441,0
                79.0376954897836,14.2138692290736,0
                79.0376028576054,14.2138684688293,0
                79.0376020782663,14.213958833853,0
                79.036305227831,14.2139481866,0
                79.0363044479722,14.2140385515526,0
                79.0362118158026,14.2140377907607,0
                79.0362110359017,14.2141281557075,0
                79.0361184037008,14.2141273948748,0
                79.0361176237577,14.2142177598158,0
                79.0360249915255,14.2142169989423,0
                79.0360195315132,14.2148495534741,0
                79.0361121640025,14.214850314383,0
                79.0361090440219,14.2152117741197,0
                79.0360164113857,14.2152110131907,0
                79.0360132911706,14.2155724728957,0
                79.0361059239537,14.2155732338448,0
                79.0361043638868,14.2157539637031,0
                79.0361969967488,14.2157547246264,0
                79.0361962167439,14.2158450895595,0
                79.0362888496482,14.215845850452,0
                79.0362880696745,14.2159362153894,0
                79.0361954367335,14.2159354544918,0
                79.0361946567176,14.2160258194234,0
                79.0361020237453,14.216025058485,0
                79.0361012436872,14.2161154234108,0
                79.0359159776855,14.2161139014164,0
                79.0359151975485,14.2162042663315,0
                79.0357299314953,14.2162027441836,0
                79.0357291512793,14.2162931090879,0
                79.0355438851745,14.2162915867866,0
                79.0355431048796,14.21638195168,0
                79.0353578387233,14.2163804292253,0
                79.0353570583493,14.216470794108,0
                79.0351717921415,14.2164692714998,0
                79.0351710116886,14.2165596363717,0
                79.0349857454292,14.2165581136101,0
              </coordinates>
            </LinearRing>
          </outerBoundaryIs>
          <innerBoundaryIs>
            <LinearRing>
              <coordinates>
                79.0175910018286,14.1821640610535,0
                79.0178688563601,14.1821663599012,0
                79.0178696416987,14.1820759957162,0
                79.0179622598503,14.1820767619222,0
                79.0179630451468,14.1819863977315,0
                79.0178704270319,14.1819856315305,0
                79.0178712123595,14.1818952673441,0
                79.0177785942867,14.1818945011125,0
                79.0177793796454,14.1818041369305,0
                79.0176867616148,14.1818033706682,0
                79.0176875470046,14.1817130064905,0
                79.0175949290161,14.1817122401976,0
                79.0175957144371,14.1816218760242,0
                79.01741047855,14.1816203433413,0
                79.0174065510237,14.18207216415,0
                79.0175917872772,14.1820736968837,0
                79.0175910018286,14.1821640610535,0
              </coordinates>
            </LinearRing>
          </innerBoundaryIs>
          <innerBoundaryIs>
            <LinearRing>
              <coordinates>
                79.0107292497049,14.1617738468866,0
                79.0108218592192,14.1617746147748,0
                79.0108250069832,14.161413158968,0
                79.0106397882528,14.1614116231967,0
                79.0106374272186,14.1616827150223,0
                79.0107300366908,14.1616834829411,0
                79.0107292497049,14.1617738468866,0
              </coordinates>
            </LinearRing>
          </innerBoundaryIs>
        </Polygon>
      </Placemark>
      <Placemark id="gee_annamayya_reservoir_water.5">
        <ExtendedData>
          <SchemaData schemaUrl="#gee_annamayya_reservoir_water.schema">
            <SimpleData name="date">2021-11-04</SimpleData>
            <SimpleData name="area_ha">0.11</SimpleData>
          </SchemaData>
        </ExtendedData>
        <Polygon>
          <outerBoundaryIs>
            <LinearRing>
              <coordinates>
                79.005027715509,14.1571176221081,0
                79.0050285044793,14.1570272584422,0
                79.0049358972164,14.1570264885712,0
                79.0049382642038,14.1567553975846,0
                79.0052160856802,14.1567577070448,0
                79.0052129301247,14.1571191617534,0
                79.005027715509,14.1571176221081,0
              </coordinates>
            </LinearRing>
          </outerBoundaryIs>
        </Polygon>
      </Placemark>
      <Placemark id="gee_annamayya_reservoir_water.6">
        <ExtendedData>
          <SchemaData schemaUrl="#gee_annamayya_reservoir_water.schema">
            <SimpleData name="date">2021-11-04</SimpleData>
            <SimpleData name="area_ha">0.1</SimpleData>
          </SchemaData>
        </ExtendedData>
        <Polygon>
          <outerBoundaryIs>
            <LinearRing>
              <coordinates>
                79.0102507125185,14.1529135717134,0
                79.0102530724886,14.1526424797542,0
                79.0104382840698,14.1526440148932,0
                79.0104390706423,14.1525536508952,0
                79.0106242821727,14.1525551858814,0
                79.0106227091684,14.1527359138972,0
                79.0105301033273,14.1527351464117,0
                79.0105293167803,14.1528255104134,0
                79.0103441050417,14.1528239753253,0
                79.0103433184161,14.152914339316,0
                79.0102507125185,14.1529135717134,0
              </coordinates>
            </LinearRing>
          </outerBoundaryIs>
        </Polygon>
      </Placemark>
      <Placemark id="gee_annamayya_reservoir_water.7">
        <ExtendedData>
          <SchemaData schemaUrl="#gee_annamayya_reservoir_water.schema">
            <SimpleData name="date">2021-11-16</SimpleData>
            <SimpleData name="area_ha">0.12</SimpleData>
          </SchemaData>
        </ExtendedData>
        <Polygon>
          <outerBoundaryIs>
            <LinearRing>
              <coordinates>
                79.0320790900431,14.1884287511343,0
                79.0320798701123,14.1883383862189,0
                79.0321724916035,14.1883391472625,0
                79.0321732716306,14.1882487823414,0
                79.0322658930906,14.1882495433442,0
                79.0322666730755,14.1881591784173,0
                79.0325445373784,14.1881614611958,0
                79.0325421977369,14.1884325560196,0
                79.0320790900431,14.1884287511343,0
              </coordinates>
            </LinearRing>
          </outerBoundaryIs>
        </Polygon>
      </Placemark>
      <Placemark id="gee_annamayya_reservoir_water.8">
        <ExtendedData>
          <SchemaData schemaUrl="#gee_annamayya_reservoir_water.schema">
            <SimpleData name="date">2021-11-16</SimpleData>
            <SimpleData name="area_ha">0.09</SimpleData>
          </SchemaData>
        </ExtendedData>
        <Polygon>
          <outerBoundaryIs>
            <LinearRing>
              <coordinates>
                79.0295606496322,14.1797324056523,0
                79.0295629913211,14.1794613111201,0
                79.0296556090675,14.1794620726702,0
                79.0296563895829,14.1793717078196,0
                79.0297490072982,14.179372469329,0
                79.0297497877715,14.1792821044726,0
                79.0298424054556,14.1792828659412,0
                79.0298400641292,14.1795539605232,0
                79.0297474463352,14.1795531990395,0
                79.0297466658455,14.1796435638937,0
                79.0296540480203,14.1796428023692,0
                79.0296532674885,14.1797331672176,0
                79.0295606496322,14.1797324056523,0
              </coordinates>
            </LinearRing>
          </outerBoundaryIs>
        </Polygon>
      </Placemark>
      <Placemark id="gee_annamayya_reservoir_water.9">
        <ExtendedData>
          <SchemaData schemaUrl="#gee_annamayya_reservoir_water.schema">
            <SimpleData name="date">2021-11-16</SimpleData>
            <SimpleData name="area_ha">3.42</SimpleData>
          </SchemaData>
        </ExtendedData>
        <Polygon>
          <outerBoundaryIs>
            <LinearRing>
              <coordinates>
                79.0301272812345,14.1784718662109,0
                79.0301280615063,14.1783815013271,0
                79.0299428268432,14.1783799786697,0
                79.0299436071828,14.1782896137953,0
                79.029387903545,14.1782850449957,0
                79.0293886840989,14.1781946801509,0
                79.029110832464,14.1781923952837,0
                79.0291116131223,14.1781020304533,0
                79.0290189959582,14.1781012687645,0
                79.0290197766476,14.1780109039384,0
                79.0289271595257,14.1780101422189,0
                79.0289287209613,14.1778294125748,0
                79.0288361039182,14.1778286508296,0
                79.0288353231665,14.177919015647,0
                79.0285574719601,14.177916730182,0
                79.0285582528216,14.1778263653798,0
                79.0284656358004,14.1778256034917,0
                79.0284664166931,14.1777352386938,0
                79.0283737997141,14.177734476775,0
                79.0283753615562,14.1775537471871,0
                79.0282827446559,14.1775529852427,0
                79.0282835256054,14.1774626204527,0
                79.0281909087471,14.1774618584776,0
                79.0281940326366,14.1771003993307,0
                79.0281014159304,14.1770996373401,0
                79.0281021969256,14.1770092725566,0
                79.0280095802615,14.1770085105353,0
                79.0280103612879,14.1769181457562,0
                79.0279177446659,14.1769173837042,0
                79.0279185257234,14.1768270189294,0
                79.0278259091435,14.1768262568467,0
                79.0278274713153,14.176645527305,0
                79.0277348548142,14.1766447651967,0
                79.0277364170372,14.1764640356623,0
                79.0279216498985,14.1764655598229,0
                79.0279208688629,14.1765559246006,0
                79.0280134853384,14.1765566866324,0
                79.028012704334,14.1766470514144,0
                79.0281979373747,14.1766485753808,0
                79.0281971564381,14.1767389401722,0
                79.0282897730033,14.1767397021069,0
                79.0282889920978,14.1768300669027,0
                79.0283816087051,14.1768308288067,0
                79.0283800469509,14.1770115584061,0
                79.0284726636369,14.1770123202845,0
                79.0284703210742,14.1772834146934,0
                79.0285629378756,14.1772841765511,0
                79.0285613762129,14.1774649061636,0
                79.0286539930931,14.1774656679957,0
                79.0286532122902,14.1775560328059,0
                79.0287458292125,14.1775567946074,0
                79.0287450484406,14.1776471594219,0
                79.028837665405,14.1776479211927,0
                79.0288368846643,14.1777382860115,0
                79.0290221186829,14.1777398094559,0
                79.02902133801,14.1778301742842,0
                79.0293918062595,14.1778332207644,0
                79.0293925867859,14.1777428559159,0
                79.0295778208704,14.1777443789315,0
                79.0295786013181,14.1776540140723,0
                79.0296712183319,14.1776547755214,0
                79.0296719987375,14.1775644106564,0
                79.0297646157202,14.1775651720647,0
                79.0297661764416,14.1773844423224,0
                79.0296735595322,14.1773836809242,0
                79.029675900683,14.1771125863205,0
                79.0295832838889,14.1771118249016,0
                79.0295840642982,14.1770214600373,0
                79.0294914475462,14.1770206985878,0
                79.0294922279866,14.1769303337278,0
                79.0293996112767,14.1769295722476,0
                79.0294019526748,14.1766584776785,0
                79.0294945692748,14.1766592391436,0
                79.0294953496933,14.1765688742807,0
                79.0295879662621,14.176569635705,0
                79.0295887466384,14.1764792708363,0
                79.0296813631762,14.1764800322198,0
                79.0296821435104,14.1763896673454,0
                79.029867376529,14.1763911899951,0
                79.0298681567845,14.1763008251099,0
                79.0299607732655,14.176301586376,0
                79.0299615534788,14.176211221485,0
                79.0300541699286,14.1762119827104,0
                79.0300549500999,14.1761216178137,0
                79.0301475665186,14.1761223789983,0
                79.0301483466477,14.1760320140958,0
                79.0303335794283,14.1760335363477,0
                79.0303343594787,14.1759431714343,0
                79.0304269758406,14.1759439325017,0
                79.0304285358517,14.1757632026627,0
                79.0305211521459,14.1757639636842,0
                79.0305219321066,14.1756735987586,0
                79.0306145483696,14.1756743597393,0
                79.0306161082013,14.1754936298758,0
                79.0307087243965,14.1754943908107,0
                79.0307110639931,14.1752232959949,0
                79.030803680084,14.1752240568789,0
                79.0308044599019,14.1751336919338,0
                79.0308970759616,14.1751344527771,0
                79.0308947366013,14.1754055476253,0
                79.0309873527764,14.1754063084479,0
                79.0309842336989,14.1757677682557,0
                79.0308916173773,14.1757670074129,0
                79.0308869383768,14.1763091970725,0
                79.030794321841,14.1763084361637,0
                79.030792762057,14.1764891660344,0
                79.0307001454534,14.1764884050797,0
                79.0306985855743,14.1766691349374,0
                79.0305133522371,14.1766676129007,0
                79.030512572216,14.1767579778183,0
                79.030419955519,14.1767572167413,0
                79.0304191754558,14.1768475816532,0
                79.0303265587277,14.1768468205354,0
                79.0303226581464,14.1772986450589,0
                79.0302300412406,14.1772978838801,0
                79.0302198986109,14.1784726274911,0
                79.0301272812345,14.1784718662109,0
              </coordinates>
            </LinearRing>
          </outerBoundaryIs>
        </Polygon>
      </Placemark>
      <Placemark id="gee_annamayya_reservoir_water.10">
        <ExtendedData>
          <SchemaData schemaUrl="#gee_annamayya_reservoir_water.schema">
            <SimpleData name="date">2021-11-16</SimpleData>
            <SimpleData name="area_ha">0.06</SimpleData>
          </SchemaData>
        </ExtendedData>
        <Polygon>
          <outerBoundaryIs>
            <LinearRing>
              <coordinates>
                79.0271893128361,14.1754654501651,0
                79.0271900940987,14.1753750854192,0
                79.0270974781487,14.1753743231316,0
                79.0270990407305,14.1751935936476,0
                79.0271916566072,14.1751943559252,0
                79.0271924378533,14.1751039911771,0
                79.0272850536989,14.1751047534138,0
                79.0272819288282,14.1754662124221,0
                79.0271893128361,14.1754654501651,0
              </coordinates>
            </LinearRing>
          </outerBoundaryIs>
        </Polygon>
      </Placemark>
      <Placemark id="gee_annamayya_reservoir_water.11">
        <ExtendedData>
          <SchemaData schemaUrl="#gee_annamayya_reservoir_water.schema">
            <SimpleData name="date">2021-11-16</SimpleData>
            <SimpleData name="area_ha">0.05</SimpleData>
          </SchemaData>
        </ExtendedData>
        <Polygon>
          <outerBoundaryIs>
            <LinearRing>
              <coordinates>
                79.0270998220132,14.1751032289046,0
                79.0271006032904,14.1750128641608,0
                79.0270079874924,14.1750121018577,0
                79.0270103314008,14.1747410076372,0
                79.0271029470889,14.1747417699252,0
                79.027101384562,14.1749224994164,0
                79.0271940003289,14.1749232616787,0
                79.0271924378533,14.1751039911771,0
                79.0270998220132,14.1751032289046,0
              </coordinates>
            </LinearRing>
          </outerBoundaryIs>
        </Polygon>
      </Placemark>
      <Placemark id="gee_annamayya_reservoir_water.12">
        <ExtendedData>
          <SchemaData schemaUrl="#gee_annamayya_reservoir_water.schema">
            <SimpleData name="date">2021-11-16</SimpleData>
            <SimpleData name="area_ha">0.21</SimpleData>
          </SchemaData>
        </ExtendedData>
        <Polygon>
          <outerBoundaryIs>
            <LinearRing>
              <coordinates>
                79.0055544384372,14.1710390116717,0
                79.0055552280072,14.1709486480813,0
                79.0053700021409,14.1709471072288,0
                79.0053715814107,14.1707663800664,0
                79.0055568071305,14.1707679208984,0
                79.0055575966838,14.1706775573059,0
                79.0060206608976,14.1706814087353,0
                79.0060190821515,14.1708621359708,0
                79.0059264692244,14.1708613657461,0
                79.0059256798064,14.1709517293576,0
                79.0058330668482,14.1709509590921,0
                79.005832277388,14.1710413226978,0
                79.0055544384372,14.1710390116717,0
              </coordinates>
            </LinearRing>
          </outerBoundaryIs>
        </Polygon>
      </Placemark>
      <Placemark id="gee_annamayya_reservoir_water.13">
        <ExtendedData>
          <SchemaData schemaUrl="#gee_annamayya_reservoir_water.schema">
            <SimpleData name="date">2021-11-16</SimpleData>
            <SimpleData name="area_ha">0.13</SimpleData>
          </SchemaData>
        </ExtendedData>
        <Polygon>
          <outerBoundaryIs>
            <LinearRing>
              <coordinates>
                79.005405530334,14.1668807453742,0
                79.0054063197216,14.1667903817608,0
                79.0053137084803,14.1667896115161,0
                79.005314497899,14.1666992479071,0
                79.0052218866999,14.1666984776318,0
                79.0052234655936,14.1665177504219,0
                79.005408687851,14.1665192909163,0
                79.0054094772164,14.1664289273,0
                79.0055020883168,14.1664296974885,0
                79.0055005096537,14.1666104247306,0
                79.0055931208329,14.1666111948936,0
                79.0055907529063,14.1668822857666,0
                79.005405530334,14.1668807453742,0
              </coordinates>
            </LinearRing>
          </outerBoundaryIs>
        </Polygon>
      </Placemark>
      <Placemark id="gee_annamayya_reservoir_water.14">
        <ExtendedData>
          <SchemaData schemaUrl="#gee_annamayya_reservoir_water.schema">
            <SimpleData name="date">2021-11-16</SimpleData>
            <SimpleData name="area_ha">0.6</SimpleData>
          </SchemaData>
        </ExtendedData>
        <Polygon>
          <outerBoundaryIs>
            <LinearRing>
              <coordinates>
                79.0040519033871,14.1628028280114,0
                79.0040542724292,14.1625317373016,0
                79.0039616629909,14.1625309667617,0
                79.0039671908174,14.1618984217827,0
                79.0038745816407,14.1618976512429,0
                79.0038761610428,14.1617169241098,0
                79.0039687701463,14.1617176946394,0
                79.0039695598025,14.1616273310666,0
                79.0042473870367,14.1616296424257,0
                79.0042458079383,14.1618103696012,0
                79.0043384171006,14.1618111399931,0
                79.0043376275797,14.1619015035849,0
                79.0044302367842,14.1619022739462,0
                79.004426289279,14.1623540919198,0
                79.0045188986719,14.162354862271,0
                79.0045173197041,14.1625355894656,0
                79.004424710238,14.1625348191042,0
                79.0044231311748,14.1627155462857,0
                79.0043305216411,14.1627147758784,0
                79.0043297320646,14.1628051394629,0
                79.0040519033871,14.1628028280114,0
              </coordinates>
            </LinearRing>
          </outerBoundaryIs>
        </Polygon>
      </Placemark>
      <Placemark id="gee_annamayya_reservoir_water.15">
        <ExtendedData>
          <SchemaData schemaUrl="#gee_annamayya_reservoir_water.schema">
            <SimpleData name="date">2021-11-16</SimpleData>
            <SimpleData name="area_ha">409.2</SimpleData>
          </SchemaData>
        </ExtendedData>
        <Polygon>
          <outerBoundaryIs>
            <LinearRing>
              <coordinates>
                79.0351725725889,14.2163789066272,0
                79.0351733530308,14.2162885417539,0
                79.0349880869918,14.2162870190225,0
                79.034990428505,14.2160159244284,0
                79.0347125298182,14.2160136401078,0
                79.0347133104219,14.2159232752568,0
                79.034620677574,14.21592251375,0
                79.0346214582089,14.2158321489032,0
                79.0345288254032,14.2158313873656,0
                79.0345296060694,14.2157410225232,0
                79.0344369733059,14.2157402609548,0
                79.0344385346953,14.2155595312778,0
                79.0341606366582,14.2155572463878,0
                79.0341614174549,14.2154668815633,0
                79.0340687848235,14.2154661198667,0
                79.0340695656515,14.2153757550465,0
                79.0337916679005,14.2153734697567,0
                79.0337924488332,14.2152831049509,0
                79.0335145512417,14.2152808193536,0
                79.0335153322791,14.2151904545623,0
                79.0334226997963,14.2151896926299,0
                79.033423480865,14.2150993278429,0
                79.0333308484244,14.2150985658797,0
                79.0333316295243,14.215008201097,0
                79.0332389971259,14.215007439103,0
                79.0332397782571,14.2149170743246,0
                79.0331471459009,14.2149163122999,0
                79.0331479270633,14.2148259475258,0
                79.0330552947494,14.2148251854702,0
                79.033056075943,14.2147348207005,0
                79.0329634436713,14.2147340586141,0
                79.0329681309383,14.2141918700107,0
                79.0328754988924,14.2141911079187,0
                79.0328762801211,14.214100743154,0
                79.0327836481175,14.2140999810312,0
                79.0327844293774,14.2140096162708,0
                79.0326917974161,14.2140088541173,0
                79.0326933599929,14.2138281246044,0
                79.0326007281105,14.2138273624251,0
                79.0326015094274,14.2137369976726,0
                79.0324162457525,14.2137354732166,0
                79.0324178085168,14.2135547437296,0
                79.032325176761,14.213553981458,0
                79.0323259581717,14.2134636167184,0
                79.03214069475,14.2134620920777,0
                79.0321414762286,14.2133717273475,0
                79.0319562129023,14.2133702025736,0
                79.0319569944489,14.2132798378528,0
                79.031771731218,14.2132783129456,0
                79.0317725128326,14.2131879482341,0
                79.0316798812621,14.2131871857318,0
                79.031680662908,14.2130968210247,0
                79.0315880313797,14.2130960584916,0
                79.0315888130567,14.2130056937888,0
                79.0314035500901,14.2130041686252,0
                79.0314043318351,14.2129138039318,0
                79.0311264375365,14.2129115159328,0
                79.0311272193863,14.2128211512538,0
                79.0308493252473,14.2128188629475,0
                79.0308485432874,14.2129092276114,0
                79.030663280482,14.2129077018846,0
                79.0306624984432,14.2129980665377,0
                79.0304772355864,14.2129965406575,0
                79.0304764534686,14.2130869052997,0
                79.0294575077447,14.2130785103412,0
                79.0294567252174,14.2131688749272,0
                79.0293640937842,14.2131681115291,0
                79.0293633112147,14.2132584761093,0
                79.0292706797502,14.2132577126704,0
                79.0292753753051,14.2127155252086,0
                79.0291827440666,14.2127147617641,0
                79.0291835266765,14.2126243971897,0
                79.0290908954802,14.2126236337144,0
                79.0290916781214,14.2125332691443,0
                79.0288137846754,14.2125309785187,0
                79.0288145674213,14.212440613963,0
                79.028536674135,14.2124383230301,0
                79.0285358912789,14.2125286875706,0
                79.0282579979319,14.2125263963001,0
                79.0282572149601,14.2126167608247,0
                79.0280719526828,14.2126152331218,0
                79.0280711696321,14.2127055976356,0
                79.0277932761472,14.2127033057973,0
                79.0277924929808,14.2127936702952,0
                79.0276072306116,14.2127921422137,0
                79.0276064473662,14.2128825067008,0
                79.0274211849455,14.2128809784659,0
                79.0274204016213,14.2129713429422,0
                79.0273277703825,14.2129705787659,0
                79.027326987016,14.2130609432364,0
                79.0270490932223,14.2130586504775,0
                79.0270483097401,14.2131490149321,0
                79.026492522081,14.2131444284165,0
                79.0264917383729,14.21323479284,0
                79.0249170071235,14.2132217906216,0
                79.0249162227856,14.2133121549584,0
                79.0246383290906,14.2133098593592,0
                79.0246375446371,14.21340022368,0
                79.0244522821279,14.2133986930912,0
                79.0244514975953,14.2134890574012,0
                79.0243588663122,14.213488292048,0
                79.0243580817375,14.2135786563522,0
                79.0241728191144,14.2135771255282,0
                79.0241720344606,14.2136674898216,0
                79.0240794031206,14.2136667243508,0
                79.0240778337232,14.2138474529252,0
                79.0239852023152,14.2138466874084,0
                79.0239836328222,14.2140274159698,0
                79.0238910013464,14.214026650407,0
                79.0238902165549,14.2141170146816,0
                79.0237975850477,14.2141162490779,0
                79.0237960153748,14.2142969776147,0
                79.0237033837997,14.2142962119651,0
                79.0237025989183,14.2143865762273,0
                79.0235173357112,14.2143850448105,0
                79.0235181206662,14.2142946805584,0
                79.0233328575546,14.2142931490083,0
                79.0233336425775,14.2142027847656,0
                79.0232410110667,14.2142020189419,0
                79.0232417961208,14.2141116547036,0
                79.0231491646523,14.2141108888491,0
                79.0231499497376,14.2140205246151,0
                79.0229646868905,14.2140189928088,0
                79.0229654720437,14.2139286285842,0
                79.0220391585064,14.2139209674534,0
                79.0220383729858,14.2140113316273,0
                79.0219457416257,14.2140105653121,0
                79.0219449560629,14.2141009294802,0
                79.0218523246715,14.2141001631241,0
                79.0218515390665,14.2141905272864,0
                79.0217589076439,14.2141897608894,0
                79.0217581219967,14.2142801250459,0
                79.0216654905429,14.214279358608,0
                79.0216647048534,14.2143697227587,0
                79.0215720733683,14.2143689562798,0
                79.0215712876366,14.2144593204248,0
                79.0214786561204,14.214458553905,0
                79.0214778703464,14.2145489180442,0
                79.0213852387989,14.2145481514835,0
                79.0213844529827,14.2146385156169,0
                79.021291821404,14.2146377490153,0
                79.0212910355455,14.2147281131429,0
                79.0211984039357,14.2147273465004,0
                79.0211976180349,14.2148177106222,0
                79.0211049863938,14.2148169439388,0
                79.0211042004508,14.2149073080548,0
                79.0205484104999,14.2149027071716,0
                79.020547624331,14.2149930712564,0
                79.0198065710783,14.2149869346981,0
                79.0198073575411,14.2148965706539,0
                79.0197147259461,14.214895803428,0
                79.0197155124401,14.2148054393881,0
                79.0195302493401,14.2148039048388,0
                79.019531035902,14.2147135408084,0
                79.019438404397,14.2147127734851,0
                79.0194391909902,14.214622409459,0
                79.0192539280702,14.214620874715,0
                79.0192547147313,14.2145305106984,0
                79.0190694519069,14.2145289758212,0
                79.0190702386359,14.214438611814,0
                79.0189776072687,14.2144378443267,0
                79.0189783940289,14.2143474803239,0
                79.018885762704,14.2143467128059,0
                79.0188865494954,14.2142563488074,0
                79.0187939182128,14.2142555812586,0
                79.0187954918525,14.2140748532695,0
                79.0187028606488,14.2140740856951,0
                79.0187044343399,14.2138933577133,0
                79.0186118032152,14.2138925901132,0
                79.018614950678,14.2135311341613,0
                79.0185223197057,14.2135303665456,0
                79.0185231065943,14.2134400025609,0
                79.0183378447398,14.2134384672323,0
                79.0183386316963,14.213348103257,0
                79.0181533699374,14.2133465677952,0
                79.0181541569618,14.2132562038294,0
                79.0179688952984,14.2132546682345,0
                79.0179696823908,14.213164304278,0
                79.0178770516041,14.2131635364319,0
                79.0178825613533,14.2125309887523,0
                79.0179751918829,14.2125317565629,0
                79.0179814881137,14.2118088448449,0
                79.0180741183551,14.211809612579,0
                79.0180749053223,14.211719248606,0
                79.0179822751177,14.2117184808769,0
                79.0179854230784,14.2113570249977,0
                79.0178927930262,14.2113562572532,0
                79.0178943670468,14.2111755293194,0
                79.0178017370735,14.2111747615492,0
                79.0178033111455,14.2109940336226,0
                79.0178959410453,14.2109948013827,0
                79.0178967280363,14.2109044374132,0
                79.0181746176587,14.2109067404631,0
                79.018175404534,14.2108163764777,0
                79.0183606642365,14.2108179116551,0
                79.0183614510328,14.2107275476588,0
                79.0184540808556,14.2107283151886,0
                79.0184548676097,14.2106379511865,0
                79.0185474974013,14.2106387186755,0
                79.0185498575203,14.2103676266496,0
                79.0186424872072,14.2103683940875,0
                79.0186456338083,14.2100069380226,0
                79.0187382633539,14.2100077054044,0
                79.0187390499537,14.2099173413813,0
                79.0188316794681,14.2099181087221,0
                79.0188332525776,14.2097373806636,0
                79.0189258820241,14.2097381479584,0
                79.0189282415367,14.2094670558499,0
                79.0190208708786,14.2094678230938,0
                79.0190232302314,14.2091967309635,0
                79.0191158594687,14.2091974981563,0
                79.0191174322695,14.2090167700557,0
                79.0192100614389,14.2090175372025,0
                79.0192108477943,14.208927173146,0
                79.0193034769325,14.2089279402519,0
                79.0193042632456,14.2088375761896,0
                79.0193968923526,14.2088383432546,0
                79.0193976786235,14.2087479791866,0
                79.0195829367807,14.208749513199,0
                79.0195837229727,14.20865914912,0
                79.0197689810784,14.208660682979,0
                79.0197697671914,14.2085703188892,0
                79.0198623962159,14.2085710857599,0
                79.0198631822867,14.2084807216642,0
                79.01995581128,14.208481488494,0
                79.0199589553611,14.208120032084,0
                79.0200515842131,14.2081207988577,0
                79.0200562999489,14.2075786141905,0
                79.0202415572288,14.2075801475695,0
                79.0202423430921,14.2074897834456,0
                79.0205202289432,14.2074920832303,0
                79.0205194431901,14.2075824473694,0
                79.0206120718548,14.2075832138977,0
                79.0206112861329,14.2076735780412,0
                79.0207039148399,14.2076743445388,0
                79.0207031291492,14.2077647086866,0
                79.0208883866532,14.2077662415845,0
                79.0208876010304,14.2078566057417,0
                79.0218138892484,14.2078642681328,0
                79.0218076070042,14.2085871817702,0
                79.0217149778638,14.2085864156517,0
                79.0217126218211,14.2088575082386,0
                79.0216199925762,14.2088567420691,0
                79.02161842178,14.2090374704466,0
                79.0215257924672,14.2090367042311,0
                79.0215242215755,14.2092174325955,0
                79.0216168509618,14.2092181988212,0
                79.0216152801216,14.2093989271929,0
                79.0220784275029,14.2094027578344,0
                79.0220792127422,14.2093123936236,0
                79.0221718421983,14.2093131596394,0
                79.0221726273954,14.2092227954227,0
                79.0223578862507,14.2092243273367,0
                79.0223586713688,14.2091339631092,0
                79.0224513007681,14.2091347290074,0
                79.022452085844,14.2090443647741,0
                79.022544715212,14.2090451306314,0
                79.0225455002457,14.2089547663923,0
                79.0227307589248,14.2089562979893,0
                79.0227315438795,14.2088659337394,0
                79.0229168025073,14.208867465183,0
                79.022917587383,14.2087771009222,0
                79.0231028459594,14.2087786322123,0
                79.0231036307563,14.2086882679407,0
                79.0232888892812,14.2086897990774,0
                79.0232896739992,14.2085994347949,0
                79.0233823032332,14.2086002003045,0
                79.0233830879089,14.2085098360162,0
                79.0235683463201,14.2085113669178,0
                79.0235691309169,14.2084210026186,0
                79.023661760094,14.2084217680106,0
                79.0236625446485,14.2083314037057,0
                79.0237551737945,14.2083321690568,0
                79.0237567428136,14.2081514404346,0
                79.0238493718916,14.2081522057398,0
                79.0238501563562,14.2080618414225,0
                79.023942785403,14.2080626066868,0
                79.0239443542423,14.20788187804,0
                79.0240369832212,14.2078826432583,0
                79.0240385519649,14.2077019145985,0
                79.0241311808759,14.2077026797709,0
                79.0241327495242,14.2075219510981,0
                79.0242253783673,14.2075227162245,0
                79.0242269469202,14.2073419875386,0
                79.0243195756953,14.2073427526191,0
                79.0243203599268,14.2072523882701,0
                79.0245056174202,14.2072539183135,0
                79.024501696575,14.2077057401023,0
                79.0245943255135,14.2077065050956,0
                79.0245904047141,14.2081583268917,0
                79.0246830338417,14.2081590918745,0
                79.0246806814062,14.2084301849586,0
                79.0247733106494,14.2084309499208,0
                79.0247725265299,14.2085213142858,0
                79.0248651558154,14.2085220792172,0
                79.0248643717271,14.2086124435866,0
                79.0254201477758,14.2086170324533,0
                79.0254209316438,14.2085266680536,0
                79.0263472251315,14.2085343132488,0
                79.0263480086268,14.2084439487977,0
                79.0268111553934,14.2084477700268,0
                79.0268119386997,14.2083574055498,0
                79.0269971973715,14.2083589337806,0
                79.0269979805988,14.2082685692927,0
                79.0271832392191,14.2082700973701,0
                79.0271840223676,14.2081797328714,0
                79.0272766516493,14.2081804968513,0
                79.0272782178562,14.2079997678416,0
                79.02737084707,14.2080005317756,0
                79.027373979271,14.2076390737273,0
                79.0274666083435,14.2076398376052,0
                79.0274705232875,14.2071880150032,0
                79.0275631521819,14.2071887788201,0
                79.0275662838913,14.2068273207053,0
                79.0276589126443,14.2068280844661,0
                79.0276620441189,14.2064666263195,0
                79.0277546727306,14.2064673900243,0
                79.0277562383615,14.2062866609365,0
                79.0278488669053,14.2062874245954,0
                79.0278504324408,14.2061066954946,0
                79.0279430609166,14.2061074591075,0
                79.0279438436394,14.206017094551,0
                79.0280364720841,14.2060178581231,0
                79.0280372547647,14.2059274935608,0
                79.028222511597,14.2059290205874,0
                79.0282232941987,14.2058386560143,0
                79.0283159225864,14.2058394194688,0
                79.0283174876999,14.2056586903103,0
                79.0284101160197,14.2056594537189,0
                79.0284132460338,14.2052979953729,0
                79.0285058742123,14.2052987587255,0
                79.0285066566654,14.2052083941321,0
                79.0284140285236,14.2052076307846,0
                79.0284155934867,14.2050269016058,0
                79.0283229654238,14.2050261382326,0
                79.0283245304383,14.204845409061,0
                79.0282319024544,14.2048446456621,0
                79.0282334675203,14.2046639164977,0
                79.0281408396152,14.2046631530731,0
                79.0281416221767,14.2045727884949,0
                79.0280489943138,14.2045720250395,0
                79.0280521246514,14.2042105667397,0
                79.028330007816,14.2042128569378,0
                79.02832922535,14.204303221529,0
                79.028514480894,14.2043047481588,0
                79.0285136984959,14.2043951127594,0
                79.0289768376355,14.2043989287325,0
                79.0289776198502,14.2043085641067,0
                79.0291628754711,14.2043100902352,0
                79.0291636576068,14.2042197255985,0
                79.0292562853888,14.204220488604,0
                79.0292570674823,14.2041301239616,0
                79.0293496952331,14.2041308869262,0
                79.0293512593303,14.203950157629,0
                79.0294438870132,14.2039509205477,0
                79.0294446690168,14.203860555893,0
                79.0295372966685,14.2038613187709,0
                79.02953807863,14.2037709541104,0
                79.0296307062504,14.2037717169474,0
                79.0296322700835,14.2035909876141,0
                79.029724897636,14.2035917504052,0
                79.0297256795076,14.2035013857325,0
                79.029818307029,14.2035021484827,0
                79.0298198706822,14.2033214191249,0
                79.0299124981357,14.2033221818292,0
                79.0299140616936,14.2031414524585,0
                79.0300066890791,14.2031422151169,0
                79.0300082525416,14.2029614857331,0
                79.0301008798593,14.2029622483456,0
                79.0301032249018,14.2026911542494,0
                79.0301958521149,14.202691916811,0
                79.0302036681994,14.201788269726,0
                79.0301110413533,14.2017875072149,0
                79.0301118229683,14.2016971425075,0
                79.0302044497776,14.2016979050135,0
                79.0302052313504,14.2016075403003,0
                79.0302978581286,14.2016083027655,0
                79.0302986396592,14.2015179380465,0
                79.0302060129177,14.2015171755864,0
                79.0302067944795,14.2014268108717,0
                79.0301141677802,14.2014260483808,0
                79.0301149493731,14.2013356836705,0
                79.030022322716,14.2013349211489,0
                79.0300246675721,14.2010638270287,0
                79.0299320410306,14.2010630644864,0
                79.0299336043139,14.2008823350795,0
                79.0298409778512,14.2008815725115,0
                79.0298417595213,14.2007912078119,0
                79.0297491331009,14.2007904452132,0
                79.029750696498,14.2006097158221,0
                79.0296580701564,14.2006089531976,0
                79.0296588518834,14.2005185885061,0
                79.029566225584,14.2005178258509,0
                79.0295670073422,14.2004274611636,0
                79.0294743810849,14.2004266984777,0
                79.0294751628744,14.2003363337947,0
                79.0293825366593,14.200335571078,0
                79.0293833184799,14.2002452063994,0
                79.029290692307,14.200244443652,0
                79.0292914741589,14.2001540789777,0
                79.0291988480282,14.2001533161995,0
                79.0291996299112,14.2000629515296,0
                79.0291070038227,14.2000621887206,0
                79.0291077857369,14.199971824055,0
                79.0290151596905,14.1999710612153,0
                79.0290159416359,14.1998806965541,0
                79.0288306896332,14.1998791707774,0
                79.0288314716464,14.1997888061255,0
                79.0285535937935,14.1997865172072,0
                79.0285543759114,14.1996961525697,0
                79.0284617500081,14.1996953895304,0
                79.0284609678535,14.1997857541629,0
                79.0282757159901,14.1997842279668,0
                79.0282749337567,14.1998745925884,0
                79.0280896818418,14.199873066239,0
                79.0280888995295,14.1999634308497,0
                79.0279962735436,14.1999626676163,0
                79.0279954911891,14.2000530322213,0
                79.0279028651721,14.200052268947,0
                79.0279020827754,14.2001426335462,0
                79.0278094567271,14.2001418702311,0
                79.0278086742883,14.2002322348245,0
                79.0277160482088,14.2002314714685,0
                79.0277152657278,14.2003218360561,0
                79.027530013512,14.2003203092267,0
                79.0275292309521,14.2004106738035,0
                79.0274366048157,14.20040991033,0
                79.0274358222136,14.200500274901,0
                79.0273431960461,14.2004995113867,0
                79.0273424134018,14.2005898759519,0
                79.0271571610098,14.2005883488057,0
                79.0271563782866,14.2006787133602,0
                79.0270637520622,14.2006779497283,0
                79.0270629692968,14.2007683142769,0
                79.0267850905465,14.2007660231514,0
                79.0267843076656,14.2008563876842,0
                79.0264138025954,14.2008533323287,0
                79.0264145856231,14.2007629678162,0
                79.026321959406,14.2007622038929,0
                79.0263227424649,14.2006718393847,0
                79.02623011629,14.2006710754307,0
                79.0262332486173,14.200309617411,0
                79.0263258746455,14.2003103813448,0
                79.0263266576769,14.200220016833,0
                79.0264192836738,14.2002207807259,0
                79.026420066663,14.2001304162083,0
                79.0266053186001,14.2001319438767,0
                79.0266061015104,14.2000415793483,0
                79.0266987274505,14.2000423431238,0
                79.0266995103186,14.1999519785895,0
                79.0267921362275,14.1999527423241,0
                79.0267929190535,14.1998623777842,0
                79.0268855449312,14.1998631414779,0
                79.0268871104932,14.1996824123856,0
                79.026979736303,14.1996831760335,0
                79.0269813017697,14.1995024469282,0
                79.0270739275116,14.1995032105301,0
                79.0270762755602,14.1992321168516,0
                79.0271689011976,14.1992328804026,0
                79.0271712490867,14.1989617867024,0
                79.0272638746195,14.1989625502024,0
                79.0272670049146,14.1986010919052,0
                79.0271743795285,14.1986003284254,0
                79.0271751621252,14.1985099638544,0
                79.0260636583614,14.1985007993661,0
                79.0260628753245,14.1985911638765,0
                79.0258776247008,14.1985896359505,0
                79.025876841585,14.1986800004501,0
                79.0257842162448,14.1986792364284,0
                79.0257834330868,14.1987696009221,0
                79.0256908077153,14.1987688368595,0
                79.0256892413095,14.1989495658347,0
                79.0255966158702,14.1989488017263,0
                79.0255958326223,14.1990391662077,0
                79.0255032071518,14.1990384020584,0
                79.0255024238618,14.199128766534,0
                79.0254097983601,14.1991280023439,0
                79.0254090150278,14.1992183668137,0
                79.025316389495,14.1992176025827,0
                79.0253156061205,14.1993079670468,0
                79.025130354998,14.1993064384672,0
                79.0251295715446,14.1993968029205,0
                79.0249443203707,14.1993952741876,0
                79.0249435368385,14.19948563863,0
                79.0247582856132,14.1994841097438,0
                79.0247575020021,14.1995744741754,0
                79.0245722507255,14.1995729451359,0
                79.0245714670355,14.1996633095566,0
                79.0244788413688,14.1996625449781,0
                79.0244780576366,14.199752909393,0
                79.0243854319387,14.1997521447736,0
                79.0243846481643,14.1998425091828,0
                79.0242920224352,14.1998417445226,0
                79.0242912386187,14.1999321089259,0
                79.0241986128584,14.1999313442248,0
                79.0241978289996,14.2000217086224,0
                79.0241052032082,14.2000209438804,0
                79.0241044193072,14.2001113082722,0
                79.0240117934846,14.2001105434894,0
                79.0240102255928,14.2002912722607,0
                79.0239175997022,14.2002905074319,0
                79.0239168157114,14.2003808718114,0
                79.0238241897897,14.2003801069418,0
                79.0238234057567,14.2004704713155,0
                79.0237307798038,14.2004697064051,0
                79.0237299957285,14.200560070773,0
                79.0236373697444,14.2005593058217,0
                79.023636585627,14.2006496701838,0
                79.023451333602,14.2006481401636,0
                79.0234505494057,14.2007385045149,0
                79.0233579233647,14.2007377394461,0
                79.0233602760473,14.2004666464053,0
                79.0234529019781,14.200467411459,0
                79.023455254501,14.2001963183965,0
                79.0235478803273,14.2001970833991,0
                79.0235502326905,14.199925990315,0
                79.0236428584123,14.1999267552666,0
                79.0236459946727,14.1995652977907,0
                79.0237386202532,14.1995660626863,0
                79.0237417562787,14.1992046051785,0
                79.0238343817179,14.1992053700181,0
                79.0238359496243,14.1990246412497,0
                79.0239285749957,14.1990254060433,0
                79.0239293589039,14.198935041653,0
                79.0240219842441,14.1989358064058,0
                79.0240227681101,14.1988454420097,0
                79.0241153934192,14.1988462067216,0
                79.0241169610613,14.198665477917,0
                79.0242095863025,14.198666242583,0
                79.0242111538493,14.1984855137655,0
                79.0243037790226,14.1984862783855,0
                79.0243061301913,14.1982151851386,0
                79.0243987552601,14.1982159497077,0
                79.024400322605,14.1980352208626,0
                79.0244929476059,14.1980359853858,0
                79.0244937312335,14.1979456209571,0
                79.0246789811784,14.1979471498859,0
                79.0246797647271,14.1978567854464,0
                79.0247723896711,14.1978575498521,0
                79.0247731731776,14.1977671854068,0
                79.0249584230089,14.1977687141006,0
                79.0249592064365,14.1976783496445,0
                79.0250518313237,14.1976791139326,0
                79.0250526147091,14.1975887494707,0
                79.0252378644266,14.1975902779295,0
                79.0252386477332,14.1974999134567,0
                79.0253312725635,14.1975006776274,0
                79.0253320558279,14.1974103131489,0
                79.025424680627,14.1974110772787,0
                79.0254262470659,14.1972303483093,0
                79.025611496534,14.1972318764413,0
                79.0256122796718,14.1971415119454,0
                79.0257049043774,14.1971422759527,0
                79.0257119520399,14.1963289954113,0
                79.0256193276644,14.1963282314496,0
                79.0256201107471,14.1962378669465,0
                79.0255274864138,14.196237102954,0
                79.0255290526362,14.1960563739557,0
                79.0254364283817,14.1960556099376,0
                79.0254379946554,14.1958748809464,0
                79.0253453704798,14.1958741169027,0
                79.0253469368049,14.1956933879188,0
                79.0252543127081,14.1956926238493,0
                79.0252605780816,14.1949697079254,0
                79.025353201885,14.1949704719543,0
                79.0253547681,14.194789742956,0
                79.02526214437,14.1947889789371,0
                79.0252629275059,14.194698614442,0
                79.0251703038181,14.1946978503924,0
                79.0251710869852,14.1946074859015,0
                79.0250784633395,14.1946067218212,0
                79.0250792465378,14.1945163573347,0
                79.0249866229343,14.1945155932237,0
                79.0249983707976,14.1931601259151,0
                79.0249057477498,14.1931593618443,0
                79.0249065309333,14.1930689973563,0
                79.0248139079276,14.1930682332547,0
                79.0248146911423,14.1929778687711,0
                79.0247220681787,14.1929771046388,0
                79.0247291171932,14.1921638242992,0
                79.0246364945652,14.1921630601767,0
                79.0246372777981,14.192072695696,0
                79.0245446552123,14.1920719315428,0
                79.0245454384764,14.1919815670664,0
                79.0239897032969,14.1919769814262,0
                79.0239904867756,14.1918866169795,0
                79.0235273744608,14.1918827946541,0
                79.0235265907988,14.1919731590755,0
                79.0230634784384,14.1919693358305,0
                79.0230642622837,14.1918789714344,0
                79.0229716398648,14.1918782066832,0
                79.0229724237413,14.1917878422915,0
                79.0230650461235,14.1917886070376,0
                79.0230658299578,14.1916982426401,0
                79.0232510746654,14.1916997720151,0
                79.0232518584208,14.1916094076067,0
                79.0234371030772,14.1916109368284,0
                79.0234378867538,14.1915205724092,0
                79.0235305090535,14.1915213369613,0
                79.0235312926879,14.1914309725363,0
                79.0236239149565,14.1914317370475,0
                79.0236246985488,14.1913413726167,0
                79.0237173207862,14.1913421370872,0
                79.0237196714199,14.1910710437752,0
                79.0238122935529,14.1910718081947,0
                79.0238154275074,14.190710350415,0
                79.0240006714965,14.1907118791062,0
                79.0240030216846,14.1904407857334,0
                79.0239103997972,14.190440021421,0
                79.0239111832189,14.190349656967,0
                79.0238185613737,14.1903488926238,0
                79.0238193448265,14.1902585281742,0
                79.0237267230235,14.1902577638003,0
                79.0237275065075,14.190167399355,0
                79.0236348847466,14.1901666349504,0
                79.0236356682618,14.1900762705095,0
                79.0235430465431,14.1900755060742,0
                79.0235438300894,14.1899851416376,0
                79.0232659650764,14.1899828481323,0
                79.0232667487271,14.1898924837101,0
                79.023081505486,14.1898909545379,0
                79.0230822892046,14.1898005901252,0
                79.0229896676289,14.1897998254904,0
                79.0229912351228,14.189619096673,0
                79.022898613626,14.1896183320126,0
                79.0229009649356,14.1893472387962,0
                79.0229935863224,14.1893480034414,0
                79.0229943700445,14.1892576390294,0
                79.0228091273497,14.1892561097135,0
                79.0228099111397,14.1891657453109,0
                79.0227172898372,14.1891649806044,0
                79.0227188574739,14.1889842518072,0
                79.0226262362502,14.188983487075,0
                79.022627020097,14.1888931226804,0
                79.0225343989155,14.1888923579175,0
                79.0225351827934,14.1888019935273,0
                79.0223499405202,14.1888004639043,0
                79.0223507244659,14.1887100995235,0
                79.0216097558871,14.1887039796416,0
                79.0216105401205,14.1886136153005,0
                79.0215179191096,14.1886128501594,0
                79.0215187033742,14.1885224858228,0
                79.0213334614423,14.1885209554434,0
                79.0213342457747,14.1884305911161,0
                79.0212416248536,14.1884298258779,0
                79.0212424092172,14.188339461555,0
                79.0211497883383,14.188338696286,0
                79.0211505727329,14.1882483319675,0
                79.0210579518963,14.1882475666678,0
                79.0210595207424,14.1880668380387,0
                79.0209668999845,14.1880660727134,0
                79.0209684688818,14.1878853440915,0
                79.0208758482028,14.1878845787406,0
                79.0208782016174,14.1876134858177,0
                79.0207855810538,14.1876127204462,0
                79.0207871500427,14.1874319918374,0
                79.0208797705329,14.1874327571987,0
                79.0208852615634,14.1868002070096,0
                79.0207926413297,14.1867994416838,0
                79.0207942102193,14.186618713062,0
                79.0207015900644,14.1866179477106,0
                79.0207031590051,14.186437219096,0
                79.0206105389291,14.186436453719,0
                79.0206113234278,14.1863460894157,0
                79.0205187033939,14.186345324008,0
                79.0205194879238,14.1862549597091,0
                79.0204268679321,14.1862541942707,0
                79.0204276524931,14.1861638299761,0
                79.0202424125995,14.1861622990021,0
                79.0202431972283,14.186071934717,0
                79.0201505773264,14.1860711691814,0
                79.0201513619864,14.1859808049006,0
                79.0200587421266,14.1859800393344,0
                79.0200634501903,14.1854378536648,0
                79.019970830556,14.1854370880932,0
                79.0199723999397,14.185256359541,0
                79.0198797803842,14.1852555939439,0
                79.0198805651044,14.1851652296718,0
                79.0197879455911,14.185164464044,0
                79.0197887303424,14.1850740997762,0
                79.0196961108713,14.1850733341177,0
                79.0196984652021,14.1848022413254,0
                79.0195132264962,14.1848007099316,0
                79.0195140113354,14.1847103456761,0
                79.0194213920274,14.1847095799307,0
                79.0194221768977,14.1846192156796,0
                79.0193295576319,14.1846184499035,0
                79.0193303425333,14.1845280856568,0
                79.0192377233096,14.1845273198499,0
                79.0192385082422,14.1844369556076,0
                79.0191458890607,14.1844361897701,0
                79.0191466740244,14.1843458255321,0
                79.019054054885,14.1843450596639,0
                79.0190548398799,14.1842546954302,0
                79.0189622207827,14.1842539295314,0
                79.0189630058086,14.1841635653021,0
                79.0188703867536,14.1841627993725,0
                79.0188711718106,14.1840724351476,0
                79.0187785527978,14.1840716691874,0
                79.018779337886,14.1839813049668,0
                79.0186867189153,14.1839805389759,0
                79.0186898593594,14.1836190821066,0
                79.0185972405408,14.1836183161003,0
                79.0185980256747,14.1835279518863,0
                79.0185054068982,14.1835271858493,0
                79.0185085475251,14.1831657290062,0
                79.0184159289008,14.1831649629537,0
                79.0184167140803,14.1830745987462,0
                79.0183240954981,14.1830738326631,0
                79.0183248807088,14.18298346846,0
                79.0181396436342,14.1829819361966,0
                79.0181412141855,14.1828012078085,0
                79.0180485957298,14.1828004416333,0
                79.0180493810338,14.1827100774433,0
                79.0179567626203,14.1827093112374,0
                79.0179575479554,14.1826189470517,0
                79.0177723112181,14.182617414543,0
                79.017773096621,14.1825270503667,0
                79.0175878599791,14.1825255177252,0
                79.017587074503,14.1826158818913,0
                79.0173092194716,14.1826135826456,0
                79.0173100050577,14.1825232184947,0
                79.017032150186,14.1825209189425,0
                79.0170329358765,14.1824305548062,0
                79.0169403176336,14.1824297882224,0
                79.0169411033552,14.1823394240904,0
                79.0168484851545,14.1823386574759,0
                79.0168492709072,14.1822482933482,0
                79.0164787983062,14.1822452265532,0
                79.0164795841999,14.1821548624451,0
                79.0163869661001,14.1821540956621,0
                79.0163877520249,14.1820637315584,0
                79.0162951339673,14.1820629647447,0
                79.0162959199232,14.1819726006454,0
                79.0162033019078,14.181971833801,0
                79.0162072317878,14.181520013319,0
                79.0160219961398,14.1815184795738,0
                79.0160227821725,14.1814281154854,0
                79.0159301643934,14.1814273485643,0
                79.0159309504572,14.1813369844803,0
                79.0158383327203,14.1813362175285,0
                79.0158391188152,14.1812458534488,0
                79.0157465011205,14.1812450864664,0
                79.0157472872465,14.1811547223911,0
                79.0155620519468,14.1811531883291,0
                79.0155628381406,14.1810628242632,0
                79.0153776029364,14.1810612900684,0
                79.0153783891978,14.180970926012,0
                79.015193154089,14.1809693916844,0
                79.0151939404182,14.1808790276375,0
                79.0150087054048,14.1808774931771,0
                79.0150094918017,14.1807871291396,0
                79.0146390219877,14.1807840598102,0
                79.0146398085257,14.1806936957923,0
                79.0145471911226,14.1806929283757,0
                79.0145479776917,14.1806025643622,0
                79.0144553603308,14.1806017969149,0
                79.0144868200222,14.1769872359851,0
                79.0145794359179,14.1769880032288,0
                79.0145802222602,14.1768976391857,0
                79.0146728381249,14.1768984063886,0
                79.0146736244249,14.1768080423396,0
                79.0147662402585,14.1768088095017,0
                79.0147678127689,14.1766280813915,0
                79.0146751970085,14.1766273142395,0
                79.014675983292,14.1765369501884,0
                79.0147685990158,14.1765377173353,0
                79.0147693852571,14.1764473532783,0
                79.0148620009497,14.1764481203843,0
                79.0148627871489,14.1763577563216,0
                79.0149554028104,14.1763585233868,0
                79.0149561889675,14.1762681593182,0
                79.0150488045979,14.1762689263426,0
                79.0150495907128,14.1761785622682,0
                79.0151422063122,14.1761793292518,0
                79.0151429923849,14.1760889651716,0
                79.0152356079532,14.1760897321144,0
                79.0152363939838,14.1759993680284,0
                79.0153290095209,14.1760001349303,0
                79.0153297955094,14.1759097708385,0
                79.0154224110155,14.1759105376996,0
                79.0154239829025,14.1757298095037,0
                79.0155165983409,14.1757305763189,0
                79.0155173842395,14.1756402122147,0
                79.0156099996468,14.1756409789891,0
                79.0156131430394,14.175279522545,0
                79.0157057583058,14.1752802892633,0
                79.0157073298957,14.1750995610268,0
                79.0157999450943,14.1751003276992,0
                79.0158007308444,14.1750099635747,0
                79.0158933460119,14.1750107302063,0
                79.0158941317198,14.1749203660761,0
                79.0159867468563,14.1749211326668,0
                79.0159883181823,14.174740404394,0
                79.0160809332511,14.1747411709389,0
                79.0160825044817,14.174560442653,0
                79.0161751194828,14.174561209152,0
                79.0161759050532,14.1744708450028,0
                79.0162685200231,14.174471611461,0
                79.0162693055514,14.1743812473061,0
                79.0163619204903,14.1743820137234,0
                79.0163627059764,14.1742916495627,0
                79.0164553208842,14.1742924159393,0
                79.0164561063282,14.1742020517727,0
                79.0165487212049,14.1742028181084,0
                79.0165495066067,14.1741124539361,0
                79.0168273511601,14.1741147527137,0
                79.0168281364466,14.1740243885254,0
                79.0169207512722,14.174025154708,0
                79.0169215365165,14.1739347905139,0
                79.017014151311,14.1739355566558,0
                79.0170157217099,14.1737548282552,0
                79.0171083364366,14.1737555943512,0
                79.0171091215912,14.1736652301447,0
                79.0172017362869,14.1736659961999,0
                79.0172033065061,14.1734852677746,0
                79.0172959211341,14.1734860337839,0
                79.0172967061989,14.1733956695651,0
                79.0173893207958,14.1733964355336,0
                79.0173901058184,14.173306071309,0
                79.0174827203842,14.1733068372367,0
                79.0174835053646,14.1732164730063,0
                79.0176687344396,14.1732180047442,0
                79.0176695193413,14.173127640503,0
                79.0177621338505,14.1731284063133,0
                79.0177637035641,14.1729476778184,0
                79.0178563180056,14.1729484435829,0
                79.0178578876239,14.1727677150749,0
                79.0179505019976,14.1727684807935,0
                79.0179520715207,14.1725877522725,0
                79.0180446858267,14.1725885179452,0
                79.0180454705433,14.1724981536786,0
                79.0181380848183,14.1724989193104,0
                79.0181388694928,14.172408555038,0
                79.0185093265014,14.1724116171879,0
                79.0185101110239,14.1723212528944,0
                79.0188805679745,14.1723243144524,0
                79.018881352345,14.1722339501379,0
                79.0189739665599,14.172234715433,0
                79.0189747508883,14.1721443511127,0
                79.019067365072,14.172145116367,0
                79.0190689336391,14.1719643877141,0
                79.0191615477552,14.1719651529225,0
                79.0191623319938,14.1718747885899,0
                79.0196254024737,14.1718786140709,0
                79.0196261865238,14.1717882497122,0
                79.0198114146812,14.1717897796444,0
                79.0198121986526,14.1716994152748,0
                79.0199048127029,14.1717001801822,0
                79.0199055966322,14.1716098158069,0
                79.0199982106514,14.1716105806735,0
                79.0199989945385,14.1715202162923,0
                79.0200916085267,14.1715209811182,0
                79.0200923923717,14.1714306167312,0
                79.0201850063288,14.1714313815162,0
                79.0201857901316,14.1713410171234,0
                79.0202784040576,14.1713417818677,0
                79.0202791878184,14.1712514174691,0
                79.0203718017133,14.1712521821726,0
                79.0203725854319,14.1711618177682,0
                79.020557813165,14.1711633470579,0
                79.0205585968049,14.1710729826426,0
                79.0206512106432,14.1710737472288,0
                79.0206519942409,14.1709833828077,0
                79.0207446080481,14.1709841473531,0
                79.0207453916037,14.1708937829263,0
                79.0208380053798,14.1708945474309,0
                79.0208395724013,14.1707138185649,0
                79.0209321861096,14.1707145830236,0
                79.0209329695755,14.1706242185845,0
                79.0210255832528,14.1706249830024,0
                79.0210263666766,14.1705346185574,0
                79.0211189803228,14.1705353829346,0
                79.0211205470806,14.1703546540324,0
                79.021213160659,14.1703554183637,0
                79.021213943993,14.1702650539064,0
                79.0213065575404,14.1702658181969,0
                79.0213081241187,14.1700850892701,0
                79.0214007375984,14.1700858535147,0
                79.0214023040815,14.1699051245749,0
                79.0214949174935,14.1699058887737,0
                79.021498050247,14.1695444308651,0
                79.0215906635181,14.1695451950078,0
                79.0215914466561,14.1694548305238,0
                79.0214988334216,14.1694540663861,0
                79.0215003997543,14.169273337426,0
                79.0215930129156,14.1692741015536,0
                79.021593796037,14.1691837370674,0
                79.0216864091672,14.1691845011542,0
                79.0216871922466,14.1690941366622,0
                79.021594579153,14.1690933725805,0
                79.0215969284678,14.1688222791154,0
                79.0216895414516,14.1688230431819,0
                79.021691890607,14.1685519496951,0
                79.0217845034865,14.1685527137107,0
                79.0217860694893,14.1683719847057,0
                79.0218786823011,14.1683727486755,0
                79.0218810311543,14.1681016551474,0
                79.0219736438618,14.1681024190662,0
                79.0219752096632,14.1679216900338,0
                79.022067822303,14.1679224539068,0
                79.0220701708539,14.1676513603375,0
                79.0219775583238,14.1676505964797,0
                79.0219806897942,14.1672891383975,0
                79.0218880774161,14.1672883745243,0
                79.0218896431914,14.1671076454891,0
                79.0217970308919,14.1671068815903,0
                79.0217978138079,14.1670165170766,0
                79.0217052015506,14.1670157531472,0
                79.0217075503753,14.1667446596171,0
                79.0216149382332,14.1667438956672,0
                79.021616504162,14.1665631666537,0
                79.0215238920986,14.1665624026782,0
                79.0215254580785,14.166381673672,0
                79.0214328460938,14.1663809096709,0
                79.0214336291121,14.1662905451718,0
                79.0213410171696,14.1662897811401,0
                79.0213418002189,14.1661994166453,0
                79.0212491883184,14.166198652583,0
                79.0212499713989,14.1661082880925,0
                79.0211573595405,14.1661075239996,0
                79.0211589257581,14.1659267950266,0
                79.0210663139784,14.1659260309081,0
                79.0210670971155,14.1658356664256,0
                79.0209744853779,14.1658349022765,0
                79.0209752685461,14.1657445377984,0
                79.0208826568507,14.1657437736186,0
                79.0208834400499,14.1656534091448,0
                79.0207908283966,14.1656526449344,0
                79.0207923948517,14.1654719159948,0
                79.020699783277,14.1654711517588,0
                79.0207005665329,14.165380787293,0
                79.0205153434733,14.1653792587241,0
                79.0205161267969,14.1652888942677,0
                79.020423515312,14.1652881299348,0
                79.0204242986666,14.1651977654828,0
                79.0203316872238,14.1651970011192,0
                79.0203324706095,14.1651066366715,0
                79.0202398592088,14.1651058722773,0
                79.0202406426255,14.165015507834,0
                79.0200554199138,14.1650139789486,0
                79.0200562033983,14.1649236145147,0
                79.0198709807818,14.1649220854966,0
                79.0198717643339,14.1648317210722,0
                79.0196865418127,14.1648301919214,0
                79.0196873254324,14.1647398275064,0
                79.019039047038,14.1647344743898,0
                79.0190398309084,14.1646441100095,0
                79.018484164148,14.1646395202619,0
                79.0184849482323,14.1645491559114,0
                79.0182071150364,14.1645468605708,0
                79.018207899225,14.1644564962349,0
                79.0179300661885,14.1644542005882,0
                79.0179308504814,14.1643638362667,0
                79.0177456285578,14.1643623056673,0
                79.0177464129183,14.1642719413552,0
                79.0171907474998,14.1642673487305,0
                79.0171915320743,14.1641769844482,0
                79.0169136995493,14.1641746876691,0
                79.016914484228,14.1640843234014,0
                79.0156179336146,14.1640736009216,0
                79.0156187188001,14.1639832367243,0
                79.0149704441557,14.163977872896,0
                79.0149712295917,14.1638875087336,0
                79.0146007872058,14.1638844429238,0
                79.0146000016235,14.1639748070659,0
                79.0143221697823,14.1639725073184,0
                79.0143213840848,14.1640628714445,0
                79.0138583309439,14.1640590377925,0
                79.0138575450578,14.1641494018925,0
                79.012283164792,14.1641363607133,0
                79.0122823782784,14.164226724726,0
                79.0118193253806,14.164222887096,0
                79.0118185386785,14.1643132510825,0
                79.0115407068965,14.1643109480608,0
                79.0115399200792,14.1644013120312,0
                79.0112620882373,14.164399008673,0
                79.0112613013047,14.1644893726274,0
                79.0110760800313,14.1644878368665,0
                79.0110752930199,14.16457820081,0
                79.0109826823549,14.1645774328709,0
                79.0109818953015,14.1646677968086,0
                79.0108892846055,14.1646670288288,0
                79.0108884975099,14.1647573927606,0
                79.0107958867828,14.1647566247399,0
                79.0107950996451,14.164846988666,0
                79.0107024888869,14.1648462206045,0
                79.0107017017071,14.1649365845248,0
                79.0105164801343,14.1649350482845,0
                79.0105156928757,14.1650254121938,0
                79.0103304712519,14.1650238758005,0
                79.0103296839146,14.1651142396989,0
                79.0101444622398,14.1651127031526,0
                79.0101452496503,14.1650223392644,0
                79.0099600280709,14.1650208025855,0
                79.009960815549,14.1649304387068,0
                79.0094977618803,14.1649265964102,0
                79.0094985495358,14.1648362325562,0
                79.0093133281804,14.1648346953979,0
                79.0093125404517,14.1649250592416,0
                79.0091273190452,14.1649235219302,0
                79.0091265312378,14.1650138857631,0
                79.0090339205063,14.1650131170487,0
                79.0090323448017,14.165193844702,0
                79.0089397340026,14.1651930759418,0
                79.0089389461054,14.1652834397622,0
                79.0088463352752,14.1652826709612,0
                79.0088455473359,14.1653730347758,0
                79.0087529364746,14.1653722659339,0
                79.0087521484931,14.1654626297427,0
                79.0086595376009,14.1654618608601,0
                79.0086579615481,14.1656425884653,0
                79.0085653505882,14.1656418195367,0
                79.0085645625169,14.1657321833331,0
                79.008471951526,14.1657314143638,0
                79.0084711634125,14.1658217781544,0
                79.0083785523906,14.1658210091442,0
                79.0083769760738,14.166001736713,0
                79.0082843649842,14.1660009676569,0
                79.0082827885722,14.1661816952126,0
                79.0081901774149,14.1661809261106,0
                79.0081886009074,14.1663616536533,0
                79.0080959896826,14.1663608845053,0
                79.0080912598074,14.1669030670853,0
                79.0079986483686,14.166902297871,0
                79.0079939180741,14.1674444803943,0
                79.0079013064212,14.1674437111137,0
                79.0078973641736,14.1678955298378,0
                79.0079899760094,14.1678962991439,0
                79.0079868222578,14.1682577541305,0
                79.0078942102755,14.168256984804,0
                79.0078934217872,14.1683473485437,0
                79.0078008097739,14.1683465791764,0
                79.0077992327073,14.1685273066435,0
                79.0077066206263,14.1685265372302,0
                79.0077058320481,14.1686169009576,0
                79.0076132199361,14.1686161315035,0
                79.0076124313157,14.168706495225,0
                79.0075198191727,14.1687057257301,0
                79.0075142984184,14.1693382717249,0
                79.0076069108177,14.1693390412556,0
                79.0076021787458,14.1698812235393,0
                79.0075095661269,14.1698804539781,0
                79.0075087773922,14.1699708176844,0
                79.0074161647423,14.1699700480823,0
                79.0074153759655,14.1700604117827,0
                79.0073227632845,14.1700596421398,0
                79.0073219744655,14.1701500058345,0
                79.0067662982768,14.1701453871961,0
                79.0067702434143,14.1696935688688,0
                79.0066776309186,14.1696927989963,0
                79.006679209008,14.1695120716705,0
                79.0067718214304,14.1695128415328,0
                79.006774188413,14.1692417505234,0
                79.0068668007312,14.1692425203347,0
                79.0068675896777,14.1691521566583,0
                79.0069602019649,14.1691529264288,0
                79.0069609908692,14.1690625627466,0
                79.0070536031253,14.1690633324762,0
                79.0070543919875,14.1689729687882,0
                79.0071470042126,14.168973738477,0
                79.0071477930326,14.1688833747832,0
                79.0072404052267,14.1688841444311,0
                79.0072411940045,14.1687937807315,0
                79.0073338061675,14.1687945503386,0
                79.007336172358,14.1685234592199,0
                79.0074287844168,14.1685242287761,0
                79.0074303617761,14.1683435013498,0
                79.0073377497906,14.1683427318039,0
                79.0073416932749,14.1678909132511,0
                79.0072490814779,14.167890143695,0
                79.0072506589059,14.167709416279,0
                79.0071580471876,14.1677086466974,0
                79.0071588359299,14.1676182829935,0
                79.0070662242538,14.1676175133813,0
                79.0070670130272,14.1675271496817,0
                79.0071596246667,14.1675279192888,0
                79.0071619908436,14.1672568281704,0
                79.0070693793138,14.1672560585786,0
                79.0070709568105,14.167075331173,0
                79.0069783453595,14.1670745615557,0
                79.0069807116727,14.1668034704571,0
                79.0068881003371,14.1668027008195,0
                79.0068888891336,14.1667123371236,0
                79.0067962778401,14.1667115674553,0
                79.0067970666677,14.1666212037639,0
                79.0067044554163,14.166620434065,0
                79.0067052442749,14.1665300703779,0
                79.0066126330657,14.1665293006485,0
                79.0066142108395,14.1663485732823,0
                79.006521599709,14.1663478035274,0
                79.0065223886241,14.1662574398483,0
                79.0064297775358,14.1662566700628,0
                79.006430566482,14.1661663063881,0
                79.00615273336,14.1661639968326,0
                79.0061535224104,14.1660736331725,0
                79.005597856536,14.1660690131281,0
                79.005597067266,14.1661593767575,0
                79.0055044562698,14.16615860662,0
                79.0055052455764,14.1660682429957,0
                79.0054126346223,14.1660674728276,0
                79.0054142132919,14.1658867455871,0
                79.0053216024166,14.1658859753936,0
                79.0053223917796,14.1657956117773,0
                79.0052297809464,14.1657948415532,0
                79.0052305703405,14.1657044779413,0
                79.005045348764,14.1657029373961,0
                79.0050461382257,14.1656125737938,0
                79.0048609167446,14.165611033116,0
                79.0048601272097,14.1657013967081,0
                79.0046749056777,14.1656998558773,0
                79.0046756952858,14.1656094922954,0
                79.0044904738491,14.1656079513319,0
                79.0044920531949,14.1654272241864,0
                79.0043994425581,14.1654264536614,0
                79.0044010219549,14.1652457265232,0
                79.0043084113968,14.1652449559727,0
                79.0043099908445,14.1650642288419,0
                79.0042173803652,14.1650634582659,0
                79.0042197496048,14.1647923675796,0
                79.0041271392408,14.1647915969833,0
                79.0041326675281,14.1641590520591,0
                79.0040400574258,14.1641582814628,0
                79.0040424267181,14.1638871907856,0
                79.0041350367107,14.1638879613665,0
                79.0041374058433,14.1636168706673,0
                79.0043226256256,14.1636184116914,0
                79.0043218359935,14.1637087752687,0
                79.004970105663,14.1637141677641,0
                79.004970895039,14.163623804151,0
                79.0053413348261,14.1636268847711,0
                79.0053421240502,14.1635365211368,0
                79.0057125637799,14.1635396011653,0
                79.005711774702,14.16362996482,0
                79.0058043846849,14.163630734743,0
                79.0058035956381,14.1637210984022,0
                79.0060814257299,14.1637234079723,0
                79.0060806367873,14.163813771646,0
                79.0062658569494,14.1638153111911,0
                79.0062650680744,14.1639056748743,0
                79.006542898469,14.1639079839396,0
                79.0065436872342,14.163817620241,0
                79.0069141276916,14.1638206984745,0
                79.0069133390728,14.1639110621935,0
                79.0070059492376,14.1639118316677,0
                79.0070067378199,14.1638214679436,0
                79.0070993479537,14.163822237377,0
                79.007098559408,14.1639126011062,0
                79.0082098818855,14.1639218315838,0
                79.0082106699922,14.1638314677934,0
                79.0084885006267,14.1638337745942,0
                79.0084892886181,14.1637434107877,0
                79.0087671191928,14.1637457172519,0
                79.0087679070689,14.1636553534294,0
                79.0089531274066,14.1636568908835,0
                79.0089539152039,14.1635665270501,0
                79.0090465253445,14.1635672957185,0
                79.0090481008495,14.1633865680392,0
                79.0091407109224,14.1633873366617,0
                79.00914149863,14.1632969728159,0
                79.0092341086719,14.1632977413976,0
                79.0092356839972,14.1631170136936,0
                79.0093282939715,14.1631177822294,0
                79.0093290815893,14.1630274183712,0
                79.0094216915326,14.1630281868662,0
                79.0094224791082,14.1629378230022,0
                79.0095150890204,14.1629385914564,0
                79.0095166640819,14.162757863716,0
                79.0097018837767,14.1627594004969,0
                79.0097026712259,14.1626690366154,0
                79.0098878908697,14.1626705732434,0
                79.0098886782403,14.1625802093509,0
                79.010073897833,14.1625817458259,0
                79.0100746851249,14.1624913819226,0
                79.0102599046667,14.1624929182445,0
                79.0102606918798,14.1624025543303,0
                79.0103533016224,14.1624033224326,0
                79.0103556631189,14.1621322306702,0
                79.010263053486,14.1621314625832,0
                79.0102638406769,14.1620410986661,0
                79.0103564502732,14.162041866748,0
                79.0103588117032,14.1617707749769,0
                79.0102662022166,14.1617700069103,0
                79.0102693508585,14.1614085512259,0
                79.0103619601988,14.1614093192721,0
                79.0103627473088,14.1613189553441,0
                79.0104553566181,14.1613197233496,0
                79.010456143686,14.1612293594157,0
                79.0106413622479,14.1612308953094,0
                79.0106421492372,14.1611405313646,0
                79.0107347584898,14.1611412992528,0
                79.0107355454369,14.1610509353022,0
                79.0109207638858,14.1610524709613,0
                79.0109223376171,14.1608717430376,0
                79.0111075559418,14.1608732785336,0
                79.011108342726,14.1607829145604,0
                79.0112009518601,14.1607836822498,0
                79.0112017386022,14.1606933182708,0
                79.0112943477052,14.1606940859194,0
                79.0112951344052,14.1606037219346,0
                79.0114803525548,14.1606052571144,0
                79.011481139176,14.1605148931187,0
                79.011944184464,14.1605187304182,0
                79.0119449708969,14.1604283663963,0
                79.0125932342766,14.1604337370809,0
                79.0125940204479,14.1603433730227,0
                79.0127792385331,14.1603449071726,0
                79.0127800246257,14.1602545431034,0
                79.0129652426598,14.1602560771003,0
                79.0129660286738,14.1601657130203,0
                79.0131512466569,14.1601672468643,0
                79.0131520325922,14.1600768827733,0
                79.0132446415555,14.1600776496367,0
                79.0132454274486,14.1599872855399,0
                79.0134306453186,14.1599888191494,0
                79.0134314311331,14.1598984550417,0
                79.0138944757222,14.1599022884154,0
                79.0138936900907,14.1599926525486,0
                79.0139862990617,14.1599934191213,0
                79.0139855134611,14.1600837832588,0
                79.0140781224742,14.160084549801,0
                79.0140765513298,14.160265278084,0
                79.0142617695189,14.1602668110816,0
                79.0142609840115,14.1603571752322,0
                79.0143535931509,14.1603579416826,0
                79.0143528076745,14.1604483058376,0
                79.0144454168561,14.1604490722573,0
                79.0144446314108,14.1605394364166,0
                79.0145372406344,14.1605402028058,0
                79.0145364552201,14.1606305669695,0
                79.0146290644859,14.160631333328,0
                79.0146282791027,14.1607216974961,0
                79.0147208884105,14.1607224638241,0
                79.0147201030584,14.1608128279965,0
                79.0148127124083,14.1608135942938,0
                79.0148119270872,14.1609039584706,0
                79.0149045364793,14.1609047247374,0
                79.0149037511892,14.1609950889185,0
                79.0158298457797,14.1610027496736,0
                79.0158290608499,14.1610931139049,0
                79.0161068894446,14.1610954114506,0
                79.0161061046189,14.1611857756965,0
                79.0162913237828,14.1611873072253,0
                79.0162905390248,14.1612776714806,0
                79.0165683679219,14.1612799685215,0
                79.0165675832681,14.1613703327913,0
                79.0166601929481,14.1613710984052,0
                79.0166594083253,14.1614614626794,0
                79.0167520180474,14.1614622282628,0
                79.0167512334557,14.1615525925413,0
                79.0169364529896,14.1615541236111,0
                79.0169356684656,14.1616444878991,0
                79.0170282782774,14.1616452533855,0
                79.0170274937844,14.1617356176779,0
                79.0171201036383,14.1617363831337,0
                79.0171185347089,14.1619171117263,0
                79.0172111446415,14.1619178771567,0
                79.0172103602051,14.162008241457,0
                79.0173029701798,14.1620090068567,0
                79.0173021857744,14.1620993711613,0
                79.0185061164236,14.162109318175,0
                79.0185053324882,14.162199682545,0
                79.0186905527441,14.1622012123295,0
                79.0186897688764,14.1622915767089,0
                79.0188749892275,14.1622931063608,0
                79.0188742054275,14.1623834707496,0
                79.0190594258738,14.1623850002689,0
                79.0190586421414,14.1624753646671,0
                79.0191512524094,14.1624761293783,0
                79.0191504687081,14.1625664937809,0
                79.0193356893338,14.1625680231063,0
                79.0193349057001,14.1626583875184,0
                79.0197053471642,14.162661445761,0
                79.0197045636713,14.1627518101927,0
                79.0203528367019,14.1627571607785,0
                79.0203536199386,14.1626667963113,0
                79.020538840781,14.1626683247187,0
                79.0205396239391,14.1625779602406,0
                79.020632234332,14.1625787243857,0
                79.020633017448,14.1624883599019,0
                79.0208182381771,14.1624898880747,0
                79.0208174551342,14.1625802525687,0
                79.0210026759585,14.162581780609,0
                79.0210011100026,14.162762509615,0
                79.0210937204962,14.1627632735918,0
                79.0210921545914,14.1629440026051,0
                79.0211847651637,14.1629447665562,0
                79.0211824163749,14.163215860086,0
                79.0212750270624,14.1632166240167,0
                79.0212734612488,14.1633973530431,0
                79.021366072015,14.1633981169482,0
                79.021363723363,14.1636692104976,0
                79.0214563342445,14.1636699743822,0
                79.0214555513861,14.1637603389023,0
                79.0215481623096,14.1637611027563,0
                79.0215473794823,14.1638514672808,0
                79.021639990448,14.1638522311041,0
                79.0216392076517,14.1639425956329,0
                79.0217318186594,14.1639433594257,0
                79.0217310358942,14.1640337239588,0
                79.0218236469441,14.1640344877209,0
                79.02182286421,14.1641248522584,0
                79.0220080863994,14.1641263796856,0
                79.0220073037329,14.1642167442325,0
                79.0221925260176,14.1642182715271,0
                79.0221917434188,14.1643086360834,0
                79.0223769657987,14.1643101632453,0
                79.0223761832675,14.164400527811,0
                79.0225614057426,14.1644020548403,0
                79.0225606232791,14.1644924194154,0
                79.0227458458494,14.1644939463119,0
                79.0227450634536,14.1645843108965,0
                79.0229302861191,14.1645858376604,0
                79.022929503791,14.1646762022543,0
                79.0230221151686,14.1646769655878,0
                79.0230205505689,14.1648576947837,0
                79.0231131620252,14.1648584580916,0
                79.0231108151942,14.1651295518952,0
                79.0232034267658,14.1651303151826,0
                79.0232018622575,14.1653110443915,0
                79.0232944739077,14.1653118076533,0
                79.0232936916819,14.1654021722618,0
                79.0233863033742,14.1654029354929,0
                79.0233847389792,14.1655836647178,0
                79.0234773507502,14.1655844279234,0
                79.023476568581,14.1656747925398,0
                79.0235691803941,14.1656755557147,0
                79.0235683982561,14.1657659203355,0
                79.0236610101113,14.1657666834798,0
                79.0236602280043,14.1658570481049,0
                79.0237528399016,14.1658578112186,0
                79.0237481473635,14.1663999989844,0
                79.0238407594859,14.1664007620928,0
                79.0238360669691,14.166942949863,0
                79.0237434546271,14.1669421867243,0
                79.0237395438621,14.167394009821,0
                79.023832156387,14.1673947729851,0
                79.0238290278223,14.1677562314697,0
                79.0239216404991,14.1677569946183,0
                79.0239200762569,14.1679377238664,0
                79.0240126890125,14.1679384869894,0
                79.0240119069197,14.1680288516175,0
                79.0241045197173,14.1680296147098,0
                79.0241037376557,14.1681199793422,0
                79.0241963504954,14.1681207424039,0
                79.0241955684648,14.1682111070406,0
                79.0243807942339,14.1682126330671,0
                79.0243800122711,14.1683029977132,0
                79.0244726252005,14.1683037606779,0
                79.0244694974403,14.1686652192754,0
                79.0241916582294,14.1686629302134,0
                79.0241908761658,14.1687532948458,0
                79.0240982630698,14.1687525317487,0
                79.0240966988529,14.1689332610012,0
                79.0240040856893,14.1689324978582,0
                79.024000957043,14.1692939563342,0
                79.0239083437385,14.1692931931353,0
                79.0239067793091,14.1694739223588,0
                79.0238141659369,14.169473159114,0
                79.0238133836773,14.1695635237197,0
                79.023720770274,14.1695627604341,0
                79.0237199879724,14.1696531250339,0
                79.023627374538,14.1696523617076,0
                79.0236265921942,14.1697427263016,0
                79.0235339787287,14.1697419629345,0
                79.0235324139514,14.1699226921103,0
                79.0234398004182,14.1699219286973,0
                79.0234382355457,14.1701026578601,0
                79.0233456219448,14.1701018944013,0
                79.023343274485,14.1703729881249,0
                79.0232506607798,14.1703722246151,0
                79.0232490957058,14.1705529537505,0
                79.0231564819329,14.1705521901949,0
                79.0231541341708,14.1708232838772,0
                79.0230615202935,14.1708225202707,0
                79.0230599550181,14.1710032493786,0
                79.0229673410731,14.1710024857262,0
                79.0229657757024,14.171183214821,0
                79.0228731616898,14.1711824511228,0
                79.0228715962238,14.1713631802046,0
                79.0226863680686,14.1713616526807,0
                79.0226855852542,14.1714520172104,0
                79.0225003570479,14.1714504895335,0
                79.0224995741547,14.1715408540523,0
                79.0224069600231,14.1715400901552,0
                79.0224061770878,14.1716304546682,0
                79.0223135629252,14.1716296907304,0
                79.0223127799478,14.1717200552376,0
                79.0222201657541,14.1717192912589,0
                79.0222185997095,14.1719000202611,0
                79.0221259854481,14.1718992562366,0
                79.0221252023809,14.1719896207315,0
                79.0220325880884,14.1719888566662,0
                79.0220310218643,14.1721695856438,0
                79.0219384075041,14.1721688215326,0
                79.0219376243472,14.1722591860152,0
                79.0218450099558,14.1722584218632,0
                79.0218442267568,14.1723487863401,0
                79.0217516123344,14.1723480221473,0
                79.0217500458465,14.1725287510887,0
                79.0216574313564,14.1725279868501,0
                79.0216566480676,14.1726183513146,0
                79.0215640335464,14.1726175870352,0
                79.0215632502154,14.1727079514939,0
                79.0214706356631,14.1727071871737,0
                79.0214698522901,14.1727975516267,0
                79.0213772377066,14.1727967872656,0
                79.0213756708708,14.1729775161593,0
                79.0212830562197,14.1729767517524,0
                79.0212814892885,14.173157480633,0
                79.0211888745697,14.1731567161802,0
                79.0211873075433,14.1733374450478,0
                79.0210946927567,14.1733366805491,0
                79.021093125635,14.1735174094037,0
                79.0210005107808,14.1735166448592,0
                79.020999727175,14.1736070092803,0
                79.0208144974098,14.173605480074,0
                79.0208137137253,14.1736958444842,0
                79.020535869009,14.1736935503916,0
                79.0205350852092,14.1737839147859,0
                79.0203498553526,14.173782385202,0
                79.0203490714741,14.1738727495854,0
                79.0202564565175,14.1738719847348,0
                79.0202556725968,14.1739623491125,0
                79.0200704426269,14.173960819294,0
                79.0200696586274,14.1740511836607,0
                79.0199770436141,14.1740504186928,0
                79.0199762595726,14.1741407830538,0
                79.0198836445282,14.174140018045,0
                79.0198828604445,14.1742303824002,0
                79.019790245369,14.1742296173507,0
                79.0197894612432,14.1743199817001,0
                79.0196968461366,14.1743192166097,0
                79.0196960619686,14.1744095809533,0
                79.0196034468309,14.1744088158222,0
                79.0196026626208,14.17449918016,0
                79.019510047452,14.174498414988,0
                79.0195092631998,14.17458877932,0
                79.0194166479999,14.1745880141073,0
                79.0194150794056,14.1747687427589,0
                79.0193224641381,14.1747679775003,0
                79.0193201110954,14.1750390704571,0
                79.0192274957235,14.1750383051475,0
                79.0192259269276,14.1752190337717,0
                79.0191333114879,14.1752182684162,0
                79.0191317425967,14.1753989970273,0
                79.0190391270893,14.1753982316259,0
                79.0190375581028,14.175578960224,0
                79.0189449425277,14.1755781947768,0
                79.0189433734458,14.1757589233618,0
                79.018850757803,14.1757581578686,0
                79.018848404029,14.1760292507255,0
                79.0187557882818,14.1760284851814,0
                79.0187518650316,14.1764803065697,0
                79.0186592491068,14.1764795409645,0
                79.0186529713263,14.1772024551075,0
                79.0185603551142,14.1772016894259,0
                79.0185525070254,14.1781053319889,0
                79.0186451236038,14.1781060977212,0
                79.0186388450283,14.1788290117602,0
                79.0187314619053,14.1788297774974,0
                79.0187267529616,14.1793719630268,0
                79.0188193700638,14.1793727287587,0
                79.0188154459754,14.1798245500387,0
                79.0189080632663,14.1798253157603,0
                79.0189064936656,14.1800060442774,0
                79.0189991110353,14.1800068099734,0
                79.0189967567026,14.1802779027588,0
                79.0190893741878,14.1802786684343,0
                79.0190854503728,14.1807304897543,0
                79.0191780680466,14.1807312554194,0
                79.0191749290418,14.1810927124827,0
                79.0192675468677,14.1810934781324,0
                79.0192659774055,14.1812742066699,0
                79.0193585953101,14.181274972294,0
                79.0193570258991,14.1814557008387,0
                79.0194496438825,14.1814564664372,0
                79.0194488592054,14.1815468307136,0
                79.019541477231,14.1815475962814,0
                79.0195406925849,14.1816379605621,0
                79.0196333106527,14.1816387260992,0
                79.0196325260377,14.1817290903843,0
                79.0197251441477,14.1817298558908,0
                79.0197243595638,14.1818202201802,0
                79.0198169777159,14.181820985656,0
                79.0198161931632,14.1819113499498,0
                79.0200014295572,14.1819128808043,0
                79.0200006450723,14.1820032451075,0
                79.0201858815616,14.1820047758292,0
                79.0201850971444,14.1820951401418,0
                79.020277715434,14.1820959054541,0
                79.0202769310479,14.182186269771,0
                79.0203695493796,14.1821870350526,0
                79.0203687650247,14.182277399374,0
                79.0204613833986,14.1822781646249,0
                79.0204605990748,14.1823685289506,0
                79.0205532174908,14.1823692941708,0
                79.0205516488999,14.1825500228301,0
                79.0206442673947,14.1825507880248,0
                79.0206434831276,14.1826411523584,0
                79.0207361016646,14.1826419175224,0
                79.0207353174286,14.1827322818604,0
                79.0208279360078,14.1827330469937,0
                79.0208271518029,14.1828234113361,0
                79.0209197704243,14.1828241764387,0
                79.0209189862505,14.1829145407854,0
                79.021011604914,14.1829153058573,0
                79.0210100366233,14.1830960345587,0
                79.0211026553655,14.183096799605,0
                79.0211018712485,14.1831871639597,0
                79.0212871088229,14.1831886939553,0
                79.0212863247737,14.1832790583194,0
                79.0213789436057,14.1832798232686,0
                79.0213781595876,14.183370187637,0
                79.0214707784619,14.1833709525556,0
                79.0214699944749,14.1834613169284,0
                79.0217478512406,14.1834636114847,0
                79.021747067358,14.183553975872,0
                79.0220249242833,14.1835562701217,0
                79.0220241405052,14.1836466345235,0
                79.0222093785561,14.1836481638547,0
                79.0222085948458,14.1837385282659,0
                79.0223938329921,14.1837400574642,0
                79.0223930493495,14.1838304218848,0
                79.0225782875912,14.1838319509503,0
                79.0225775040164,14.1839223153803,0
                79.0226701231821,14.1839230798645,0
                79.0226677725345,14.1841941731653,0
                79.0227603918157,14.184194937629,0
                79.0227580412285,14.1844660309385,0
                79.0228506606251,14.1844667953816,0
                79.0228490936127,14.1846475242612,0
                79.0229417130881,14.1846482886786,0
                79.0229409296103,14.1847386531224,0
                79.0230335491279,14.1847394175091,0
                79.0230327656812,14.1848297819572,0
                79.0232180048062,14.1848313106336,0
                79.0232172214273,14.1849216750912,0
                79.0234024606476,14.1849232036346,0
                79.0234016773364,14.1850135681016,0
                79.0234942969915,14.1850143323247,0
                79.0234935137115,14.185104696796,0
                79.0235861334087,14.1851054609885,0
                79.0235845669055,14.185286189939,0
                79.0236771866815,14.1852869541059,0
                79.0236756202296,14.1854676830636,0
                79.0237682400844,14.1854684472048,0
                79.0237666736838,14.1856491761698,0
                79.0238592936174,14.1856499402854,0
                79.023857727268,14.1858306692577,0
                79.0239503472804,14.1858314333476,0
                79.0239495641341,14.1859217978377,0
                79.0240421841887,14.185922561897,0
                79.0240414010735,14.1860129263914,0
                79.0241340211702,14.18601369042,0
                79.0241332380862,14.1861040549188,0
                79.0246889590021,14.1861086383697,0
                79.0246897418663,14.1860182738405,0
                79.0247823620015,14.1860190376188,0
                79.02478392764,14.1858383085482,0
                79.0248765477075,14.1858390722806,0
                79.0248781132506,14.1856583431969,0
                79.0249707332503,14.1856591068834,0
                79.0249738641239,14.1852976486873,0
                79.0250664839825,14.1852984123178,0
                79.0250696146214,14.1849369540898,0
                79.0251622343389,14.1849377176643,0
                79.0251645821505,14.1846666239705,0
                79.0252572017635,14.1846673874941,0
                79.0252587668704,14.1844866583512,0
                79.0253513864157,14.1844874218289,0
                79.0253529514272,14.184306692673,0
                79.0254455709047,14.1843074561047,0
                79.0254463533656,14.1842170915206,0
                79.025538972812,14.1842178549116,0
                79.025540537644,14.1840371257311,0
                79.0257257764066,14.1840386523856,0
                79.025726558741,14.1839482877842,0
                79.0260044168164,14.1839505774825,0
                79.0260051990354,14.1838602128652,0
                79.0264682957544,14.1838640282887,0
                79.0264690777847,14.1837736636453,0
                79.0266543164375,14.1837751895544,0
                79.026655098389,14.1836848249002,0
                79.026747717687,14.183685587796,0
                79.0267484995964,14.183595223136,0
                79.0268411188632,14.183595985991,0
                79.0268419007304,14.1835056213253,0
                79.0269345199662,14.1835063841395,0
                79.0269360836108,14.1833256547957,0
                79.0270287027788,14.183326417564,0
                79.0270294845562,14.183236052886,0
                79.027122103693,14.1832368156135,0
                79.0271228854283,14.1831464509297,0
                79.027215504534,14.1831472136164,0
                79.0272162862271,14.1830568489268,0
                79.0273089053017,14.1830576115727,0
                79.0273104685982,14.1828768821812,0
                79.0274030876049,14.1828776447813,0
                79.0274038692083,14.1827872800794,0
                79.0274964881839,14.1827880426387,0
                79.0274980513009,14.1826073132226,0
                79.0275906702087,14.182608075736,0
                79.0275914517223,14.1825177110219,0
                79.027684070599,14.1825184734944,0
                79.0276856335364,14.1823377440539,0
                79.0277782523453,14.1823385064806,0
                79.0277798151875,14.182157777027,0
                79.0278724339286,14.1821585394079,0
                79.0278747780408,14.1818874452069,0
                79.0279673966775,14.1818882075369,0
                79.0279689593182,14.1817074780558,0
                79.0282468150413,14.1817097648009,0
                79.0282475962435,14.1816194000441,0
                79.0284328333465,14.181620924352,0
                79.0284336144699,14.1815305595844,0
                79.028526232993,14.1815313216796,0
                79.0285270140743,14.1814409569063,0
                79.0286196325663,14.1814417189607,0
                79.0286204136054,14.1813513541816,0
                79.0287130320662,14.1813521161952,0
                79.0287145940548,14.1811713866247,0
                79.0288072124478,14.1811721485925,0
                79.0288087743412,14.180991419009,0
                79.0289013926664,14.1809921809309,0
                79.0289021735682,14.180901816133,0
                79.0289947918623,14.1809025780141,0
                79.028995572722,14.1808122132105,0
                79.029088190985,14.1808129750508,0
                79.0290889718025,14.1807226102414,0
                79.0291815900343,14.1807233720409,0
                79.0291761244526,14.1813559257272,0
                79.0292687429464,14.1813566875264,0
                79.0292656197826,14.18171814678,0
                79.0293582384284,14.1817189085636,0
                79.0293574576603,14.1818092733803,0
                79.0292648389779,14.1818085115916,0
                79.0292640581677,14.1818988764025,0
                79.0291714394541,14.181898114573,0
                79.0291706586018,14.1819884793781,0
                79.0289854211179,14.1819869556019,0
                79.0289846401868,14.1820773203962,0
                79.0288920214164,14.1820765584493,0
                79.0288912404432,14.1821669232379,0
                79.0287986216417,14.1821661612502,0
                79.0287978406264,14.182256526033,0
                79.0287052217937,14.1822557640046,0
                79.0287036596733,14.1824364935578,0
                79.0286110407728,14.1824357314835,0
                79.0286094785572,14.1826164610237,0
                79.0285168595889,14.1826156989036,0
                79.028515297278,14.1827964284308,0
                79.028422678242,14.1827956662648,0
                79.0284218970416,14.1828860310223,0
                79.0283292779744,14.1828852688155,0
                79.028327715484,14.1830659983181,0
                79.028235096349,14.1830652360655,0
                79.0282343150589,14.1831556008107,0
                79.0281416958928,14.1831548385172,0
                79.0281409145605,14.1832452032567,0
                79.0280482953633,14.1832444409224,0
                79.0280475139889,14.1833348056561,0
                79.0279548947605,14.183334043281,0
                79.027954113344,14.1834244080089,0
                79.0278614940844,14.183423645593,0
                79.0278607126258,14.1835140103151,0
                79.0277680933351,14.1835132478584,0
                79.0277649672989,14.1838747067193,0
                79.0276723478671,14.1838739442067,0
                79.0276676584281,14.1844161324461,0
                79.027575038782,14.1844153698674,0
                79.0275726938783,14.1846864639621,0
                79.0274800741278,14.1846857013325,0
                79.0274699118306,14.185860442269,0
                79.0273772916091,14.1858596795379,0
                79.0273733826026,14.1863115029172,0
                79.0272807622034,14.186310740125,0
                79.0272768528763,14.186762563461,0
                79.0273694734588,14.1867633262785,0
                79.0273640004265,14.1873958789539,0
                79.027456621271,14.1873966417709,0
                79.0274550575713,14.1875773711104,0
                79.0275476784947,14.1875781339018,0
                79.0275461148463,14.1877588632485,0
                79.0276387358485,14.1877596260142,0
                79.0276379540528,14.1878499906915,0
                79.0277305750971,14.1878507534266,0
                79.0277297933325,14.1879411181082,0
                79.0278224144189,14.1879418808126,0
                79.0278216326855,14.1880322454985,0
                79.028192117233,14.1880352959784,0
                79.0281913356407,14.1881256606839,0
                79.0283765780207,14.1881271857194,0
                79.0283773595397,14.1880368210038,0
                79.0285626018684,14.1880383458861,0
                79.0285633833087,14.1879479811597,0
                79.028748625586,14.1879495058889,0
                79.0287494069475,14.1878591411517,0
                79.0288420280577,14.1878599034576,0
                79.028842809377,14.1877695387146,0
                79.0289354304561,14.1877703009796,0
                79.0289362117332,14.1876799362308,0
                79.0290288327812,14.1876806984551,0
                79.0290296140161,14.1875903337005,0
                79.0291222350329,14.187591095884,0
                79.0291237974131,14.1874103663626,0
                79.029216418362,14.1874111285002,0
                79.0292187617811,14.1871400341976,0
                79.0293113826256,14.1871407962842,0
                79.0293145069609,14.1867793371838,0
                79.0294071276643,14.1867800992144,0
                79.0294079086977,14.1866897344325,0
                79.0295005293699,14.1866904964223,0
                79.0294997483732,14.1867808612094,0
                79.0295923690875,14.1867816231685,0
                79.0295915881219,14.1868719879599,0
                79.0296842088784,14.1868727498883,0
                79.029683427944,14.186963114684,0
                79.0297760487426,14.1869638765817,0
                79.0297752678393,14.1870542413817,0
                79.0298678886801,14.1870550032488,0
                79.029867107808,14.1871453680531,0
                79.0299597286909,14.1871461298894,0
                79.02995894785,14.1872364946981,0
                79.030051568775,14.1872372565036,0
                79.0300507879652,14.1873276213166,0
                79.0301434089325,14.1873283830915,0
                79.0301426281538,14.1874187479088,0
                79.0302352491632,14.187419509653,0
                79.0302336876627,14.1876002392955,0
                79.0303263087509,14.187601001014,0
                79.0303255280291,14.1876913658393,0
                79.0304181491594,14.1876921275271,0
                79.0304173684688,14.1877824923566,0
                79.0305099896412,14.1877832540137,0
                79.0305092089818,14.1878736188476,0
                79.0306018301964,14.1878743804739,0
                79.030601049568,14.1879647453121,0
                79.0306936708248,14.1879655069078,0
                79.0306928902277,14.1880558717503,0
                79.0308781328309,14.1880573948444,0
                79.0308773523016,14.1881477596963,0
                79.0311552163576,14.1881500440843,0
                79.0311544359328,14.1882404089506,0
                79.0314323001482,14.1882426930318,0
                79.0314315198278,14.1883330579126,0
                79.0318020056718,14.1883361028737,0
                79.0318012254925,14.1884264677739,0
                79.0319864685207,14.1884279900499,0
                79.0319856884093,14.1885183549595,0
                79.0318930668559,14.1885175938343,0
                79.0318922867023,14.1886079587381,0
                79.0317996651177,14.1886071975721,0
                79.031798884922,14.1886975624701,0
                79.0317062633061,14.1886968012633,0
                79.0317054830683,14.1887871661556,0
                79.0315202397798,14.1887856436246,0
                79.0315194594632,14.188876008506,0
                79.0313342161233,14.1888744858219,0
                79.0313334357278,14.1889648506925,0
                79.0311481923366,14.1889633278552,0
                79.0311474118623,14.189053692715,0
                79.0309621684197,14.1890521697245,0
                79.0309606073081,14.1892328994218,0
                79.0308679855217,14.1892321378628,0
                79.0308672049211,14.1893225027053,0
                79.0307745831035,14.1893217411055,0
                79.0307730218124,14.1895024707783,0
                79.030680399927,14.1895017091327,0
                79.0306796192365,14.1895920739629,0
                79.0305869973199,14.1895913122764,0
                79.0305862165874,14.1896816771009,0
                79.0304935946396,14.1896809153736,0
                79.0304928138648,14.1897712801923,0
                79.0304001918859,14.1897705184242,0
                79.030399411069,14.1898608832372,0
                79.0303067890589,14.1898601214282,0
                79.0303060081999,14.1899504862354,0
                79.0302133861586,14.1899497243857,0
                79.0302118243507,14.1901304539877,0
                79.0301192022416,14.1901296920921,0
                79.0301168593787,14.1904007864747,0
                79.0302094815978,14.1904015483855,0
                79.030207919735,14.1905822779803,0
                79.0303005420329,14.1905830398654,0
                79.0302997611299,14.1906734046668,0
                79.03039238347,14.1906741665212,0
                79.0303900408382,14.1909452609361,0
                79.0304826632937,14.1909460227699,0
                79.0304740736243,14.1919400356247,0
                79.0305666964887,14.1919407974782,0
                79.0305635729545,14.1923022566966,0
                79.030656195971,14.1923030185345,0
                79.0306538533728,14.1925741129559,0
                79.0307464765048,14.1925748747732,0
                79.030740229628,14.1932977932388,0
                79.0308328530589,14.1932985550607,0
                79.0308289487658,14.1937503791034,0
                79.0309215723855,14.1937511409148,0
                79.0309200107033,14.1939318705369,0
                79.0310126344018,14.1939326323225,0
                79.0310110727709,14.1941133619519,0
                79.0311036965482,14.1941141237118,0
                79.0311021349687,14.1942948533484,0
                79.0311947588249,14.1942956150826,0
                79.0311924165246,14.1945667095471,0
                79.0312850404963,14.1945674712607,0
                79.031281917499,14.1949289305568,0
                79.0313745416229,14.1949296922548,0
                79.0313737608965,14.1950200570821,0
                79.0314663850625,14.1950208187494,0
                79.0314648236667,14.1952015484118,0
                79.0315574479116,14.1952023100534,0
                79.0315558865671,14.1953830397231,0
                79.0316485108909,14.1953838013389,0
                79.0316469495978,14.1955645310158,0
                79.0317395740004,14.195565292606,0
                79.0317387933823,14.1956556574484,0
                79.0318314178271,14.1956564190078,0
                79.0318306372402,14.1957467838545,0
                79.0319232617271,14.1957475453832,0
                79.0319224811714,14.1958379102342,0
                79.0320151057005,14.1958386717322,0
                79.032014325176,14.1959290365876,0
                79.0321069497472,14.1959297980548,0
                79.0321061692539,14.1960201629144,0
                79.0321987938673,14.1960209243509,0
                79.0321980134052,14.1961112892149,0
                79.0322906380607,14.1961120506206,0
                79.0322898576298,14.196202415489,0
                79.0323824823275,14.1962031768639,0
                79.0323817019278,14.1962935417366,0
                79.0324743266677,14.1962943030808,0
                79.0324735462991,14.1963846679578,0
                79.0325661710812,14.1963854292713,0
                79.0325646104011,14.1965661590331,0
                79.0326572352619,14.1965669203209,0
                79.0326564549503,14.1966572852058,0
                79.0327490798534,14.1966580464628,0
                79.0327482995729,14.196748411352,0
                79.0328409245182,14.1967491725783,0
                79.0328385837541,14.1970202672567,0
                79.0329312088148,14.1970210284623,0
                79.0329288681114,14.1972921231493,0
                79.0330214932876,14.1972928843343,0
                79.0330199328647,14.197473614132,0
                79.0331125581198,14.1974743752913,0
                79.0331117779367,14.1975647401942,0
                79.033204403234,14.1975655013227,0
                79.0332036230822,14.1976558662298,0
                79.0332962484216,14.1976566273276,0
                79.0332939080433,14.1979277220599,0
                79.0333865334983,14.197928483137,0
                79.0333826329415,14.1983803077015,0
                79.0332900073031,14.1983795465992,0
                79.0332783042602,14.1997350201088,0
                79.033185678077,14.1997342588951,0
                79.0331841175047,14.199914988674,0
                79.0330914912536,14.1999142274144,0
                79.033089930586,14.2000949571804,0
                79.032997304267,14.2000941958749,0
                79.0329957435041,14.2002749256279,0
                79.0329031171171,14.2002741642765,0
                79.0329023366908,14.2003645291469,0
                79.0328097102727,14.2003637677547,0
                79.0328058078751,14.2008155920704,0
                79.032713181279,14.2008148306172,0
                79.0327022533228,14.2020799385345,0
                79.0327948804326,14.2020807000582,0
                79.0327909775141,14.2025325243053,0
                79.0328836048129,14.2025332858185,0
                79.0328804825262,14.2028947452232,0
                79.0329731099772,14.2028955067208,0
                79.0329707683147,14.2031666012819,0
                79.0330633958813,14.2031673627588,0
                79.0330610542795,14.2034384573285,0
                79.0331536819617,14.2034392187847,0
                79.0331513404207,14.203710313363,0
                79.0332439682185,14.2037110747985,0
                79.0332330408885,14.2049761828153,0
                79.0331404125769,14.2049754213093,0
                79.0331380707562,14.2052465158507,0
                79.03304544234,14.2052457542937,0
                79.0330376355477,14.2061494026678,0
                79.0329450067698,14.2061486410246,0
                79.0329434452722,14.2063293706806,0
                79.0328508164264,14.2063286089915,0
                79.0328476932184,14.2066900682748,0
                79.0327550642313,14.2066893065297,0
                79.032753502521,14.2068700361569,0
                79.0326608734659,14.2068692743658,0
                79.0326577498327,14.2072307335914,0
                79.0325651206362,14.2072299717444,0
                79.0325635587133,14.2074107013428,0
                79.0324709294489,14.2074099394499,0
                79.0324685864132,14.2076810338269,0
                79.0323759570442,14.207680271883,0
                79.0323720516914,14.208132095805,0
                79.0322794221444,14.2081313338001,0
                79.0322747353197,14.2086735224523,0
                79.0321821055578,14.2086727603814,0
                79.0321805431656,14.2088534899163,0
                79.0320879133358,14.2088527277994,0
                79.0320863508482,14.2090334573213,0
                79.0319937209505,14.2090326951585,0
                79.0319929396618,14.2091230599133,0
                79.0319003097328,14.2091222977097,0
                79.0318995284018,14.2092126624587,0
                79.0318068984416,14.2092119002142,0
                79.0318061170685,14.2093022649575,0
                79.031713487077,14.2093015026721,0
                79.0317127056617,14.2093918674096,0
                79.031620075639,14.2093911050834,0
                79.0316192941815,14.2094814698151,0
                79.0314340340792,14.2094799450451,0
                79.0314332525427,14.209570309766,0
                79.031340622463,14.2095695473222,0
                79.0313398408844,14.2096599120374,0
                79.0312472107735,14.2096591495527,0
                79.0312464291526,14.2097495142621,0
                79.0311537990105,14.2097487517366,0
                79.0311530173474,14.2098391164402,0
                79.0310603871741,14.2098383538738,0
                79.0310596054688,14.2099287185717,0
                79.0309669752642,14.2099279559644,0
                79.0309654117638,14.2101086853478,0
                79.0308727814913,14.2101079226946,0
                79.0308712178954,14.2102886520651,0
                79.0307785875549,14.210287889366,0
                79.0307738964152,14.2108300774297,0
                79.030866526976,14.2108308401591,0
                79.0308641814422,14.2111019341963,0
                79.0309568121186,14.211102696905,0
                79.0309552484754,14.2112834262696,0
                79.0310478792307,14.2112841889526,0
                79.0310470974376,14.2113745536389,0
                79.0312323590382,14.2113760789074,0
                79.0312315773131,14.2114664436031,0
                79.0313242081583,14.2114672061887,0
                79.0313234264644,14.2115575708886,0
                79.0314160573519,14.2115583334434,0
                79.0314152756892,14.2116486981477,0
                79.0315079066189,14.2116494606717,0
                79.0315071249874,14.2117398253804,0
                79.0315997559593,14.2117405878736,0
                79.0315989743591,14.2118309525865,0
                79.0316916053732,14.211831715049,0
                79.0316900422297,14.2120124444828,0
                79.0317826733228,14.2120132069195,0
                79.0317803286766,14.2122843010799,0
                79.0318729598853,14.2122850634959,0
                79.0318721783623,14.2123754282196,0
                79.0319648096133,14.2123761906049,0
                79.0319640281215,14.2124665553329,0
                79.0321492907133,14.212468080006,0
                79.0321485092895,14.2125584447434,0
                79.0323337719767,14.2125599692832,0
                79.0323329906208,14.21265033403,0
                79.0325182534034,14.2126518584366,0
                79.0325174721155,14.2127422231928,0
                79.0327953664407,14.2127445095491,0
                79.0327945852575,14.2128348743196,0
                79.0331651112481,14.2128379223133,0
                79.0331643302064,14.2129282871033,0
                79.0336274880015,14.2129320963143,0
                79.033626707138,14.2130224611288,0
                79.0340898652539,14.2130262694693,0
                79.0340890845684,14.2131166343083,0
                79.0343669796139,14.2131189188977,0
                79.0343661990332,14.213209283751,0
                79.0345514624977,14.2132108066416,0
                79.034550681985,14.2133011715043,0
                79.0347359455449,14.2133026942616,0
                79.0347351651001,14.2133930591336,0
                79.034827796925,14.2133938204635,0
                79.0348270165115,14.2134841853399,0
                79.0349196483786,14.213484946639,0
                79.0349188679963,14.2135753115197,0
                79.0352893956664,14.2135783563781,0
                79.0352886154256,14.2136687212782,0
                79.0354738793669,14.2136702435024,0
                79.0354746595343,14.2135798785923,0
                79.0355672914765,14.2135806396456,0
                79.0355680716017,14.2134902747297,0
                79.0356607035126,14.2134910357422,0
                79.0356614835956,14.2134006708205,0
                79.0357541154752,14.2134014317922,0
                79.0357564555811,14.2131303370077,0
                79.0358490873561,14.2131310979284,0
                79.0358506473258,14.2129503680584,0
                79.0360359107452,14.2129518897721,0
                79.0360366906484,14.212861524826,0
                79.0361293223296,14.2128622856241,0
                79.0361301021906,14.2127719206722,0
                79.0362227338406,14.2127726814294,0
                79.0362250732805,14.2125015865542,0
                79.0363177048258,14.2125023472605,0
                79.0363192643516,14.2123216173301,0
                79.0364118958289,14.2123223779905,0
                79.0364134552593,14.2121416480471,0
                79.0373397695987,14.2121492525798,0
                79.0373389902534,14.2122396176022,0
                79.037802147812,14.2122434185501,0
                79.0378013686449,14.2123337835969,0
                79.03798663178,14.2123353037353,0
                79.0379850735763,14.2125160338469,0
                79.0380777052256,14.2125167938724,0
                79.0380761470735,14.2126975239911,0
                79.0381687788016,14.2126982839909,0
                79.0381648835093,14.2131501093002,0
                79.0380722515975,14.2131493492753,0
                79.0380706933688,14.2133300793839,0
                79.037978061389,14.2133293193131,0
                79.0379772822297,14.2134196843613,0
                79.0378846502187,14.2134189242497,0
                79.0378838710172,14.2135092892921,0
                79.0377912389749,14.2135085291396,0
                79.0377896804821,14.2136892592123,0
                79.0376970483718,14.2136884990139,0
                79.0376962690805,14.2137788640441,0
                79.0376036369389,14.2137781038048,0
                79.0376028576054,14.2138684688293,0
                79.0363986397858,14.2138585823927,0
                79.0363978599693,14.213948947351,0
                79.036212595698,14.2139474258132,0
                79.0362118158026,14.2140377907607,0
                79.0361191836384,14.214037029933,0
                79.0361184037008,14.2141273948748,0
                79.0360257715054,14.2141266340062,0
                79.0360249915255,14.2142169989423,0
                79.0359323592989,14.2142162380328,0
                79.0359222185849,14.2153909820698,0
                79.0360148512891,14.2153917430447,0
                79.0360132911706,14.2155724728957,0
                79.0361059239537,14.2155732338448,0
                79.036105143923,14.2156635987743,0
                79.0361977767483,14.2156643596926,0
                79.0361969967488,14.2157547246264,0
                79.0362896296164,14.2157554855139,0
                79.0362880696745,14.2159362153894,0
                79.0361954367335,14.2159354544918,0
                79.0361946567176,14.2160258194234,0
                79.0359167578171,14.2160235365006,0
                79.0359159776855,14.2161139014164,0
                79.0357307117058,14.2161123792786,0
                79.0357299314953,14.2162027441836,0
                79.035544665464,14.2162012218923,0
                79.0355438851745,14.2162915867866,0
                79.0353586190917,14.2162900643419,0
                79.0353578387233,14.2163804292253,0
                79.0351725725889,14.2163789066272,0
              </coordinates>
            </LinearRing>
          </outerBoundaryIs>
          <innerBoundaryIs>
            <LinearRing>
              <coordinates>
                79.0151154765485,14.1792517075478,0
                79.0153007102543,14.1792532417536,0
                79.0153030688002,14.1789821495541,0
                79.0152104520545,14.1789813824844,0
                79.0152096658414,14.1790717465465,0
                79.0151170490645,14.1790709794359,0
                79.0151154765485,14.1792517075478,0
              </coordinates>
            </LinearRing>
          </innerBoundaryIs>
        </Polygon>
      </Placemark>
      <Placemark id="gee_annamayya_reservoir_water.16">
        <ExtendedData>
          <SchemaData schemaUrl="#gee_annamayya_reservoir_water.schema">
            <SimpleData name="date">2021-11-16</SimpleData>
            <SimpleData name="area_ha">0.54</SimpleData>
          </SchemaData>
        </ExtendedData>
        <Polygon>
          <outerBoundaryIs>
            <LinearRing>
              <coordinates>
                79.0042710708435,14.1589187344467,0
                79.0042742283064,14.1585572800003,0
                79.0041816204663,14.1585565097569,0
                79.0041863567132,14.1580143280964,0
                79.0042789643339,14.1580150983092,0
                79.0042797536524,14.1579247346915,0
                79.0044649688374,14.1579262749997,0
                79.004464179592,14.1580166386277,0
                79.0045567872294,14.1580174087334,0
                79.0045552087952,14.1581981359974,0
                79.0046478165113,14.1581989060777,0
                79.0046470273224,14.1582892697137,0
                79.0047396350806,14.1582900397634,0
                79.0047388459228,14.1583804034038,0
                79.0048314537231,14.1583811734229,0
                79.0048282971823,14.1587426279977,0
                79.0046430812947,14.1587410878829,0
                79.0046422920725,14.1588314515145,0
                79.0045496841004,14.1588306813985,0
                79.004548894836,14.1589210450243,0
                79.0042710708435,14.1589187344467,0
              </coordinates>
            </LinearRing>
          </outerBoundaryIs>
        </Polygon>
      </Placemark>
      <Placemark id="gee_annamayya_reservoir_water.17">
        <ExtendedData>
          <SchemaData schemaUrl="#gee_annamayya_reservoir_water.schema">
            <SimpleData name="date">2021-11-16</SimpleData>
            <SimpleData name="area_ha">0.17</SimpleData>
          </SchemaData>
        </ExtendedData>
        <Polygon>
          <outerBoundaryIs>
            <LinearRing>
              <coordinates>
                79.0090452620635,14.1530843174692,0
                79.009046049212,14.1529939535512,0
                79.0088608375046,14.1529924173012,0
                79.0088616247207,14.1529020533928,0
                79.0089542305351,14.1529028215305,0
                79.008955017709,14.1528124576163,0
                79.0090476234924,14.1528132257132,0
                79.0090484106243,14.1527228617931,0
                79.009418833667,14.1527259338039,0
                79.0094172596902,14.1529066616841,0
                79.009324653848,14.1529058937248,0
                79.0093230797759,14.153086621592,0
                79.0090452620635,14.1530843174692,0
              </coordinates>
            </LinearRing>
          </outerBoundaryIs>
        </Polygon>
      </Placemark>
      <Placemark id="gee_annamayya_reservoir_water.18">
        <ExtendedData>
          <SchemaData schemaUrl="#gee_annamayya_reservoir_water.schema">
            <SimpleData name="date">2021-11-16</SimpleData>
            <SimpleData name="area_ha">0.45</SimpleData>
          </SchemaData>
        </ExtendedData>
        <Polygon>
          <outerBoundaryIs>
            <LinearRing>
              <coordinates>
                79.0119325526557,14.1512104655094,0
                79.0119333385548,14.1511201014183,0
                79.0113777070737,14.1511154995171,0
                79.0113784931866,14.1510251354558,0
                79.011471098383,14.1510259025234,0
                79.0114718844537,14.1509355384563,0
                79.0119349103363,14.1509393732339,0
                79.0119356962187,14.1508490091406,0
                79.0120283013753,14.150849775984,0
                79.0120290872156,14.1507594118849,0
                79.0122142974723,14.1507609454545,0
                79.0122166547408,14.1504898531223,0
                79.0124018648004,14.1504913865188,0
                79.0124002934397,14.1506721147613,0
                79.0124928985509,14.1506728814162,0
                79.0124889702351,14.1511247020355,0
                79.0123037596529,14.1511231686391,0
                79.0123029739,14.1512135327506,0
                79.0119325526557,14.1512104655094,0
              </coordinates>
            </LinearRing>
          </outerBoundaryIs>
        </Polygon>
      </Placemark>
      <Placemark id="gee_annamayya_reservoir_water.19">
        <ExtendedData>
          <SchemaData schemaUrl="#gee_annamayya_reservoir_water.schema">
            <SimpleData name="date">2021-11-16</SimpleData>
            <SimpleData name="area_ha">0.36</SimpleData>
          </SchemaData>
        </ExtendedData>
        <Polygon>
          <outerBoundaryIs>
            <LinearRing>
              <coordinates>
                79.0135186221404,14.149868034602,0
                79.0135201925243,14.1496873062243,0
                79.013705402081,14.1496888385304,0
                79.0137069722966,14.1495081101294,0
                79.0137995770101,14.1495088762188,0
                79.0138003620731,14.1494185120122,0
                79.0138929667556,14.1494192780608,0
                79.0138937517765,14.1493289138484,0
                79.013986356428,14.1493296798563,0
                79.0139894963101,14.1489682229788,0
                79.0140821008209,14.1489689889307,0
                79.0140813158953,14.1490593531562,0
                79.0142665250067,14.1490608849632,0
                79.014263385541,14.1494223418989,0
                79.0141707808364,14.1494215759928,0
                79.0141692109972,14.1496023044462,0
                79.014076606225,14.1496015384943,0
                79.0140758212606,14.1496919027148,0
                79.0139832164574,14.1496911367222,0
                79.013982431451,14.1497815009369,0
                79.0138898266167,14.1497807349035,0
                79.0138890415682,14.1498710991124,0
                79.0135186221404,14.149868034602,0
              </coordinates>
            </LinearRing>
          </outerBoundaryIs>
        </Polygon>
      </Placemark>
      <Placemark id="gee_annamayya_reservoir_water.20">
        <ExtendedData>
          <SchemaData schemaUrl="#gee_annamayya_reservoir_water.schema">
            <SimpleData name="date">2021-11-28</SimpleData>
            <SimpleData name="area_ha">2.24</SimpleData>
          </SchemaData>
        </ExtendedData>
        <Polygon>
          <outerBoundaryIs>
            <LinearRing>
              <coordinates>
                79.0194478431501,14.2136284051244,0
                79.019448629677,14.2135380410896,0
                79.0191707366276,14.2135357391026,0
                79.0191715232591,14.2134453750824,0
                79.0190788922905,14.2134446076868,0
                79.0190804656104,14.2132638796542,0
                79.0191730965056,14.2132646470397,0
                79.0191738831206,14.2131742830172,0
                79.019637037496,14.2131781193815,0
                79.0196378239217,14.2130877553329,0
                79.0201009782515,14.2130915907761,0
                79.0201017644882,14.2130012267014,0
                79.0204722879045,14.2130042943907,0
                79.0204715018147,14.2130946584856,0
                79.0209346563929,14.2130984923164,0
                79.0209338704812,14.213188856436,0
                79.0210265014501,14.2131896230997,0
                79.0210280731944,14.2130088948497,0
                79.0211207040954,14.2130096614674,0
                79.0211214899226,14.2129192973363,0
                79.0213067516676,14.2129208304541,0
                79.0213075374158,14.2128304663121,0
                79.0214927991095,14.2128319992765,0
                79.0214935847787,14.2127416351236,0
                79.021678846421,14.2127431679346,0
                79.0216796320112,14.2126528037708,0
                79.0217722628039,14.2126535701175,0
                79.0217730483519,14.2125632059479,0
                79.0218656791134,14.2125639722537,0
                79.0218664646191,14.2124736080783,0
                79.0219590953494,14.2124743743432,0
                79.0219598808129,14.212384010162,0
                79.022052511512,14.212384776386,0
                79.0220540823491,14.2122040480114,0
                79.0221467129802,14.2122048141894,0
                79.0221474983537,14.2121144499959,0
                79.0223327595591,14.2121159822343,0
                79.0223335448536,14.21202561803,0
                79.0227966977799,14.2120294479736,0
                79.0227959126689,14.2121198122033,0
                79.0228885433074,14.2121205780896,0
                79.0228846178536,14.2125723992525,0
                79.0227919870314,14.2125716333408,0
                79.0227912018874,14.2126619975661,0
                79.0226985710341,14.2126612316136,0
                79.022697000656,14.2128419600519,0
                79.022511738819,14.2128404280191,0
                79.0225109535482,14.212930792227,0
                79.0223256916598,14.2129292600407,0
                79.0223249063101,14.2130196242378,0
                79.0218617515018,14.2130157931196,0
                79.021860965963,14.2131061572907,0
                79.0216757040048,14.2131046245824,0
                79.021674918387,14.2131949887426,0
                79.0213970253809,14.2131926893963,0
                79.0213962396474,14.2132830535406,0
                79.0209330845641,14.2132792205548,0
                79.0209322986414,14.213369584673,0
                79.0208396676046,14.2133688179632,0
                79.0208388816396,14.2134591820756,0
                79.020560988452,14.2134568817162,0
                79.0205602023714,14.2135472458126,0
                79.0200044159248,14.2135426440961,0
                79.0200052022258,14.2134522800301,0
                79.0198199401946,14.2134507458481,0
                79.0198191538201,14.2135411099039,0
                79.0195412607045,14.2135388083469,0
                79.0195404742144,14.2136291723868,0
                79.0194478431501,14.2136284051244,0
              </coordinates>
            </LinearRing>
          </outerBoundaryIs>
        </Polygon>
      </Placemark>
      <Placemark id="gee_annamayya_reservoir_water.21">
        <ExtendedData>
          <SchemaData schemaUrl="#gee_annamayya_reservoir_water.schema">
            <SimpleData name="date">2021-11-28</SimpleData>
            <SimpleData name="area_ha">0.1</SimpleData>
          </SchemaData>
        </ExtendedData>
        <Polygon>
          <outerBoundaryIs>
            <LinearRing>
              <coordinates>
                79.0246493108626,14.2120447587913,0
                79.0246500952336,14.2119543944596,0
                79.0243722032408,14.2119520987658,0
                79.0243729877165,14.2118617344485,0
                79.0250214021862,14.2118670905305,0
                79.0250206179676,14.2119574548832,0
                79.0249279872759,14.211956689831,0
                79.024927203015,14.2120470541779,0
                79.0246493108626,14.2120447587913,0
              </coordinates>
            </LinearRing>
          </outerBoundaryIs>
        </Polygon>
      </Placemark>
      <Placemark id="gee_annamayya_reservoir_water.22">
        <ExtendedData>
          <SchemaData schemaUrl="#gee_annamayya_reservoir_water.schema">
            <SimpleData name="date">2021-11-28</SimpleData>
            <SimpleData name="area_ha">0.32</SimpleData>
          </SchemaData>
        </ExtendedData>
        <Polygon>
          <outerBoundaryIs>
            <LinearRing>
              <coordinates>
                79.025298510076,14.2119597498247,0
                79.0253000782873,14.2117790210882,0
                79.0253927089277,14.211779785987,0
                79.0253950610932,14.2115086928617,0
                79.0254876916289,14.2115094577094,0
                79.0254900436346,14.2112383645624,0
                79.0255826740657,14.2112391293591,0
                79.0255834580199,14.2111487649703,0
                79.0256760884197,14.2111495297261,0
                79.0256753045022,14.21123989412,0
                79.0257679349443,14.211240658845,0
                79.0257663671662,14.2114213876408,0
                79.0259516282137,14.2114229170036,0
                79.0259500605605,14.2116036458167,0
                79.026042691166,14.2116044104545,0
                79.0260419073679,14.211694774865,0
                79.0255787542121,14.2116909512924,0
                79.0255771862322,14.2118716800607,0
                79.0254845555441,14.2118709152285,0
                79.0254837715091,14.2119612796065,0
                79.025298510076,14.2119597498247,0
              </coordinates>
            </LinearRing>
          </outerBoundaryIs>
        </Polygon>
      </Placemark>
      <Placemark id="gee_annamayya_reservoir_water.23">
        <ExtendedData>
          <SchemaData schemaUrl="#gee_annamayya_reservoir_water.schema">
            <SimpleData name="date">2021-11-28</SimpleData>
            <SimpleData name="area_ha">1.14</SimpleData>
          </SchemaData>
        </ExtendedData>
        <Polygon>
          <outerBoundaryIs>
            <LinearRing>
              <coordinates>
                79.0301497260389,14.2080234331402,0
                79.0301520718939,14.2077523391503,0
                79.0302447011679,14.2077531019588,0
                79.0302454830718,14.207662737289,0
                79.0303381123146,14.2076635000566,0
                79.0303388941764,14.2075731353811,0
                79.0304315233879,14.2075738981079,0
                79.0304330870215,14.2073931687445,0
                79.0305257161652,14.2073939314253,0
                79.030526497937,14.2073035667375,0
                79.0306191270494,14.2073043293775,0
                79.0306199087791,14.2072139646839,0
                79.0310830542398,14.2072177773214,0
                79.0310838357804,14.2071274126019,0
                79.0311764648524,14.2071281750169,0
                79.0311756833485,14.2072185397415,0
                79.0313609415822,14.2072200644741,0
                79.0313601601462,14.2073104292081,0
                79.031452789308,14.2073111915258,0
                79.0314520079032,14.207401556264,0
                79.0319151539781,14.2074053673403,0
                79.0319128102815,14.2076764616265,0
                79.0318201809455,14.2076756994678,0
                79.0318193996656,14.2077660642233,0
                79.0316341409365,14.2077645397883,0
                79.0316333595777,14.2078549045331,0
                79.0309849539417,14.2078495678468,0
                79.0309841723204,14.2079399325556,0
                79.030613654788,14.2079368822124,0
                79.0306128730145,14.2080272469002,0
                79.0303349848127,14.2080249587516,0
                79.0303357666964,14.207934594079,0
                79.0302431373435,14.2079338312962,0
                79.0302423554231,14.2080241959638,0
                79.0301497260389,14.2080234331402,0
              </coordinates>
            </LinearRing>
          </outerBoundaryIs>
        </Polygon>
      </Placemark>
      <Placemark id="gee_annamayya_reservoir_water.24">
        <ExtendedData>
          <SchemaData schemaUrl="#gee_annamayya_reservoir_water.schema">
            <SimpleData name="date">2021-11-28</SimpleData>
            <SimpleData name="area_ha">0.23</SimpleData>
          </SchemaData>
        </ExtendedData>
        <Polygon>
          <outerBoundaryIs>
            <LinearRing>
              <coordinates>
                79.0324935762492,14.2047893601367,0
                79.0324943570911,14.2046989953219,0
                79.0324017289334,14.2046982335445,0
                79.0324025098065,14.204607868734,0
                79.0323098816911,14.2046071069258,0
                79.0323137861578,14.204155282888,0
                79.0325916699701,14.2041575681296,0
                79.0325908891978,14.2042479329537,0
                79.0326835171829,14.2042486946343,0
                79.0326796134228,14.2047005187693,0
                79.0325869852542,14.2046997570635,0
                79.032586204449,14.2047901218833,0
                79.0324935762492,14.2047893601367,0
              </coordinates>
            </LinearRing>
          </outerBoundaryIs>
        </Polygon>
      </Placemark>
      <Placemark id="gee_annamayya_reservoir_water.25">
        <ExtendedData>
          <SchemaData schemaUrl="#gee_annamayya_reservoir_water.schema">
            <SimpleData name="date">2021-11-28</SimpleData>
            <SimpleData name="area_ha">0.16</SimpleData>
          </SchemaData>
        </ExtendedData>
        <Polygon>
          <outerBoundaryIs>
            <LinearRing>
              <coordinates>
                79.0264174519882,14.1897377285573,0
                79.026418234376,14.1896473639609,0
                79.0263256126755,14.189646600624,0
                79.0263271775079,14.1894658714392,0
                79.02614193427,14.1894643446783,0
                79.026143499227,14.1892836155108,0
                79.0262361207699,14.189284378899,0
                79.0262369032035,14.1891940143091,0
                79.0264221462324,14.1891955409681,0
                79.0264213638721,14.1892859055681,0
                79.0265139854315,14.189286668849,0
                79.0265116384276,14.1895577626599,0
                79.0266042601024,14.1895585259202,0
                79.0266034777935,14.1896488905274,0
                79.026510856082,14.1896481272621,0
                79.0265100737308,14.1897384918635,0
                79.0264174519882,14.1897377285573,0
              </coordinates>
            </LinearRing>
          </outerBoundaryIs>
        </Polygon>
      </Placemark>
      <Placemark id="gee_annamayya_reservoir_water.26">
        <ExtendedData>
          <SchemaData schemaUrl="#gee_annamayya_reservoir_water.schema">
            <SimpleData name="date">2021-11-28</SimpleData>
            <SimpleData name="area_ha">0.79</SimpleData>
          </SchemaData>
        </ExtendedData>
        <Polygon>
          <outerBoundaryIs>
            <LinearRing>
              <coordinates>
                79.0244919739528,14.1874625783945,0
                79.0244927569728,14.1873722138863,0
                79.0243075156412,14.1873706859276,0
                79.024308298729,14.1872803214288,0
                79.0242156781082,14.1872795574008,0
                79.0242164612271,14.1871891929064,0
                79.0241238406484,14.1871884288477,0
                79.0241246237985,14.1870980643576,0
                79.024032003262,14.1870973002683,0
                79.0240327864432,14.1870069357825,0
                79.0239401659489,14.1870061716625,0
                79.0239409491612,14.1869158071811,0
                79.023848328709,14.1869150430303,0
                79.0238506784231,14.1866439495969,0
                79.0237580580863,14.1866431854256,0
                79.02375884135,14.1865528209514,0
                79.0238514616501,14.1865535851177,0
                79.0238522448716,14.1864632206377,0
                79.024407966568,14.1864678048538,0
                79.0244071835664,14.1865581693642,0
                79.0245924242492,14.1865596971602,0
                79.0245916413155,14.18665006168,0
                79.0246842617018,14.1866508255294,0
                79.0246834787991,14.1867411900535,0
                79.0247760992276,14.1867419538723,0
                79.0247714019159,14.1872841410321,0
                79.0246787812675,14.1872833771829,0
                79.0246779983263,14.187373741702,0
                79.0245853776468,14.187372977812,0
                79.0245845946634,14.1874633423253,0
                79.0244919739528,14.1874625783945,0
              </coordinates>
            </LinearRing>
          </outerBoundaryIs>
        </Polygon>
      </Placemark>
      <Placemark id="gee_annamayya_reservoir_water.27">
        <ExtendedData>
          <SchemaData schemaUrl="#gee_annamayya_reservoir_water.schema">
            <SimpleData name="date">2021-11-28</SimpleData>
            <SimpleData name="area_ha">1.32</SimpleData>
          </SchemaData>
        </ExtendedData>
        <Polygon>
          <outerBoundaryIs>
            <LinearRing>
              <coordinates>
                79.0214527453669,14.1854493329468,0
                79.0214535294752,14.18535896859,0
                79.0213609097948,14.1853582035599,0
                79.0213616939342,14.1852678392073,0
                79.0212690742959,14.1852670741465,0
                79.0212698584665,14.1851767097983,0
                79.0209919996948,14.1851744144167,0
                79.0209927839697,14.185084050083,0
                79.0208075448895,14.1850825196599,0
                79.0208067605412,14.1851728839834,0
                79.0207141409727,14.1851721187132,0
                79.0207133565823,14.1852624830309,0
                79.0206207369827,14.1852617177198,0
                79.0206199525501,14.1853520820318,0
                79.0204347132941,14.1853505512922,0
                79.0204354978,14.1852601869904,0
                79.0203428782169,14.185259421572,0
                79.0203436627538,14.1851690572746,0
                79.0201584236775,14.1851675263407,0
                79.0201592082823,14.1850771620527,0
                79.020066588789,14.1850763965372,0
                79.0200673734249,14.1849860322535,0
                79.0199747539739,14.1849852667074,0
                79.0199755386409,14.184894902428,0
                79.019882919232,14.1848941368512,0
                79.0198837039301,14.1848037725762,0
                79.0196984652021,14.1848022413254,0
                79.0197000347285,14.1846215127935,0
                79.019607415446,14.1846207471246,0
                79.0196089850236,14.1844400186001,0
                79.0200720811244,14.1844438465362,0
                79.0200728657217,14.1843534822474,0
                79.0207212002381,14.1843588398208,0
                79.0207204158974,14.1844492041451,0
                79.0208130351727,14.1844499693747,0
                79.0208122508631,14.1845403337034,0
                79.0209048701806,14.1845410989023,0
                79.0209040859021,14.1846314632353,0
                79.0209967052617,14.1846322284036,0
                79.0209951367615,14.1848129570775,0
                79.0210877561999,14.1848137222202,0
                79.0210869719782,14.1849040865612,0
                79.0212722109449,14.1849056167494,0
                79.021271426791,14.1849959810998,0
                79.0213640463193,14.1849967461454,0
                79.0213632621964,14.1850871105001,0
                79.0214558817669,14.185087875515,0
                79.0214550976752,14.185178239874,0
                79.0216403369059,14.1851797698067,0
                79.021639552882,14.1852701341751,0
                79.0217321725423,14.1852708990929,0
                79.0217306045512,14.1854516278378,0
                79.0214527453669,14.1854493329468,0
              </coordinates>
            </LinearRing>
          </outerBoundaryIs>
        </Polygon>
      </Placemark>
      <Placemark id="gee_annamayya_reservoir_water.28">
        <ExtendedData>
          <SchemaData schemaUrl="#gee_annamayya_reservoir_water.schema">
            <SimpleData name="date">2021-11-28</SimpleData>
            <SimpleData name="area_ha">0.81</SimpleData>
          </SchemaData>
        </ExtendedData>
        <Polygon>
          <outerBoundaryIs>
            <LinearRing>
              <coordinates>
                79.0191458890607,14.1844361897701,0
                79.0191466740244,14.1843458255321,0
                79.019054054885,14.1843450596639,0
                79.0190548398799,14.1842546954302,0
                79.0189622207827,14.1842539295314,0
                79.0189630058086,14.1841635653021,0
                79.0188703867536,14.1841627993725,0
                79.0188711718106,14.1840724351476,0
                79.0187785527978,14.1840716691874,0
                79.018779337886,14.1839813049668,0
                79.0186867189153,14.1839805389759,0
                79.0186898593594,14.1836190821066,0
                79.0185972405408,14.1836183161003,0
                79.0185980256747,14.1835279518863,0
                79.0185054068982,14.1835271858493,0
                79.0185085475251,14.1831657290062,0
                79.0184159289008,14.1831649629537,0
                79.0184174992544,14.182984234538,0
                79.0186953549242,14.1829865325576,0
                79.0186945698601,14.1830768967811,0
                79.0187871884644,14.1830776627212,0
                79.0187864034314,14.183168026949,0
                79.0188790220779,14.1831687928585,0
                79.018878237076,14.1832591570906,0
                79.0189708557646,14.1832599229694,0
                79.0189700707938,14.1833502872059,0
                79.0190626895246,14.183351053054,0
                79.019061904585,14.1834414172949,0
                79.0191545233579,14.1834421831123,0
                79.0191529535354,14.183622911602,0
                79.0192455723871,14.1836236773939,0
                79.0192424328224,14.183985134385,0
                79.0193350518262,14.1839859001613,0
                79.0193326972046,14.1842569929123,0
                79.0194253163239,14.1842577586681,0
                79.0194237466219,14.1844384871753,0
                79.0191458890607,14.1844361897701,0
              </coordinates>
            </LinearRing>
          </outerBoundaryIs>
        </Polygon>
      </Placemark>
      <Placemark id="gee_annamayya_reservoir_water.29">
        <ExtendedData>
          <SchemaData schemaUrl="#gee_annamayya_reservoir_water.schema">
            <SimpleData name="date">2021-11-28</SimpleData>
            <SimpleData name="area_ha">2.37</SimpleData>
          </SchemaData>
        </ExtendedData>
        <Polygon>
          <outerBoundaryIs>
            <LinearRing>
              <coordinates>
                79.0252485932823,14.1856613977284,0
                79.0252493758991,14.1855710331652,0
                79.0251567559195,14.1855702695911,0
                79.0251583212097,14.1853895404727,0
                79.025250941116,14.1853903040368,0
                79.0252540714838,14.1850288457712,0
                79.0253466912489,14.1850296092793,0
                79.0253482563265,14.184848880132,0
                79.0254408760239,14.1848496435942,0
                79.0254416585178,14.1847592790144,0
                79.025534278184,14.1847600424358,0
                79.0255350606358,14.1846696778502,0
                79.0256276802709,14.1846704412307,0
                79.0256292450846,14.1844897120473,0
                79.0257218646519,14.184490475382,0
                79.0257226470138,14.1844001107842,0
                79.02581526655,14.184400874078,0
                79.0258160488698,14.1843105094744,0
                79.0259086683748,14.1843112727274,0
                79.0259094506525,14.184220908118,0
                79.0260946896057,14.1842224345067,0
                79.0260954718046,14.1841320698864,0
                79.0265585691007,14.1841358852071,0
                79.0265593511109,14.1840455205608,0
                79.02665197055,14.1840462835126,0
                79.026652752518,14.1839559188606,0
                79.0267453719259,14.1839566817716,0
                79.0267461538518,14.1838663171138,0
                79.0268387732286,14.183867079984,0
                79.0268395551123,14.1837767153204,0
                79.0269321744579,14.1837774781497,0
                79.0269329562995,14.1836871134804,0
                79.027025575614,14.1836878762689,0
                79.0270279209958,14.1834167822413,0
                79.0271205402059,14.183417544979,0
                79.027122103693,14.1832368156135,0
                79.0272147228353,14.1832375783053,0
                79.027215504534,14.1831472136164,0
                79.0273081236451,14.1831479762674,0
                79.0273089053017,14.1830576115727,0
                79.0274941434672,14.1830591367573,0
                79.0274949250449,14.1829687720518,0
                79.0275875440992,14.1829695345854,0
                79.0275883256349,14.1828791698741,0
                79.0276809446581,14.1828799323669,0
                79.0276817261515,14.1827895676499,0
                79.0277743451436,14.1827903301019,0
                79.0277751265949,14.1826999653791,0
                79.0279603645223,14.1827014901657,0
                79.0279580203716,14.1829725843623,0
                79.0278654012953,14.1829718219717,0
                79.0278638384274,14.1831525514224,0
                79.0277712192833,14.1831517889859,0
                79.0277704378045,14.1832421537051,0
                79.0276778186292,14.1832413912279,0
                79.0276770371083,14.1833317559413,0
                79.0275844179018,14.1833309934232,0
                79.0275836363388,14.1834213581309,0
                79.0274910171012,14.183420595572,0
                79.027490235496,14.1835109602739,0
                79.0273976162273,14.1835101976742,0
                79.0273968345799,14.1836005623703,0
                79.02730421528,14.1835997997298,0
                79.0273026518955,14.1837805291097,0
                79.0272100325279,14.1837797664233,0
                79.0272092507907,14.1838701311072,0
                79.0271166313919,14.18386936838,0
                79.0271158496127,14.183959733058,0
                79.0270232301827,14.18395897029,0
                79.0270146298446,14.1849529816452,0
                79.0269220100171,14.1849522187858,0
                79.0269212280985,14.1850425834451,0
                79.0263655090289,14.1850380055077,0
                79.0263662911673,14.1849476408788,0
                79.0258105725156,14.1849430616845,0
                79.0258097901573,14.1850334262831,0
                79.0257171703646,14.1850326629538,0
                79.0257163879642,14.1851230275466,0
                79.0256237681404,14.1851222641765,0
                79.0256222032496,14.1853029933498,0
                79.025529583358,14.1853022299339,0
                79.025526453364,14.1856636882515,0
                79.0252485932823,14.1856613977284,0
              </coordinates>
            </LinearRing>
          </outerBoundaryIs>
        </Polygon>
      </Placemark>
      <Placemark id="gee_annamayya_reservoir_water.30">
        <ExtendedData>
          <SchemaData schemaUrl="#gee_annamayya_reservoir_water.schema">
            <SimpleData name="date">2021-11-28</SimpleData>
            <SimpleData name="area_ha">0.93</SimpleData>
          </SchemaData>
        </ExtendedData>
        <Polygon>
          <outerBoundaryIs>
            <LinearRing>
              <coordinates>
                79.014471091283,14.1787945165945,0
                79.0144868200222,14.1769872359851,0
                79.0145794359179,14.1769880032288,0
                79.0145802222602,14.1768976391857,0
                79.0146728381249,14.1768984063886,0
                79.0146736244249,14.1768080423396,0
                79.0147662402585,14.1768088095017,0
                79.0147678127689,14.1766280813915,0
                79.0148604285347,14.1766288485077,0
                79.014861214745,14.1765384844464,0
                79.0149538304798,14.1765392515217,0
                79.0149546166479,14.1764488874546,0
                79.0151398480608,14.176450421488,0
                79.0151406341501,14.17636005741,0
                79.0153258655119,14.1763615912902,0
                79.0153242934742,14.1765423194659,0
                79.0154169092366,14.1765430863626,0
                79.01541533725,14.1767238145455,0
                79.0153227214144,14.1767230476386,0
                79.0153203632832,14.1769941398923,0
                79.0152277473432,14.1769933729345,0
                79.0152269612517,14.1770837370125,0
                79.0151343452806,14.1770829700138,0
                79.0151335591471,14.1771733340861,0
                79.0150409431449,14.1771725670465,0
                79.0150401569691,14.177262931113,0
                79.0149475409359,14.1772621640326,0
                79.014946754718,14.1773525280932,0
                79.0148541386536,14.1773517609721,0
                79.014852566128,14.177532489081,0
                79.0147599499959,14.1775317219139,0
                79.0147591636882,14.1776220859621,0
                79.014666547525,14.1776213187543,0
                79.0146641884588,14.1778924108795,0
                79.0145715721912,14.1778916436206,0
                79.0145637079113,14.17879528394,0
                79.014471091283,14.1787945165945,0
              </coordinates>
            </LinearRing>
          </outerBoundaryIs>
        </Polygon>
      </Placemark>
      <Placemark id="gee_annamayya_reservoir_water.31">
        <ExtendedData>
          <SchemaData schemaUrl="#gee_annamayya_reservoir_water.schema">
            <SimpleData name="date">2021-11-28</SimpleData>
            <SimpleData name="area_ha">1.23</SimpleData>
          </SchemaData>
        </ExtendedData>
        <Polygon>
          <outerBoundaryIs>
            <LinearRing>
              <coordinates>
                79.0170910616391,14.1757436067103,0
                79.0170934174508,14.1754725141364,0
                79.0170008020283,14.1754717479439,0
                79.0170039431796,14.175110291189,0
                79.0170965584556,14.1751110573612,0
                79.0170973436931,14.1750206931656,0
                79.017189958938,14.175021459297,0
                79.0171907441332,14.1749310950956,0
                79.0173759745664,14.174932627241,0
                79.0173767596829,14.1748422630287,0
                79.0174693748712,14.1748430290427,0
                79.0174701599455,14.1747526648246,0
                79.0175627751027,14.1747534307978,0
                79.0175635601349,14.1746630665739,0
                79.0182118661334,14.1746684273504,0
                79.0182110813575,14.1747587916099,0
                79.0183036965589,14.1747595572973,0
                79.0182997727796,14.1752113786091,0
                79.0183923881695,14.1752121442862,0
                79.0183916034337,14.1753025085515,0
                79.0182989880072,14.1753017428693,0
                79.0182982032292,14.1753921071288,0
                79.0180203568728,14.1753898098528,0
                79.0180195719794,14.1754801740964,0
                79.0178343410295,14.1754786423902,0
                79.0178335560574,14.1755690066229,0
                79.0176483250564,14.1755674747637,0
                79.0176475400055,14.1756578389854,0
                79.0174623089533,14.1756563069731,0
                79.0174615238237,14.175746671184,0
                79.0170910616391,14.1757436067103,0
              </coordinates>
            </LinearRing>
          </outerBoundaryIs>
        </Polygon>
      </Placemark>
      <Placemark id="gee_annamayya_reservoir_water.32">
        <ExtendedData>
          <SchemaData schemaUrl="#gee_annamayya_reservoir_water.schema">
            <SimpleData name="date">2021-11-28</SimpleData>
            <SimpleData name="area_ha">0.33</SimpleData>
          </SchemaData>
        </ExtendedData>
        <Polygon>
          <outerBoundaryIs>
            <LinearRing>
              <coordinates>
                79.0192361237065,14.1740442976632,0
                79.0192384766769,14.1737732046977,0
                79.0193310915362,14.1737739699362,0
                79.019331875812,14.1736836056079,0
                79.0196097203131,14.1736859010939,0
                79.0196112886285,14.1735051724046,0
                79.0197039034001,14.173505937485,0
                79.0197046875129,14.1734155731342,0
                79.0197973022533,14.1734163381738,0
                79.019798086324,14.1733259738172,0
                79.0199833157482,14.173327503779,0
                79.0199825317507,14.1734178681458,0
                79.0201677612702,14.1734193979749,0
                79.0201661934052,14.1736001267265,0
                79.0199809637393,14.1735985968771,0
                79.0199801797253,14.1736889612417,0
                79.019887564864,14.1736881962583,0
                79.0198867808079,14.1737785606171,0
                79.0197015510286,14.1737770305331,0
                79.0197007668937,14.173867394881,0
                79.0195155370632,14.1738658646439,0
                79.0195147528496,14.1739562289809,0
                79.019422137906,14.1739554638037,0
                79.0194213536503,14.174045828135,0
                79.0192361237065,14.1740442976632,0
              </coordinates>
            </LinearRing>
          </outerBoundaryIs>
        </Polygon>
      </Placemark>
      <Placemark id="gee_annamayya_reservoir_water.33">
        <ExtendedData>
          <SchemaData schemaUrl="#gee_annamayya_reservoir_water.schema">
            <SimpleData name="date">2021-11-28</SimpleData>
            <SimpleData name="area_ha">1.73</SimpleData>
          </SchemaData>
        </ExtendedData>
        <Polygon>
          <outerBoundaryIs>
            <LinearRing>
              <coordinates>
                79.0205405716922,14.1731513640106,0
                79.0205413554534,14.1730609996112,0
                79.0204487408153,14.1730602348777,0
                79.0204510921757,14.1727891416905,0
                79.0203584776529,14.1727883769366,0
                79.0203600452721,14.1726076481516,0
                79.0204526597217,14.1726084128955,0
                79.0204557947476,14.1722469552967,0
                79.0205484090562,14.1722477199845,0
                79.0205491927622,14.1721573555779,0
                79.0207344213228,14.1721588848363,0
                79.0207352049501,14.1720685204188,0
                79.0208278192021,14.1720692849893,0
                79.0208286027873,14.1719789205661,0
                79.0209212170082,14.1719796850958,0
                79.0209220005513,14.1718893206668,0
                79.021014614741,14.1718900851557,0
                79.021015398242,14.1717997207209,0
                79.0211080124006,14.171800485169,0
                79.0211087958595,14.1717101207284,0
                79.021201409987,14.1717108851357,0
                79.0212021934038,14.1716205206893,0
                79.0212948075003,14.1716212850559,0
                79.0212955908749,14.1715309206037,0
                79.0214808190111,14.1715324492195,0
                79.021481602307,14.1714420847564,0
                79.0216668303921,14.1714436132192,0
                79.0216676136092,14.1713532487452,0
                79.0219454556684,14.1713555411563,0
                79.0219462387702,14.1712651766664,0
                79.0220388527644,14.1712659407269,0
                79.0220404188782,14.1710852117349,0
                79.0221330328047,14.1710859757495,0
                79.0221338158167,14.1709956112474,0
                79.0222264297121,14.1709963752212,0
                79.022227212682,14.1709060107133,0
                79.0225976681721,14.1709090662312,0
                79.0225968853485,14.1709994307595,0
                79.0226894992714,14.1710001945547,0
                79.0226879336811,14.1711809236192,0
                79.022595319685,14.1711801598138,0
                79.0225945368449,14.1712705243398,0
                79.0225019228177,14.1712697604936,0
                79.0225011399355,14.1713601250139,0
                79.0224085258772,14.171359361127,0
                79.0224077429529,14.1714497256414,0
                79.0223151288635,14.1714489617137,0
                79.0223143458972,14.1715393262224,0
                79.0222217317767,14.1715385622538,0
                79.0222209487681,14.1716289267567,0
                79.0219431063299,14.1716266346216,0
                79.021942323206,14.1717169991085,0
                79.0218497090344,14.171716234987,0
                79.0218489258684,14.1718065994681,0
                79.0214784690904,14.1718035426044,0
                79.0214776857725,14.1718939070645,0
                79.0213850715552,14.1718931427542,0
                79.0213819380819,14.1722546005675,0
                79.0212893237237,14.1722538362011,0
                79.021286973451,14.1725249295383,0
                79.0211943589884,14.172524165121,0
                79.0211927920392,14.1727048939987,0
                79.021100177509,14.1727041295355,0
                79.0210993939895,14.1727944939682,0
                79.0210067794281,14.1727937294643,0
                79.0210059958665,14.1728840938912,0
                79.020913381274,14.1728833293465,0
                79.0209125976703,14.1729736937676,0
                79.0208199830467,14.172972929182,0
                79.0208191994008,14.1730632935973,0
                79.0207265847462,14.173062528971,0
                79.0207258010581,14.1731528933805,0
                79.0205405716922,14.1731513640106,0
              </coordinates>
            </LinearRing>
          </outerBoundaryIs>
        </Polygon>
      </Placemark>
      <Placemark id="gee_annamayya_reservoir_water.34">
        <ExtendedData>
          <SchemaData schemaUrl="#gee_annamayya_reservoir_water.schema">
            <SimpleData name="date">2021-11-28</SimpleData>
            <SimpleData name="area_ha">0.43</SimpleData>
          </SchemaData>
        </ExtendedData>
        <Polygon>
          <outerBoundaryIs>
            <LinearRing>
              <coordinates>
                79.007135171246,14.170329193798,0
                79.0071367490471,14.1701484664312,0
                79.0070441363462,14.170147696676,0
                79.0070472920281,14.1697862419543,0
                79.0071399045826,14.1697870116891,0
                79.0071422711759,14.1695159206249,0
                79.0072348836261,14.1695166903086,0
                79.0072356724428,14.169426326614,0
                79.0076061221529,14.1694294049714,0
                79.0076013900477,14.1699715872508,0
                79.0075087773922,14.1699708176844,0
                79.007507988652,14.17006118139,0
                79.0074153759655,14.1700604117827,0
                79.0074145871831,14.1701507754825,0
                79.0073219744655,14.1701500058345,0
                79.007321185641,14.1702403695284,0
                79.0072285728924,14.1702395998395,0
                79.0072277840257,14.1703299635276,0
                79.007135171246,14.170329193798,0
              </coordinates>
            </LinearRing>
          </outerBoundaryIs>
        </Polygon>
      </Placemark>
      <Placemark id="gee_annamayya_reservoir_water.35">
        <ExtendedData>
          <SchemaData schemaUrl="#gee_annamayya_reservoir_water.schema">
            <SimpleData name="date">2021-11-28</SimpleData>
            <SimpleData name="area_ha">0.08</SimpleData>
          </SchemaData>
        </ExtendedData>
        <Polygon>
          <outerBoundaryIs>
            <LinearRing>
              <coordinates>
                79.0242850533157,14.1685733286316,0
                79.0242858353317,14.1684829639927,0
                79.02419322234,14.1684822009465,0
                79.0241940043871,14.1683918363119,0
                79.0242866173422,14.1683925993531,0
                79.0242881813466,14.1682118700717,0
                79.0243807942339,14.1682126330671,0
                79.0243800122711,14.1683029977132,0
                79.0244726252005,14.1683037606779,0
                79.0244702793886,14.1685748546271,0
                79.0242850533157,14.1685733286316,0
              </coordinates>
            </LinearRing>
          </outerBoundaryIs>
        </Polygon>
      </Placemark>
      <Placemark id="gee_annamayya_reservoir_water.36">
        <ExtendedData>
          <SchemaData schemaUrl="#gee_annamayya_reservoir_water.schema">
            <SimpleData name="date">2021-11-28</SimpleData>
            <SimpleData name="area_ha">1.46</SimpleData>
          </SchemaData>
        </ExtendedData>
        <Polygon>
          <outerBoundaryIs>
            <LinearRing>
              <coordinates>
                79.007723967943,14.1665385350452,0
                79.0077247563936,14.1664481713012,0
                79.0070764778741,14.1664427852304,0
                79.0070772665753,14.1663524215214,0
                79.006984655417,14.166351651945,0
                79.0069854441492,14.1662612882404,0
                79.0068928330331,14.1662605186334,0
                79.0068936217963,14.1661701549332,0
                79.0067083996539,14.1661686156223,0
                79.0067099773101,14.1659878882402,0
                79.0068951993061,14.1659894275307,0
                79.0068959880527,14.1658990638283,0
                79.0072664319651,14.1659021419604,0
                79.0072672205597,14.1658117782369,0
                79.007452442476,14.1658133170785,0
                79.007453230992,14.165722953344,0
                79.0078236747448,14.1657260305783,0
                79.0078244631089,14.1656356668227,0
                79.0079170740243,14.165636436037,0
                79.0079186506626,14.1654557085134,0
                79.0080112615104,14.1654564776817,0
                79.0080120497847,14.1653661139137,0
                79.0081046606015,14.1653668830412,0
                79.0081054488335,14.1652765192674,0
                79.0082906704107,14.1652780574051,0
                79.008291458564,14.1651876936203,0
                79.0083840693243,14.1651884626305,0
                79.0083848574355,14.1650980988399,0
                79.0085700788996,14.165099636743,0
                79.0085692908615,14.1651900005437,0
                79.008754512421,14.1651915383142,0
                79.0087529364746,14.1653722659339,0
                79.008660325619,14.1653714970564,0
                79.0086595376009,14.1654618608601,0
                79.0085669267142,14.1654610919417,0
                79.0085653505882,14.1656418195367,0
                79.0084727396339,14.1656410505724,0
                79.008471951526,14.1657314143638,0
                79.0083793405406,14.1657306453587,0
                79.008377764235,14.165911372929,0
                79.008285153182,14.165910603878,0
                79.008283576781,14.1660913314351,0
                79.0081909656603,14.1660905623382,0
                79.0081901774149,14.1661809261106,0
                79.0080975662632,14.1661801569729,0
                79.0080967779757,14.1662705207395,0
                79.0080041667929,14.1662697515609,0
                79.0080033784632,14.1663601153217,0
                79.0079107672495,14.1663593461023,0
                79.0079099788776,14.1664497098573,0
                79.0078173676328,14.1664489405971,0
                79.0078165792189,14.1665393043462,0
                79.007723967943,14.1665385350452,0
              </coordinates>
            </LinearRing>
          </outerBoundaryIs>
        </Polygon>
      </Placemark>
      <Placemark id="gee_annamayya_reservoir_water.37">
        <ExtendedData>
          <SchemaData schemaUrl="#gee_annamayya_reservoir_water.schema">
            <SimpleData name="date">2021-11-28</SimpleData>
            <SimpleData name="area_ha">0.68</SimpleData>
          </SchemaData>
        </ExtendedData>
        <Polygon>
          <outerBoundaryIs>
            <LinearRing>
              <coordinates>
                79.0101452496503,14.1650223392644,0
                79.0101460370553,14.1649319753755,0
                79.009960815549,14.1649304387068,0
                79.0099616030215,14.1648400748273,0
                79.0097763816106,14.164838538026,0
                79.0097771691508,14.164748174156,0
                79.0095919478352,14.1647466372221,0
                79.0095927354431,14.1646562733616,0
                79.0095001248302,14.1646555048461,0
                79.0095009124691,14.16456514099,0
                79.0095935230454,14.1645659095004,0
                79.0095943106421,14.1644755456384,0
                79.0097795317381,14.1644770825417,0
                79.0097803192562,14.1643867186689,0
                79.0107990352783,14.1643951690285,0
                79.010796673915,14.1646662608132,0
                79.01070406323,14.1646654927619,0
                79.0107032760613,14.1647558566836,0
                79.0106106653453,14.1647550885915,0
                79.0106098781344,14.1648454525073,0
                79.0105172673873,14.1648446843744,0
                79.0105164801343,14.1649350482845,0
                79.0104238693562,14.1649342801108,0
                79.0104230820611,14.165024644015,0
                79.0101452496503,14.1650223392644,0
              </coordinates>
            </LinearRing>
          </outerBoundaryIs>
        </Polygon>
      </Placemark>
      <Placemark id="gee_annamayya_reservoir_water.38">
        <ExtendedData>
          <SchemaData schemaUrl="#gee_annamayya_reservoir_water.schema">
            <SimpleData name="date">2021-11-28</SimpleData>
            <SimpleData name="area_ha">0.2</SimpleData>
          </SchemaData>
        </ExtendedData>
        <Polygon>
          <outerBoundaryIs>
            <LinearRing>
              <coordinates>
                79.0182110359242,14.1640950388837,0
                79.0182118200852,14.1640046745441,0
                79.0181192092505,14.1640039093896,0
                79.0181199934425,14.1639135450544,0
                79.0180273826499,14.1639127798693,0
                79.018028166873,14.1638224155384,0
                79.0181207776291,14.1638231807184,0
                79.0181215618101,14.1637328163817,0
                79.0183067832656,14.1637343466245,0
                79.0183059991578,14.1638247109713,0
                79.0184912207085,14.1638262410814,0
                79.0184904366683,14.1639166054377,0
                79.0187682691456,14.1639189003503,0
                79.0187667012682,14.1640996290912,0
                79.0182110359242,14.1640950388837,0
              </coordinates>
            </LinearRing>
          </outerBoundaryIs>
        </Polygon>
      </Placemark>
      <Placemark id="gee_annamayya_reservoir_water.39">
        <ExtendedData>
          <SchemaData schemaUrl="#gee_annamayya_reservoir_water.schema">
            <SimpleData name="date">2021-11-28</SimpleData>
            <SimpleData name="area_ha">0.76</SimpleData>
          </SchemaData>
        </ExtendedData>
        <Polygon>
          <outerBoundaryIs>
            <LinearRing>
              <coordinates>
                79.0166390061949,14.1638109335544,0
                79.0166397909613,14.163720569299,0
                79.01626934847,14.1637175061002,0
                79.0162701333772,14.1636271418645,0
                79.0159923016766,14.1636248441058,0
                79.0159938716939,14.1634441156626,0
                79.0162717031751,14.1634464133907,0
                79.0162724880657,14.1633560491528,0
                79.0163650985339,14.1633568149857,0
                79.0163658833824,14.1632664507419,0
                79.0165511042621,14.1632679822904,0
                79.016551889032,14.1631776180358,0
                79.0167371098607,14.1631791494313,0
                79.016736325164,14.1632695136962,0
                79.0171993775154,14.1632733415857,0
                79.0171978084714,14.163454070164,0
                79.0173830295969,14.1634556010903,0
                79.0173822451398,14.1635459653885,0
                79.0175674663606,14.1635474961821,0
                79.0175666819711,14.1636378604898,0
                79.0176592926264,14.1636386258381,0
                79.017658508268,14.1637289901501,0
                79.0173806762089,14.1637266939827,0
                79.0173798917352,14.1638170582788,0
                79.0166390061949,14.1638109335544,0
              </coordinates>
            </LinearRing>
          </outerBoundaryIs>
        </Polygon>
      </Placemark>
      <Placemark id="gee_annamayya_reservoir_water.40">
        <ExtendedData>
          <SchemaData schemaUrl="#gee_annamayya_reservoir_water.schema">
            <SimpleData name="date">2021-11-28</SimpleData>
            <SimpleData name="area_ha">2.67</SimpleData>
          </SchemaData>
        </ExtendedData>
        <Polygon>
          <outerBoundaryIs>
            <LinearRing>
              <coordinates>
                79.0109850434821,14.1643063410535,0
                79.0109881915741,14.1639448852868,0
                79.011080801983,14.1639456531902,0
                79.0110815889555,14.1638552892417,0
                79.0112668097167,14.1638568249312,0
                79.0112675966106,14.1637664609717,0
                79.0113602069629,14.1637672287578,0
                79.0113609938147,14.1636768647925,0
                79.0115462144628,14.1636784002475,0
                79.0115470012358,14.1635880362712,0
                79.0116396115315,14.1635888039401,0
                79.0116388247951,14.1636791679214,0
                79.011731435133,14.1636799355596,0
                79.0117322218329,14.1635895715732,0
                79.0121026630935,14.1635926417487,0
                79.01210187654,14.1636830057555,0
                79.0122870972767,14.1636845406393,0
                79.012287883757,14.1635941766223,0
                79.0128435458806,14.1635987803862,0
                79.0128443321359,14.1635084163379,0
                79.0133999942392,14.1635130187861,0
                79.0134007802694,14.1634226547066,0
                79.0135860009417,14.1634241885602,0
                79.0135867868932,14.1633338244697,0
                79.0137720075144,14.1633353581704,0
                79.0137727933873,14.163244994069,0
                79.0141432345497,14.1632480610216,0
                79.0141440202707,14.1631576968991,0
                79.0143292408119,14.163159230151,0
                79.0143300264542,14.1630688660177,0
                79.0144226366965,14.163069632585,0
                79.0144234222967,14.1629792684459,0
                79.0146086427248,14.1629808014633,0
                79.0146078571978,14.1630711656126,0
                79.0147004674567,14.1630719320728,0
                79.0146996819608,14.1631622962264,0
                79.0147922922618,14.163163062656,0
                79.0147915067969,14.1632534268141,0
                79.0149767274887,14.1632549595764,0
                79.0149775128805,14.1631645954082,0
                79.0150701231981,14.1631653617307,0
                79.0150693378429,14.163255725904,0
                79.0152545585679,14.1632572584521,0
                79.0152529879874,14.1634379868168,0
                79.0156234297964,14.1634410515253,0
                79.0156226446442,14.1635314157269,0
                79.0153448131693,14.1635291172339,0
                79.0153440279018,14.1636194814195,0
                79.0149735858665,14.163616416242,0
                79.0149728004471,14.1637067804066,0
                79.0146023583538,14.1637037146375,0
                79.0146015727826,14.163794078781,0
                79.0138606885689,14.1637879454884,0
                79.0138599026995,14.1638783095905,0
                79.0133968500628,14.163874475097,0
                79.0133960640049,14.1639648391729,0
                79.0132108429158,14.1639633051154,0
                79.0132100567792,14.1640536691804,0
                79.0120987302706,14.1640444617755,0
                79.0120979436894,14.1641348257786,0
                79.011820112077,14.1641325231088,0
                79.0118193253806,14.164222887096,0
                79.0110784410321,14.1642167450316,0
                79.0110776540373,14.1643071089773,0
                79.0109850434821,14.1643063410535,0
              </coordinates>
            </LinearRing>
          </outerBoundaryIs>
        </Polygon>
      </Placemark>
      <Placemark id="gee_annamayya_reservoir_water.41">
        <ExtendedData>
          <SchemaData schemaUrl="#gee_annamayya_reservoir_water.schema">
            <SimpleData name="date">2021-11-28</SimpleData>
            <SimpleData name="area_ha">1.07</SimpleData>
          </SchemaData>
        </ExtendedData>
        <Polygon>
          <outerBoundaryIs>
            <LinearRing>
              <coordinates>
                79.012120120728,14.1509409068952,0
                79.0121209065374,14.1508505427918,0
                79.0120283013753,14.150849775984,0
                79.0120290872156,14.1507594118849,0
                79.0122142974723,14.1507609454545,0
                79.0122166547408,14.1504898531223,0
                79.0124018648004,14.1504913865188,0
                79.0124010791228,14.1505817506404,0
                79.0124936841974,14.1505825172902,0
                79.0124944698384,14.1504921531635,0
                79.012587074882,14.1504929197725,0
                79.0125878604809,14.15040255564,0
                79.0126804654935,14.1504033222083,0
                79.0126812510504,14.1503129580699,0
                79.0130516710099,14.150316023966,0
                79.0130532418146,14.1501352956464,0
                79.0132384516814,14.1501368283601,0
                79.0132392370023,14.150046464189,0
                79.0133318419075,14.1500472304873,0
                79.0133334124597,14.1498665021328,0
                79.0141668561971,14.1498733971208,0
                79.0141645013472,14.1501444897889,0
                79.0140718963557,14.1501437238065,0
                79.014070326355,14.1503244522381,0
                79.0138851162425,14.150322920146,0
                79.0138843311608,14.1504132843505,0
                79.0137917260762,14.1504125182459,0
                79.0137909409524,14.1505028824446,0
                79.0136057307269,14.1505013501181,0
                79.0136049455244,14.150591714306,0
                79.0132345249935,14.1505886492047,0
                79.0132337396394,14.1506790133714,0
                79.013141134484,14.1506782470019,0
                79.0131419198747,14.1505878828402,0
                79.0129567096535,14.1505863500043,0
                79.0129574951117,14.1504959858521,0
                79.012864890046,14.1504952193857,0
                79.0128641045512,14.1505855835328,0
                79.0127714994544,14.1505848170256,0
                79.0127707139175,14.1506751811669,0
                79.0126781087898,14.150674414619,0
                79.0126773232108,14.1507647787545,0
                79.0123995077511,14.1507624788815,0
                79.0123987220569,14.150852843001,0
                79.0123061168782,14.1508520763003,0
                79.012305331142,14.1509424404139,0
                79.012120120728,14.1509409068952,0
              </coordinates>
            </LinearRing>
          </outerBoundaryIs>
        </Polygon>
      </Placemark>
      <Placemark id="gee_annamayya_reservoir_water.42">
        <ExtendedData>
          <SchemaData schemaUrl="#gee_annamayya_reservoir_water.schema">
            <SimpleData name="date">2021-11-28</SimpleData>
            <SimpleData name="area_ha">0.57</SimpleData>
          </SchemaData>
        </ExtendedData>
        <Polygon>
          <outerBoundaryIs>
            <LinearRing>
              <coordinates>
                79.0166733241469,14.1385073851673,0
                79.0166741074397,14.1384170207201,0
                79.0165815070533,14.1384162563257,0
                79.0165846403153,14.13805479855,0
                79.0166772405556,14.1380555629241,0
                79.0166780238207,14.1379651984733,0
                79.01677062403,14.1379659628066,0
                79.0167721904708,14.1377852338927,0
                79.0168647906126,14.1377859981802,0
                79.0168655737881,14.1376956337171,0
                79.0171433741371,14.1376979263508,0
                79.0171425910711,14.1377882908292,0
                79.017235191235,14.1377890549742,0
                79.0172344081999,14.1378794194569,0
                79.0173270084058,14.1378801835714,0
                79.0173262254018,14.1379705480585,0
                79.0174188256497,14.1379713121425,0
                79.0174164767139,14.1382424056147,0
                79.0173238763565,14.1382416415155,0
                79.0173230933303,14.1383320059997,0
                79.0171378925589,14.1383304776843,0
                79.0171371094542,14.1384208421577,0
                79.0169519086318,14.1384193136896,0
                79.0169511254486,14.138509678152,0
                79.0166733241469,14.1385073851673,0
              </coordinates>
            </LinearRing>
          </outerBoundaryIs>
        </Polygon>
      </Placemark>
      <Placemark id="gee_annamayya_reservoir_water.43">
        <ExtendedData>
          <SchemaData schemaUrl="#gee_annamayya_reservoir_water.schema">
            <SimpleData name="date">2021-11-28</SimpleData>
            <SimpleData name="area_ha">0.31</SimpleData>
          </SchemaData>
        </ExtendedData>
        <Polygon>
          <outerBoundaryIs>
            <LinearRing>
              <coordinates>
                79.0165124050784,14.1357045584491,0
                79.016513188273,14.1356141939897,0
                79.016235390559,14.1356119009585,0
                79.0162369571507,14.135431172068,0
                79.0163295563101,14.1354319364372,0
                79.0163319060467,14.1351608430809,0
                79.0162393069967,14.135160078727,0
                79.0162408735331,14.1349793498293,0
                79.0163334725101,14.1349801141731,0
                79.0163326892811,14.1350704786274,0
                79.0164252883001,14.1350712429406,0
                79.0164245051021,14.1351616073993,0
                79.0166097032296,14.1351631359291,0
                79.0166104863546,14.1350727714603,0
                79.0167030853901,14.1350735356666,0
                79.0167007361082,14.1353446290861,0
                79.0167933352588,14.1353453932721,0
                79.0167909860367,14.1356164867003,0
                79.0166983867766,14.1356157224991,0
                79.016697603655,14.1357060869686,0
                79.0165124050784,14.1357045584491,0
              </coordinates>
            </LinearRing>
          </outerBoundaryIs>
        </Polygon>
      </Placemark>
      <Placemark id="gee_annamayya_reservoir_water.44">
        <ExtendedData>
          <SchemaData schemaUrl="#gee_annamayya_reservoir_water.schema">
            <SimpleData name="date">2021-11-28</SimpleData>
            <SimpleData name="area_ha">0.11</SimpleData>
          </SchemaData>
        </ExtendedData>
        <Polygon>
          <outerBoundaryIs>
            <LinearRing>
              <coordinates>
                79.0168937644312,14.1344425125641,0
                79.0168968962832,14.1340810546005,0
                79.0169894949337,14.1340818186441,0
                79.0169887120155,14.1341721831412,0
                79.0171739094063,14.1341737111317,0
                79.0171731265555,14.1342640756382,0
                79.0172657252957,14.1342648395851,0
                79.0172649424759,14.1343552040959,0
                79.0171723436993,14.1343544401439,0
                79.0171715608375,14.134444804649,0
                79.0168937644312,14.1344425125641,0
              </coordinates>
            </LinearRing>
          </outerBoundaryIs>
        </Polygon>
      </Placemark>
      <Placemark id="gee_annamayya_reservoir_water.45">
        <ExtendedData>
          <SchemaData schemaUrl="#gee_annamayya_reservoir_water.schema">
            <SimpleData name="date">2021-11-28</SimpleData>
            <SimpleData name="area_ha">0.22</SimpleData>
          </SchemaData>
        </ExtendedData>
        <Polygon>
          <outerBoundaryIs>
            <LinearRing>
              <coordinates>
                79.0161874326161,14.130460362326,0
                79.0161882156363,14.1303699978452,0
                79.0160956185318,14.1303692336894,0
                79.0160979676688,14.1300981402578,0
                79.0160053706792,14.1300973760816,0
                79.0160100690231,14.1295551892294,0
                79.0161026657937,14.1295559533751,0
                79.0161034487952,14.1294655888921,0
                79.0161960455349,14.1294663529971,0
                79.0161952625699,14.1295567174851,0
                79.0162878593516,14.1295574815596,0
                79.016286293478,14.1297382105437,0
                79.0161936966233,14.1297374464591,0
                79.0161905646639,14.1300989043983,0
                79.0162831616645,14.1300996685033,0
                79.0162800297627,14.1304611264513,0
                79.0161874326161,14.130460362326,0
              </coordinates>
            </LinearRing>
          </outerBoundaryIs>
        </Polygon>
      </Placemark>
    </Document>
  </Document>
</kml>
